customer_id,name,email,phone,created_at
088a196b-1e5c-4f9e-9b33-99e25a15af9f,Aryan Maharaj,udantdewan@example.net,+918196001338,2026-04-20 02:03:27
22ff2b3e-9ab5-4777-accb-380e415e440a,Rushil Saini,saumyamall@example.org,+916542351161,2026-01-15 16:46:00
14934cc3-0c33-4ae4-8239-ff3151c21549,Aishani Bassi,hyadav@example.com,+918495931034,2025-09-29 06:33:05
edbc660c-e33b-435a-9817-e514b22dcacd,Harrison Rai,sudiksha52@example.com,03419283276,2025-12-12 02:55:56
9080ff3e-a360-4c85-a308-f0310cc94cf5,Ekta Bhalla,azadmutti@example.com,01395376724,2025-10-22 12:17:07
76e596df-5478-430a-b790-0169c2e582cd,Adya Sangha,opathak@example.org,7101226916,2026-01-24 11:47:09
9df1091b-5b75-4b85-8805-3f27e567e653,Zayan Apte,yadavamara@example.net,01462704828,2026-08-18 17:08:39
b22b8ca3-8901-49ed-96af-dc83d9898272,Chanchal Tripathi,michaelprakash@example.org,8095701543,2025-09-20 18:44:17
c1e6e269-c980-4429-9115-444500c4c457,Farhan Chada,wbiswas@example.net,+912782489638,2026-06-18 14:25:05
941e0633-66e3-4a34-bd9f-784f23bc5bef,Devika Rastogi,raksha87@example.org,+913150983930,2025-09-25 20:32:23
f116f083-4651-4941-b765-4e819f60f29d,Veer Bir,narayananekavir@example.net,+914738299737,2025-09-27 16:40:47
9b17b4b2-fb14-475f-9eb2-e6dd90a78636,Ranveer Chandra,sankarirya@example.com,07010651333,2026-03-25 13:22:54
48b6c2b6-a26b-4434-a29a-d4086977754b,Logan Sami,aryashere@example.org,+917810801326,2026-03-05 21:20:23
842d6576-10d3-4958-8ae6-a3946035380c,Tanay Rattan,galaladli@example.org,04746872343,2025-09-20 23:56:24
be677aab-308e-4e50-8a8e-47a9671b30d0,Dipta Bhandari,soodyadavi@example.net,+910812191361,2026-08-10 00:54:56
be337e80-cca1-4a9a-b642-4dafd34e7ecb,Balveer Bumb,uvirk@example.com,+915346247510,2026-02-23 06:22:01
315ce72a-d605-4b99-84e3-ddddc8a33024,Ethan Yogi,yashawinilanka@example.org,01354278498,2025-09-01 07:45:10
f705092d-b74e-430c-a4f2-f50e13b24310,Hemang Desai,jack18@example.org,04935348740,2025-10-04 03:07:13
7ff81b42-39db-4ee9-b1cc-eab0e5286e30,Aradhana Basu,nathkalpit@example.net,02786801128,2025-09-12 06:38:34
b98c198d-98c5-42fa-a698-cfe8cc0de390,Manbir Sani,benjaminmorar@example.com,+915331586923,2026-07-31 01:32:44
8600f979-ac0f-48d9-8a4a-9455546ddaed,Peter Sachar,golagaurangi@example.com,3421607337,2026-01-12 01:53:20
67c9ab3e-48f7-4c14-a6dc-ceac7f309618,Vedant Kapoor,hansmohini@example.com,01458685014,2025-11-06 15:12:32
67d8b964-d132-46ff-bf27-cfd93673ca2f,Balvan Chopra,upai@example.com,09816934060,2026-03-19 04:50:42
d85e853b-096d-4328-8e92-7f8816780a88,Januja Sankar,narayanandipta@example.net,+914846564823,2026-02-08 13:40:48
1704301d-d623-44ce-88f9-2d86cb0942c9,Owen Mitra,tacharya@example.com,+916995777387,2026-07-03 12:59:11
0bb08f28-09b4-4cbe-9141-72c9186cde08,Frado Mander,girik34@example.org,+912003791769,2025-11-12 19:06:14
b75736d9-2f15-4365-a5e7-0a55cbb27e42,Warda Ratta,manbirahluwalia@example.org,03287083172,2026-07-06 12:34:49
6ece822d-d3a7-477a-aa5b-901a21b41389,Edhitha Savant,ksehgal@example.net,07434873471,2026-06-02 09:33:23
91f47c4d-fd48-42c6-8310-aa40b691ccc7,Wahab Magar,ekaja81@example.org,+913623166587,2026-02-06 18:07:59
1ac618e6-dd01-4acd-b7a7-7939cde234ce,Samuel Salvi,wbahri@example.net,07054668893,2026-03-06 21:27:53
7e0f4a28-fadf-4ee4-9da3-ffcc8b4667c6,Anjali Sarin,ybalakrishnan@example.com,6272980699,2026-05-13 18:26:31
b5d96f44-d2c5-4bf8-98f9-2cad0747446a,Fiyaz Sangha,triyagopal@example.org,06537556464,2026-07-19 12:46:12
24a4e123-9437-46a4-8ff6-6242b02625da,Upma Bahl,pallaudarsh@example.net,+910033092327,2026-05-16 06:38:42
fb51de4e-4e6f-4f88-b18a-41387b275e39,Tejas Shroff,jyoti29@example.net,1241904966,2026-06-02 23:15:23
fbf569ca-721b-4bb9-9744-8b1562cf24e1,Faqid Kibe,mitrajai@example.net,+915865185067,2026-07-13 05:24:32
83b1333d-eee5-4794-823b-8033d2a1befb,Janaki Sharaf,radhikagoda@example.net,4987769453,2026-07-17 21:48:38
6397a890-33ac-40e8-a12f-0d5b52267cb0,Arya Seshadri,ucchalraghavan@example.com,+917527354549,2026-05-28 14:20:33
29f93a95-dcc5-4f68-a4ef-ac2ac21c8b30,Advaith Varughese,frederickkhurana@example.net,07837770143,2026-02-02 08:07:41
aae422ad-6d1b-4adb-9d71-1e3f0601483c,Damini Pillay,wwali@example.com,8557444313,2025-12-29 19:57:23
9cb9b01d-bd74-4037-bf76-744b06fbbdc1,Qasim Handa,vedamalhotra@example.net,8941343524,2025-09-03 18:42:31
710bf592-1771-42a6-a0d0-e0e6131f6dc5,Anusha Bath,masterjonathan@example.net,01094777520,2025-12-05 08:06:19
cba56cc3-816c-4e9e-906a-0e715c652aa1,Ishaan Bhattacharyya,eswamy@example.net,0229413186,2026-04-21 18:07:35
c482ce1f-9758-44c2-b9d6-94ee401dd8f5,Lajita Seshadri,lmishra@example.com,09909133412,2025-11-30 10:32:30
46d35c3b-215f-4a10-91e9-62a3256a663b,Falan Dugar,regeshravya@example.net,7403447134,2026-07-01 05:55:32
c7476566-6766-459b-8152-6bc26b626daf,Pavani Contractor,manthanlata@example.org,+910249947174,2026-05-28 00:49:37
3f9ea235-d1d9-44db-8f33-993a2de7cd10,Anita Tella,fsarma@example.net,+916594013990,2026-06-22 06:55:11
0574b2e1-0264-4fc5-b4a5-181b90f875d5,Banjeet Gill,pvenkataraman@example.com,02967175655,2026-05-16 12:56:00
706b0a17-3d7c-465c-a1ad-df4a3a18eb31,Naveen Narayan,standon@example.net,08071545168,2026-07-15 15:42:54
a472dab8-70e6-406d-9a58-6fa6c3f477d5,Turvi Sachdev,guhazarna@example.com,7703482477,2025-10-15 10:36:34
2f711ef7-9ea7-4783-96a0-abfa62b0e8d0,Wriddhish Dutt,akshay86@example.org,+911712748467,2026-02-28 16:14:37
8144f98d-20d7-4f13-87ec-8445227fbf30,Tanmayi Dhillon,mhalder@example.net,2146584044,2026-07-20 12:40:39
c5d811ba-3588-4c4b-a8bd-2848398463d5,Manthan Sekhon,vpai@example.net,6753396360,2025-12-30 20:27:16
56e01259-ee5a-418f-9572-4b29d84ecfb2,Lakshmi Raju,warhibansal@example.org,9517187026,2026-08-02 12:31:12
222e9b71-d67f-49a7-8710-9161d3b6426a,Falan Singh,hamsini96@example.net,+915865780913,2026-05-01 09:41:00
cdba9592-3bf8-4547-b460-8e4f88b48f79,Utkarsh Chana,wchaudhari@example.net,1724005045,2026-01-21 20:36:30
57d9b5b5-6006-488d-a309-788e1324c26e,Madhav Konda,kgole@example.org,+919693792374,2026-02-23 18:20:38
de5358e1-5d58-41ce-93d1-5ec9c6ccb491,Aditya Shroff,nakul17@example.com,4647436713,2026-01-24 09:24:33
8c250217-714b-4475-89a6-170707dbe2df,Chakrika Merchant,randhawaanvi@example.org,0974395339,2025-12-04 14:50:50
40fa1f9a-b273-4147-abf5-5a9340f7d1f4,Gunbir Baral,ridhi09@example.com,2145623285,2026-03-23 10:44:20
ce880025-dc81-4d69-965b-e3144f3ecacc,Nitesh Kurian,vmerchant@example.com,+917123685160,2025-12-09 23:46:08
8948009b-f8e4-4d24-add9-5f719f906708,Suhani Pillay,lakshmi51@example.net,+917098593174,2025-12-02 07:02:42
a990486e-acc4-4b26-a694-ee4bab315b60,Jackson Dey,baraddaksha@example.com,+911382675869,2026-06-13 13:17:06
dd8ac700-141b-47a2-b3be-de1df94749ce,Oeshi Chaudhary,rreddy@example.org,5377351585,2025-09-21 19:12:14
b1b5b958-a003-4189-ad8e-604347b7246a,Anya Gupta,shagavin@example.net,+919005329318,2025-11-17 17:40:58
ee965386-be65-4fd9-a46e-2106d658327b,Viraj Narasimhan,aarnavmalhotra@example.org,+918421020539,2026-01-02 00:36:18
a8fbf875-86d7-480a-8337-7ff0ff6bb506,Owen Lanka,dateoviya@example.net,+911775891783,2026-04-25 04:02:51
f7de2c69-2124-4211-874a-1244325dbd01,Charvi Shanker,bhatvarenya@example.com,01771159212,2025-12-14 02:10:16
1bbf17b2-dd92-4589-b3ce-02905af4d537,Lakshmi Wali,sudiksha89@example.com,+911836736576,2026-02-06 20:08:27
78d03e93-9190-4afc-ac98-82ea428a8a19,Dhriti Sane,aadhya52@example.net,01111615280,2026-04-14 01:05:13
1b79a549-078a-43be-b004-1895df1dd315,Jason Roy,pallavi04@example.net,05198327315,2026-07-23 14:17:15
4e6c2794-655e-406d-8916-1ae82e892ba4,Ishwar Mallick,pushtibal@example.net,4024455022,2026-04-06 05:19:53
ec4b56d9-241a-467a-9038-93ae10b8e3e0,Ekaraj Dhar,chandtanveer@example.com,07525459910,2025-10-28 16:56:46
de29de2d-064f-401f-bd4a-317ff8dfceb5,Chandran Bumb,saanvi67@example.net,06438156149,2026-03-06 06:34:56
1918630f-30b2-4054-9d84-6b2d5e56f7f5,Chakradev Kannan,abhakta@example.org,03244510762,2026-05-08 23:28:07
5192127d-6ef1-449b-bf3a-4a04b695749b,Victor Tella,ekbal60@example.com,+917159696641,2026-02-02 14:00:40
2e18e74a-88ca-41b8-9699-f36a22d0d01f,Ekta Garg,fpathak@example.com,+913696816453,2026-01-05 15:15:39
8b0024b2-f827-4ed5-baaa-a83ad33987a8,Faraj Uppal,waliyashvi@example.org,05231243292,2026-06-20 12:33:23
69b8bad6-330a-47b2-b3e0-17cb95418aba,Peter Tak,rsen@example.net,9552717744,2026-04-15 23:16:05
836fa555-9d09-4921-8ba9-2a5273c646f3,Indira Tripathi,mukherjeetriya@example.com,+910541199867,2026-04-11 15:53:54
10bef59b-f539-4892-b46f-90b6cae2209f,Shivani Guha,vamakshi82@example.org,01518203778,2026-03-20 07:12:04
c330ae1b-59fc-40be-a221-d942f2f93d41,Januja Pradhan,lila65@example.net,0515186449,2026-08-03 10:23:34
6598e8d7-a895-4ee8-827d-60d8c075e84c,Gauri Bumb,inayamukherjee@example.net,6291486528,2025-10-04 13:52:52
fef8d848-c242-4948-82b0-ab46973119c9,Yashoda Pathak,patildayamai@example.org,+915733221418,2026-06-24 15:54:34
45a26c99-e407-4951-af01-98ff0ac1a31f,Gayathri Deep,kdube@example.org,9270653794,2026-06-17 11:37:49
6706430b-28ed-4be1-bb44-d36981385e3f,Vivaan Walla,dayamaisingh@example.org,09774688623,2026-07-06 11:06:49
65b1490a-b294-4637-b640-7d8778116948,Zashil Ben,jprabhu@example.org,8141247826,2025-10-03 21:40:07
7d49e6d2-0546-4bea-8435-fe371b8398cb,Shravya Palla,sachdevachatresh@example.com,5361530515,2026-07-02 15:02:18
86486de1-61fd-4e34-a762-606676e0270d,Laksh Barad,urmi27@example.com,0104328986,2025-10-11 11:10:22
33b54a83-3579-41ef-a2bf-453ab21b770d,Wazir Mitra,battawilliam@example.com,9711798089,2025-12-01 05:51:47
9aa8c0be-3f29-4bce-afd2-091d2d6b5717,Bishakha Sanghvi,panditwridesh@example.net,02185188888,2025-09-06 04:21:57
d7473907-34ab-42b7-a9f5-c0700be74c1a,Upma Bassi,qprakash@example.net,+915153195205,2026-03-29 08:03:12
c84ba3e4-a83a-45d3-a4fb-f0983c2fc584,Parth Shetty,zgopal@example.org,+917043030548,2026-01-30 22:33:12
85e82dbc-49aa-4d62-90c7-546161cb1bd0,Zehaan Bansal,bhavikaparikh@example.org,5415667652,2026-03-09 23:47:08
e37c9f29-2ef4-4385-9ea1-8f7be1abf911,Jhalak Venkataraman,fitan61@example.com,2845115447,2026-04-20 07:40:37
9a908333-d3a0-452f-93d5-0e18e6acd740,Ojas Sawhney,sanya05@example.net,04016582029,2026-05-19 15:04:57
30a145d3-d34f-4978-8d1f-b27505816a5b,Bakhshi Date,keerjeevika@example.com,09092755719,2025-10-21 18:14:52
f97f2455-87d3-4a5f-b296-644a928acdd3,Mitali Murthy,zaid10@example.net,+917868144739,2025-12-02 16:02:42
bab68c2f-9d21-4bb8-804e-18fae4e0d12b,Ryan Das,ethanseth@example.org,7155188442,2026-06-01 17:22:41
5ce1993e-b781-42ef-9e8a-f854e04304d3,Janaki Trivedi,jairajiyer@example.org,+917058957829,2026-08-07 16:36:38
8df3cdc6-85fe-484a-849b-5944f59f7d70,Dominic More,hsrinivas@example.com,09125177852,2026-08-05 06:01:05
7e61c9a5-9b22-42b5-a9c0-a41a8d4eaa5b,Kai Sant,dashzarna@example.org,02253584143,2026-05-02 21:59:50
06474aac-9e3d-45d4-b908-7292300f8e03,Jeremiah Mitter,thakkarom@example.net,2299590010,2026-05-05 09:37:06
14c03b24-abb5-4277-a7b2-27835c383f09,Shivansh Saha,tankbimala@example.net,07364710276,2026-03-05 08:23:02
47dc9ede-8a16-454c-80b7-f739742904c0,Samar Oak,dhritinagar@example.net,06258815371,2025-12-11 03:51:11
43924fab-e25b-4977-b1db-5674eb68e9a6,Yug Dhaliwal,bedibina@example.com,6325953278,2026-02-26 13:52:07
f1775916-15b8-402a-88d3-1ff6ba3cd63f,Darika Tank,chanamaya@example.net,03395004797,2025-12-18 06:12:15
224cb6b7-2c2b-4461-bddf-2cf352e82a32,Hritik Sankar,aishanipau@example.com,00609835841,2026-01-26 07:52:06
836c44d9-14e9-432f-b182-0792b5476d15,Ati Dani,gunbirramesh@example.com,08523986800,2025-09-13 09:32:27
a07b0541-06dd-4c7d-9d5b-a08a1cc7bc77,Gauri Som,mdixit@example.net,+915952694958,2026-07-16 23:03:10
b46b6665-bdf8-478a-a162-60869241d6a5,Chandani Soman,pillaygarima@example.net,+916940974993,2026-06-27 04:11:16
353acdf5-9df9-4b41-aef1-c72d56957042,Varsha Garde,rdivan@example.org,+919130756263,2026-02-04 15:49:51
c3979c74-4272-4426-a3b3-889f98be03e2,David Devi,ektasridhar@example.net,05278585497,2025-11-11 22:52:05
a5e17742-70a9-4cf5-b04d-8f8f2f44a6d8,Arya Misra,chamelimani@example.net,+917575844198,2026-01-23 17:50:33
6c67dc75-a8d1-42ab-8347-2e58a1405b8b,Hemani Dhingra,brijesh41@example.com,04733848421,2026-04-25 09:21:44
1d2d9daf-c88d-44c0-a0a2-6140d1f483ef,Xavier Bedi,virajben@example.org,05712082677,2026-05-08 22:17:47
845c298c-ab81-4e00-ad5a-20c2012b3c6f,Bhavna Nagi,daniel19@example.org,0262067240,2025-09-01 21:12:45
f88b2704-f860-42c9-bddc-8d6a18fda3db,Hredhaan Nayak,suhani88@example.com,+918743152742,2025-09-03 18:06:38
47abeb3f-c2a6-4663-9a26-df3aa0fc95e8,Chakrika Hans,nidrasane@example.net,01612275304,2026-01-25 06:00:31
58b98e04-0741-435a-94e3-395105ca0758,Sanya Loke,chasmum99@example.org,05301742684,2026-05-24 08:48:32
ff12e718-7f87-4cad-990d-064c8f0dbb85,Chakrika Pillai,theodoredeol@example.com,+917956878339,2026-08-03 09:02:41
84011cba-5fc1-4299-8cef-4f8e1ebc2e17,Sanya Wable,faras91@example.org,8398225871,2026-05-20 11:38:51
46e52a40-7cdd-4d3e-870f-4c270fee09b5,Vrinda Chand,dbhakta@example.org,6790874064,2026-07-12 08:43:55
22d21726-6377-4680-bb24-3d79aa749cdf,Tejas Bora,sampathhemangini@example.net,+918017046226,2026-06-26 04:11:16
0b38e23d-339d-4df4-b1f3-dac24ccecf92,Saumya Purohit,rbuch@example.net,2512868230,2026-06-18 22:56:21
9b9dca66-6b9e-4531-a758-3e5718a2ee02,Chanchal Sheth,ywali@example.org,+917524310690,2025-12-02 18:00:31
c9b7fb16-bc58-40a2-9d4c-b48c5ce3a0fa,Ekalinga Chaudhuri,sekhonchanakya@example.org,0673830284,2025-11-28 05:22:47
bbbba6b8-2cda-4447-8fd5-eba029f4c137,Ekani Khalsa,luke83@example.com,04089268705,2026-05-06 02:58:36
8c72b71d-31b9-4c56-8b62-57fd2e8073e2,Eiravati Saha,tdixit@example.com,+918733427086,2026-02-07 00:58:15
74c2c103-8af9-4edf-8f6e-aaf4a9971c0a,Lipika Kibe,samar51@example.com,01830469901,2026-02-23 03:39:58
84300923-1fa2-47c8-b1f4-b2a1b9699064,Varenya Joshi,chavvi03@example.org,1739363854,2026-01-24 02:51:39
266d989a-aadc-4a42-96ae-553fd7d56218,Jagrati Morar,jagvi87@example.com,+917535560932,2025-09-04 14:01:00
21e69d3e-23d5-4f0e-8986-fe81d4242f57,Omisha Merchant,rohannarayan@example.org,09378547772,2026-06-09 20:46:07
9327cd45-c728-4194-a6fd-1f555fac6043,Omkaar Dey,igour@example.net,+918010062312,2025-09-01 20:02:27
456a1f86-9b89-485e-82c4-b1bfdb4cadab,Yashasvi Shah,darpan99@example.com,7008860084,2026-03-25 08:16:38
9f12e167-c807-4dfd-9e9f-b2fd7e7b0f74,Anay Thakkar,ggola@example.org,2339845461,2026-01-21 03:55:44
e9cfad39-6915-4505-8bbe-8283306ba4f0,Tripti Kohli,charitabuch@example.net,0166687002,2025-09-30 09:31:36
0acbf64f-212c-42fe-84bf-4193a5db8052,Radha Narula,wablebrijesh@example.org,+919740148902,2026-08-24 23:33:58
4a39750e-0c20-4b1f-8a98-d49ff8f01095,Amol Johal,mitalibose@example.com,+919396856218,2026-06-14 18:59:42
317c66be-bbdd-4e28-aaf2-3f525979314d,Chatresh Chaudhari,ekata@example.com,9965047735,2026-04-01 01:31:17
494e54b1-49d2-4f67-9c7d-855cd3987507,Rachana Grewal,xchada@example.net,03114262655,2026-07-10 11:24:32
5d6271ce-37fb-4333-a883-5d7d8601735b,Abdul Morar,wparsa@example.com,+912126788861,2025-09-08 11:36:54
c1197bff-0815-44f3-b074-35f8e73b5f41,Irya Chander,lekha04@example.com,01839826224,2025-12-24 05:34:59
794c89b4-d7b8-4b9e-8bdc-d3f2a3de867b,Waida Dhingra,ganeshradhika@example.com,04715437993,2026-02-23 03:40:58
2151fb7a-3e64-4eb9-b213-3323524272ef,Krishna Modi,randhawagaurangi@example.net,05756924593,2026-03-03 07:31:50
a9a4beb9-8d57-402d-bcf9-7e52c29a4cd9,Peter Rao,bishakha79@example.org,06465193982,2026-05-21 00:51:31
a38b0346-451d-4c27-aa3e-6601325a4a66,Triya Kadakia,smanne@example.org,07243426617,2026-04-18 11:59:01
d7c92d89-95a5-4fdf-acd8-0b2666550b65,Nandini Warrior,ybansal@example.com,8911352909,2026-05-06 18:57:46
6852ffc9-2538-47ed-a4aa-ccb25895464e,Garima Sani,anneguneet@example.com,+918889937567,2026-06-25 05:35:15
16f818c0-87c0-4edc-b5e4-6aeaa4dadaf3,Hemani Bakshi,scheema@example.com,+911254573875,2026-03-02 04:59:34
05a78c4b-e85b-47af-b2c6-b07b4564bd96,Raksha Sethi,ekalinga40@example.net,+910512382825,2026-04-03 17:00:24
f0df7f8c-39b7-4b75-a7d8-05c84f490a97,Turvi Kata,lgour@example.net,6609379660,2026-05-29 23:26:54
b3edd690-c00a-42f7-aad7-a32984536b8e,Samesh Mallick,chaudryrachit@example.com,03714785969,2026-01-28 17:36:42
5b767591-8ec1-461d-808d-0092a43b8de4,Ijaya Pandey,rgera@example.net,09912513412,2026-01-21 06:18:04
7ad0edc6-6473-4be8-a3ef-ba263a248673,Yasti Rama,kdevi@example.com,02782827422,2025-12-29 10:56:04
bf8409f0-3e90-49b8-b6ca-5586c4992739,Chatresh Parmer,sundaramlaban@example.org,08876767721,2026-04-05 20:43:33
bbde09e0-7400-4729-8f56-7b0aec2379cf,Thomas Master,maharajumang@example.net,02797881914,2026-06-26 07:24:48
cab44b86-92f4-4c40-9c8c-9a6a9f55fdbc,Benjamin Sastry,pavanichaudry@example.net,3407451713,2025-11-18 19:02:33
0cc30830-b853-40e7-9e43-9fb05d1c18d0,Priya Gandhi,samueljhaveri@example.org,5849825449,2025-12-11 02:39:15
89ddde72-f2ba-4199-970f-3021c4e5ca6a,Krishna Sabharwal,malhotrajonathan@example.net,+913253672946,2026-01-21 23:41:45
49ec697d-9da7-42ff-8361-271cd8fa94d5,Faqid Chander,vvarma@example.com,5775901751,2026-07-04 07:05:31
490ec763-5cb4-4157-aff1-0fd2f3a36b16,Tejas Sanghvi,wardaloyal@example.com,05892975001,2026-04-29 11:15:09
f12e5a7a-4ee5-4bbb-8dfc-367a5d7837c3,Amol Dash,ridhishan@example.org,03242415415,2026-05-14 08:30:26
84553880-049c-4772-a270-6edfdeaf4241,Charles Randhawa,vivaan61@example.net,+910371293870,2025-09-01 09:59:05
c3afc4c6-4197-41d0-9741-38aa4c9b79f9,Jai Sami,vanyabobal@example.org,01115542622,2025-09-24 20:28:43
7c079560-02cd-4f03-ba54-3f0bc5b83d0b,Nitesh Sarraf,tanay26@example.net,7311219656,2025-12-29 10:13:22
35ac2cf8-48b3-4618-9dcc-c29d13049b98,Yug Malhotra,kotharibhavani@example.net,+914389836403,2026-03-09 11:31:27
36e6a880-aa58-41bf-8a12-04347bb1fdc2,Isaiah Khosla,hbobal@example.org,05269658271,2025-09-04 18:23:34
ddaf346c-2b09-45e6-8704-16e92e9e49e2,Akshay Lala,balveerbhasin@example.com,4866618892,2025-12-15 01:01:23
29375819-bf26-4a11-9f76-c1c4c22238f7,Dayita Brar,nachiketyadav@example.com,09146303161,2026-02-21 08:34:05
7347298a-d11f-4595-a721-90a830b88dd1,Dayamai Gill,aroralaksh@example.net,+912758842524,2026-06-10 02:17:36
835c1aef-83d8-4454-9383-7731ef40aa37,Ayushman Nayak,hmagar@example.org,09177850792,2026-01-19 01:56:05
6522a133-56b3-496c-9a41-0efa324f745c,Aadhya Chauhan,kariyashodhara@example.org,+910307562208,2026-07-07 04:24:54
c9bbc67b-6482-4f64-a8f5-33735de62998,Udarsh Nagy,omajanagarajan@example.com,+919518023806,2025-09-25 01:16:38
0d3096c3-1d07-4e69-8db6-d343e210c406,Barkha Mukhopadhyay,gabriel87@example.org,03494937597,2026-06-25 08:06:50
6481e545-c5eb-47eb-91f2-c5f84eba5ba4,Yatan Dora,routarjun@example.org,5050641383,2026-07-02 02:01:40
8e878cf9-d048-486e-9df6-604ae4b8049b,Darpan Dhar,girik03@example.net,05719182619,2026-04-06 19:18:33
e97843fc-7bfc-4695-be7c-6f87de33d8ba,Radhika De,bishakhalal@example.com,05574313291,2025-10-28 15:22:03
e71ea0a6-a375-4c14-8c2c-d422c9660a0f,Nitesh Sengupta,amurthy@example.org,5374741124,2026-07-16 06:25:06
c36e8153-fc65-42d7-8b3d-d0640341a7e9,Tanveer Narang,gavinkothari@example.com,08044206788,2025-12-04 07:37:54
b69296af-ee80-44e1-b343-dd763c0aacee,Turvi Chaudry,jairajarora@example.org,+912365199410,2025-12-01 18:00:31
08bbeeca-5d14-4279-ae92-6dc9e1535bb6,Sachi Dave,narulajason@example.org,00296670662,2026-01-13 17:49:35
21b98422-bff2-4f7c-93cc-476e2acfe672,Rachit Maharaj,sanaya20@example.net,9347687014,2026-01-25 00:47:51
0d638e21-3979-4871-9be9-3b1f64ec1430,Oni Iyengar,anirudhraja@example.net,07875985642,2025-09-08 09:45:39
fd977473-0839-4c5a-bb0d-7c3fb254a9f1,Theodore Balan,dalbir78@example.com,3213348039,2026-07-24 00:50:08
8dd36ad8-a007-4fc4-91c7-ae13179e387d,Isha Ghose,warjasnadkarni@example.net,5905992937,2026-03-27 19:48:14
cb482a72-58f4-4004-83c9-1317a0ea4a5b,Parth Swaminathan,chanadaksh@example.org,3087059325,2026-07-17 18:41:39
3dc8aa65-28e1-4373-bd6a-3739494447b8,Ekiya Bhargava,divanlucky@example.org,5156915452,2025-10-29 10:52:44
936017cd-70fa-4402-90fb-acfbad62e4ce,Vidhi Nadig,ishanvikapoor@example.net,2644220969,2025-09-10 20:39:55
17366cc8-2cef-43ad-8718-adc5a64b24eb,Eesha Kant,tanejalohit@example.com,1355215704,2025-11-18 17:14:08
11d5b588-049d-4270-8ca5-e13229b9afa7,Ekansh Palla,hritik00@example.com,06267658617,2025-12-27 10:54:36
8236013b-829a-4f15-90b7-100329b23d91,Nicholas Seth,bandichaitaly@example.org,04115262181,2026-01-07 12:45:50
65029340-9355-4231-9a1f-9dc4ae63d07a,Azaan Sankar,radhadugar@example.org,+915336884443,2026-07-17 18:50:39
828035a2-b750-4db4-836b-68cdc9fcf970,Maya Swaminathan,chaturapatel@example.org,01497310324,2025-09-30 02:32:10
b4cf4446-8e32-4e42-ba14-f49fcb512619,Jack Morar,fsinha@example.net,01862565270,2025-12-09 12:55:57
4459c211-3570-497f-9fd6-cf50ddd5b0ea,Udyati Lall,amrutabhatia@example.org,1158693806,2026-07-13 02:55:33
a64d5e41-8313-441f-88c0-32d3a4f42ffd,Vaishnavi Keer,fmistry@example.com,0898992172,2025-11-02 04:55:30
6a63b426-5026-4c3d-9630-61ad2f4c1fe2,Reyansh Date,sampathfarhan@example.net,03294511686,2026-03-31 16:21:15
f7b77d74-505f-4c41-98db-6d776fb02bc1,Anya Venkatesh,yarora@example.net,9861622999,2026-06-19 19:25:33
95451e38-3914-4127-9301-30b1ccaafde7,Hitesh Chaudhuri,hemangini64@example.com,7997024629,2026-04-22 15:54:52
a42f3dee-74f9-4452-9e59-7bfb23ac01d2,Balvan Randhawa,wazir07@example.com,00544471324,2026-06-14 02:50:35
22dba640-8ac5-4180-a225-fa9d020c6267,Ekani Luthra,mchakraborty@example.com,+916785082148,2026-02-02 00:01:30
80d572a5-ac6d-44ee-85ec-b3aa01f44f7c,Ayush Ghose,saibhardwaj@example.org,+917053457861,2026-05-20 19:50:29
581e76d2-7850-4233-a4d0-3675bc0d5b7c,Wyatt Pradhan,lsehgal@example.com,8552414060,2025-10-31 13:14:36
89777e3b-0445-49cf-8b3c-54319ac01201,Timothy Kar,amrutarout@example.net,+910722903494,2026-06-02 02:03:33
26a5d4d7-2209-49ad-85e0-7eb16f1de0e2,Pallavi Puri,tripti43@example.com,08969108589,2026-04-22 19:35:41
aa0fe0b3-9a77-488c-bf4c-0cbbf328a5c4,Chanchal Chokshi,vbhatt@example.com,5444328309,2026-02-02 05:18:24
d24ece72-c84c-45e2-958b-c10971abb405,Logan Bal,qmerchant@example.com,06099353875,2026-03-14 07:21:12
37e69dfb-34db-409d-9f42-db98f11b056e,Onkar Golla,gunbir72@example.net,08251353465,2026-01-20 15:10:03
f5d48a18-f414-486c-8ad7-7526fe446b1d,Chaitaly Sheth,singhalchatresh@example.net,9917381684,2026-02-05 17:16:30
0e701c15-ca92-4575-ba6a-b3c71f1d86e9,Matthew Devan,hemarout@example.net,02521752500,2026-02-20 20:16:40
23287e2b-5f38-48f6-9c1d-10a5037a4af8,Shaurya Ganguly,vrishtichakrabarti@example.org,6666760083,2026-06-09 01:04:21
33ce2c75-3a0f-4801-8572-f853bcd1fc91,Akshay Nagy,andrewagrawal@example.net,3354216894,2025-11-02 03:34:38
b4096afb-706b-4778-97f1-0e775e89d4ed,Chakradev Misra,tamanna89@example.net,06257532603,2025-11-24 09:39:46
17b7ee7a-c95b-4703-b070-b5e3bf1c14a3,Siddharth Bains,jatinperi@example.net,0648909010,2025-09-17 00:25:10
7c2dac74-bfce-450b-8cc7-873d47a1f6fc,Omaja Sawhney,jdasgupta@example.com,02304618499,2026-05-28 10:04:45
7663741e-c514-4ea2-bb63-db55517c80d8,Omya Cheema,mandalishaan@example.org,03934835642,2025-09-13 14:07:27
92bbbc1b-215e-4c27-ba43-50dfe47d8ebd,Sarthak Srivastava,wahab00@example.net,+911972181143,2026-02-22 16:03:59
38c688e0-8f9d-4157-96f5-274bab9398c0,Aishani Shetty,chaudhryowen@example.org,05561100225,2026-01-15 03:13:59
c4e58faf-e278-46cb-b9a9-1330fd8068fe,Amrita Chander,hema21@example.com,07467621202,2025-10-08 13:30:45
b29cf32f-dbd6-4214-bc45-a1a3502c54b4,Vasudha Sarma,ladliparmer@example.net,+912771670145,2025-09-03 02:02:30
ce330ecd-11d8-4abb-ba87-4d2de8d78982,Hamsini Venkataraman,santyuvraj@example.com,06289002877,2026-08-01 22:22:38
8745fdcf-4fea-4b88-87dc-98bff2d8b4d8,Falan Swamy,wridesh54@example.org,3866317797,2025-10-02 11:14:27
6eef5500-c6e0-4f77-b84d-6fe56d1cc3ed,Sanya Mutti,tankandrew@example.org,06088019948,2026-04-04 16:09:21
e8b01a60-9de0-4302-bc6b-8de7462bc070,Tanmayi Om,chatura37@example.com,9975711305,2026-01-14 04:58:17
88e7b726-ffda-4a18-b2f1-5cd8ca465cba,Kashvi Cherian,galawaida@example.org,6149331637,2026-07-15 12:14:16
187625cb-253e-4ab0-9ab7-6ddb8b644bb6,Hamsini Chokshi,obatra@example.net,1779827080,2026-04-01 03:16:46
1a7eb1f1-2006-4b0a-83db-7f6c03bd5930,Vasudha Trivedi,oscardave@example.org,09958669346,2026-01-09 10:30:43
1d277e8d-3318-45ca-8493-212e659515ac,Sneha Deol,nitaravala@example.com,8583339452,2026-06-01 04:12:40
2e3e6dc8-0797-4c32-acdf-48e24a88716e,Yahvi Naidu,pandeyvarsha@example.net,6846081062,2025-09-27 17:40:47
1eee0293-c23d-4d1c-8cfa-dee0472205bf,Ryan Loke,bhavinikrishna@example.org,+914380571983,2026-06-13 14:37:28
c210bd5c-bdb4-4062-a3a1-56f171a3279b,Wazir Vaidya,champak66@example.com,5800439735,2026-06-18 12:57:01
1baf70aa-25d7-4443-8c75-696a496616c7,Rishi Menon,rgoel@example.org,+912816064842,2025-10-30 18:48:07
93de0889-a0da-494b-9007-e18a2851548b,Abdul Narayanan,cdubey@example.org,09094798515,2026-03-21 07:52:24
a85ccead-9ef7-428c-bf0e-681e3715f34f,Qarin Verma,tiwarinathaniel@example.com,8615335554,2025-11-22 02:53:38
352c2ffe-a0a9-47b6-8740-55a3da563603,Aditya Contractor,sanaya39@example.net,+910561648408,2026-07-14 13:26:53
ebf1e0a6-f664-4d68-9714-193a63e75610,Yoshita Trivedi,csur@example.com,3581128801,2025-11-19 03:27:43
b29d16fa-a46d-4336-bebf-5b870da6ebd3,Panini Chawla,radhikabora@example.net,2075011024,2026-04-03 00:33:29
7986e8f1-01cd-4895-81f7-de8ccb075593,Vedant Kuruvilla,crama@example.net,06506180919,2025-09-15 23:05:03
93e6cf2a-cbd6-464c-956b-cc69f35fa056,Ishita Thakkar,manncharvi@example.net,+914766072832,2026-06-15 07:05:14
77411b51-42de-4bae-8770-42a4f8d1e6bd,Chakrika Dhawan,kashvi08@example.net,+911009968814,2025-11-18 20:40:16
cbec3064-43ac-4732-bc79-0268e7eb5ab1,Siddharth Sachar,naveengour@example.org,4312908781,2026-02-23 03:46:58
4ccd0bfc-af5c-45ee-86b0-650f9c65d869,Zashil Chaudhari,vidhinarayanan@example.com,+913149135775,2026-04-25 15:33:51
6d666457-5d2d-44f2-8c58-aa491b15258f,Michael Patla,priya20@example.com,+913645257775,2026-06-26 04:11:16
8d2f8c53-52ef-4237-b8a3-2cf115406f21,Vidhi Chopra,finnmand@example.org,3411080996,2026-06-24 00:18:08
f4c7a7a9-9e25-41b1-b57e-3dd7f72c600a,Balhaar Lad,xdixit@example.com,+919427881658,2025-09-02 09:33:28
5cb37502-38eb-4f23-9979-c9e723e7c888,Noah Varkey,sanayadutta@example.org,9275037314,2026-01-19 18:13:18
8048e640-af57-47aa-a8a2-bf8cdc10d3f5,Brijesh Jhaveri,lipika77@example.org,+915184498926,2026-05-10 03:31:54
5f2a89f0-11f8-48db-97c9-ccdc9fafefac,Jasmit Brahmbhatt,krisha38@example.com,05779082723,2025-09-28 05:21:02
7e141f77-984f-47b1-8e7d-6282d066f2c0,Siddharth Doctor,nakulpathak@example.net,1365177739,2025-10-30 21:45:37
c72d5620-6cda-4efe-b63a-746ef99c91db,Anthony Kohli,dattanaveen@example.org,8092024286,2026-04-19 01:15:12
2de4e048-4001-40ed-ba5c-60d0d7cb8217,Bhanumati Chada,saumyasinha@example.com,+913692929842,2026-06-06 12:44:47
63b4b3a1-ec09-40a7-aa5f-e1c483e0381a,Sudiksha Biswas,kritikarajan@example.org,+910388629127,2026-08-14 10:26:02
2a6c71c2-7c8e-439a-a550-4ab7dbe3d99c,Yahvi Dalal,subramaniamkalpit@example.net,0686508637,2026-07-02 09:01:40
f6fe17ab-01fe-43a4-be18-fa1d0b3bbebe,Inaya Chaudhari,qdesai@example.com,+911498643009,2026-03-20 05:16:05
42e425ae-1704-4606-b001-518dbc1a3541,Zinal Amble,sjha@example.com,05126944869,2026-01-18 06:53:10
0a822553-f2fd-4cef-8aa7-b37fed1e287d,Mekhala Jani,lsubramanian@example.com,8744956213,2026-02-18 17:24:08
5d7dc62b-4b58-4def-ad5f-61071420374a,Harish Kala,znigam@example.net,0260127961,2025-09-23 04:06:34
7d93386c-17bc-42db-bb8c-9aac5eece92a,Tristan Prabhakar,baradleena@example.com,8490277038,2025-12-18 08:36:37
45cc80ac-d8e8-469f-b1ff-02d4b3994465,Bahadurjit Uppal,omkaarbanik@example.com,+910214656693,2026-03-18 08:32:53
23be2d61-8d00-46cc-9f3e-7b0f5afb06c9,Ekapad Chana,ijaya54@example.org,3769042681,2026-07-15 06:24:32
54fdf171-0184-4a6a-9708-36c969061108,Yahvi Menon,jackson84@example.net,4769735779,2026-07-30 01:28:32
21e63b1c-840c-4ffd-8725-14571fd9fd3f,Vasatika Dada,ekansh63@example.net,3565880434,2025-10-04 09:44:49
d096f2a0-e863-4486-ae66-8e22c341b89d,Hema Borra,vamakshimurthy@example.com,+919423733343,2026-05-13 03:28:07
e95079af-47d0-4dff-9173-3a8b157ffad2,Zaid Parekh,hredhaandar@example.org,7908075957,2026-08-13 01:55:57
967a1175-2a96-4dfe-b80b-16ad557d94d1,Vritti Goswami,mitali39@example.org,+918678085627,2025-10-15 00:44:56
9e452e24-5f4c-447d-9762-c010164d3e6f,Diya Anand,kadeladli@example.net,+915594284347,2026-04-24 09:11:37
3347b2db-291b-425c-bb01-7df3e2fc5364,Jasmit Gour,nsamra@example.com,5564729293,2026-07-11 11:38:36
202c8708-6e53-4d9c-9a20-2d46a9981f5b,Anamika Keer,mraj@example.org,2702672885,2026-06-30 06:40:11
d3cfc315-459a-4081-b579-4f5e4963ee03,Charita Krishna,raohardik@example.net,+910347175455,2026-04-03 21:40:38
8e12c0b0-d2e4-449b-a721-b82da23dc310,Hemangini Bahri,wdara@example.net,3998245587,2026-06-26 03:58:38
defa0e13-639d-48f5-88d7-10c1dc301e81,Farhan Raj,ubika22@example.net,06996112535,2025-12-30 08:21:20
58fa1ec9-02b3-4d41-bd1b-b44fa2f7949d,Amara Rana,sai59@example.net,06220234132,2026-01-30 11:34:10
32ef6f18-9283-4951-aab9-86b6cf3349c0,Girish Bhatt,bbhagat@example.com,1149216433,2026-06-11 17:42:12
1651dabb-fc5e-469a-96c2-84ab1131589f,Saanvi Date,onkarbalakrishnan@example.org,5577848728,2025-11-06 00:56:14
4729569c-3d51-4f8e-b145-6fe2caf29e94,Radhika Viswanathan,idika78@example.org,+917456424008,2026-07-11 22:43:36
9078cc6d-38f6-4531-9cae-067319684eee,Hemangini Mangat,awarrior@example.net,07406493085,2025-11-10 12:26:43
73218400-dc10-405c-a3bb-66b1a6fb43cb,Rajeshri Rana,nihalramakrishnan@example.com,+914163894484,2026-02-05 15:22:46
14d1e3c7-6a61-419a-975b-ce590a7bcb2e,Ekapad Gopal,bimalachoudhry@example.net,09749735020,2026-03-25 01:07:30
6798e62a-2d99-4632-a9ac-5531dca4c308,Quincy Chaudry,amruta27@example.net,+913120735647,2026-01-20 12:30:29
fc730b0d-1c51-47d6-906c-45fa5f52d47d,Azad Narayanan,dhingradaksh@example.com,01872346013,2026-01-25 17:24:45
15d3f16a-8181-4dee-bf69-5c2f473fe625,Yug Bandi,trivenichandra@example.net,3764520881,2025-12-05 15:52:56
87d2eaea-ce41-4012-b3af-0f86bfdb3e7a,Chanchal Issac,charles31@example.org,6502491630,2025-09-14 14:14:34
62060e74-e548-4e73-969a-5d6a39464fb1,Mohammed Prabhu,kotharinakul@example.com,+919500528127,2025-11-27 15:31:16
1cf4016a-3f5f-4f91-af31-060380a9a531,Idika Sarna,anshpurohit@example.com,2407784873,2026-04-06 08:52:45
615d2de6-c731-4a44-b697-7ae0fa23f31d,Ijaya Naik,mmaharaj@example.net,+911827448570,2026-06-26 14:54:55
0ff27b43-694f-40c3-8b06-e3311cc825a2,Qasim Bahl,william51@example.net,6387829456,2026-05-05 04:29:38
946c58ef-9a78-4772-8096-77660f1a6c39,Indrajit Char,bassikai@example.org,+913173109678,2026-04-28 14:39:46
34d42ee3-65df-42d7-a0d8-4d2ad916822b,Chandran Peri,ekavirarya@example.org,7170586509,2025-12-10 12:25:03
29c1aab5-32e8-44fc-a900-e15bb0a5b481,Ekavir Modi,kalitazilmil@example.org,+913863383928,2026-06-16 05:50:02
aa6a844e-85e3-4167-9b76-c46d59d68312,Hitesh Parmar,gsane@example.org,+918685289755,2026-03-30 21:57:57
b9df298c-17d9-4056-ba1d-2afad85f34f6,Kamya Sachar,mnaik@example.org,8368457760,2026-06-07 08:34:00
bf55687b-b446-4c41-bd40-939c7911e664,Bhavani Babu,chasmumahuja@example.com,+913504888992,2025-10-04 21:39:22
6b7cf6e8-efcc-4d42-89c5-492246e51933,Triveni Parekh,lakshitlanka@example.com,3344196931,2026-06-06 07:05:44
1852c6d3-3a42-4630-a9c4-120b30e41f70,Vasudha Ghose,mchandran@example.net,00961055661,2026-08-02 01:50:03
c7b6f260-7c64-4070-ab97-ccfe79726bd7,Advay Raja,modybenjamin@example.com,9258320679,2026-04-09 16:36:00
26cb4595-4051-4892-8c24-c3589038874d,Tristan Sankaran,meera22@example.com,+917908641686,2026-06-25 19:24:33
a71d2778-8d38-4b24-b1eb-480f32c8efb9,Krishna Srivastava,vinayarana@example.net,3898331465,2026-05-22 05:03:24
4f698377-f10f-4a4d-ba88-1241e93f2eda,Isaiah Sachdev,wpau@example.org,05904259792,2026-02-16 08:15:11
4bf3686b-b887-49d0-b120-29ba0b7fa53a,Vivaan Iyengar,nachiket11@example.net,+913924051477,2025-09-07 02:51:51
22f058f9-5cc5-4297-96f0-b189798adb31,Shaurya Yogi,samarvirk@example.com,7920698042,2025-09-21 15:06:09
ab7635e5-15cb-4c91-bddf-b3d0fae19e10,Sai Madan,shroffabhiram@example.org,04510463681,2026-08-15 07:32:04
3b64e18b-1520-4edb-9cb5-7c34d1c49db5,Vedhika Wali,grewalrushil@example.net,08003845762,2025-09-05 10:04:40
f9e160b6-651f-4be3-b19b-fba0b2bd231b,Indira Pant,warinder84@example.org,4608432562,2025-10-02 09:08:42
50ed1ed2-ac5f-4fdd-a88c-aa47a4cdcb12,Utkarsh Sahni,michaelsandhu@example.com,5782329832,2025-12-27 13:54:36
f85ce606-ebe9-47fa-b09b-9e4085193e28,Qushi Dhillon,eeshabir@example.net,1252056647,2026-06-14 20:25:21
704df5e1-a6ec-484f-b497-d68a8d17b8b9,Max Guha,deepqasim@example.org,9499939330,2026-01-15 19:23:41
6e3bd814-d845-49d8-bf7f-dc986ac8a824,Vansha Desai,lprakash@example.com,07223306046,2025-11-23 17:11:31
386912e9-971c-4157-bd82-e838f93af731,Samarth Bhatti,revasuri@example.net,07366096569,2026-08-29 00:14:51
0b478ecc-962b-465b-b86d-2ec3e72dcac7,Ikbal Seth,pbasak@example.net,6086803476,2026-08-07 18:01:09
ad19e907-2e6d-4002-af6b-481dfed31b5a,Bhavika Shenoy,pahalmenon@example.net,+918277181298,2025-10-20 19:59:09
3a562e26-027b-494e-bfcd-fdf13b72dbb4,Odika Naik,lbakshi@example.com,3714521117,2026-05-02 12:49:10
5724a843-c287-4811-9e16-767371919708,Frederick Viswanathan,nvaidya@example.org,08602592222,2026-06-23 23:53:50
70e39f57-7b22-4cd0-bb01-101215690d57,Oni Morar,sanaya42@example.org,+913094077780,2026-04-22 09:39:26
6fe4e6b8-9045-44e5-8de0-d3b59f421178,Wazir Kalla,asetty@example.com,+919903849830,2025-11-09 01:40:11
6ca4576f-565b-4b1f-9ec8-512b32091364,Christopher Palla,dhillonbachittar@example.net,9451016224,2026-04-23 14:36:20
15079ce6-bbeb-406b-9923-a61ed1abbf08,Tamanna Parsa,chanderchandani@example.com,06168147214,2026-01-04 03:16:56
5d9acca1-fa72-4f76-9032-bfdd358a3a19,Shaurya Kadakia,chopragagan@example.com,9469548995,2026-08-24 08:05:05
47e2c7a3-0382-4585-8735-bbd61052285b,Watika Venkatesh,ztailor@example.org,3430107139,2026-02-06 07:29:15
350a03e1-b7f1-4524-a5f4-c591cbd675fe,Chakradev Nath,simon03@example.net,04144885015,2026-01-08 20:33:25
3b0b52ec-8fe5-438e-a526-267bcd6f5dfc,Ayush Gill,ganganigam@example.net,07027278576,2026-08-24 14:27:56
19446c44-4f49-4f09-8daa-358aeba175de,Chandani Mutti,joshigarima@example.com,+912405682996,2025-11-10 01:20:03
c49d6b84-dcc4-4b48-abfd-8c1fb43f6647,Darika Murty,magarodika@example.org,03574384215,2026-06-10 07:17:36
6ca2fb58-dba8-49dc-922a-cb97711077c4,Saksham Chanda,btoor@example.com,2357845218,2026-05-19 02:17:55
efceede7-f82d-4624-82f4-999503726143,Samesh Bansal,tram@example.net,+910409157018,2026-06-22 20:09:11
056f08fc-dc7d-41f0-aa44-fe5c739b36b4,Arin Muni,ekaniiyer@example.org,04857142241,2025-09-04 05:02:21
41236585-5180-468d-bbd0-0eaab2d66728,Samuel Palla,anika24@example.net,+912149587020,2026-02-28 02:24:35
871717e8-e480-44c3-bb23-1b6fb5603be1,Hitesh Rajagopal,chadhapooja@example.com,+919979545381,2026-07-02 00:01:40
d1d426a1-cc9f-41bc-9549-0cb5dba0edf2,Karan Chander,dchatterjee@example.com,7733294562,2026-05-27 23:43:02
644f8f1c-e0c9-4116-b831-4a05d13b1a8a,Ekta Setty,ebalan@example.com,+915772459928,2025-10-08 06:14:02
9d85b8df-f1b0-49d3-88ab-9ed5703e575e,Hredhaan Nanda,mittaltriya@example.com,6393827615,2025-11-18 03:45:23
97181179-6e2a-4b5d-9a5a-d494acc27b14,Radhika Oommen,oscarbrahmbhatt@example.net,9719975817,2025-11-05 16:53:49
da871e4b-b06f-43cd-b7fe-f8618cbe1435,Nidra Boase,raghavanfalak@example.com,0132902278,2025-12-14 07:42:35
13a4e99f-5f84-4567-befa-420a4117cfc8,Sanya Hayre,edhithamistry@example.net,4651909862,2026-07-26 08:45:38
5d58eed9-4243-4f2b-b969-d470d5ab4b44,David Pingle,acharyajagrati@example.org,00369656666,2026-03-28 23:42:42
e9f93ec3-693a-4e8e-a225-e2614f1e685b,Oscar Soman,raghavrajagopalan@example.com,02422010276,2025-10-21 00:21:29
8e25c700-6690-44b3-9f0a-72f7637b9ba1,Laksh Sagar,nsandal@example.org,08687653269,2025-09-01 04:05:20
ddf94ee3-cc42-443b-aeb6-987306d5e804,Warjas Thaker,nirja89@example.com,+910975197128,2026-07-29 00:33:54
c3f051e2-5e71-4ac2-b8fb-f39be9a1f165,Udyati Varughese,virkgaurang@example.org,01894905807,2026-02-21 14:44:49
2ee0ef78-146a-49d2-95b2-d9b8cccadbe2,Garima Sama,chaitaly42@example.org,9494079290,2026-02-01 23:33:30
e4ba540d-6116-4ea8-9c10-46ae1a7b13b5,Avi Mangat,ibutala@example.net,+914429444019,2025-11-05 02:21:19
6ed7c62d-5e34-4d63-bf24-5ace33566338,Sanya Pingle,advikakeer@example.com,+918051292766,2025-11-29 16:40:02
0e8387c4-bcda-4715-a3d1-ad86668e042e,Oliver Kade,chatura41@example.org,+917674783667,2025-12-09 06:40:48
e21f7403-74d3-452a-ab51-ad29f072f15a,Radhika Arora,saumya65@example.net,0185694544,2026-07-06 20:58:00
a8d2b045-c136-4eed-87fd-a7e6330710c4,Aadhya Raman,ukhurana@example.net,3852580010,2026-02-04 23:57:09
92b1ddce-d162-4517-8215-9a5e0b96341f,Hemang Sehgal,theodore44@example.org,+910910939111,2026-02-01 22:49:30
0eec22af-4441-4ccb-b4e8-a0f71d9373df,Keya Goyal,gourzehaan@example.com,01746542140,2026-01-24 22:46:54
370829e0-c7f2-475e-9822-cb8e6fcb38ca,Gaurangi Bhasin,alka27@example.org,03962712863,2026-04-24 17:25:01
9c9f1f16-88dd-4ed4-aedd-09f5d6441820,Riya Lad,banerjeeelijah@example.org,4707200642,2026-05-28 03:49:25
7c883f2b-7262-4cef-833d-9f9b04fed361,Mahika Aggarwal,bsridhar@example.com,1830671985,2026-01-05 18:43:11
f125be9a-b00d-49ff-842c-791e3d8b6feb,Nandini Bhakta,pauharini@example.org,04328063461,2026-05-01 04:36:48
b9a28327-02f3-492a-a88a-ed876ab41df3,Vidhi Chad,igupta@example.org,+910937618478,2026-07-19 06:36:45
b702515b-c691-434e-9090-078e745385c1,Amol Bansal,daksh50@example.com,+913878293102,2026-03-07 03:39:55
507c6781-fd97-4165-9b6b-3fa355f30d7c,Urishilla Bath,kalpitatwal@example.org,0417929111,2026-03-10 08:32:58
02d70a5e-e6ff-47ed-813f-7eac1a1e95cd,Dev Jain,znazareth@example.net,6519825309,2025-11-04 15:29:08
a57e0ac9-ca60-4ae1-a2a3-a42cc6ba0fed,Dev Dara,lohit62@example.net,08273902196,2026-06-27 07:10:05
4f211a73-8d00-4e33-aff4-c1672dd1387f,Amol Sur,ahujaabhimanyu@example.org,+919467232487,2026-02-05 07:14:48
15cecd1d-605c-425c-bd7e-96aebd80d146,Owen Barad,xalakchakrabarti@example.net,05608331819,2026-01-16 20:00:03
86f6c009-c684-4c92-9b4e-9a712ea3650c,Ucchal Joshi,chatresh31@example.org,7722005436,2025-12-04 21:53:03
31a7b329-6e78-4c7f-9338-b21a2a828283,Sudiksha Bassi,benpatrick@example.org,+917811379956,2025-11-14 11:20:01
0b8dbe50-9904-4759-b3ff-9665fde93f8f,Victor Choudhary,vedant13@example.net,03631797062,2025-11-21 05:38:30
e15ac8da-4b46-46dd-917a-a4d1ed56ae59,Pranav Ram,laban73@example.net,04352090421,2026-07-26 00:48:08
e876f454-9aad-4827-86ca-2ccc8dd79a46,Tara Sahota,hemalkannan@example.com,2929831687,2026-07-30 03:06:50
4b51660f-cd48-446a-a188-75ad69cd8726,Urvashi Shere,akshay63@example.org,06939290600,2026-02-28 01:38:12
7451733d-524f-4146-a58d-73b81e9a6004,Pavani Wali,zsrinivas@example.net,+917731806325,2025-12-22 03:48:10
636c0d52-c7af-4d2c-b67a-2b4f780b6851,Gautam Babu,kmody@example.net,09907726257,2026-05-29 15:40:44
dee2f3b0-32f8-4956-adf6-696712543cfe,Ekavir Rajan,bachittar46@example.com,9893195085,2026-08-09 03:23:25
979ac4ed-6892-44cf-8c49-d71381078e22,Indrajit Rajagopal,udyati90@example.com,02818325381,2026-05-08 08:18:45
9528b8ee-46d4-44bf-a67e-e9e84c64f4ca,Shaurya Kar,ira48@example.net,04015577881,2026-02-27 21:04:51
4217da9c-b949-4169-9668-9da1680b6e3a,Siya Pillai,guhatanvi@example.org,+916241124127,2025-10-26 17:34:48
ee2a3d88-7ba2-4bf7-bd86-883c01a71dd0,Arin Memon,edeo@example.com,07043103856,2026-04-11 00:45:15
eda3bc8d-07a1-44a9-846c-707aaf35768d,Eta Sunder,tshankar@example.net,+914243754025,2025-12-17 17:28:08
5b701456-15a3-42b4-802e-4649e4d89bb5,Ojas Dyal,qabil22@example.org,+911059274523,2026-04-04 17:35:50
01a71a5a-4de3-4583-a054-f878d1a8b273,Edhitha Padmanabhan,kashishsen@example.net,+918410672752,2025-08-30 22:51:43
c79dfa29-0321-4c8a-a837-2da04f3fa357,Chakrika Som,manan97@example.com,1702814069,2026-07-21 20:22:38
f6c201f9-d101-4aef-9463-ade421d3f507,Sanaya Parikh,narainchristopher@example.net,3983430187,2026-05-19 05:31:28
038cf710-4cdf-4e7e-a28a-72a48242ed86,Yauvani Ramesh,vrittinadkarni@example.net,8056265650,2025-12-17 19:58:12
54c6e08f-6d02-4fa8-9d98-fc515b0b38d8,Indali Morar,nchahal@example.net,06742662991,2025-10-24 01:39:05
ce17b804-7ccc-4e2d-af48-2cb48aa4366f,Chavvi Soman,dominic96@example.org,+916462879232,2026-07-18 12:16:58
02bebb1d-ff4a-4c70-8ec6-bf57e3468dfc,Bimala Swaminathan,mittaldaksha@example.com,7300244714,2026-02-07 07:01:09
1c85065d-41e5-4b63-b730-3c74e2a4030e,Vyanjana Konda,dararadhana@example.com,+919597964715,2026-03-16 07:55:25
854be131-ac1e-42b1-a9a8-327c075e27b8,Aashi Gaba,dhingraekaja@example.com,2520456504,2025-12-20 13:20:34
59be74cc-9590-427e-bbe4-0df79b6fcdb8,Yoshita Hari,girindraganesh@example.net,05445189520,2025-10-21 11:17:51
e21514d5-961e-49a4-a94b-5caa89e184a9,Kashish Sundaram,koak@example.org,+912833898881,2026-02-07 08:47:07
a6f69a6e-3d22-4cbc-8ca0-1003434aec44,Faraj Dada,anaysrinivasan@example.com,05279852401,2026-03-03 13:03:59
73d63675-674f-4f13-8747-9b81dbab699d,Lucky Karan,jeremiah32@example.org,01107603108,2026-04-16 15:38:20
74c7d71f-aaff-419e-9a6e-f9dd0bd44476,Upasna Dani,caleb14@example.net,+911193932501,2025-10-24 19:31:32
2ef3f5bc-ce36-4e70-a952-924b7a21ed54,Ijaya Pandey,xitikhurana@example.net,1190833428,2025-08-30 23:11:05
86e27346-e9df-444d-98f4-dab27c59de92,Tanish Thaman,speri@example.net,+917125663836,2025-10-12 02:37:56
72e24d83-3cf0-4e92-9121-46514e3783ab,Jatin Shukla,venkateshlaban@example.com,04801571647,2026-04-19 10:52:19
65920fed-b663-4b69-ae98-c5ccd65bd7b8,Sachi Kara,bmannan@example.org,+917520716781,2025-10-14 14:01:38
a6420e82-ea02-4600-9e4a-27999fc61cbb,Megha Rattan,gangulydhruv@example.com,+915396136749,2026-04-16 20:03:18
fc272cc6-3475-436b-be3f-cb163c87a9ce,Mugdha Parekh,fravel@example.net,02711477320,2025-10-06 23:12:26
7681a398-f363-4516-b3fe-03fb6a6cb67c,Ekansh Tara,golalavanya@example.net,5249911877,2025-11-15 16:58:36
37239162-f06e-45d0-baff-4b426f4ed0c0,Widisha Swaminathan,hemal88@example.org,+916167567700,2025-11-05 23:22:35
81422a2b-7c5a-4d7f-9258-8bd10b80ae6f,Nitesh Swamy,tdesai@example.net,07197889778,2025-12-27 07:54:36
ce7c3274-bcb2-4914-8c16-29be39454e62,Yashawini Bhalla,flall@example.net,09545009025,2026-01-11 18:36:13
5fbe58f7-5030-42bd-abce-e1be15af1116,Harita Rai,sanghahemani@example.com,05033349114,2025-10-12 17:47:10
4b81c72a-2592-45f9-a27c-2dbf6ce1873b,Omkaar Bahri,baljiwan76@example.net,6407905696,2026-01-01 12:01:16
8f02cf95-ff9f-47a1-8da5-15b5812192af,Vrinda Chaudhry,gayathritaneja@example.net,5294563718,2025-11-20 10:12:27
e8118e91-8b4d-4057-8219-0275fbfb292c,Alka Batta,neelima39@example.net,+919195419876,2025-12-01 18:00:31
7090652d-2cd6-48bb-bb55-c60ef3d94038,Faraj Mittal,rachita85@example.org,06498782082,2026-04-10 07:24:20
30ff24f6-3d23-4cac-a982-0c7923a6bf4e,Tanay Sibal,radha90@example.net,+915723246651,2026-05-09 18:28:07
624895d1-7f01-4fc5-99a3-beda5de75b31,Nitara Loke,naveen49@example.org,03123034778,2026-02-14 15:53:23
d6307b49-fb9b-41f6-8159-b20fdd88c9df,Balhaar Jaggi,anjalideshpande@example.org,04820700159,2025-12-23 00:12:12
1a2a520f-06f4-45da-820e-8aeb3af3bec5,Niharika Patla,ranganathanlogan@example.org,+919818984713,2026-04-19 05:34:34
f375fe9a-9df3-4fce-9f33-4dcb6c993b7f,Dhriti Narayan,bkeer@example.org,+911234764907,2026-03-24 11:08:12
bdb21386-164b-4ca6-8edc-a8f82d0cf886,Isaiah Nadig,rsoman@example.org,02575409003,2025-12-05 12:48:28
73f8394f-6c50-4dea-b982-872423fd7100,Dayamai Patil,warriorwarjas@example.com,00644134327,2026-05-01 11:28:12
bb71c604-aed6-4a5d-8d8e-5b37cc5f6ec6,Niharika Bandi,faris77@example.net,05612481569,2026-06-08 11:46:02
dc5a9e8d-2a63-452f-b601-f7a61af0f075,Sudiksha Bala,goursachi@example.net,+910634591123,2026-03-17 19:42:55
c51d3a8d-5e13-41b2-a9e5-0e306813283c,Nirja Nagarajan,vsridhar@example.org,02954316526,2026-08-04 15:23:00
5941c911-79e8-4dd0-af18-3c7e579e840e,Udarsh Bail,karnikgaurav@example.com,+914206969421,2026-01-19 04:06:02
f7dfa1c6-d0ee-4abf-8920-173c4ee20b37,Jacob Atwal,rsetty@example.com,+913334476263,2026-04-19 08:00:48
cde71621-a65f-4b74-b534-9130088bb405,Barkha Gulati,agole@example.org,+914439735971,2025-09-02 07:01:40
e86f3426-aa4e-4563-8e6d-287a75f9716c,Kiaan Naik,tkala@example.com,6941180053,2026-02-28 04:14:40
347aea49-3d3d-4cfe-a183-6901c9549b53,Chakradev Ahluwalia,yamini96@example.com,05280924287,2026-08-25 14:06:43
90ad2a23-2b89-4bb0-ae8e-76c7ff21a9f1,Upadhriti Deo,nadigrachita@example.org,01502745644,2026-04-24 07:46:21
f0d0fb06-f9ad-428c-9e0a-d50467c3239d,Zansi Munshi,ugala@example.net,02870320320,2025-12-02 14:02:42
89451d31-181e-4698-ab08-8e66fb0ff55a,Nihal Sibal,fdalia@example.org,05877712151,2025-11-16 09:46:19
656b0f4d-a2a9-476b-8c53-9882cba365ed,Pranit Ganguly,simon90@example.net,2613715041,2026-01-29 08:45:54
bd458806-9123-4bf7-b848-4065b797516d,Hitesh Naik,ayushbumb@example.com,7749050975,2026-06-09 09:19:55
ca972a42-831b-45a0-9d03-c818b8a16c78,Siddharth Bava,ekantika01@example.net,6164236103,2025-10-31 13:33:13
0b768b7e-d0d8-4242-a820-205b9da1a029,Neha Mane,jaimisra@example.com,04925158377,2026-08-08 03:29:02
24e746a2-3e11-49a8-9e21-afa264af6296,Vamakshi Loyal,wchana@example.com,09266108573,2026-05-07 19:00:17
644c4397-5f38-4546-afcd-f8099bba132d,Warhi Vyas,mannanupadhriti@example.com,+917422438649,2025-09-16 19:41:46
b8db0d6c-0a98-43bb-b7b7-2416ce98581f,Chakradev Varghese,uppalpavani@example.com,+917945491801,2026-06-12 20:56:50
31d46d09-186d-4ed2-b4c4-e90ce774b202,Praneel Gopal,fbath@example.com,4597794523,2025-11-09 03:58:33
cf985611-0b1e-45e7-a751-934a37907b38,Aashi Cherian,bwarrior@example.org,01027769749,2026-07-15 21:24:32
f83f2f71-8319-4f70-84eb-9eb56c0549fd,Megha Mittal,dasskrishna@example.org,+911030372368,2025-11-11 10:17:17
9cb04e30-4c10-410e-911b-2ba6342771bd,Charvi Sheth,urvisami@example.org,+912277707933,2025-12-21 18:51:51
17851de1-3f79-42a4-830e-84d31a116d25,Charan Nath,chauhanrachana@example.com,09984076789,2026-06-06 16:43:48
142391fe-777c-4623-8ce8-c7142ff8a203,Vincent Bhat,samidiya@example.net,+914671795760,2025-10-30 22:34:22
ac9cf62a-bc0d-493c-ad99-e90d04e63c53,Rehaan Singh,raksha38@example.org,5972466572,2026-04-27 18:49:38
86146869-446c-4a55-8d1a-2edb7f2d15e5,Barkha Chadha,ldayal@example.org,+919716743380,2025-09-05 07:49:32
e8fcd95a-2b3a-4e4b-8080-0e9ec1e32799,Advika Parikh,owenthakur@example.org,+915619318374,2026-01-08 10:53:16
34b62bc6-023c-488f-9cb8-4865b88ee8d2,Chakradhar Loke,yutikachawla@example.net,+917711991808,2025-10-09 05:20:20
a82da76f-662b-4e54-bde5-e69fb15b37d4,Jacob Jha,naksh47@example.net,01255213760,2025-12-02 13:20:52
1f010310-da3f-420f-9d89-529b90b50e0b,Harita Mangat,fredericklata@example.com,6532863266,2026-08-20 19:24:12
906dd41b-4b76-4122-a8f6-3e718e047940,Tara Varty,ayushman72@example.org,8115562606,2026-06-20 03:01:20
aae801de-1b56-4d34-af17-485986bc820f,Matthew Bhardwaj,oni68@example.com,5504892673,2026-08-08 23:40:45
ab90abb5-21ee-4f5a-89ff-3b28cd89113c,Hemani Ravel,charvichad@example.org,5628843188,2025-12-28 13:14:23
07eda375-ccb0-4866-a429-ca1075e40842,Nathaniel Bajaj,zachariaaarna@example.org,06810548510,2026-06-19 02:29:10
6b8a74fd-ea28-4c3a-914a-5fd3e45bfb05,Saumya Misra,settyharinakshi@example.org,9989354492,2026-06-02 17:04:12
00fd1194-4e05-4195-818c-20f5ad974a7d,Zinal Kota,narangzaitra@example.net,+915712661106,2026-08-09 08:20:35
3ff47a5c-212e-46a9-90c6-370b82ee1898,Vamakshi Kala,xbrahmbhatt@example.net,6988649767,2025-12-15 03:42:35
ba7b7519-112a-4526-9425-2e171d4baf8e,Omaja Gaba,yashasvidatta@example.com,7288137702,2026-04-03 09:20:34
b4bebe69-5012-4ad5-ac23-7ec8ca0ed026,Jagat Rege,darakala@example.net,00821545447,2025-09-09 03:36:29
5fcab80e-97b1-4e13-bdb3-45d17a7059e6,Lucky Sama,modybhanumati@example.org,+917018510679,2025-12-27 13:28:01
4c94b88f-0ce4-4cc6-afd3-5a00f78b5813,Geetika Purohit,wdeo@example.org,7772519966,2025-11-27 16:53:50
a6351453-df00-4da7-8e07-b022c38f04f7,Harinakshi Zachariah,savantarunima@example.net,+912094818139,2026-03-27 17:05:54
9067bdbf-0b3f-492d-8898-e19478bc4849,Ranbir Soni,darapranit@example.org,03397189569,2025-09-27 16:40:47
981f5318-9bf8-48f9-ba8a-49a955815f27,Arin Oak,agole@example.org,5641118242,2025-11-08 05:26:03
82facbc9-0d7c-4b31-908c-f4340f9aa751,Gaurav Dube,nikita20@example.net,02004615265,2025-12-07 10:57:29
cabf03da-3eb9-4352-98d1-ac898ecd38d5,Jai Ben,wriddhishkhalsa@example.com,8614057861,2026-03-05 07:38:31
3b505199-dfc5-463a-8e17-e35dd7805f17,Nikita Kaur,luthraharrison@example.org,2496718325,2026-03-27 04:05:59
64681d6f-6440-4165-bd0e-4389ed7ce8ae,Yatan Yogi,cseth@example.org,09420074946,2026-01-12 18:17:19
6b902ad3-743c-4f4f-ac11-e7de0c1bc039,Yashvi Manda,edwinekaraj@example.com,+916128463985,2026-05-27 00:40:57
d8ff9d59-fb0d-4021-b989-c706840aeb09,Advika Sethi,yatan55@example.org,09502097002,2026-02-05 17:47:41
4cf79573-bc36-47f3-8dcc-8bc53938c078,Maya Yohannan,brahmbhattazaan@example.net,01569562017,2026-01-20 03:57:58
a4b3d864-3c70-4e54-9405-936b8065ba3b,Sai Andra,anmolmand@example.net,5319433750,2025-12-16 07:40:31
7ea701f7-59f4-4fea-8a5a-28f62af30401,Shaurya Amble,meghanachoudhry@example.com,8728399921,2026-04-14 16:55:39
b535c462-3f0c-4358-9928-20f77756723b,Dhruv Datta,vedant84@example.org,0894870605,2026-02-13 06:28:39
1913e74b-ebc9-4ae7-b9d8-a00c292d1870,Anusha Dara,xtandon@example.net,+913046875063,2026-01-06 06:31:14
74033fd0-9fea-4732-aef1-2ebc11bb627c,Aryan Kara,pborde@example.org,+915411076095,2026-07-21 16:56:05
b0e273e6-88e8-4dea-87e3-a75fb8c6656e,Yug Chokshi,vkhare@example.org,08319971791,2025-10-01 12:04:39
be850d80-e8dc-41fe-9234-0211dd683a56,Bahadurjit Purohit,dhruv20@example.com,+914961108046,2025-11-30 18:00:31
09f8f503-e7b8-4469-ba26-eb34ee83f186,Nirja Kaul,settyleena@example.com,09915078593,2025-10-10 05:31:50
f76abb6a-1487-4558-8420-4cda4a59673f,Advik Bir,jonathanupadhyay@example.com,06797232002,2025-12-28 07:46:55
fd65e2a1-d5f8-46d4-8f46-c79862cd1f7a,Yochana Parmar,madhav27@example.com,5450892038,2026-07-13 10:10:57
34148748-d80d-4a99-b1aa-f7355ff5ee6b,Pahal Padmanabhan,saijaggi@example.org,03779599594,2026-02-07 21:21:33
afc709f9-fd5f-469a-bbbf-f68b000376f2,Nicholas Cheema,fbasak@example.org,+913379337563,2026-01-31 18:01:11
80f5d92e-99c9-401b-ac2b-c4aa635be30e,Abeer Patil,borahishita@example.org,1247395003,2025-11-14 02:41:56
9840321f-b94a-4eab-a86e-f6ae3c1bde64,Owen Kanda,owen58@example.org,+913024102615,2026-08-27 20:03:08
805f0291-a01f-4ba4-9618-80d161ccabea,Dalaja Shan,kalapradhan@example.net,+918961122338,2026-01-23 03:52:27
b864fa7f-47b7-4e33-ad7d-84af9e4591a0,Eesha Sanghvi,chakradhargulati@example.net,02530428973,2026-06-07 17:45:00
337c27b4-0970-49c3-9f5e-320189666ebf,Upma Bhattacharyya,yashodarama@example.net,5787255877,2026-03-01 06:34:56
9c4d8a81-a113-4001-a9dd-26ba9495d626,Nandini Bansal,theodorejain@example.com,+916346692548,2025-10-01 04:50:48
6a7c5fdd-2dff-48a1-b119-ce1e92f51b36,Frado Merchant,wvenkataraman@example.org,0789567766,2026-01-19 00:17:45
e85c424b-9740-48f8-ba5b-67dc346f68bd,Edhitha Mahajan,lbakshi@example.com,+914151488814,2026-08-24 03:25:46
80ddfe99-b01b-4264-b12a-33488510b4c1,Guneet Dani,parsabalvan@example.net,+915354443928,2026-08-18 14:51:28
2e126332-1062-4cd5-a40d-6fdfef555efd,Abhiram Mistry,hiral66@example.net,0782633373,2026-03-17 14:40:37
8938beee-f56b-4d85-a7c6-1dde50e67a88,Triya Oak,munshiraghav@example.com,6377805292,2025-12-25 22:58:23
bd4fc88b-4984-46da-b361-318df4c77302,Xalak Pant,umang66@example.net,08459090225,2026-04-06 22:45:33
b1b07144-7eb7-445a-b829-cb6f76c59115,Lakshmi Jayaraman,ibhatt@example.com,+917159741218,2025-11-06 06:31:29
e99ca1a0-1eb7-4293-90b3-3de1747fe35c,Vrinda Bala,rushilboase@example.com,03348170580,2025-11-04 00:22:05
c78f7eb4-2145-4c61-a563-768cfef36664,Nirja Raman,indrajitdayal@example.net,07163234672,2026-04-20 17:48:58
23461e01-f9f0-476a-be5b-50273e8e9a33,Samaksh Thakkar,mmajumdar@example.org,+917169385977,2026-02-24 23:28:14
e4ec85f9-3ff6-4da5-adb2-e269ae522469,Gavin Mani,spalan@example.net,06926329676,2026-08-18 00:24:58
33fa1158-0757-4da3-9aad-1516499a6a22,Girish Ramaswamy,khatrinakul@example.com,8413768151,2026-06-18 15:38:43
21ec9104-03b9-4e95-a5d5-7f0eb2ada3a9,Yamini Nanda,kseshadri@example.com,+918070176563,2026-01-30 08:06:32
967970d5-64b3-4878-9b11-2793ec41577d,Advaith Krishna,deshpandeeta@example.net,7771183727,2026-07-13 21:46:02
0e80623a-0758-4d60-894a-477e6657e68c,Neel Garde,chaudhrypeter@example.com,+918621042752,2025-11-21 10:22:11
cb5b6610-1540-465d-9b5b-a6bf97b1be5a,Tarak Sathe,virkharshil@example.com,4709006335,2026-08-17 05:03:35
d713a0ad-7179-4adf-83ed-0117aa682418,Ryan Chand,samaayaan@example.org,03131220681,2026-07-12 01:00:22
a1b64e1c-4ecf-491a-b222-949dc75165d2,Ekantika Gupta,meghasangha@example.org,+913155206506,2025-11-19 21:58:38
23a008cf-c157-425f-83c8-0e0b850bbc0f,Thomas Bhatti,jyoti01@example.org,04971892419,2026-01-02 06:02:14
a17c76f4-59f4-454c-bf9a-944102903b6c,Kiaan Natarajan,eeshasubramaniam@example.org,00997683890,2025-11-27 14:52:50
80ff3337-f9c5-4ae1-ba8e-9198fcdf5be6,Jeet More,priyakohli@example.net,+910257432630,2025-11-29 17:45:12
67c271f4-881e-4c32-8f61-faa72f6a63d3,Falguni Desai,eesha08@example.com,4035533803,2026-07-06 12:54:31
8023628b-7519-4e98-af8c-4a000bc7bb20,Lakshmi Verma,qadim70@example.org,01302321298,2026-07-18 02:22:35
dcaf550e-bcb2-4762-a1b8-aaac16945264,Warinder Tripathi,sandhuunni@example.com,+913362934497,2026-05-03 03:05:34
73939aab-0be6-4931-ab83-7693ca6686dc,Anita Srivastava,parsamitali@example.com,+917768962706,2026-02-11 06:28:04
14586d7e-a901-4814-b8f3-fe6bf20b779b,Charita Yogi,parthkurian@example.com,04746897152,2026-06-02 21:50:45
a088684a-1fc7-4c91-977f-ac12b2d24f79,Rohan Dubey,aayusharya@example.net,5766656749,2026-07-15 13:24:32
51ac192b-05bb-49fd-993e-6feefa164ca7,Balvan Dash,mgaba@example.com,05875066337,2025-09-11 16:28:12
9563bf52-86d7-4503-8006-bc3e959b783f,Ayaan Divan,tamanna24@example.org,9201166918,2026-08-17 16:10:37
7f66433c-63d7-4b0a-bdca-51fd83f6f7a0,Pallavi Gandhi,skrishnan@example.com,8694611952,2025-12-11 18:17:49
3a582c6b-007e-4704-9c03-a004f80a0643,Mitali Morar,gangulyvyanjana@example.org,+911686462252,2026-05-29 17:01:54
fd98c9f3-7415-400c-a0bb-73407438c709,Rudra Sur,yadavichoudhary@example.com,3230234679,2025-10-10 16:36:42
3b367e2d-032e-411f-bbc3-50e819e69122,Fariq Memon,purohitjeet@example.com,+915093771004,2026-06-17 06:06:29
3f47b57a-e76f-4d27-8a38-0f5aa9f0fad9,Benjamin Chatterjee,abhimanyuprashad@example.net,4775965555,2026-07-12 12:24:14
601e6202-06b1-406d-a272-eea779c32ce6,Jalsa Rastogi,wbhandari@example.com,+910762091843,2026-01-19 08:51:06
355c428d-fab2-4f75-aa04-ff7dfc8fe525,Vaishnavi Varma,aguha@example.net,00505739769,2026-07-03 15:05:00
99c26598-4b22-445c-8a60-8ef43db92640,Ijaya Sangha,uchaudhry@example.com,09328980271,2025-12-24 07:36:22
c36b7498-7a27-4d5b-8672-c695adee6c9a,Om Sehgal,subramaniamwridesh@example.org,+912116025643,2026-06-04 14:01:59
3804a57c-2def-4b8b-91a2-0a9b3b0c8f6e,Vamakshi Dasgupta,vyanjanachana@example.net,03991566863,2025-11-24 02:28:52
9f6eeab9-d884-4310-a986-51788a8a438c,Jack Mannan,choudhurygaurav@example.com,9319525690,2025-12-27 23:41:32
a0761c18-830d-4a41-9616-212b6f64ef00,Ranveer Rama,xnagarajan@example.com,2899316087,2025-12-29 23:28:56
c012fa2c-a116-4cd3-8269-f816e1204af7,Chaman Kanda,jshah@example.net,02095481497,2026-05-01 08:54:03
9ed3241d-1ed3-4c5f-92ae-e0a4eb443e72,Warda Manne,zbhargava@example.com,+913302764208,2026-01-28 15:12:10
5db31e41-47fd-43df-9914-cb0a3016fdb2,Pahal Solanki,mahika61@example.net,4438612590,2026-07-25 07:38:13
999ed66b-9361-42fe-8288-6979bf228956,Tanvi Gade,riyasubramanian@example.com,+913330591266,2026-05-20 03:43:30
aba91372-ddf0-4464-8501-98516e19feed,Daksh Char,urvi20@example.org,5962630136,2026-03-07 01:09:35
98755831-2dca-473d-8bca-593091daba97,Orinder Prashad,shethlavanya@example.com,7501111783,2025-09-07 05:27:40
2a43e566-3c8c-4344-aad5-f3d673309275,Anusha Chandra,leenasule@example.net,6492151826,2026-07-10 23:18:52
7b3cf236-8cd9-40df-898d-e7f1f7d08716,Meera Yadav,hbhatt@example.net,1312920875,2025-10-16 01:42:06
b6e25d97-9888-4e5d-bb46-8154afdcef23,Kabir Jhaveri,gagankunda@example.org,+911845826034,2025-12-27 08:54:36
2ea3e6a0-0b1f-4fdd-87e8-105bf6eb56c1,Sai Dey,hmunshi@example.com,8831030324,2026-07-27 18:07:42
27199eda-933a-46ef-bc6f-d0e4ae37ac8b,Krish Kalita,arunima29@example.com,+918446267146,2026-08-29 10:07:45
cbdaacb3-053b-4c83-93d3-c9397cc3eab4,Samar Bobal,reyansh59@example.net,8926256609,2025-12-03 09:40:55
974386f9-9559-4d91-9d66-1ff78576e563,Anamika Dash,raydominic@example.com,1554234016,2025-11-23 14:07:43
848dbebe-8606-488f-89f8-c46a9c0fbc55,Henry Dasgupta,daminisuri@example.org,5948491025,2026-06-17 06:47:59
af6f0d67-348c-486b-9f04-b80092361074,Pratyush Pai,lsood@example.org,00822269405,2026-05-31 01:14:12
21f4631c-ddeb-4811-a09f-111644f43cf7,Omya Shankar,revapandya@example.com,4468341465,2026-07-23 13:05:47
206e74f5-95ce-43a0-8d48-82544084ae81,Fariq Bose,girikgandhi@example.net,+911487068277,2026-03-17 07:05:28
29d07634-1e53-4c6e-ac64-16d8d2cc779f,Nidra Atwal,abhimanyusandal@example.net,5389097283,2025-11-05 04:13:22
9a017597-4ad2-4553-bc08-92a2971956df,Jeevika Deol,charan67@example.com,+915153814474,2025-12-10 02:29:33
e78c9aeb-db34-45d6-8f30-c32ebf8f6615,Aarnav Ramesh,dalajavarma@example.org,09705097545,2025-10-09 21:40:40
c52c2b02-fc86-45e8-bc05-97a70d3be2d0,Inaya Grewal,apant@example.org,07318826170,2025-10-28 17:25:00
2dfa4883-d54b-440f-bf1d-8a8976642368,Upkaar Singhal,tprasad@example.com,02841772256,2025-08-31 12:59:29
95b82932-1d34-4873-801b-7e8e667843fb,Rushil Choudhry,bhavanibaria@example.org,06502374167,2026-03-30 22:21:38
fc9fd109-bc85-411a-92dc-1dae3f37f619,Joshua Nair,uthaker@example.net,02110225803,2025-09-18 11:52:58
6a17086e-1d94-43ab-8018-b2fa12bde140,Pushti Anand,ssrinivasan@example.com,01639282341,2026-07-30 21:27:17
48ab63b7-8218-4a2d-a58e-6757e618a36f,Yug Sanghvi,urvichauhan@example.net,8923923126,2025-09-13 04:26:14
3e264f38-8b8d-45b7-824c-fee8884c9bdb,Rehaan Dhingra,nbadami@example.org,+910668433567,2025-09-22 02:39:26
db532e0f-1ee5-4810-82b9-db5e42e788b6,Charan Modi,luthrajanuja@example.com,06350200053,2025-12-18 02:10:59
4565e1ea-c4cc-45b2-93d2-839e4849d3e1,Ati Chaudhuri,qgoyal@example.com,05411082555,2026-06-13 19:27:52
50e5fcaf-99a1-4e17-89a5-9fdf78773a7e,Wazir Majumdar,leenachahal@example.org,+919109337118,2025-12-14 14:42:35
32f06059-9ffc-450c-9de5-8cefe2ca0774,Charvi Som,miteshbassi@example.org,+916848557161,2026-03-04 19:03:02
1c102dda-4a52-4da0-8836-d6c30baa78b7,Yahvi Bains,anushadayal@example.com,+919036788127,2026-06-16 20:07:35
ab1c530f-877b-4a1c-96c7-153c67dade5b,Madhavi Rattan,samuel20@example.org,3908788443,2025-12-22 09:08:46
5a3dfbb9-84d0-4ce0-9a4a-76a8f57db3e6,Jagat Garg,chakradevwalla@example.org,00242403381,2025-08-29 19:53:05
49cd7077-3513-4fb2-beba-97be00f99a3d,Jyoti Nair,lallakiaan@example.com,4500534240,2026-03-25 23:39:43
cbc88fe3-928d-4a06-a5b0-5ee9200abbe9,Lavanya Kurian,riyakannan@example.com,03962736527,2026-05-09 14:28:07
fc801285-7610-49a4-8924-37a330ea015d,Pratyush Sharaf,patrickgulati@example.net,02404226931,2025-10-24 00:33:42
d4c7abd2-f557-45a3-a53c-a57002fe8a5a,Pooja Korpal,grau@example.net,2091660100,2025-10-19 14:50:03
6b679b57-addf-4679-86f9-7728fcdf093d,Fiyaz Loyal,agastyaandra@example.org,5132797245,2026-03-03 06:35:09
e399f825-4e85-4e0e-a2fe-e22c239dd431,Yagnesh Bhalla,jatin00@example.org,4186203036,2026-01-25 22:52:00
3d5e9463-100c-4a13-9d79-8983820f2912,Ira Mangat,leenachowdhury@example.com,+911314519515,2026-08-22 20:47:55
981279dc-8998-4a2c-b638-ec382cc68139,Caleb Dora,priyawali@example.com,2624945147,2026-05-13 06:37:22
906edebf-ec40-458f-b024-f7bb4159f7f8,Alka Bose,dixitmanan@example.com,+916771196421,2026-01-01 17:54:44
672f0e77-9f42-4fc2-a9ee-2cf099d081f5,Qabil Rajan,eiravati76@example.com,6952366878,2026-03-24 13:56:21
8d02dc5d-59ec-444a-8c89-17ed9db2d1e9,Victor Rajagopalan,samatheodore@example.net,+913503058721,2025-09-21 10:08:16
392e8310-a6bc-4f30-af45-7cfd40100a72,Jalsa Dewan,triveni28@example.com,+913302126065,2025-09-19 06:55:46
cfacfe82-e740-4cdd-8836-035ba83bfd02,Ethan Sood,ayushmandin@example.com,+911310962272,2026-06-15 19:42:00
482712eb-8263-4544-bccf-14759d66236e,Upma Sabharwal,sachi04@example.org,+910092820667,2026-04-01 11:56:38
1d0ff782-0e45-4ef2-9b9d-f4a8428c39a6,Yachana Mohan,pallavidugar@example.com,+918623690362,2026-07-14 17:08:17
f81a098a-72d3-4b92-a37c-208514a9434b,Upadhriti Sood,nidhi62@example.org,06341115950,2025-11-30 07:25:01
8ad767b0-9ba0-4b0d-a6fb-d52dffe3fc2a,Nicholas Chhabra,kakaradvay@example.com,+918303419909,2026-07-02 04:16:25
47ed814e-c5b3-486b-bf38-d3406012b89a,Chakradev Bava,girik40@example.com,06835652156,2026-08-12 10:55:34
7ae3bf0b-2a12-434f-91f7-340673ca549b,Yadavi Doctor,rajavansha@example.net,+914227113322,2026-03-12 02:16:22
8ba49967-88cf-4385-85f7-2ab8a595487e,Sara Deep,bina59@example.com,+916339912971,2026-07-16 06:02:06
2230a077-f7f7-42c4-8205-9790d84178cb,Luke More,taragirindra@example.com,02421495511,2025-11-06 20:58:23
ef147ccb-dec1-4ca3-bfbb-dd41d5145305,Aarna Solanki,riya21@example.net,00546692758,2026-07-23 09:16:31
0b69b624-254b-4c2d-9281-fa11787fce52,Kashvi Chacko,ctoor@example.com,0903802146,2025-10-29 17:25:16
ffa5acdb-575a-4f01-bad2-c4e9f8461f5c,Elijah Kapoor,qshere@example.org,07787112166,2025-11-14 18:02:27
92049b25-0c45-4567-ae51-51d69a188858,Falguni Bhattacharyya,hema97@example.org,7147082723,2025-12-31 15:11:31
058eb19c-8004-4b6f-b16d-91f38c898b78,Lajita Bhatia,qushi73@example.org,+910644212146,2025-09-30 00:25:13
d79a0086-f8cc-4e18-841e-4380298ed543,Siya Saini,aashigour@example.org,+916542356778,2026-05-23 19:12:06
b06f4a82-6243-4e07-9de4-f8b0554a7291,Rajeshri Pant,janne@example.net,+911992550272,2026-03-11 06:00:26
763a96d3-3469-4845-b14b-18ce7553e8a0,Ishaan Ray,aarush72@example.net,09103368296,2025-11-21 05:22:54
19a78c0c-6ea3-4279-b685-4b1d97043364,Shaurya Halder,prabhakarjanuja@example.org,04817766558,2026-02-10 16:02:18
0766bd14-8f64-4c54-a800-25e5bac6c394,Ishaan Goda,xsangha@example.org,9286646491,2025-10-02 07:30:56
2a3ef2b0-e4dd-4289-b4a2-4c19193ac483,Gaurav Babu,fchawla@example.net,8178904633,2026-06-26 23:53:06
00eda9a9-1a1e-4b06-934f-946523466b04,Lakshmi Contractor,upasnadash@example.com,06605384444,2026-06-10 04:17:36
dc5c6c0b-8cbe-460e-894a-5cd5c0996899,Wyatt Agrawal,abali@example.org,+915895529638,2026-01-28 06:35:53
de76e0cc-c96d-4a20-8c11-0411362ae5fa,Maya Behl,odave@example.com,2658263128,2025-10-14 06:09:00
fde6eff2-33b9-4125-9710-d7dd43a85bf0,Abha Dutt,samar11@example.org,00920981960,2026-06-13 13:56:35
07b4b1d6-406f-405d-8aeb-c2c93f4495e6,Sudiksha Parmar,wriddhishkapadia@example.com,+918364041209,2026-07-31 23:17:38
d8e5790f-574f-4142-82f0-a6168dad5aa6,Indrajit Sharaf,chhabralucky@example.com,02117536170,2025-12-27 13:54:36
7c98195e-a06d-47e6-bfe1-a7c1af215b17,Vidhi Bose,oniprashad@example.com,7224029901,2026-01-09 10:03:40
9b6d98ce-3096-4670-bef4-665dddc5ef22,Veda Ahluwalia,aachaldara@example.org,0808823513,2025-09-09 17:46:26
3caabf85-b619-4e1b-bf1c-83e298bb0617,Lakshit Kannan,dateamrita@example.com,03158477686,2026-08-22 11:44:37
7d8d3b15-cdb4-4180-a78a-60495ea09cc7,Zashil Ghose,avniramaswamy@example.org,9423767694,2026-07-12 03:30:10
d991c80c-c79c-40c3-9062-6aa08b9719e1,Hritik Rajagopal,kiyengar@example.com,01720849649,2026-07-16 08:06:44
5733d35e-4bd6-411c-92bd-ab1e2105087b,Mitali Balan,goleekantika@example.com,+915313552510,2025-12-31 00:18:08
b63c0dac-bc55-47e7-83d0-f13061b018bc,Falguni Kala,onagy@example.net,+916493831849,2026-08-07 08:20:58
4e76c786-99b7-4547-ae54-9c42b3d1014b,Oviya Saran,ekaja33@example.org,07046117295,2026-04-15 20:57:01
dfd7d204-f1ee-4544-b77a-87c6f46cb1e0,Warjas Bail,andrew90@example.com,02608805017,2025-10-05 05:25:02
e63d8fe6-08ae-433e-8c5f-9c5a0c152adb,Charvi Maharaj,hiral61@example.net,07906477159,2026-07-02 08:01:40
d3a09b51-7c86-41f6-8d5d-5fa1308fdcbe,Udarsh Batta,dewanhenry@example.com,6321358004,2026-08-07 07:58:09
b567dd79-932c-47eb-b06d-ec58a4505913,Indrajit Bava,falan45@example.net,6422971252,2026-06-17 17:37:46
85bf5655-5e67-47ba-a754-4dd7e0c8e83e,Sanya Das,vanyasuri@example.com,07314415833,2025-11-30 18:00:31
e3f88c69-dc31-4e25-bf39-7dbeeb678f7d,Falan Talwar,kalaagastya@example.net,+917637153988,2026-07-28 16:15:09
61adf808-ed48-48a1-ba40-9758fef0f9c3,Devika Setty,yaminicherian@example.org,+915679836314,2026-02-09 14:21:29
6291f9eb-4802-4187-8942-67474738a845,Damyanti Chaudry,triyachhabra@example.net,+913072407875,2026-03-03 08:03:59
20900cd1-2d44-4132-b0f0-606d42ce497c,Frado Pandya,jkala@example.com,6850745106,2026-06-09 13:35:09
d4fe15c1-ed40-4a9c-ace6-6ca612bcdb2f,Rishi Menon,nehagoda@example.net,08978610313,2025-10-13 00:27:55
be0dea8a-1f92-4f26-80ca-4fdc8844df73,Balendra Lata,dominicwali@example.org,03966613473,2025-11-03 16:56:35
3abc9e6b-b09c-419c-9b53-2fb58cb5bb8d,Idika Mani,aarush12@example.net,9743251225,2026-08-13 18:13:31
39ca7d32-4cd8-440a-860c-f7411cb4a134,Lucky Arya,vsangha@example.org,+914120957907,2026-08-03 09:49:23
4878e72d-fcc8-4828-8ec2-1687f3b4a272,Urmi Choudhary,badalbina@example.org,8221145775,2026-03-29 05:16:10
f7c015f5-23fa-45e9-a7b9-9b5c21d51b21,Vidhi Kulkarni,tara05@example.com,5897148026,2026-07-27 19:48:34
7a91e111-aca2-4d0f-b6b7-09418a32ef43,Lucky Parikh,pbalasubramanian@example.net,6531361487,2026-08-04 12:36:48
c50a5cd6-b174-4c27-8f12-e1660e14d2a7,Alka Palla,mahika96@example.com,03098591679,2026-07-03 01:42:36
e70f790d-e538-4db0-abdc-657a195009c9,Bhavya Choudhary,taramanan@example.com,2849824741,2026-07-05 21:22:24
dcb0c27e-e522-4bdf-81c6-c09b4084f6ea,Alexander Setty,kallabarkha@example.net,+910740650042,2026-01-12 07:06:24
cad20502-7f1a-4d23-ab03-403f24682c56,Yadavi Dubey,madanluke@example.net,+916914307536,2026-02-09 09:24:42
d90b4387-9bc8-4753-b6d1-b121efdf0acf,Guneet Lal,deepa29@example.com,5923426834,2025-12-25 17:36:21
a1d1a596-75e4-4fa6-9b52-d83c7eb1771e,Chameli Shenoy,keyasarkar@example.org,+918758575676,2026-02-04 14:43:26
108d154b-f5c5-4a33-9ec3-e891457476ae,Ayaan Bala,wchakrabarti@example.org,4398529894,2025-09-19 01:49:41
23dcd74f-9837-486e-b301-97f2fcc78000,Jeremiah Rau,sherezarna@example.com,+911041591497,2026-05-24 11:37:43
dac96e48-b499-456b-8324-11830d7922da,Darsh Dara,jayaramanzaitra@example.org,7232440793,2025-10-12 20:00:01
d5b84101-00b8-4b76-a25a-9e727f4e3470,Aadi Dua,venkateshgunbir@example.org,+911708760146,2026-03-05 03:25:44
427fd3b4-cba1-4178-a40f-5429236f3594,Wahab Lad,bdasgupta@example.org,0223288377,2025-12-19 22:10:10
b505b23f-994b-4ca5-a346-4f868044a10c,Harish Tailor,anvi66@example.net,+917662047196,2025-09-02 13:32:48
15048401-a646-421a-81f7-4766ae54baca,Bahadurjit Saxena,pantliam@example.com,7402588358,2026-01-27 23:43:08
98441299-6ea5-4d27-8100-81fccb420f6d,Owen Doshi,harinakshi72@example.com,4617679298,2026-06-26 10:04:10
d8ee2ef4-002b-40f6-9597-33d6f4e9f27a,Kai Naik,netra10@example.org,2311775331,2026-08-13 17:31:37
dc67339e-59b6-4c94-a68e-9b737ff720c1,Leena Salvi,bhatiazashil@example.org,+911759025176,2025-10-20 00:30:19
73bcee85-d4ce-4045-89b0-3234ccca5081,Rohan Krishnan,rsarma@example.com,+913268319013,2025-09-11 04:38:53
b7a3b824-639e-4794-beef-30ac25f2dbe0,Abdul Parsa,vbora@example.org,8733978559,2026-08-13 17:10:04
84786df9-8fdf-492e-ae25-6c81f7e30411,Ekalinga Sarna,epuri@example.net,+912841173098,2026-01-04 19:13:56
452d30fe-bea7-431f-a109-275bc5e37e7f,Udarsh Mann,madhavi51@example.org,01893898469,2025-09-20 06:50:09
08dbbea8-6012-45f3-b301-d21310a02ec3,Urishilla Lall,balihamsini@example.com,03502385037,2025-09-26 14:25:28
49fda4e5-ec26-4d2f-8e6e-81765462451e,Hiral Bobal,jbuch@example.com,+914010783567,2025-12-25 02:54:01
b8cb626c-78c1-4e88-a6dd-012fac5591fe,Ansh Bhakta,hayreladli@example.net,0870662668,2025-10-21 18:56:59
535ce1ba-f083-4e16-b151-a016bbc8c011,Raksha Dalal,indira35@example.com,+913319036890,2026-07-06 15:50:50
1ada2dc2-666f-417b-8dd5-9fca1ae10896,Zaid Bhandari,bhandarijonathan@example.com,+914055934296,2026-03-03 04:39:23
c0a65726-93c8-4fcc-a2b0-562d39afd2b8,Faraj Bose,samesh75@example.org,04584384588,2025-10-08 19:42:41
04dc8e2f-b8f6-4e55-8943-644908ab08b7,Hiral Roy,fmammen@example.org,+918348315203,2026-05-27 11:51:18
304c6a15-1b06-4057-9c97-cfe554475258,Sudiksha Comar,tarabahadurjit@example.com,09641049670,2026-07-30 08:27:42
bc0d2cb6-c467-4204-bbda-18e1ccabda79,Leena Sawhney,kapursamesh@example.com,+916804085095,2026-05-08 14:28:07
ab6c2b28-533c-4d4e-8563-849187bca06b,Tarak Bala,radha60@example.org,6487699842,2026-01-24 08:43:35
134b6a63-63cd-4735-8028-55d86186e51a,Wazir Deo,mandanusha@example.org,+918459609454,2026-05-12 07:18:17
a6203ea2-057b-4468-a61f-d5faa6c645b6,Advik Dash,ekani42@example.com,00707057836,2025-09-21 00:53:11
f90996cc-7567-4954-aa7c-b8f66f679323,Aradhana Murthy,sastrypranit@example.com,04723229031,2026-05-10 12:09:30
2a074443-5222-4c6f-8647-ff6164cb9df7,Qarin Toor,cnadig@example.net,3044058093,2026-01-12 02:33:10
6d0cc802-7f3b-4822-be05-b94b00fe02ab,Faras Tripathi,gchowdhury@example.org,+913595616420,2026-01-03 02:24:53
d5cd336d-2a8a-4e2a-a8b1-eacac794b4b1,Gautami Reddy,upma49@example.org,+915042901935,2026-03-15 15:48:05
3b0a76a1-2379-42d0-8e04-9da169a6676b,Tanveer Radhakrishnan,doctorlakshmi@example.net,+911398986818,2026-07-05 06:39:04
bd815063-3447-47af-9b67-e34821c924e8,Urmi Vohra,rnadig@example.org,4353537513,2026-02-18 02:36:24
ebc43a7a-127e-4395-b015-baf8e4837c68,Janaki Buch,yashasvi15@example.net,09376392836,2026-05-18 01:57:05
b3b31788-bf1a-4b5b-a504-c10d756f9ab3,Abha Mangat,dipta11@example.com,08297327021,2026-02-07 20:42:35
85677369-dc7f-4842-8933-cfaaad66af42,Upma Chaudhuri,bahadurjitsankar@example.org,2128866526,2026-05-27 05:40:57
a5b41919-e185-48a6-99b5-ddd6a8885491,Chaaya Dani,gayathri99@example.net,+910157676472,2026-06-10 03:01:18
b60647dc-a9aa-4f61-9765-8852b0889448,Yashodhara Chacko,abhimanyupingle@example.net,7657289413,2025-12-22 18:19:32
d626dd74-7579-45a5-a90f-e53165156dd6,Harita Bava,umangal@example.com,02203684995,2025-10-06 21:55:54
003d1085-5655-494f-95c7-47b7733d3fcd,Bhavani Gandhi,manianusha@example.com,03244913421,2025-11-17 14:45:14
d98fca4f-666a-4337-bbc7-1d0e88c7f003,Ayaan Baral,abeersuresh@example.org,03496782741,2026-06-03 10:46:43
19ed8dfb-fa17-4106-908f-d043deead130,Sai Sankaran,flall@example.org,01513152854,2026-02-21 09:25:39
52cb29c4-87f9-48c2-9384-0fada1a2a8d8,Divya Barad,tchaudhry@example.net,03800329633,2025-09-27 18:40:47
2c88e416-8137-4505-bfea-e301cceef418,Max Sundaram,watikamandal@example.org,+911830617893,2026-06-01 00:25:39
3d9acff3-f962-4185-a5fe-88bea3aa3b28,Balvan Sahota,lajita93@example.net,07824347769,2026-01-14 23:30:33
2f40261d-bde3-490e-9897-90d479f6717d,Chakrika Char,isaiahmani@example.com,05361275156,2026-05-30 00:13:25
cd45423f-7ca9-4696-9f8a-c7a1ce91d0b3,Veda Suresh,bkeer@example.com,08360854566,2026-07-09 11:32:51
e6cf7d0f-111e-40d1-8ff8-3cde7c5b116d,Pavani Rastogi,chatura47@example.net,+915047639283,2026-06-28 00:47:15
c83d59a8-e5b3-4fc0-8e8e-7f0d201da129,Forum Dayal,bailladli@example.org,5581083583,2025-10-29 06:06:58
70e6def2-ede5-4ba5-bd1e-049a0d7b1a47,Veer Mannan,kashvinarula@example.com,+918300081867,2025-09-14 16:57:45
c28c3414-00b5-468f-bb04-de15c857f956,Barkha Mitra,karpeyug@example.org,01662411186,2025-09-06 02:41:13
7646d9fd-b65b-4736-85c3-feb7f585122a,Max Chandran,mhari@example.com,06804473149,2026-02-28 08:36:22
b4873ac4-153a-458c-a900-1ebd51786a92,Bishakha Sanghvi,kapadianiharika@example.net,07488360765,2026-06-21 11:43:09
b41f8401-84a9-4b5c-879f-4dd9689891bd,Sneha Kapur,ranganathanvincent@example.com,07914521182,2025-11-17 22:34:16
5c198c08-f424-488b-bf6a-47e91e1e18d6,Zaid Chacko,nehasolanki@example.net,9307464520,2026-01-01 02:54:07
33bf4b6c-159e-4989-a8be-e9972e764931,Abdul Loyal,vrindatata@example.com,3577881161,2026-01-22 04:29:03
52d76379-65fa-453a-944a-7f03dfc5f183,Agastya Edwin,ganesanrudra@example.com,+910672872866,2025-09-01 21:07:55
c166752b-6622-405d-8b0c-1459ebb2ac6d,Jacob Saran,anika85@example.net,09224839589,2025-12-04 20:33:25
3f94a649-af71-46c1-af57-50f85b246dbe,Turvi Kade,krishna28@example.net,00562271043,2025-11-14 16:08:43
7dd0304a-e15b-476d-a3cb-ebbebde83ddc,Tara Narayanan,bhatupadhriti@example.net,+911583503446,2026-04-13 06:28:35
432b54d9-b0f7-4515-957c-4478658cc66a,Jhalak Rau,samaksh19@example.org,+913424912896,2026-07-02 10:01:40
a46712db-7612-41a5-8cb8-6f098186c1f0,Urvashi Kadakia,aarnavkata@example.org,+919222705102,2026-03-16 00:16:30
3bd192f3-b21f-4037-8e20-654b994b4a48,Pavani Sodhi,chasmum81@example.org,6667548581,2026-08-07 07:39:17
8c66d22c-bb7e-4507-8904-dfd62c4402ed,Ojas Mall,rajeshrisathe@example.com,4186520575,2026-06-08 04:52:09
d2877e02-5369-4694-9cd0-93b32bad6ab3,Tanay Halder,lprasad@example.net,+913758309451,2026-08-18 02:21:06
44175331-bc71-4a5c-9573-a5e2f968b157,Zehaan Thakkar,mahajanbahadurjit@example.net,07604409079,2026-05-01 19:44:27
59bb6ced-fb32-4023-8873-eab34793cad6,Vritti Ghose,cchawla@example.com,+919222161070,2025-12-29 07:44:00
f780f3c6-d378-41e8-9a87-71083edc4866,Arunima Hari,natarajanedhitha@example.net,+919580660138,2025-10-25 13:45:57
3b3b8626-c15a-4000-86f7-854a155e65ee,Fiyaz Gera,rbasu@example.net,+918620448515,2026-02-01 23:04:30
a3b081e7-b8ac-4207-91a6-990b733b2c39,Ubika Chakrabarti,chanaqabil@example.net,+912590203571,2026-08-04 22:55:04
220b8aca-ced3-4ffc-abe8-746cff447c83,Darika Halder,dayitabera@example.com,4242956334,2026-08-07 10:17:32
493f2b4b-26ba-41cc-871b-3f44d33ec2d1,Peter Merchant,ria41@example.com,09558720962,2026-03-26 04:52:56
0a8b7d9f-8ab3-4bf5-be70-c8384895d39e,Radha Palan,sarthak58@example.net,4183437401,2026-03-18 01:54:12
f3a44dd1-343b-4b67-990e-3a83e41b87c3,Vaishnavi Dey,xnaidu@example.net,09051502675,2026-01-07 00:50:43
ea45b8df-999b-4229-a695-049d5eafca38,Rachit Parmar,nicholas78@example.org,+917979966734,2026-07-16 05:32:06
aa70e77d-7b8f-42f4-b7ab-677e41cc0761,Geetika Subramanian,cmital@example.org,1664969028,2025-11-01 21:39:16
9fb86c01-2741-4213-be05-af85678bc4a7,Rushil Dewan,gauribhagat@example.org,02576270232,2025-12-24 06:59:28
96db7d77-01fd-4170-b081-cc6076dd4c42,Faris Goyal,samarsarkar@example.org,3285072517,2026-03-30 19:36:53
b74606ea-2283-48fb-aeb8-e7e00aebefa4,Simon Sodhi,tsheth@example.org,+916252654696,2026-03-24 17:09:02
e4cd842d-c3b1-4051-8813-3c883da0e022,Idika Suresh,kapadiapranav@example.org,05580996132,2026-03-11 10:42:18
af5fa0c7-97cc-4d67-b2b5-575f262011b0,Chaitanya Kakar,radhika15@example.com,2624467046,2025-11-07 00:03:54
5cf05148-2900-4f17-a57d-dedd22190586,Mitali Varughese,shrofffitan@example.com,1602529867,2025-09-02 18:51:01
a9439de1-bef0-46c6-8603-37cc7d2cd274,Neelima Sami,mitterpavani@example.com,1978575851,2026-06-30 08:10:40
2dd4efd2-4cc3-459f-b836-4d5f0c92d89f,Panini Wali,jbuch@example.org,09438976074,2025-09-13 18:12:48
53f81ceb-0dbd-4bcb-9cb3-d2caa7476334,Vrishti Sharma,chandresh95@example.com,05408424560,2026-02-18 19:02:09
8b5332d3-24f8-471d-84b4-c17544f19a26,Chameli Banik,parikhbalhaar@example.net,6321812276,2026-08-10 23:33:32
2b2e943a-c8fe-4fa9-a602-cf12e3135936,Hemani Shanker,tarabaria@example.org,05029168154,2026-02-09 09:06:02
0a59ad54-b900-4341-a50f-dddde00af778,Anthony Gour,fariq61@example.org,4498830597,2025-11-20 20:43:55
beb7b320-bdf3-4164-be9c-f8d81d232cd3,Anvi Grewal,yachana09@example.com,+914406306244,2026-02-23 02:30:58
afa45241-1c93-42f8-8882-c2e259b1945f,Gunbir Kant,andrewnair@example.org,+919497969586,2026-03-01 23:46:35
c948690f-5f04-49d4-8cd2-f54aadf135e0,Hemal Oak,hiral72@example.com,7382646091,2026-05-01 11:45:44
d713e7b9-a786-4333-b695-6b72fb1f5f04,Hemani Chacko,kalamodi@example.com,07702992959,2026-02-12 20:59:41
cae4c372-4770-4e13-8243-a555ca1c41c3,Arin Mander,ykeer@example.net,+916911633194,2025-11-06 15:43:05
18af5a9d-54d2-4e14-9841-0101a790364f,Nandini Rege,teerth69@example.com,05158886367,2026-06-19 04:59:10
f8a23772-aa68-4862-80e2-c64a75443f5d,Bhavini Sengupta,peterratta@example.com,+918572169666,2025-11-10 15:16:42
102a37a6-dec6-407b-9c08-d02dc54b12a5,Udarsh Devi,regearin@example.com,3297150968,2026-03-15 20:49:41
d79ced46-23e7-4252-80d9-9030edd23266,Neel Shankar,wriddhish27@example.net,+915241039773,2026-05-21 19:06:46
49c58f3b-945e-41fe-abb5-a57163b17a69,Wyatt Goel,ptella@example.org,5237100687,2026-07-30 02:50:01
be47d82b-d0e5-45c9-aa83-500b4c54f1cd,Ekavir Sahni,jai98@example.net,+917704605687,2026-02-11 17:34:15
ee044b40-97f0-457d-961b-dc2c72842553,Hemang Dhingra,isaac25@example.com,5237341517,2026-08-13 11:56:38
91689508-c6b7-4887-81f3-9ecd0c69146d,Yash Lad,chakrika75@example.com,4949022840,2025-11-23 02:54:23
ef7109a2-055e-4546-ab9b-ace7451a14c5,Janani Manne,nathan94@example.com,7422294643,2025-12-02 09:02:42
7cdb2569-3f31-475c-a72d-75e7368b3dd9,Chavvi Divan,ladjanuja@example.net,8679252985,2026-03-20 12:41:40
6ba1aaa2-adc3-40a7-a25c-3ba132f59c3d,Kritika Sundaram,vasatikagill@example.com,00153433249,2026-06-27 10:27:20
d80af336-f1d7-4f99-8b11-35db01c8c51d,Ronith Parikh,ksharaf@example.net,+918335061581,2025-12-12 17:09:12
afbb95aa-78c3-4622-85e8-b8cfe841f3ed,Daksh Sekhon,yashkunda@example.net,+913372094841,2026-06-13 21:07:40
e441b7ed-9d20-4c6a-90bd-8daeedafc534,Devansh Deo,darsh33@example.org,9771805137,2025-10-13 11:49:21
8b9050fe-f3a3-4358-b964-cf2be63c3ab1,Fiyaz Soni,harishkale@example.net,04909617399,2026-06-18 17:00:28
78b888ea-cdc2-4f67-8d0b-f0c8b7fef6f0,Aadi Krishnamurthy,fmadan@example.net,+915878444835,2025-12-14 23:42:35
7946b4a0-383a-4b96-91fc-6a13777a51e9,Ria Choudhury,vinayaahuja@example.com,7722164175,2026-05-04 00:20:11
dfcd42d7-d6d2-4693-af56-f8698956614d,Rishi Chopra,tanaymohanty@example.net,05871493925,2025-10-29 00:28:32
90586c55-0864-4dc1-bc1d-5a811685d930,Meghana Garg,nakshnanda@example.net,09643474524,2026-01-05 21:21:08
9c3e260d-7ca9-4ac1-84a9-3efbdb2edbcf,Divya Sengupta,pavani96@example.com,+916065274033,2026-05-13 09:37:57
47918f98-43f1-45f9-a3cd-4ee85650ef42,Chaitaly Prakash,nagyprisha@example.com,08833987411,2025-12-02 02:02:42
b027e792-95ae-479e-8bb0-e8d8599ec0ca,Eshana Srinivasan,xbatra@example.net,07349960105,2025-12-14 11:46:25
7b60d0ea-9c3c-4276-b407-722a234562c6,Raksha Mane,sodhikrish@example.net,+915622949381,2026-02-15 11:43:36
a4a4d58b-8512-4497-9dd1-dd6baf2a4818,Falak Lad,anthony21@example.net,5573257375,2026-01-05 14:44:02
d070f50c-340c-4598-b6bb-35f922412564,Aashi Kumer,deyjagdish@example.net,06670808509,2026-02-15 01:54:00
d10047f8-7e57-45da-ad42-7f4a659ab1e8,Yamini Narain,kmandal@example.com,1191818281,2026-04-09 04:12:26
61735319-2f66-46c8-a7be-55caab8ff5c9,Rayaan Bora,dmalhotra@example.com,2512957860,2026-02-01 04:46:16
a8b86f6e-79f4-417e-91b7-b278512c086f,Abeer Ramakrishnan,anandumang@example.com,02439587395,2026-08-11 04:28:10
d420bdaa-b5f1-4163-979b-edcd7ed434cd,Ranbir Divan,darikagolla@example.org,+918902851553,2026-05-11 21:23:52
5b4daa3c-0ff8-49d2-a9d9-401ba0d40497,Saksham Mitter,paninimadan@example.org,+915027160736,2025-09-17 09:32:48
e9aa6f91-85f4-4e83-944b-a56606b5fcf1,Reva Rastogi,sameshrai@example.net,+911289812317,2026-06-12 22:07:12
9470061f-c6cc-4e28-a219-25b2e4d480ff,Edhitha Sagar,shivanshchana@example.net,07481700666,2026-07-28 07:15:04
c3020f6d-23ec-4888-9657-df6b76142e09,Isha Patel,dhruv64@example.org,1670450232,2026-04-05 13:05:47
292b9de9-d7bd-4f78-9c89-48611e11ea81,Kabir Venkataraman,logansinghal@example.org,+919345962622,2026-08-27 21:42:23
71235999-990e-4325-8a1b-9c0f513685e9,Pratyush Patla,gabaayushman@example.com,+914654950050,2026-08-09 11:14:36
39746f41-53ef-4d00-9bc0-95e486f1f157,Bakhshi Dhawan,ibatra@example.com,8221053161,2025-10-11 22:34:44
b16c2bd2-a5ac-4e65-9fe8-0e1819b4e4d0,Ucchal Sagar,mdesai@example.net,+914774258591,2026-03-02 20:09:37
20ca8897-e491-4ae2-938d-2b6f56c11ac9,Rohan Dass,yutikadayal@example.org,+911164913342,2026-06-08 19:12:42
b8c2dbb8-0be8-4161-b357-a68b7399cee8,Falguni Shere,karan56@example.com,2906032020,2026-07-19 17:08:01
d79f1659-18fd-4d86-9506-8083eac8157f,Neel Ranganathan,advay97@example.com,03967379487,2025-10-14 00:59:24
012e8d4b-8f68-4f3c-b0b1-a65a250705b5,Yoshita Nazareth,quincy45@example.com,7158415608,2025-10-17 07:22:05
1d41399d-4b5c-4b63-8f66-6d09ecd194f8,Utkarsh Shankar,darachakrika@example.org,04768182683,2025-10-23 07:39:16
3fd04426-1244-450f-8395-d4d3aede03cb,Anay Issac,max98@example.net,+918583825212,2026-05-02 20:36:06
bd4b82e2-0398-449f-9c05-4385ff3b6341,Max Zachariah,rjain@example.org,04686775240,2025-09-27 10:40:47
badf909d-6f9f-4f1f-9599-74ce3741519a,Devika Joshi,bhargavanirja@example.org,+917236266933,2026-02-02 00:02:30
36907381-d3ce-44ca-badf-37559491557b,Ekavir Kara,logan61@example.net,9237245018,2025-12-28 03:03:47
995b7e31-7bb1-4440-9405-4206a538ace4,Urishilla Kata,hmisra@example.net,9721540641,2026-04-29 17:57:08
c5d793cf-abd8-403b-a18c-95e014f94e78,Pooja Ganguly,omanne@example.net,+911995376601,2026-07-31 06:46:46
33561d25-94b4-417f-8850-df2d45a5d012,Anya Krishnamurthy,oni45@example.org,+911739739641,2026-06-28 13:33:22
670d886e-df8f-4317-bc9a-8fdca2ae2888,Keya Venkataraman,mbasak@example.org,1911359966,2026-07-02 08:01:40
f804e049-9339-4f7b-b8df-2b6051fb4997,Idika Sarraf,cvirk@example.com,6039205146,2026-07-06 17:02:30
fbe03ac0-8087-41ed-a0ef-9b4d3d0790f7,Tanmayi Kulkarni,hemangini53@example.com,00574238856,2026-06-17 20:16:47
36d61b66-0e87-4ddd-b93a-6aa9b4859c32,Orinder Tata,nathindira@example.net,3541165972,2026-06-19 02:31:42
cd2d1d67-5051-4eee-8818-d9723df77844,Samaksh Lanka,vpanchal@example.com,02250139488,2025-12-22 07:39:17
c23ce8c8-db78-4785-a2ab-4f46144f74af,Mitali Borra,girikchana@example.net,6425856261,2026-07-23 10:53:44
518cb542-2511-4f03-a71e-38dd4a9cb28c,Fitan Naik,saanvibaria@example.org,2407333373,2025-10-24 17:50:43
d1f8881f-7493-4f48-b180-5cf00bc65b04,Chaman Kohli,subramanianreva@example.com,8936289696,2026-06-15 07:26:58
5f982cc4-8ce9-49bb-8627-89f07c98f8cd,Januja Lall,xprabhakar@example.org,08512538921,2026-08-20 14:21:52
2a9f379b-717b-4026-8190-19d23eb4d461,Dipta Cheema,ijayakapur@example.com,09079779612,2025-09-06 20:57:53
4ac299e6-190f-4205-b173-aead29ca4c88,Dakshesh Palan,edivan@example.net,01494097626,2025-11-20 20:41:03
4ac332bc-a68d-45b5-b893-f7aedc17d5ca,Dayita Yohannan,ganga39@example.net,02895090591,2026-06-26 02:49:35
31441bc6-af91-4231-9ce8-e66fbb671c3d,Devansh Wagle,uedwin@example.org,+919220715116,2026-04-09 04:55:51
aaf03813-dbcc-46bd-b06d-470188999c6d,Nikita Raj,vdevi@example.org,+914526471246,2025-11-15 04:37:54
90094deb-5c0e-4ff4-a994-f09ec3ddc980,Indali Bumb,siya18@example.com,+919080512080,2025-08-31 02:16:49
058d899d-3b66-4203-a3df-a1aa438da54e,Leena Mohan,prasadekaraj@example.org,+919728351295,2026-04-09 04:45:52
7ef2e39e-8bdd-4620-9f83-f48df4aceaea,Ridhi Goel,saibalasubramanian@example.net,+918144152982,2026-08-13 21:35:37
a95afb6d-e56b-4d7d-af0a-ff9622ed8afa,Widisha Hans,geetikasha@example.net,6718153523,2026-07-12 19:17:08
9ed783b6-73cc-4bf8-8948-b2ea0a20d8d5,Raghav Raval,parmardaniel@example.com,9181589988,2026-01-29 08:54:21
667b9155-db8a-40f3-9bbf-a30f8713aa67,Barkha Nagi,sarahora@example.com,6666170715,2026-04-04 06:05:36
af181f3c-69b3-4024-a17a-bf097162b10f,Lopa Mohan,xmani@example.net,0803149982,2026-05-05 04:45:34
d65de2cb-52fa-48e1-8617-c69038e16a32,Chanakya Warrior,battachavvi@example.com,+915806882850,2026-08-17 22:49:20
7914df05-3a97-4e8f-bb55-f4459d8bddd3,Hardik Shankar,timothynagarajan@example.org,3739900631,2026-08-23 06:03:03
5ad9481d-b247-41fe-836c-48d51c7fec6a,Aayush Khosla,peter63@example.com,00229394694,2025-11-16 20:25:18
38436d51-8f75-49bb-97b0-4bef1aa15b4d,Nimrat Anne,ysachdev@example.com,+917490607231,2026-02-23 03:27:58
93ce09d7-00c9-4df4-9277-be5656c6da80,Jack Dutt,lbhavsar@example.net,02464844941,2026-06-20 19:46:14
80fe8d95-21ea-4f26-be5b-7018d1dd2f7d,Megha Jaggi,tanksai@example.org,0771130621,2026-06-21 10:14:14
7031f798-1ea0-4ede-bda7-cb8b3d0e126b,Wyatt Sarin,raksha27@example.net,+918335090254,2026-08-22 07:00:21
43874ea8-1a9c-4d6e-a90d-72781c292a6e,Inaya Shere,dakshraman@example.com,+914813235707,2025-09-25 05:31:54
212b5bde-8134-427c-970a-e16a840b19a5,Bhavna Dyal,eeshabhandari@example.org,1688092550,2025-10-24 00:13:38
834e7ea5-b58d-44aa-a827-fcd58843a040,Vivaan Ahuja,kaggarwal@example.org,09130981079,2026-05-06 16:42:58
c3168e2a-f19d-44c7-8c37-ce615f36b47a,Barkha Ram,rkhanna@example.com,4577278532,2025-12-18 16:35:53
baffb83c-7f91-4b2d-bbb4-86a830a5a761,Lipika Kurian,jhalakbail@example.com,02076836253,2026-02-02 21:05:43
2d857aa9-3a34-4e6e-b770-9cbab35aa572,Omisha Sharma,ysawhney@example.com,05562833339,2025-11-12 20:39:28
265c2691-8956-4277-9dfa-694ec81e0cc4,Ubika Rege,damyanti36@example.org,01874960335,2026-03-31 12:59:18
9b9ab25d-2603-41e1-99ef-8290148b856e,Leena Varughese,cgole@example.org,3692492693,2025-10-26 19:18:22
8d23e53a-d458-4297-9b0a-28b3dc3c69da,Edhitha Sidhu,kalpitsur@example.com,9801110005,2026-07-26 09:39:10
2e468259-d1ba-47c8-aa63-79f60cb7747a,Dhriti Parikh,matthewkala@example.com,+915959775244,2025-10-07 16:52:48
a794ed18-7ef7-4e0a-892b-871a99bcd6b7,Max Gade,idani@example.net,02887431271,2026-06-18 18:13:26
ae62c96e-67c0-455b-bbc9-b347e0baf161,Krishna Raj,eraghavan@example.org,+919579927079,2026-01-09 19:33:11
445211d8-0e94-4146-9bca-b40d7ffef6e3,Frederick Pingle,goelkrishna@example.net,06213541597,2025-09-04 11:33:09
38350737-1fff-4345-b1a5-e5ac2a582351,Omkaar Patla,rehaan84@example.net,+917520344765,2026-07-17 19:03:39
02e4b4b1-96a1-4708-8111-c8ff6c17654c,Tara Buch,azad29@example.org,9046376604,2026-05-26 22:00:21
9d146e1e-189e-41e8-86c5-31004f357904,Gautami Peri,tray@example.com,+915483744171,2026-07-14 03:24:32
60fd21a9-5239-4210-b296-0f43be8ef207,Yashodhara Comar,davehredhaan@example.org,+912512931100,2026-06-11 07:32:48
546b11de-5cff-47ea-88ed-d3fc8539ebc0,Ekavir Dugal,ynarayanan@example.net,+919102312110,2026-02-13 10:24:12
c8eebf97-7342-4add-b08a-ba7c0e6c4c1a,Shivansh Bedi,ramekani@example.net,3737927490,2026-02-17 03:23:15
a823b908-4367-4d02-9ee4-9f3c8d8460a3,Yashica Ahuja,godarudra@example.com,+918931132532,2026-01-29 13:24:30
4a84f14b-687a-45a7-bd41-d0da4ba0dda0,Nitara Toor,tejas64@example.com,3804421017,2026-01-09 23:13:46
dda16d86-6f44-444a-9157-49217076fecc,Qushi Buch,varora@example.net,+915959194575,2026-06-13 12:34:23
3ed109da-97ab-4940-b72a-5d30f4e772bb,Kamala Tata,vrinda58@example.net,+913920567756,2026-02-25 08:07:26
59bb05fb-4673-42db-9159-abfda8cb5565,Sneha Dua,lekhasaini@example.org,+915626506229,2025-11-08 16:59:53
0661db09-d28b-45ea-9511-29ad096b00e3,Girish Babu,jsodhi@example.com,03076248433,2026-03-06 05:40:08
43e13ee2-cb4a-48f8-be1d-53eb66c12833,Rachita Saran,vinayabhasin@example.com,+911579423873,2026-02-06 23:27:24
c50aa158-2a0d-43d5-a63e-05e066b9fcda,Agastya Morar,hamsinimukhopadhyay@example.net,6919284552,2026-01-19 19:27:19
09308d76-a757-45a0-b3a1-a110bc8fc5dc,Dev Badami,apingle@example.org,+915357485953,2026-08-14 12:44:30
f9687a9b-b4a0-4829-b792-cf0d1030f7ce,Ekanta Karnik,zaidsuresh@example.net,00581629518,2026-03-07 22:43:59
d12fa64c-6414-4eec-adec-fb6a18317215,Amaira Bhavsar,xramachandran@example.org,02507330559,2026-03-04 16:33:26
187c11e8-2e92-49fb-adbc-854137d34582,Anjali Nagarajan,mmurthy@example.net,+913991403884,2025-12-03 16:28:29
510caba5-6979-4919-886b-e3fb5f6564c9,Pallavi Apte,advika32@example.com,+910615727682,2026-06-27 04:11:16
b5ea364c-8082-4d86-925a-c881090be988,Dipta Chokshi,tamanna43@example.net,7429250105,2026-03-31 21:12:35
7c15b8d4-5cba-41b7-b53a-4744c6a80358,Jyoti Dhar,keya80@example.net,05625904599,2025-09-13 13:53:53
46a901c6-6450-4958-8311-66a390c695b9,Kevin Taneja,birlogan@example.org,+918231555165,2026-06-16 21:16:19
a51b4fda-0794-4da8-940f-6ad83dbc9b04,Waida Rattan,vohraomaja@example.net,02813721433,2025-09-20 05:35:12
1e7a345f-f202-4785-bc88-180de190d86a,Charles Kar,cbasak@example.org,+912285566084,2026-03-08 10:43:37
f34778c7-8ce8-4def-9ba9-03cf832648ec,Oeshi Bir,iyengarbalendra@example.org,+919705195826,2025-11-19 22:04:27
13ff07d2-e86b-4182-b7f7-b7c655e51106,Abhimanyu Manda,kavya86@example.org,+919453546147,2025-09-09 11:26:05
d450c47c-ef45-4404-80b9-ed0044110865,Yauvani Ravi,qasimchowdhury@example.org,01339439457,2025-09-19 09:34:43
1b24ad10-506d-4601-b640-b902408432f7,Zayyan Kalla,mukherjeeadvik@example.org,+915376576927,2025-09-27 13:40:47
b9534956-0d54-4ed9-9b27-f73232007517,Yuvraj Brahmbhatt,acharyaazaan@example.net,+910404769210,2026-01-19 05:18:31
702a8444-c8f9-46d8-9b9a-6964e6c6ed7a,Rayaan Sampath,faqid46@example.net,+914014247310,2026-08-06 03:44:21
9f327b26-2a0b-41b2-821a-dd0f9f5dda53,Owen Atwal,chadhawahab@example.com,8440971231,2026-01-30 16:10:05
62059273-3dbe-4fe7-8968-a1a6fce6e03c,Ayushman Barad,dsankaran@example.com,+910901447340,2026-05-16 23:16:14
b37c8a87-5928-4d75-a23d-99c80b9d8de8,Raghav Keer,pagarwal@example.org,6873045195,2026-02-22 11:27:52
ab50adfb-4443-403c-9280-75407526b28c,Nihal Prakash,madhav55@example.com,+919657542786,2026-01-16 05:20:41
3a1fc822-ef49-4c5e-870f-610cc62d68f1,Gabriel Kulkarni,gaurangiparmer@example.net,07820582958,2026-05-02 00:00:15
b3ea0bb0-dc2d-4285-b549-a8cae409a52c,Liam Jha,abumb@example.org,8081904823,2026-05-21 22:16:42
9db3f27b-9a84-4526-a3ff-7d4d8a6826c2,Vrinda Dada,kashvi86@example.net,6395613723,2026-06-03 10:19:19
42d0333b-cba5-4621-8f50-136b062de7ec,Yamini Chokshi,edhawan@example.net,03643813000,2025-12-22 03:44:38
b91a94b5-af76-436f-98ca-f5114d92c8fd,Sarthak Grewal,bhavsarzehaan@example.com,+916560945653,2025-12-25 06:19:59
2f4ad2fb-6e45-4965-b960-f9ad19b8437a,Vanya Barman,fbalay@example.com,00476816995,2026-05-22 06:05:03
af4b7316-36aa-480e-974a-5fba4bd48b74,Avi Rai,suragabriel@example.com,08113176539,2026-02-27 12:50:19
81055093-8877-4f15-b6da-4a7e9b568785,Ekantika Mukherjee,nkalita@example.com,+910290871827,2025-12-13 23:36:35
90b7caf5-a7fd-4629-a02e-4f59062eae8b,Chanakya Kulkarni,varughesevritti@example.org,04204956121,2025-11-14 14:47:53
3c5204c8-5568-473e-a79c-fd40d538a5d0,Vedika Krish,rampatrick@example.com,+914235973711,2025-11-01 03:27:57
4fecb7e5-e962-4c35-84e8-416472028197,Kevin Bajwa,xtaneja@example.net,00858167046,2026-04-02 17:04:38
adbc4e62-7977-46c8-99e7-f9354545819c,Ekalinga Bhattacharyya,lallishita@example.com,08321021923,2026-02-18 12:48:35
85a709b4-032f-4536-811a-d0ad087aa666,Adya Sridhar,goyalodika@example.org,0332426050,2026-03-15 10:12:29
f4259bb9-e162-483b-941a-f628d6b3b8da,Isaiah Vohra,aditya42@example.com,+917337773126,2026-04-01 01:28:24
b2fe9366-589c-4002-a223-27eb60ac7943,Madhav Datta,ekanshsridhar@example.net,+919236534606,2025-09-14 22:46:35
254969d0-3919-4758-b84e-44b430af9ef6,Megha Bala,kashviraman@example.com,3279862398,2025-12-18 23:43:15
c27ae8b4-5794-43b2-8c4f-e736c72e818c,Falan Sant,sahnidominic@example.net,+912054647548,2026-04-21 08:36:11
a1e4958d-da9b-46c3-a419-03b3f088c574,Darika Singhal,wraju@example.net,8999275175,2026-03-24 04:19:30
d968136c-0589-4963-968b-21ef777be220,Zayan Loyal,bhavya98@example.org,05393543586,2025-12-15 10:51:04
80e5446a-4a43-456b-bfc0-3730ac94202e,Panini Guha,chakrikagupta@example.net,5885379821,2026-06-06 16:31:48
2d50e88e-f9e9-4b92-9dc2-7cb96f9d3176,Yatin Jha,qadim75@example.org,07497852491,2025-12-05 08:38:23
cc22356b-a68c-4772-a678-c7382d21f09d,Krisha Ramaswamy,bhavsarranbir@example.com,07894896340,2026-02-11 09:21:27
51d3ae17-3230-4d82-8e2f-951f6fe968cb,Hritik Soni,uram@example.org,+912150014188,2025-12-11 12:38:21
d9b9b36d-035a-440b-8b72-7b49159219f8,Gopal Sampath,balveerbhasin@example.org,+915944633399,2026-04-07 21:22:24
3e4cd64f-b44a-4ed5-aa5d-e59ac5cb4c10,Irya Khalsa,arinnadig@example.org,+916389021994,2026-07-09 16:23:33
770c61f7-1646-4a2e-817c-55676ebdd904,Jeet Chandran,niharikakant@example.org,09223410346,2026-04-11 09:27:01
fc850b0e-7119-43da-a473-6a139765c87e,Sanaya Kala,harishbumb@example.com,7726960843,2026-08-06 17:52:01
38ff7241-b00d-4e01-aca6-385b46850cbb,Rajeshri Viswanathan,ekanta07@example.net,6793521962,2026-07-01 08:10:51
fb8b9244-edda-4b61-bd01-bcc3ccd4e013,Sarthak Kamdar,ira64@example.org,4369709317,2026-06-02 05:07:39
796c02d5-1904-49c4-8d55-534d6e03bd23,Lopa Pai,lakshmi07@example.com,7616453454,2026-03-03 10:03:59
38123579-cbc8-48ff-b2a2-617808182b6f,Om Kanda,balhaarraj@example.com,+913121980418,2026-08-26 05:48:01
ca07e5f2-a64f-4f98-945b-161be2bde621,Sneha Dixit,lucky64@example.org,+916428131909,2026-05-10 12:21:18
0a240ef4-4125-413d-a8a6-be062387dbfe,Bhavya Singhal,pganesh@example.org,+919111428178,2026-06-20 18:34:06
2a598ee3-a83d-4f7a-8367-4ebf75e16730,Praneel Dua,yatananand@example.com,+914808806220,2026-02-27 10:51:25
04748f34-821a-418f-a601-31811dde1db8,Kevin Khurana,arya73@example.com,+911329016204,2026-02-24 05:32:58
6f661e54-2518-457d-b126-ee17b82b3610,Megha Raval,wvenkatesh@example.net,6486287203,2025-09-26 19:08:00
b0efc0a9-dbc9-4728-bd7c-d41648b9bcb5,Chanchal D’Alia,yraja@example.com,00573036279,2026-07-02 07:03:25
e45dc7f9-2ef4-4811-8c6a-aa629e5763bd,Chasmum Randhawa,luckybabu@example.org,04767753726,2025-09-18 05:25:06
0427de27-40a4-44d9-8082-7918f8650b8b,Madhav Chaudhuri,kavya05@example.com,06194588707,2025-12-02 13:02:42
759dcf48-4408-470a-941e-dab7b3018660,Garima Hari,yashawini20@example.org,+918400838507,2026-02-01 22:54:34
84d6ed0b-0a3b-4e00-9b2f-3bc5c4240f7f,Triveni Palan,bhavani50@example.net,1776808981,2025-10-27 19:58:33
d4ba1c00-d6dd-4b44-849c-84cec1c5bf50,Ganga Sarraf,maanas23@example.org,6463004023,2026-02-07 18:22:56
be4e7b7b-0178-46ce-8be2-70008c9a5a21,Omisha Doshi,nkumer@example.org,+912047137271,2025-09-29 08:12:24
ccd22839-d7ce-4c26-a282-8b829a443456,Hema Pradhan,kkuruvilla@example.net,5582984933,2026-07-11 18:33:07
4d67470c-e8ae-4b58-9710-bf58a6db8559,Radha Subramanian,falguni84@example.com,6094412833,2026-08-06 07:59:08
805821d6-8c1c-420e-82b7-27c7ffad29da,Ucchal Dua,tiwarijanani@example.com,6695413297,2026-08-24 20:14:37
a2b9c0f5-ac69-46c3-b8d9-8d1ede0aa299,Dipta Bhandari,bravi@example.org,07055143776,2026-04-14 19:20:19
67ca77be-b498-4107-8fb7-d9bafc1bbecb,Nidra Sani,bhavinikohli@example.net,+915295961111,2026-07-04 11:54:19
a9138107-9764-4554-acb8-af460819cd4e,Mason Zachariah,ftailor@example.net,2007202455,2026-05-14 22:56:57
03454efe-487b-40fc-9a47-ae097d3ebcea,Banjeet Gandhi,ganga10@example.net,+910903267149,2025-12-20 11:08:47
d41b2ffe-15fd-4a33-bfff-a347787e10c7,Bhavani Devi,shereabha@example.org,8179340652,2026-05-26 03:51:21
5cf517db-f540-41b5-8c20-9303cdc7d308,Sneha Parmer,chaaya66@example.org,05337220109,2026-08-04 03:44:52
072aba42-87b3-4f0a-b177-55b30595d80e,Manbir Chokshi,jdate@example.net,+914559376618,2026-06-08 13:09:18
3d74b37f-0514-487a-89ae-01dd1d0cd15b,Shaurya Solanki,patlanaksh@example.com,+915100462776,2026-06-29 15:40:51
2280cff6-ed25-460b-9fd9-78fe10559bd6,Shivani Deol,pahal59@example.net,+910246175202,2025-11-30 12:01:00
64c92855-b838-4e94-990f-d426fc446fda,Arunima Jain,omishabarad@example.org,5595501783,2025-11-19 06:04:29
3dc1e34f-3797-4be1-8b30-8882c6e06ee7,Gaurangi Tiwari,mahika89@example.net,3607984870,2025-12-17 18:26:07
597f67ed-0336-4491-9ea5-894774d096bd,Andrew Reddy,somomisha@example.com,9359374403,2026-05-15 21:04:35
7dd2cb58-3e20-436f-a5f5-651ae5c43d63,Megha Lanka,waliveer@example.org,+917360601488,2026-08-29 07:29:49
ec6b1b61-5bde-4af0-8f7d-46f984d7f4f0,Amol Thaker,charan79@example.org,8413685283,2025-09-03 19:17:45
a25dfa04-3113-4251-82d4-7721bbd59cfd,Fariq Narasimhan,varshabail@example.org,+914244626325,2025-10-06 04:34:29
f331c6a6-60e6-4645-a5bb-a9719981eecb,Dayamai Biswas,dugaljairaj@example.org,+911421751887,2026-03-15 15:38:51
948f173f-810e-4c33-aa8d-24162406a117,Vasana Mall,parekhgeorge@example.com,+916384091122,2026-01-09 03:27:03
55def695-cf6e-4bfc-977c-54f54d573cc9,Rishi Srinivas,ayushman56@example.com,+918632397913,2026-07-19 09:02:40
48a50870-8f34-407c-9d61-b3e9741eb74c,Tanvi Ram,jyoti30@example.org,03095055605,2026-07-30 01:19:22
66fec720-5556-4310-a73f-dbd4716fdcce,Frederick Desai,vermajackson@example.net,+917788519053,2025-12-28 11:25:46
7bebff6a-c235-4fa3-a8da-52245d2c0a96,Chaaya Barad,bhaktacharita@example.net,+914624561851,2026-03-10 19:12:30
1f79d23c-77df-401d-a4e8-2c3b98e5cb78,Charita Ray,balbhavani@example.com,+911289915114,2026-06-23 13:06:14
e9951e7a-4d21-4699-9e2b-11ff0ce1ade6,Eesha Dasgupta,simonbrar@example.org,+914488189848,2026-05-11 18:54:23
18b493fd-d5f1-4e31-84e0-61657b4c088d,Harish Raval,muniosha@example.org,5402119017,2025-09-14 19:11:49
8a2f6f01-e268-4bdd-9d28-5f3e71c92da2,Jalsa Ravi,lallanathan@example.net,3152291073,2026-06-08 07:15:59
7a5270ba-f688-40a8-ba6d-032424cdacca,Omkaar Upadhyay,nikitaahluwalia@example.net,4937830639,2026-05-15 06:37:48
6fd3cefd-15df-4df7-a4a9-f465b77407be,Reyansh Wable,hemangini26@example.net,09443916497,2025-08-29 20:22:34
046e21eb-a255-48ff-a9f6-842ec1966cda,Nidra Halder,kabir92@example.net,1320330162,2025-11-22 00:00:30
3275b4ce-0f44-4e7f-8e62-a247666d284e,Isaiah Agate,indrajitatwal@example.com,+915372215566,2026-05-12 10:00:38
ab9a91b0-0bdf-42d7-90ce-de2ed4ed13fb,Sachi Jaggi,samuelramachandran@example.com,+913774604067,2025-10-29 21:08:36
85b4e8f2-106c-4360-a45f-084c0f7eefda,Darpan Shanker,samar61@example.com,+914426078197,2026-01-11 08:58:05
e76cc848-6e6b-42ed-92e4-ce9db4e91cb8,Udarsh Sengupta,anyasood@example.com,02737203763,2026-03-31 13:29:14
9282dca7-5ec2-4a92-8ded-80ef31ee1fd4,Imaran Loyal,aachal14@example.net,4601913443,2026-06-19 13:27:23
bd3d29db-83b8-4fc4-88be-ac0128f441ae,Watika Wadhwa,dixitanmol@example.com,8695073214,2026-06-05 05:55:56
83876ce5-856e-4fa6-90b7-0ef9d9897f2b,Zayan Magar,neelimaparikh@example.org,07933505573,2026-03-24 01:57:56
98035a02-e848-4906-b5ac-6c3120035571,Waida Kari,sbabu@example.org,+919236037681,2025-10-08 03:16:45
1e28794b-020b-466d-8974-1fcc2842fa90,Krishna Kant,tejasprabhakar@example.org,+914096149731,2026-01-08 15:27:21
fa064558-4dbe-4484-9f31-00e29d1eef0b,Jagat Chander,wridesh07@example.net,08207365118,2026-04-12 15:39:52
825febfb-bb37-4999-8e8a-acfd235681b4,Arunima Acharya,wpalla@example.com,2019043223,2026-06-11 16:36:06
7dcb16b6-3f9a-4266-8d91-be10a17c44d1,Praneel Hayre,rudradeo@example.com,00739201354,2026-07-19 11:14:13
c9a151db-82dd-4f6a-9b7a-476155f28540,Mitesh Bhatnagar,urviradhakrishnan@example.org,+915082611231,2025-10-27 23:47:40
28fa4066-49b4-491c-a7e9-45d92273c67f,Ikbal Saran,ojaslata@example.net,8899572989,2025-11-21 00:15:30
6aa731ea-4841-4214-a9b4-38352ba926e8,Pavani Gera,umallick@example.com,3036468719,2025-10-13 01:57:12
41a2ebb0-68f9-4cea-9587-e8399cc3ae17,Chatura Karpe,srinivasmegha@example.net,2082832308,2026-07-28 14:48:06
843b1a83-db76-41c1-99eb-2de0a8a55818,Wyatt Yohannan,norigirik@example.com,05822067323,2026-05-27 15:53:47
7e77b0a9-3556-4c26-a0bf-055cfb656260,Zarna Divan,bbora@example.net,8157245000,2026-06-28 05:24:24
508403da-8490-4e48-8b5a-cddaff055f1e,Arjun Balasubramanian,naidunitesh@example.net,9113717850,2026-07-01 02:32:59
dd64a351-1140-45ec-bbd1-16c79a5d1754,Mason Pandit,ladli18@example.net,04421829987,2025-12-18 19:35:01
e2f57c78-2fed-4140-b652-38a993e4ed44,Faraj Dora,bhavyathaker@example.net,+915670867009,2025-09-17 06:10:51
11c6d86c-1a98-432b-addd-66a2d466c2c9,Advika Korpal,opai@example.com,+915848266913,2026-02-05 16:01:06
1ae4f3d2-a088-47e2-addb-0bfe49465eb7,Amruta Vaidya,ekantapingle@example.net,+915429608070,2026-02-03 05:51:10
b9befea6-28dc-4a97-b4d8-4b4b939edc0d,Wridesh Roy,ypant@example.org,8221040164,2026-07-19 12:39:07
7f746884-3b41-4bf1-8d99-a8a2933b3342,Abdul Lal,peter87@example.com,+918363816432,2026-05-17 15:38:57
0edc8477-c0a8-454e-a7b0-306a30965b5a,Lohit Ratta,onkar89@example.net,4642036258,2026-02-12 15:00:49
5ed67b19-ba93-4b6d-aacc-b30b48d28a94,Hemang Mukherjee,fitan70@example.com,06255402635,2026-01-08 07:13:14
b3dcb17d-4607-47f1-8b5e-0b02826d4ba1,Chaaya Handa,chadupma@example.com,06448988031,2026-01-19 08:18:38
de6835cc-9721-4ab1-8913-8f7a111fa387,Xiti Venkataraman,anyanarula@example.net,+917905040433,2026-08-20 05:06:16
8202ea51-9805-4b8c-9c55-2b380d91b605,Sathvik Pant,aarinimurty@example.net,+916321119787,2026-06-05 09:23:23
31587179-5d8b-4ad5-9042-c9fa373ed042,Chanakya Issac,gavinhora@example.com,+912653060119,2026-06-26 04:11:16
6402b35d-dc84-4565-9075-e7c06d150df8,Falak Ramachandran,shenoyxiti@example.com,8002300915,2026-06-27 16:13:20
cdd52ce0-e6e7-4134-ad60-0b387e235272,Isaac Datta,kondakrishna@example.com,07449160936,2026-01-19 03:57:30
a9f72b34-7537-4b1d-81af-bdfd26cf63cb,Krish Bhardwaj,mukhopadhyayekavir@example.org,9418433687,2025-12-02 11:02:42
d220bbfe-54da-4e49-9267-ceffbf61f662,Liam Reddy,onkardugar@example.org,9821374556,2025-09-28 02:08:54
c70e6aaf-cab4-4ed0-9368-7b9e0d1a8246,Aadhya Bansal,kalpit88@example.com,0505376660,2026-03-18 23:25:45
6dc4d332-8d6f-4aeb-b3f8-ce72f84ba996,Jackson Dave,cbadami@example.org,+918356691062,2026-05-22 06:38:34
45cd7bc6-bbaf-4501-979e-90470013d0b4,Elijah Nagi,harishgill@example.org,05506882691,2026-03-05 18:57:47
a149c4ca-6fe4-4454-a255-07214d49659b,Panini Dhar,aishanimannan@example.net,+911348087354,2025-11-29 11:48:15
03f876c4-146e-45d3-b1b0-5eeac9b399ab,Laban Reddy,kalavivaan@example.net,09101570908,2026-01-19 07:06:30
201f5420-5726-4342-9e4c-7d23da23b565,Bimala Mangal,amolsethi@example.com,2699969964,2026-07-17 18:59:39
aae174f2-b32b-40d1-8d7b-ff92850529fa,Gaurav Vig,maanav85@example.net,09325914084,2026-04-07 10:47:21
4085a66b-e031-43d7-9d4b-d93fc27dbf1f,Parth Gupta,goyaludant@example.com,+916698069087,2025-10-28 11:32:56
66b8ae10-bfd4-4384-acd1-fc99c600ac88,Jacob Shankar,pbalasubramanian@example.com,+913483893595,2026-05-08 19:02:34
c8c217c6-cb23-47cf-a76f-500e1a3e49ff,Zinal Devi,maneaarush@example.com,01299650826,2026-04-15 14:48:31
e7f164be-7d2e-4fcd-ba82-4cb634e583df,Manan Saraf,girik86@example.net,05613087612,2026-06-22 23:03:02
307be1eb-fe3e-493c-88ae-b0c5d88e83ae,Dipta Nayar,krishnamurthyrehaan@example.com,08239484002,2026-03-03 02:00:33
f7df3738-fde9-4c5f-a455-9a8c675af4c5,Aarav Ahuja,yraman@example.org,+911683113950,2025-09-16 21:26:51
80824c63-ade6-4e0d-9b4a-6a3f5ccf22f4,Keya Wable,mallickfaris@example.com,9150762839,2026-02-17 10:49:08
f176eb57-a09a-4c9e-89eb-99dc4c55efb0,Maanas Bedi,thomas44@example.org,07794620726,2026-06-21 14:11:54
9d1ed6f0-058e-4fef-aab3-98bcca4dfd69,Kalpit Devan,anirudh81@example.net,07602991406,2026-08-28 00:20:36
86f89061-1c74-475c-85c7-b1321ab77264,Ekalinga Hayer,samakshsetty@example.org,+912552356178,2026-08-24 08:39:27
d2a2b570-673c-47c8-b06a-b3cebb413add,Ucchal Anne,niteshchaudry@example.org,2061363852,2026-02-26 22:22:29
af0669e4-d46d-4edc-b524-924464c0d801,Hemani Puri,guptatejas@example.com,+918444902950,2025-10-22 23:39:51
01110a4b-62fa-412d-8648-6d2c03655903,Chaitaly Uppal,chandraraagini@example.com,00373416781,2026-08-24 13:28:40
9a3d19c2-3ee6-43a8-b5c6-cbbc9359e6c2,Ubika Tata,rachitborde@example.org,+911798213486,2025-11-03 22:26:50
d3e01faa-8e17-4e47-ab1c-b11c0529dfc4,Vyanjana Sarma,poojakata@example.net,+911828560539,2026-06-16 15:52:16
50af71c2-a327-4de6-8d78-b67a48e29886,Arin Tailor,rrau@example.org,07067368205,2026-06-22 04:49:44
f83a5637-0b7c-4a1d-9ab7-ab25c5d4b5d7,Krisha Zachariah,fradogarg@example.org,+915521650587,2026-08-28 04:51:26
e57fd884-c72c-4cbf-9f62-9a94116e4de5,Alka Ravel,elijahvirk@example.net,+911925967908,2026-04-15 15:55:57
a18a887b-25fb-4136-9e0c-b6d6ebb30426,Wahab Sani,amol22@example.org,00938694842,2025-12-01 18:00:31
aa966ca9-7ffb-4b0e-8e0b-0272638b598a,Yauvani Bhatti,manderidika@example.com,8870715238,2026-05-27 09:40:57
b29f1367-70fb-4224-aff0-2b60e865023e,Madhavi Sridhar,rachitbal@example.net,04619177987,2026-01-25 14:23:52
7124494f-ff7e-46bc-9ef0-519f00d03f5e,Rajata Tiwari,idube@example.com,9370858062,2026-05-21 06:41:40
9e7730ab-6fc9-4a22-86e0-a43bb764d99f,Jyoti Ben,ayushman56@example.com,9579001248,2025-11-05 14:24:38
bb305f22-d7c4-410d-b5e1-621172286ab6,Kavya Loyal,qabil86@example.com,6325942328,2026-06-12 10:10:34
cb98db9a-e298-4c86-a436-2ef7ec26e332,Mahika Kapadia,harshiloak@example.com,+914152857256,2025-11-02 09:43:16
8c98afd7-94d7-492c-b43a-0bb325f09879,Netra Kant,hemalwagle@example.net,5138186550,2025-12-02 18:00:31
1c6388c0-824e-4561-b34c-0bdf1fbdd79d,Zilmil Lall,bnair@example.net,07443034918,2026-07-15 10:08:09
306694c1-6b74-4300-9ce9-7c09f8204506,Isaiah Srivastava,dgala@example.org,5934015364,2025-10-02 12:59:16
4b3d060c-1e02-4ca0-9eb5-39b15fa0d3e5,Chaaya Setty,narainfalak@example.org,+913259367813,2025-12-27 13:54:36
d11f2d95-0905-4f88-babd-9e8abc3bfe0c,Sara Nadig,babuamaira@example.org,1410527698,2025-10-15 16:05:12
8d5e521f-cdd4-44dd-b5f2-1f5b1dcf8637,Darpan Deep,rahuja@example.com,+913888562258,2026-07-09 12:10:31
c0bad068-6a6b-4eb0-8e07-07ed4ae84fec,Omaja Bhardwaj,yashawini67@example.net,04422758548,2026-05-01 19:06:37
ba3aff2c-3abe-4d99-8626-8157ef78462c,Pahal Patla,bhavna28@example.org,09116502000,2025-10-28 20:19:55
b28e5e92-8ebc-40fc-81d2-3b03bb4eef2b,Kashish Karpe,elijahkhalsa@example.org,1551305570,2026-03-19 22:14:35
9f0f6093-502a-4db6-bba9-c65e310ce202,Pavani Gopal,manderchavvi@example.com,8966997273,2026-02-09 14:09:23
e1dfdab6-aacb-4762-ad40-1669a9316937,Ridhi Master,vdoctor@example.org,+915825431832,2026-05-31 01:49:40
a35465c9-59ea-4521-8ede-a4f338395244,Kiaan Gupta,dateryan@example.net,+910491060183,2026-02-06 14:20:49
709a2c4e-f6fc-425a-b09c-3b3400a2a589,Vrishti Dutta,ubikapai@example.org,2768172257,2026-02-25 14:04:00
c33af7b2-0c08-4edb-ba8c-c23ad8e0f061,Abha Patil,veda26@example.org,0529187683,2026-05-13 05:28:07
bb48556a-374e-4bfc-94ec-d3a9954edf5d,Manya Bera,riadara@example.net,02173373992,2026-07-20 16:16:02
b030825b-794c-4936-a2e5-b988a939b594,Eshana Gopal,mohammedkala@example.net,02165914388,2025-10-24 03:49:47
936aa116-08cd-4588-bceb-c7924001a491,Ojas Nair,yash98@example.org,08446177732,2026-07-09 04:11:47
3b1f763a-ea4a-4c38-a595-22f8bdcf8409,Bimala Kota,natarajanadvika@example.com,7912799702,2026-04-08 01:20:42
e4bcfc8e-1593-4b11-9615-f489d5217941,Ria Boase,christophernarula@example.org,9787137529,2026-04-03 02:41:02
d1557105-e3ba-4960-85f7-7af72be0e751,Kalpit Dixit,chaudharikrish@example.com,00832004879,2026-07-10 04:20:47
81bfca7e-d942-45e9-9860-acceed65d10f,Zilmil Thakur,rpalla@example.org,5852386003,2025-09-05 00:25:45
50095ee1-0929-45e5-8626-299b7c0afdff,Chasmum Keer,kbumb@example.net,01715239102,2026-05-05 23:12:27
14de01a1-03a0-4f17-a908-e8708f6a693f,Ijaya Bajwa,mitterrushil@example.com,08309309671,2025-11-19 00:03:58
