customer_id,account_age_days,order_count,total_spend,average_spend,time_to_first_order_hours,redemption_count,time_to_first_redemption_hours,order_redemption_rate,max_device_user_count,max_address_user_count,max_payment_user_count,max_ip_user_count,unique_connected_customers,avg_entity_degree,max_entity_degree,cluster_size
088a196b-1e5c-4f9e-9b33-99e25a15af9f,306.81666666666666,5,15014.65,3002.93,690.0,2,2233.0,0.4,2,2,2,1,1,1.75,2,28
22ff2b3e-9ab5-4777-accb-380e415e440a,401.2037847222222,6,4894.63,815.7716666666666,6.0,1,6.0,0.16666666666666666,2,2,2,25,25,7.75,25,28
14934cc3-0c33-4ae4-8239-ff3151c21549,509.6294212962963,2,3823.02,1911.51,153.0,0,-1.0,0.0,2,2,2,2,1,2.0,2,2
edbc660c-e33b-435a-9817-e514b22dcacd,435.7802199074074,4,16524.95,4131.2375,691.0,3,691.0,0.5,2,2,2,2,1,2.0,2,2
9080ff3e-a360-4c85-a308-f0310cc94cf5,486.39050925925926,4,2670.5299999999997,667.6324999999999,5.0,2,5.0,0.5,2,2,2,25,25,7.75,25,28
76e596df-5478-430a-b790-0169c2e582cd,392.4113194444444,4,19038.27,4759.5675,243.0,1,243.0,0.25,2,2,2,1,1,1.75,2,28
9df1091b-5b75-4b85-8805-3f27e567e653,186.18805555555556,3,12913.470000000001,4304.490000000001,3992.0,2,3992.0,0.6666666666666666,2,2,2,2,1,2.0,2,2
b22b8ca3-8901-49ed-96af-dc83d9898272,518.1216435185186,4,11824.27,2956.0675,408.0,1,408.0,0.25,2,2,2,2,1,2.0,2,2
c1e6e269-c980-4429-9115-444500c4c457,247.30164351851852,3,16107.41,5369.136666666666,1131.0,1,3692.0,0.3333333333333333,2,2,2,2,1,2.0,2,2
941e0633-66e3-4a34-bd9f-784f23bc5bef,513.0465740740741,4,20794.92,5198.73,372.0,1,3926.0,0.25,2,2,2,2,1,2.0,2,2
f116f083-4651-4941-b765-4e819f60f29d,511.2074074074074,1,470.87,470.87,23.0,1,23.0,1.0,2,2,2,17,17,5.75,17,57
9b17b4b2-fb14-475f-9eb2-e6dd90a78636,332.34482638888886,3,8344.85,2781.616666666667,434.0,3,434.0,1.0,2,2,2,1,1,1.75,2,57
48b6c2b6-a26b-4434-a29a-d4086977754b,352.01324074074074,5,26040.8,5208.16,425.0,3,425.0,0.6,2,2,2,2,1,2.0,2,2
842d6576-10d3-4958-8ae6-a3946035380c,517.9048958333333,7,5443.93,777.7042857142858,3.0,4,3.0,0.5714285714285714,2,2,2,2,1,2.0,2,2
be677aab-308e-4e50-8a8e-47a9671b30d0,194.86424768518518,3,12336.470000000001,4112.156666666667,252.0,2,252.0,0.6666666666666666,2,2,2,2,1,2.0,2,2
be337e80-cca1-4a9a-b642-4dafd34e7ecb,362.63710648148145,2,8366.49,4183.245,1076.0,0,-1.0,0.0,2,2,2,2,1,2.0,2,2
315ce72a-d605-4b99-84e3-ddddc8a33024,537.579363425926,4,27309.760000000002,6827.4400000000005,850.0,2,850.0,0.5,2,2,2,1,1,1.75,2,33
f705092d-b74e-430c-a4f2-f50e13b24310,504.77238425925924,5,19940.739999999998,3988.1479999999997,244.0,1,244.0,0.2,2,2,2,26,26,8.0,26,33
7ff81b42-39db-4ee9-b1cc-eab0e5286e30,526.625613425926,5,19595.989999999998,3919.1979999999994,1859.0,3,1859.0,0.6,2,2,2,2,1,2.0,2,2
b98c198d-98c5-42fa-a698-cfe8cc0de390,204.83799768518517,2,9746.91,4873.455,933.0,1,933.0,0.5,2,2,2,2,1,2.0,2,2
8600f979-ac0f-48d9-8a4a-9455546ddaed,404.82369212962965,3,2663.17,887.7233333333334,1.0,2,1.0,0.6666666666666666,2,2,2,1,1,1.75,2,28
67c9ab3e-48f7-4c14-a6dc-ceac7f309618,471.26869212962964,4,2355.35,588.8375,6.0,2,6.0,0.5,2,2,2,25,25,7.75,25,28
67d8b964-d132-46ff-bf27-cfd93673ca2f,338.7005208333333,3,8013.14,2671.0466666666666,214.0,1,214.0,0.3333333333333333,2,2,2,2,1,2.0,2,2
d85e853b-096d-4328-8e92-7f8816780a88,377.33239583333335,4,20027.79,5006.9475,980.0,1,980.0,0.25,2,2,2,2,1,2.0,2,2
1704301d-d623-44ce-88f9-2d86cb0942c9,232.3612962962963,3,17926.21,5975.403333333333,265.0,1,265.0,0.3333333333333333,2,2,2,2,1,2.0,2,2
0bb08f28-09b4-4cbe-9141-72c9186cde08,465.10640046296294,4,16987.77,4246.9425,552.0,2,552.0,0.5,2,2,2,2,1,2.0,2,2
b75736d9-2f15-4365-a5e7-0a55cbb27e42,229.3782175925926,5,21040.809999999998,4208.161999999999,1678.0,1,4332.0,0.2,2,2,2,2,1,2.0,2,2
6ece822d-d3a7-477a-aa5b-901a21b41389,263.504212962963,2,7119.799999999999,3559.8999999999996,499.0,2,499.0,1.0,2,2,2,2,1,2.0,2,2
91f47c4d-fd48-42c6-8310-aa40b691ccc7,379.14685185185186,4,14274.65,3568.6625,1252.0,1,1252.0,0.25,2,2,2,2,1,2.0,2,2
1ac618e6-dd01-4acd-b7a7-7939cde234ce,351.0080324074074,4,17332.29,4333.0725,2600.0,3,2600.0,0.75,2,2,2,2,1,2.0,2,2
7e0f4a28-fadf-4ee4-9da3-ffcc8b4667c6,283.1339814814815,4,13834.77,3458.6925,694.0,5,694.0,0.75,2,2,2,1,1,1.75,2,57
b5d96f44-d2c5-4bf8-98f9-2cad0747446a,216.3703125,6,18984.61,3164.101666666667,292.0,3,292.0,0.5,2,2,2,17,17,5.75,17,57
24a4e123-9437-46a4-8ff6-6242b02625da,280.6255208333333,1,1650.27,1650.27,3297.0,1,3297.0,1.0,2,2,2,2,1,2.0,2,2
fb51de4e-4e6f-4f88-b18a-41387b275e39,262.93337962962966,2,2337.49,1168.745,782.0,1,782.0,0.5,2,2,2,2,1,2.0,2,2
fbf569ca-721b-4bb9-9744-8b1562cf24e1,222.67702546296297,1,1340.35,1340.35,40.0,1,40.0,1.0,5,6,5,6,5,5.5,6,6
83b1333d-eee5-4794-823b-8033d2a1befb,217.9936226851852,5,27986.54,5597.308,4.0,0,-1.0,0.0,1,1,1,28,27,7.75,28,57
6397a890-33ac-40e8-a12f-0d5b52267cb0,268.3047916666667,4,16861.14,4215.285,427.0,2,2296.0,0.5,2,2,2,1,1,1.75,2,57
29f93a95-dcc5-4f68-a4ef-ac2ac21c8b30,383.56372685185187,2,10418.990000000002,5209.495000000001,297.0,0,-1.0,0.0,2,2,2,28,28,8.5,28,57
aae422ad-6d1b-4adb-9d71-1e3f0601483c,418.07087962962964,8,28642.09,3580.26125,709.0,2,709.0,0.25,2,2,1,2,1,1.75,2,2
9cb9b01d-bd74-4037-bf76-744b06fbbdc1,535.1228703703704,4,9302.84,2325.71,191.0,2,191.0,0.5,2,2,1,2,1,1.75,2,2
710bf592-1771-42a6-a0d0-e0e6131f6dc5,442.56467592592594,13,32309.0,2485.3076923076924,88.0,2,88.0,0.15384615384615385,2,2,1,1,1,1.5,2,33
cba56cc3-816c-4e9e-906a-0e715c652aa1,305.1471296296296,5,20036.260000000002,4007.2520000000004,1154.0,1,3431.0,0.2,2,2,1,26,26,7.75,26,33
c482ce1f-9758-44c2-b9d6-94ee401dd8f5,447.4631597222222,3,15169.46,5056.486666666667,1034.0,3,1034.0,0.6666666666666666,2,2,1,2,1,1.75,2,2
46d35c3b-215f-4a10-91e9-62a3256a663b,234.6554976851852,2,9949.31,4974.655,2475.0,0,-1.0,0.0,2,2,1,2,1,1.75,2,2
c7476566-6766-459b-8152-6bc26b626daf,268.8679398148148,5,9019.75,1803.95,314.0,1,314.0,0.2,2,2,1,2,1,1.75,2,2
3f9ea235-d1d9-44db-8f33-993a2de7cd10,243.61407407407407,5,22209.82,4441.964,2643.0,0,-1.0,0.0,2,2,1,2,1,1.75,2,2
0574b2e1-0264-4fc5-b4a5-181b90f875d5,280.36350694444445,2,8296.43,4148.215,1870.0,0,-1.0,0.0,2,2,1,2,1,1.75,2,2
706b0a17-3d7c-465c-a1ad-df4a3a18eb31,220.24760416666666,3,11970.59,3990.1966666666667,348.0,2,348.0,0.6666666666666666,2,2,1,2,1,1.75,2,2
a472dab8-70e6-406d-9a58-6fa6c3f477d5,493.46033564814815,4,17388.67,4347.1675,779.0,1,1914.0,0.25,2,2,1,26,26,7.75,26,33
2f711ef7-9ea7-4783-96a0-abfa62b0e8d0,357.2255787037037,4,2298.23,574.5575,1.0,2,1.0,0.25,2,2,1,1,1,1.5,2,33
8144f98d-20d7-4f13-87ec-8445227fbf30,215.37416666666667,6,27123.36,4520.56,297.0,3,297.0,0.3333333333333333,2,2,1,2,1,1.75,2,2
c5d811ba-3588-4c4b-a8bd-2848398463d5,417.0501273148148,6,15838.529999999999,2639.7549999999997,1146.0,1,2864.0,0.16666666666666666,2,2,1,2,1,1.75,2,2
56e01259-ee5a-418f-9572-4b29d84ecfb2,202.38072916666667,4,19959.27,4989.8175,1468.0,1,1468.0,0.25,2,2,1,2,1,1.75,2,2
222e9b71-d67f-49a7-8710-9161d3b6426a,295.49892361111114,3,14544.54,4848.18,222.0,3,222.0,1.0,2,2,1,2,1,1.75,2,2
cdba9592-3bf8-4547-b460-8e4f88b48f79,395.0437152777778,4,15218.81,3804.7025,121.0,2,121.0,0.5,2,2,1,2,1,1.75,2,2
57d9b5b5-6006-488d-a309-788e1324c26e,362.13806712962963,4,16176.710000000001,4044.1775000000002,1453.0,6,1453.0,0.75,2,2,1,2,1,1.75,2,2
de5358e1-5d58-41ce-93d1-5ec9c6ccb491,392.5103472222222,2,9373.79,4686.895,1708.0,1,4299.0,0.5,2,2,1,26,26,7.75,26,33
8c250217-714b-4475-89a6-170707dbe2df,443.28376157407405,11,62211.189999999995,5655.562727272727,60.0,4,60.0,0.36363636363636365,2,2,1,1,1,1.5,2,33
40fa1f9a-b273-4147-abf5-5a9340f7d1f4,334.4549421296296,7,33969.729999999996,4852.818571428571,12.0,2,12.0,0.2857142857142857,2,2,1,1,1,1.5,2,2
ce880025-dc81-4d69-965b-e3144f3ecacc,437.91202546296296,2,1668.45,834.225,1630.0,1,1630.0,0.5,2,2,1,1,1,1.5,2,2
8948009b-f8e4-4d24-add9-5f719f906708,445.6088541666667,2,1792.8,896.4,141.0,2,141.0,1.0,5,2,5,7,7,4.75,7,8
a990486e-acc4-4b26-a694-ee4bab315b60,252.34885416666665,5,24478.92,4895.784,1455.0,1,1455.0,0.2,1,2,1,1,1,1.25,2,8
dd8ac700-141b-47a2-b3be-de1df94749ce,517.1022337962963,4,9037.2,2259.3,2078.0,1,2078.0,0.25,2,2,1,1,1,1.5,2,2
b1b5b958-a003-4189-ad8e-604347b7246a,460.1656134259259,3,2387.74,795.9133333333333,3.0,1,1727.0,0.3333333333333333,2,2,1,1,1,1.5,2,2
ee965386-be65-4fd9-a46e-2106d658327b,414.8771875,3,11691.65,3897.2166666666667,319.0,0,-1.0,0.0,2,2,1,28,28,8.25,28,57
a8fbf875-86d7-480a-8337-7ff0ff6bb506,301.73375,4,19243.58,4810.895,711.0,1,755.0,0.25,2,2,1,17,17,5.5,17,57
f7de2c69-2124-4211-874a-1244325dbd01,433.81193287037036,3,15748.189999999999,5249.3966666666665,153.0,2,153.0,0.6666666666666666,2,2,1,1,1,1.5,2,2
1bbf17b2-dd92-4589-b3ce-02905af4d537,379.06319444444443,7,43047.24,6149.605714285714,34.0,2,359.0,0.2857142857142857,2,2,1,1,1,1.5,2,2
78d03e93-9190-4afc-ac98-82ea428a8a19,312.8571064814815,4,2958.19,739.5475,2.0,2,2.0,0.25,2,2,1,1,1,1.5,2,2
1b79a549-078a-43be-b004-1895df1dd315,212.30708333333334,3,10153.25,3384.4166666666665,1141.0,2,1141.0,0.6666666666666666,2,2,1,1,1,1.5,2,2
4e6c2794-655e-406d-8916-1ae82e892ba4,320.68025462962964,7,27115.35,3873.621428571428,280.0,4,280.0,0.42857142857142855,2,2,1,1,1,1.5,2,33
ec4b56d9-241a-467a-9038-93ae10b8e3e0,480.1963078703704,4,15293.880000000001,3823.4700000000003,1134.0,2,1134.0,0.5,2,2,1,26,26,7.75,26,33
de29de2d-064f-401f-bd4a-317ff8dfceb5,351.62813657407406,25,116263.48,4650.5392,107.0,9,107.0,0.36,1,1,1,1,0,1.0,1,1
1918630f-30b2-4054-9d84-6b2d5e56f7f5,287.92453703703706,2,2788.13,1394.065,37.0,2,37.0,1.0,5,4,4,1,5,3.5,5,57
5192127d-6ef1-449b-bf3a-4a04b695749b,383.318599537037,6,34019.26,5669.876666666667,256.0,3,256.0,0.3333333333333333,2,2,1,1,1,1.5,2,2
2e18e74a-88ca-41b8-9699-f36a22d0d01f,411.26652777777775,1,3699.69,3699.69,983.0,1,983.0,1.0,2,2,1,1,1,1.5,2,2
8b0024b2-f827-4ed5-baaa-a83ad33987a8,245.37921296296295,7,18921.73,2703.1042857142857,182.0,1,2555.0,0.14285714285714285,1,1,1,1,0,1.0,1,1
69b8bad6-330a-47b2-b3e0-17cb95418aba,310.93289351851854,3,21090.699999999997,7030.233333333333,372.0,2,372.0,0.6666666666666666,1,1,1,1,0,1.0,1,1
836fa555-9d09-4921-8ba9-2a5273c646f3,315.2399652777778,5,25933.29,5186.658,1720.0,1,1720.0,0.2,1,1,1,1,0,1.0,1,1
10bef59b-f539-4892-b46f-90b6cae2209f,337.602349537037,4,13649.42,3412.355,185.0,2,185.0,0.5,1,1,1,1,0,1.0,1,1
c330ae1b-59fc-40be-a221-d942f2f93d41,201.46936342592593,6,28591.05,4765.175,1463.0,3,1749.0,0.5,1,1,1,1,0,1.0,1,1
6598e8d7-a895-4ee8-827d-60d8c075e84c,504.3240162037037,9,41777.43,4641.9366666666665,482.0,3,482.0,0.3333333333333333,1,1,1,1,0,1.0,1,1
fef8d848-c242-4948-82b0-ab46973119c9,241.2395023148148,5,18443.28,3688.656,1325.0,1,3196.0,0.2,1,1,1,1,0,1.0,1,1
45a26c99-e407-4951-af01-98ff0ac1a31f,248.41780092592592,2,8528.96,4264.48,277.0,1,277.0,0.5,1,1,1,1,0,1.0,1,1
6706430b-28ed-4be1-bb44-d36981385e3f,229.4393287037037,4,10815.62,2703.905,1428.0,3,1428.0,0.75,1,1,1,1,0,1.0,1,1
65b1490a-b294-4637-b640-7d8778116948,504.99953703703704,19,71329.24,3754.1705263157896,166.0,7,166.0,0.3157894736842105,1,1,1,1,0,1.0,1,1
7d49e6d2-0546-4bea-8435-fe371b8398cb,233.2757986111111,1,6557.36,6557.36,3422.0,0,-1.0,0.0,1,1,1,1,0,1.0,1,1
86486de1-61fd-4e34-a762-606676e0270d,497.43686342592594,1,7488.0,7488.0,4013.0,0,-1.0,0.0,1,1,1,1,0,1.0,1,1
33b54a83-3579-41ef-a2bf-453ab21b770d,446.6581018518518,3,8447.52,2815.84,3282.0,1,3282.0,0.3333333333333333,1,1,1,26,25,7.25,26,32
9aa8c0be-3f29-4bce-afd2-091d2d6b5717,532.7204861111111,5,29562.7,5912.54,19.0,0,-1.0,0.0,1,1,1,1,0,1.0,1,1
d7473907-34ab-42b7-a9f5-c0700be74c1a,328.56684027777777,2,3862.79,1931.395,4004.0,3,4004.0,1.0,1,1,1,1,0,1.0,1,1
c84ba3e4-a83a-45d3-a4fb-f0983c2fc584,385.9626736111111,6,35517.3,5919.55,51.0,1,1351.0,0.16666666666666666,1,1,1,1,0,1.0,1,1
85e82dbc-49aa-4d62-90c7-546161cb1bd0,347.9113310185185,4,13608.26,3402.065,1049.0,1,1049.0,0.25,1,1,1,1,0,1.0,1,1
e37c9f29-2ef4-4385-9ea1-8f7be1abf911,306.58252314814814,7,5846.3099999999995,835.1871428571428,2.0,5,2.0,0.7142857142857143,1,1,1,1,0,1.0,1,1
9a908333-d3a0-452f-93d5-0e18e6acd740,277.2739583333333,1,2037.34,2037.34,3504.0,0,-1.0,0.0,1,1,1,1,0,1.0,1,1
30a145d3-d34f-4978-8d1f-b27505816a5b,487.14207175925924,5,21903.4,4380.68,451.0,0,-1.0,0.0,1,1,1,1,0,1.0,1,1
f97f2455-87d3-4a5f-b296-644a928acdd3,445.2338541666667,2,1117.5300000000002,558.7650000000001,209.0,2,209.0,1.0,5,1,5,7,6,4.5,7,8
bab68c2f-9d21-4bb8-804e-18fae4e0d12b,264.1783101851852,23,77686.12,3377.6573913043476,35.0,7,2059.0,0.30434782608695654,1,1,1,1,0,1.0,1,1
5ce1993e-b781-42ef-9e8a-f854e04304d3,197.21028935185186,3,2854.16,951.3866666666667,2.0,1,2.0,0.3333333333333333,1,1,1,1,0,1.0,1,1
8df3cdc6-85fe-484a-849b-5944f59f7d70,199.6516435185185,7,6825.35,975.0500000000001,5.0,4,5.0,0.42857142857142855,1,1,1,1,0,1.0,1,1
7e61c9a5-9b22-42b5-a9c0-a41a8d4eaa5b,293.9858449074074,7,32636.11,4662.301428571429,222.0,5,222.0,0.7142857142857143,1,1,1,1,0,1.0,1,1
06474aac-9e3d-45d4-b908-7292300f8e03,291.50163194444445,4,12417.44,3104.36,1952.0,2,1952.0,0.5,1,1,1,1,0,1.0,1,1
14c03b24-abb5-4277-a7b2-27835c383f09,352.55306712962965,3,2085.65,695.2166666666667,3.0,1,1221.0,0.3333333333333333,1,1,1,1,0,1.0,1,1
47dc9ede-8a16-454c-80b7-f739742904c0,436.74185185185183,2,9234.279999999999,4617.139999999999,2124.0,1,2124.0,0.5,1,1,1,1,0,1.0,1,1
43924fab-e25b-4977-b1db-5674eb68e9a6,359.32453703703703,14,60217.55,4301.253571428571,63.0,3,63.0,0.21428571428571427,1,1,1,26,25,7.25,26,32
f1775916-15b8-402a-88d3-1ff6ba3cd63f,429.6438888888889,2,11106.470000000001,5553.235000000001,53.0,1,1797.0,0.5,1,1,1,1,0,1.0,1,1
224cb6b7-2c2b-4461-bddf-2cf352e82a32,390.5745486111111,1,6022.2,6022.2,809.0,1,809.0,1.0,1,1,1,1,0,1.0,1,1
836c44d9-14e9-432f-b182-0792b5476d15,525.5048611111112,4,14621.41,3655.3525,878.0,0,-1.0,0.0,1,1,1,1,0,1.0,1,1
a07b0541-06dd-4c7d-9d5b-a08a1cc7bc77,218.94186342592593,3,15086.66,5028.886666666666,1772.0,3,1772.0,0.6666666666666666,1,1,1,1,0,1.0,1,1
b46b6665-bdf8-478a-a162-60869241d6a5,238.72790509259258,4,5152.51,1288.1275,5.0,2,11.0,0.5,5,3,1,1,4,2.5,5,5
353acdf5-9df9-4b41-aef1-c72d56957042,381.2427777777778,6,25530.25,4255.041666666667,56.0,2,56.0,0.3333333333333333,1,1,1,1,0,1.0,1,1
c3979c74-4272-4426-a3b3-889f98be03e2,465.9495601851852,2,1642.29,821.145,1034.0,2,1034.0,1.0,1,1,1,1,0,1.0,1,1
a5e17742-70a9-4cf5-b04d-8f8f2f44a6d8,393.1589583333333,1,7173.7,7173.7,1086.0,1,1086.0,1.0,1,1,1,1,0,1.0,1,1
6c67dc75-a8d1-42ab-8347-2e58a1405b8b,301.5123032407407,6,22326.05,3721.008333333333,300.0,1,2070.0,0.16666666666666666,1,1,1,1,0,1.0,1,1
1d2d9daf-c88d-44c0-a0a2-6140d1f483ef,287.9733796296296,5,2676.67,535.3340000000001,3.0,2,3.0,0.4,1,1,1,1,0,1.0,1,1
845c298c-ab81-4e00-ad5a-20c2012b3c6f,537.0185416666667,6,22145.64,3690.94,826.0,2,826.0,0.3333333333333333,1,1,1,1,0,1.0,1,1
f88b2704-f860-42c9-bddc-8d6a18fda3db,535.1477893518519,2,9743.28,4871.64,79.0,1,753.0,0.5,1,1,1,1,0,1.0,1,1
47abeb3f-c2a6-4663-9a26-df3aa0fc95e8,391.652037037037,14,56494.17,4035.297857142857,223.0,6,223.0,0.42857142857142855,1,1,1,26,25,7.25,26,32
58b98e04-0741-435a-94e3-395105ca0758,272.5353587962963,6,4715.889999999999,785.9816666666666,1.0,4,1.0,0.5,1,1,1,1,0,1.0,1,1
ff12e718-7f87-4cad-990d-064c8f0dbb85,201.5255324074074,1,7903.92,7903.92,2367.0,2,2367.0,1.0,1,1,1,1,0,1.0,1,1
84011cba-5fc1-4299-8cef-4f8e1ebc2e17,276.4170833333333,3,10577.550000000001,3525.8500000000004,756.0,1,756.0,0.3333333333333333,1,1,1,1,0,1.0,1,1
46e52a40-7cdd-4d3e-870f-4c270fee09b5,223.5385648148148,3,9458.15,3152.7166666666667,190.0,2,190.0,0.6666666666666666,1,1,1,1,0,1.0,1,1
22d21726-6377-4680-bb24-3d79aa749cdf,239.72790509259258,7,6754.74,964.9628571428572,4.0,6,4.0,0.8571428571428571,5,1,3,1,4,2.5,5,5
0b38e23d-339d-4df4-b1f3-dac24ccecf92,246.9465972222222,7,31534.46,4504.922857142857,430.0,1,430.0,0.14285714285714285,1,1,1,1,0,1.0,1,1
9b9dca66-6b9e-4531-a758-3e5718a2ee02,445.152037037037,7,6348.9,906.9857142857143,3.0,7,3.0,1.0,7,1,3,1,6,3.0,7,32
c9b7fb16-bc58-40a2-9d4c-b48c5ce3a0fa,449.67824074074076,6,30257.32,5042.886666666666,347.0,5,347.0,0.6666666666666666,1,1,1,1,0,1.0,1,1
bbbba6b8-2cda-4447-8fd5-eba029f4c137,290.7783680555556,6,33414.04,5569.006666666667,1819.0,2,2013.0,0.3333333333333333,1,1,1,1,0,1.0,1,1
8c72b71d-31b9-4c56-8b62-57fd2e8073e2,378.8619444444444,1,6435.52,6435.52,3097.0,1,3097.0,1.0,1,1,1,26,25,7.25,26,32
74c2c103-8af9-4edf-8f6e-aaf4a9971c0a,362.74964120370373,4,2577.66,644.415,1.0,3,17.0,0.75,1,1,4,1,3,1.75,4,57
84300923-1fa2-47c8-b1f4-b2a1b9699064,392.78319444444446,5,3275.25,655.05,4.0,1,3002.0,0.2,1,1,1,28,27,7.75,28,57
266d989a-aadc-4a42-96ae-553fd7d56218,534.3183680555555,6,11970.24,1995.04,1376.0,3,1376.0,0.5,1,1,1,1,0,1.0,1,1
21e69d3e-23d5-4f0e-8986-fe81d4242f57,256.037037037037,6,33457.63,5576.2716666666665,911.0,1,911.0,0.16666666666666666,1,1,1,1,0,1.0,1,1
9327cd45-c728-4194-a6fd-1f555fac6043,537.0673611111112,2,5501.139999999999,2750.5699999999997,960.0,1,960.0,0.5,1,1,1,1,0,1.0,1,1
456a1f86-9b89-485e-82c4-b1bfdb4cadab,332.55751157407406,5,26713.29,5342.658,894.0,4,894.0,0.8,1,1,1,1,0,1.0,1,1
9f12e167-c807-4dfd-9e9f-b2fd7e7b0f74,395.7386921296296,13,62423.18,4801.783076923077,51.0,2,315.0,0.15384615384615385,1,1,1,1,0,1.0,1,1
e9cfad39-6915-4505-8bbe-8283306ba4f0,508.5054513888889,4,15588.52,3897.13,725.0,1,725.0,0.25,1,1,1,1,0,1.0,1,1
0acbf64f-212c-42fe-84bf-4193a5db8052,179.92047453703702,7,5424.75,774.9642857142857,3.0,2,222.0,0.2857142857142857,1,1,1,1,0,1.0,1,1
4a39750e-0c20-4b1f-8a98-d49ff8f01095,251.1109375,7,5432.9,776.1285714285714,2.0,3,2.0,0.42857142857142855,1,1,1,1,0,1.0,1,1
317c66be-bbdd-4e28-aaf2-3f525979314d,325.83900462962964,13,56759.909999999996,4366.146923076923,335.0,5,335.0,0.38461538461538464,1,1,1,1,0,1.0,1,1
494e54b1-49d2-4f67-9c7d-855cd3987507,225.42702546296297,4,3758.71,939.6775,24.0,4,24.0,1.0,5,6,5,6,5,5.5,6,6
5d6271ce-37fb-4333-a883-5d7d8601735b,530.4184375,7,5540.51,791.5014285714286,1.0,3,1.0,0.42857142857142855,1,1,1,1,0,1.0,1,1
c1197bff-0815-44f3-b074-35f8e73b5f41,423.66976851851854,5,4283.9,856.78,2.0,1,2.0,0.2,1,1,1,1,0,1.0,1,1
794c89b4-d7b8-4b9e-8bdc-d3f2a3de867b,362.74894675925924,2,2680.63,1340.315,14.0,0,-1.0,0.0,3,1,4,1,4,2.25,4,57
2151fb7a-3e64-4eb9-b213-3323524272ef,354.58862268518516,3,10437.88,3479.293333333333,520.0,3,520.0,0.6666666666666666,1,1,1,1,0,1.0,1,1
a9a4beb9-8d57-402d-bcf9-7e52c29a4cd9,275.86662037037036,7,33601.72,4800.245714285715,197.0,3,197.0,0.42857142857142855,1,1,1,1,0,1.0,1,1
a38b0346-451d-4c27-aa3e-6601325a4a66,308.4030787037037,7,5629.31,804.1871428571429,1.0,3,1.0,0.42857142857142855,1,1,1,1,0,1.0,1,1
d7c92d89-95a5-4fdf-acd8-0b2666550b65,290.1122800925926,16,49359.869999999995,3084.9918749999997,240.0,5,240.0,0.3125,1,1,1,1,0,1.0,1,1
6852ffc9-2538-47ed-a4aa-ccb25895464e,240.66958333333332,5,33748.33,6749.666,125.0,1,125.0,0.2,1,1,1,1,0,1.0,1,1
16f818c0-87c0-4edc-b5e4-6aeaa4dadaf3,355.6943634259259,7,5994.57,856.3671428571428,4.0,0,-1.0,0.0,1,1,1,1,0,1.0,1,1
05a78c4b-e85b-47af-b2c6-b07b4564bd96,323.19378472222223,2,11026.630000000001,5513.3150000000005,1289.0,3,1289.0,1.0,1,1,1,1,0,1.0,1,1
f0df7f8c-39b7-4b75-a7d8-05c84f490a97,266.92538194444444,2,15618.76,7809.38,59.0,2,59.0,1.0,1,1,1,1,0,1.0,1,1
b3edd690-c00a-42f7-aad7-a32984536b8e,388.1685763888889,2,9533.279999999999,4766.639999999999,671.0,2,671.0,1.0,1,1,1,1,0,1.0,1,1
5b767591-8ec1-461d-808d-0092a43b8de4,395.63984953703704,6,37519.24,6253.206666666666,950.0,3,1086.0,0.3333333333333333,1,1,1,1,0,1.0,1,1
7ad0edc6-6473-4be8-a3ef-ba263a248673,418.4467939814815,4,12513.939999999999,3128.4849999999997,91.0,2,91.0,0.25,1,1,1,1,0,1.0,1,1
bf8409f0-3e90-49b8-b6ca-5586c4992739,321.03881944444447,2,10646.58,5323.29,665.0,1,665.0,0.5,1,1,1,1,0,1.0,1,1
bbde09e0-7400-4729-8f56-7b0aec2379cf,239.59350694444444,4,18832.8,4708.2,2932.0,0,-1.0,0.0,1,1,1,1,0,1.0,1,1
cab44b86-92f4-4c40-9c8c-9a6a9f55fdbc,459.1089583333333,17,60970.63,3586.5076470588233,151.0,3,151.0,0.17647058823529413,1,1,1,1,0,1.0,1,1
0cc30830-b853-40e7-9e43-9fb05d1c18d0,436.7918055555556,7,35550.03,5078.575714285714,107.0,2,107.0,0.2857142857142857,1,1,1,1,0,1.0,1,1
89ddde72-f2ba-4199-970f-3021c4e5ca6a,394.91506944444444,3,9173.96,3057.986666666666,487.0,0,-1.0,0.0,1,1,1,1,0,1.0,1,1
49ec697d-9da7-42ff-8361-271cd8fa94d5,231.60689814814816,6,22737.1,3789.5166666666664,81.0,3,81.0,0.5,1,1,1,1,0,1.0,1,1
490ec763-5cb4-4157-aff1-0fd2f3a36b16,297.43354166666666,3,12109.4,4036.4666666666667,343.0,1,3698.0,0.3333333333333333,1,1,1,1,0,1.0,1,1
f12e5a7a-4ee5-4bbb-8dfc-367a5d7837c3,282.54792824074076,2,2452.39,1226.195,1184.0,1,1184.0,0.5,1,1,1,1,0,1.0,1,1
84553880-049c-4772-a270-6edfdeaf4241,537.4863657407408,8,25983.989999999998,3247.9987499999997,57.0,2,57.0,0.25,1,1,1,1,0,1.0,1,1
c3afc4c6-4197-41d0-9741-38aa4c9b79f9,514.0491203703704,9,41884.04,4653.782222222222,437.0,3,1000.0,0.3333333333333333,1,1,1,1,0,1.0,1,1
7c079560-02cd-4f03-ba54-3f0bc5b83d0b,418.47644675925926,1,7536.69,7536.69,2732.0,0,-1.0,0.0,1,1,1,25,24,7.0,25,28
35ac2cf8-48b3-4618-9dcc-c29d13049b98,348.4222222222222,4,23157.67,5789.4175,806.0,2,806.0,0.5,1,1,1,1,0,1.0,1,1
36e6a880-aa58-41bf-8a12-04347bb1fdc2,534.1360300925926,7,29413.08,4201.868571428572,2437.0,3,2437.0,0.42857142857142855,1,1,1,1,0,1.0,1,1
ddaf346c-2b09-45e6-8704-16e92e9e49e2,432.85976851851854,2,8204.72,4102.36,2221.0,0,-1.0,0.0,1,1,1,1,0,1.0,1,1
29375819-bf26-4a11-9f76-c1c4c22238f7,364.5453935185185,23,94660.94,4115.693043478261,14.0,5,14.0,0.21739130434782608,1,1,1,1,0,1.0,1,1
7347298a-d11f-4595-a721-90a830b88dd1,255.80684027777778,4,3430.11,857.5275,10.0,4,10.0,1.0,1,1,1,1,0,1.0,1,1
835c1aef-83d8-4454-9383-7731ef40aa37,397.8217824074074,4,10323.93,2580.9825,554.0,1,784.0,0.25,1,1,1,1,0,1.0,1,1
6522a133-56b3-496c-9a41-0efa324f745c,228.7184375,4,20268.43,5067.1075,936.0,0,-1.0,0.0,1,1,1,1,0,1.0,1,1
c9bbc67b-6482-4f64-a8f5-33735de62998,513.8491782407407,7,33917.21,4845.315714285714,1106.0,5,1106.0,0.5714285714285714,1,1,1,1,0,1.0,1,1
0d3096c3-1d07-4e69-8db6-d343e210c406,240.56431712962964,15,80387.67,5359.178,185.0,4,942.0,0.26666666666666666,1,1,1,1,0,1.0,1,1
6481e545-c5eb-47eb-91f2-c5f84eba5ba4,233.81790509259258,4,4715.43,1178.8575,21.0,4,21.0,1.0,1,1,1,1,0,1.0,1,1
8e878cf9-d048-486e-9df6-604ae4b8049b,320.09784722222224,20,85606.56999999999,4280.3285,129.0,8,267.0,0.35,1,1,1,17,16,5.0,17,57
e97843fc-7bfc-4695-be7c-6f87de33d8ba,480.26208333333335,1,2758.86,2758.86,3590.0,0,-1.0,0.0,1,1,1,1,0,1.0,1,1
e71ea0a6-a375-4c14-8c2c-d422c9660a0f,219.63496527777778,1,1433.99,1433.99,51.0,1,51.0,1.0,1,1,1,1,0,1.0,1,1
c36e8153-fc65-42d7-8b3d-d0640341a7e9,443.58440972222223,16,57521.479999999996,3595.0924999999997,601.0,7,1355.0,0.4375,1,1,1,1,0,1.0,1,1
b69296af-ee80-44e1-b343-dd763c0aacee,446.152037037037,5,5725.85,1145.17,5.0,4,5.0,0.8,7,1,1,1,6,2.5,7,32
08bbeeca-5d14-4279-ae92-6dc9e1535bb6,403.15962962962965,4,9238.16,2309.54,1469.0,1,1469.0,0.25,1,1,1,1,0,1.0,1,1
21b98422-bff2-4f7c-93cc-476e2acfe672,391.8691666666667,18,63830.9,3546.161111111111,83.0,7,461.0,0.3888888888888889,1,1,1,1,0,1.0,1,1
0d638e21-3979-4871-9be9-3b1f64ec1430,530.4956944444444,6,19895.29,3315.8816666666667,1.0,3,1.0,0.5,1,1,1,26,25,7.25,26,32
fd977473-0839-4c5a-bb0d-7c3fb254a9f1,211.8675810185185,4,3410.01,852.5025,1.0,1,1.0,0.25,1,1,1,1,0,1.0,1,1
8dd36ad8-a007-4fc4-91c7-ae13179e387d,330.0772337962963,6,27226.82,4537.803333333333,580.0,3,580.0,0.5,1,1,1,1,0,1.0,1,1
cb482a72-58f4-4004-83c9-1317a0ea4a5b,218.12347222222223,4,4988.71,1247.1775,7.0,4,7.0,1.0,2,1,1,1,1,1.25,2,4
3dc8aa65-28e1-4373-bd6a-3739494447b8,479.4491087962963,2,6902.95,3451.475,334.0,1,334.0,0.5,1,1,1,26,25,7.25,26,32
936017cd-70fa-4402-90fb-acfbad62e4ce,528.0413425925926,2,3337.16,1668.58,39.0,0,-1.0,0.0,1,1,1,28,27,7.75,28,57
17366cc8-2cef-43ad-8718-adc5a64b24eb,459.1842476851852,3,2777.6499999999996,925.8833333333332,5.0,2,5.0,0.6666666666666666,1,1,1,1,0,1.0,1,1
11d5b588-049d-4270-8ca5-e13229b9afa7,420.4478125,3,3174.13,1058.0433333333333,6.0,3,6.0,1.0,1,1,1,1,0,1.0,1,1
8236013b-829a-4f15-90b7-100329b23d91,409.37056712962965,8,6432.219999999999,804.0274999999999,6.0,4,971.0,0.375,1,1,1,1,0,1.0,1,1
65029340-9355-4231-9a1f-9dc4ae63d07a,218.1172222222222,4,4684.610000000001,1171.1525000000001,8.0,3,10.0,0.75,1,3,1,1,2,1.5,3,4
828035a2-b750-4db4-836b-68cdc9fcf970,508.79672453703705,25,87731.48,3509.2592,35.0,11,35.0,0.4,1,1,1,1,0,1.0,1,1
b4cf4446-8e32-4e42-ba14-f49fcb512619,438.36354166666666,4,18345.62,4586.405,445.0,3,445.0,0.5,1,1,1,1,0,1.0,1,1
4459c211-3570-497f-9fd6-cf50ddd5b0ea,222.78048611111112,2,5078.73,2539.365,800.0,3,800.0,1.0,1,1,1,1,0,1.0,1,1
a64d5e41-8313-441f-88c0-32d3a4f42ffd,475.6971875,2,3724.21,1862.105,1217.0,1,1217.0,0.5,1,1,1,1,0,1.0,1,1
6a63b426-5026-4c3d-9630-61ad2f4c1fe2,326.2209722222222,25,100289.45999999999,4011.5784,274.0,7,274.0,0.24,1,1,1,1,0,1.0,1,1
f7b77d74-505f-4c41-98db-6d776fb02bc1,246.09298611111112,2,15565.57,7782.785,80.0,2,80.0,1.0,1,1,1,1,0,1.0,1,1
95451e38-3914-4127-9301-30b1ccaafde7,304.23929398148147,3,14340.11,4780.036666666667,2216.0,3,2216.0,0.6666666666666666,1,1,1,1,0,1.0,1,1
a42f3dee-74f9-4452-9e59-7bfb23ac01d2,251.7839351851852,4,19470.73,4867.6825,398.0,1,398.0,0.25,1,1,1,1,0,1.0,1,1
22dba640-8ac5-4180-a225-fa9d020c6267,383.9013541666667,4,4150.97,1037.7425,2.0,4,2.0,1.0,3,1,1,4,4,2.25,4,5
80d572a5-ac6d-44ee-85ec-b3aa01f44f7c,276.0756712962963,3,15965.400000000001,5321.8,472.0,2,472.0,0.6666666666666666,1,1,1,26,25,7.25,26,33
581e76d2-7850-4233-a4d0-3675bc0d5b7c,477.35059027777777,4,21708.21,5427.0525,173.0,2,173.0,0.25,1,1,1,1,0,1.0,1,1
89777e3b-0445-49cf-8b3c-54319ac01201,263.81659722222224,3,11704.029999999999,3901.343333333333,667.0,1,3138.0,0.3333333333333333,1,1,1,1,0,1.0,1,1
26a5d4d7-2209-49ad-85e0-7eb16f1de0e2,304.08594907407405,5,24428.579999999998,4885.715999999999,331.0,3,331.0,0.6,1,1,1,1,0,1.0,1,1
aa0fe0b3-9a77-488c-bf4c-0cbbf328a5c4,383.68128472222224,5,22344.739999999998,4468.947999999999,785.0,2,785.0,0.4,1,1,1,1,0,1.0,1,1
d24ece72-c84c-45e2-958b-c10971abb405,343.59600694444447,6,4021.56,670.26,4.0,2,436.0,0.3333333333333333,1,1,1,1,0,1.0,1,1
37e69dfb-34db-409d-9f42-db98f11b056e,396.2704166666667,2,8081.22,4040.61,266.0,1,266.0,0.5,1,1,1,1,0,1.0,1,1
f5d48a18-f414-486c-8ad7-7526fe446b1d,380.1826041666667,3,9085.33,3028.443333333333,839.0,2,839.0,0.6666666666666666,1,1,1,1,0,1.0,1,1
0e701c15-ca92-4575-ba6a-b3c71f1d86e9,365.05748842592595,2,5759.12,2879.56,1707.0,0,-1.0,0.0,1,1,1,1,0,1.0,1,1
23287e2b-5f38-48f6-9c1d-10a5037a4af8,256.85770833333333,3,19816.56,6605.52,1285.0,2,1285.0,0.6666666666666666,1,1,1,1,0,1.0,1,1
33ce2c75-3a0f-4801-8572-f853bcd1fc91,475.7533449074074,5,3266.7799999999997,653.356,2.0,2,655.0,0.4,1,1,1,1,0,1.0,1,1
b4096afb-706b-4778-97f1-0e775e89d4ed,453.4997800925926,16,59321.9,3707.61875,55.0,6,55.0,0.375,1,1,1,1,0,1.0,1,1
17b7ee7a-c95b-4703-b070-b5e3bf1c14a3,521.8849189814815,4,13039.4,3259.85,701.0,2,1765.0,0.5,1,1,1,1,0,1.0,1,1
7c2dac74-bfce-450b-8cc7-873d47a1f6fc,268.48243055555554,3,12460.98,4153.66,3019.0,1,3019.0,0.3333333333333333,1,1,1,1,0,1.0,1,1
7663741e-c514-4ea2-bb63-db55517c80d8,525.3138888888889,5,19615.93,3923.186,1605.0,1,2084.0,0.2,1,1,1,28,27,7.75,28,57
92bbbc1b-215e-4c27-ba43-50dfe47d8ebd,363.232962962963,4,13358.04,3339.51,1205.0,1,1781.0,0.25,1,1,1,1,0,1.0,1,1
38c688e0-8f9d-4157-96f5-274bab9398c0,401.7676851851852,5,17833.09,3566.618,73.0,4,73.0,0.6,1,1,1,1,0,1.0,1,1
c4e58faf-e278-46cb-b9a9-1330fd8068fe,500.339375,2,7782.719999999999,3891.3599999999997,120.0,0,-1.0,0.0,1,1,1,1,0,1.0,1,1
b29cf32f-dbd6-4214-bc45-a1a3502c54b4,535.8173263888889,2,5832.02,2916.01,1227.0,0,-1.0,0.0,1,1,1,1,0,1.0,1,1
ce330ecd-11d8-4abb-ba87-4d2de8d78982,202.97001157407408,2,7864.21,3932.105,559.0,2,559.0,0.5,1,1,1,25,24,7.0,25,28
8745fdcf-4fea-4b88-87dc-98bff2d8b4d8,506.43402777777777,3,8932.08,2977.36,156.0,1,156.0,0.3333333333333333,1,1,1,1,0,1.0,1,1
6eef5500-c6e0-4f77-b84d-6fe56d1cc3ed,322.2292361111111,7,6046.53,863.79,2.0,4,2.0,0.5714285714285714,1,1,1,1,0,1.0,1,1
e8b01a60-9de0-4302-bc6b-8de7462bc070,402.69525462962963,3,6245.08,2081.693333333333,77.0,2,77.0,0.6666666666666666,1,1,1,28,27,7.75,28,57
88e7b726-ffda-4a18-b2f1-5cd8ca465cba,220.39248842592593,6,32886.17,5481.028333333333,733.0,2,733.0,0.3333333333333333,1,1,1,25,24,7.0,25,28
187625cb-253e-4ab0-9ab7-6ddb8b644bb6,325.7657523148148,6,27456.9,4576.150000000001,33.0,5,33.0,0.6666666666666666,1,1,1,1,0,1.0,1,1
1a7eb1f1-2006-4b0a-83db-7f6c03bd5930,407.4643981481481,3,8785.44,2928.48,1328.0,3,1328.0,0.6666666666666666,1,1,1,1,0,1.0,1,1
1d277e8d-3318-45ca-8493-212e659515ac,264.7269328703704,3,13877.949999999999,4625.983333333333,571.0,1,3704.0,0.3333333333333333,1,1,1,1,0,1.0,1,1
2e3e6dc8-0797-4c32-acdf-48e24a88716e,511.1657407407407,1,886.15,886.15,12.0,1,12.0,1.0,1,1,1,1,0,1.0,1,1
1eee0293-c23d-4d1c-8cfa-dee0472205bf,252.29304398148147,8,6932.57,866.57125,3.0,2,2684.0,0.25,1,1,1,26,25,7.25,26,32
c210bd5c-bdb4-4062-a3a1-56f171a3279b,247.36280092592594,3,20130.27,6710.09,190.0,0,-1.0,0.0,1,1,1,1,0,1.0,1,1
1baf70aa-25d7-4443-8c75-696a496616c7,478.11898148148146,2,14191.869999999999,7095.9349999999995,227.0,0,-1.0,0.0,1,1,1,1,0,1.0,1,1
93de0889-a0da-494b-9007-e18a2851548b,336.57434027777776,3,14398.119999999999,4799.373333333333,106.0,1,721.0,0.3333333333333333,1,1,1,1,0,1.0,1,1
a85ccead-9ef7-428c-bf0e-681e3715f34f,455.78181712962964,6,25334.08,4222.346666666667,9.0,3,9.0,0.5,1,1,1,1,0,1.0,1,1
352c2ffe-a0a9-47b6-8740-55a3da563603,221.34206018518518,6,11927.0,1987.8333333333333,125.0,4,1127.0,0.5,1,1,1,1,0,1.0,1,1
ebf1e0a6-f664-4d68-9714-193a63e75610,458.75814814814817,4,19179.78,4794.945,234.0,2,234.0,0.5,1,1,1,1,0,1.0,1,1
b29d16fa-a46d-4336-bebf-5b870da6ebd3,323.8791435185185,5,20015.64,4003.1279999999997,202.0,1,202.0,0.2,1,1,1,1,0,1.0,1,1
7986e8f1-01cd-4895-81f7-de8ccb075593,522.9405555555555,23,88854.13,3863.223043478261,19.0,4,19.0,0.17391304347826086,1,1,1,1,0,1.0,1,1
93e6cf2a-cbd6-464c-956b-cc69f35fa056,250.6070949074074,2,13234.57,6617.285,2573.0,1,2573.0,0.5,1,1,1,1,0,1.0,1,1
77411b51-42de-4bae-8770-42a4f8d1e6bd,459.04109953703704,4,19511.16,4877.79,77.0,1,77.0,0.25,1,1,1,1,0,1.0,1,1
cbec3064-43ac-4732-bc79-0268e7eb5ab1,362.7447800925926,3,2924.75,974.9166666666666,15.0,2,15.0,0.6666666666666666,1,1,4,17,19,5.75,17,57
4ccd0bfc-af5c-45ee-86b0-650f9c65d869,301.25388888888887,4,15678.460000000001,3919.6150000000002,1089.0,3,1089.0,0.75,1,1,1,1,0,1.0,1,1
6d666457-5d2d-44f2-8c58-aa491b15258f,239.72790509259258,4,4099.23,1024.8075,10.0,2,88.0,0.5,5,3,3,1,4,3.0,5,5
8d2f8c53-52ef-4237-b8a3-2cf115406f21,241.88980324074075,8,5869.860000000001,733.7325000000001,6.0,3,6.0,0.25,1,1,1,1,0,1.0,1,1
f4c7a7a9-9e25-41b1-b57e-3dd7f72c600a,536.5041550925926,16,69754.78,4359.67375,109.0,3,109.0,0.1875,1,1,1,26,25,7.25,26,33
5cb37502-38eb-4f23-9979-c9e723e7c888,397.1431597222222,4,21242.58,5310.645,1092.0,2,1092.0,0.5,1,1,1,1,0,1.0,1,1
8048e640-af57-47aa-a8a2-bf8cdc10d3f5,286.7552430555556,4,6919.87,1729.9675,1077.0,2,1077.0,0.5,1,1,1,1,0,1.0,1,1
5f2a89f0-11f8-48db-97c9-ccdc9fafefac,510.6794560185185,6,29428.61,4904.768333333333,563.0,4,998.0,0.5,1,1,1,1,0,1.0,1,1
7e141f77-984f-47b1-8e7d-6282d066f2c0,477.9957175925926,4,25483.190000000002,6370.797500000001,213.0,2,2021.0,0.25,1,1,1,1,0,1.0,1,1
c72d5620-6cda-4efe-b63a-746ef99c91db,307.85017361111113,6,21562.38,3593.73,251.0,2,871.0,0.3333333333333333,1,1,1,28,27,7.75,28,57
2de4e048-4001-40ed-ba5c-60d0d7cb8217,259.3712962962963,3,10602.939999999999,3534.313333333333,904.0,1,904.0,0.3333333333333333,1,1,1,1,0,1.0,1,1
63b4b3a1-ec09-40a7-aa5f-e1c483e0381a,190.46765046296295,3,6640.460000000001,2213.486666666667,1785.0,1,1785.0,0.3333333333333333,1,1,1,1,0,1.0,1,1
2a6c71c2-7c8e-439a-a550-4ab7dbe3d99c,233.52623842592592,2,1760.9499999999998,880.4749999999999,5.0,1,5.0,0.5,1,1,1,1,0,1.0,1,1
f6fe17ab-01fe-43a4-be18-fa1d0b3bbebe,337.68289351851854,4,22340.36,5585.09,95.0,1,95.0,0.25,1,1,1,1,0,1.0,1,1
42e425ae-1704-4606-b001-518dbc1a3541,398.615474537037,5,3725.95,745.1899999999999,5.0,1,3728.0,0.2,1,1,1,1,0,1.0,1,1
0a822553-f2fd-4cef-8aa7-b37fed1e287d,367.17730324074074,4,3756.8999999999996,939.2249999999999,322.0,3,322.0,0.5,1,1,1,1,0,1.0,1,1
5d7dc62b-4b58-4def-ad5f-61071420374a,515.7311689814815,4,22994.989999999998,5748.7474999999995,695.0,2,695.0,0.5,1,1,1,1,0,1.0,1,1
7d93386c-17bc-42db-bb8c-9aac5eece92a,429.54363425925925,7,29891.13,4270.161428571429,1119.0,0,-1.0,0.0,1,1,1,17,16,5.0,17,57
45cc80ac-d8e8-469f-b1ff-02d4b3994465,339.5462268518518,7,24836.84,3548.12,897.0,4,897.0,0.42857142857142855,1,1,1,1,0,1.0,1,1
23be2d61-8d00-46cc-9f3e-7b0f5afb06c9,220.6353587962963,2,1271.1399999999999,635.5699999999999,12.0,2,12.0,1.0,5,6,1,6,5,4.5,6,6
54fdf171-0184-4a6a-9708-36c969061108,205.84091435185186,6,26363.43,4393.905,363.0,2,363.0,0.3333333333333333,1,1,1,17,16,5.0,17,57
21e63b1c-840c-4ffd-8725-14571fd9fd3f,504.49627314814813,3,14259.19,4753.0633333333335,2524.0,4,2524.0,1.0,1,1,1,1,0,1.0,1,1
d096f2a0-e863-4486-ae66-8e22c341b89d,283.75787037037037,1,1290.25,1290.25,19.0,1,19.0,1.0,5,4,4,1,5,3.5,5,57
e95079af-47d0-4dff-9173-3a8b157ffad2,191.821875,5,21518.66,4303.732,124.0,3,124.0,0.6,1,1,1,1,0,1.0,1,1
967a1175-2a96-4dfe-b80b-16ad557d94d1,493.8711921296296,7,5369.21,767.03,1.0,6,1.0,0.7142857142857143,1,1,1,1,0,1.0,1,1
9e452e24-5f4c-447d-9762-c010164d3e6f,302.5193287037037,4,16473.489999999998,4118.3724999999995,600.0,2,600.0,0.5,1,1,1,1,0,1.0,1,1
3347b2db-291b-425c-bb01-7df3e2fc5364,224.41725694444443,3,5255.88,1751.96,1422.0,2,1422.0,0.6666666666666666,1,1,1,1,0,1.0,1,1
202c8708-6e53-4d9c-9a20-2d46a9981f5b,235.62449074074075,5,18776.920000000002,3755.3840000000005,1158.0,5,1158.0,0.8,1,1,1,1,0,1.0,1,1
d3cfc315-459a-4081-b579-4f5e4963ee03,322.9991782407407,2,4296.73,2148.365,686.0,1,2580.0,0.5,1,1,1,1,0,1.0,1,1
8e12c0b0-d2e4-449b-a721-b82da23dc310,239.73667824074073,4,20353.36,5088.34,104.0,2,104.0,0.25,1,1,1,1,0,1.0,1,1
defa0e13-639d-48f5-88d7-10c1dc301e81,417.5542476851852,2,8554.69,4277.345,217.0,1,217.0,0.5,1,1,1,1,0,1.0,1,1
58fa1ec9-02b3-4d41-bd1b-b44fa2f7949d,386.4203356481481,7,5399.23,771.3185714285713,2.0,5,2.0,0.5714285714285714,1,1,1,1,0,1.0,1,1
32ef6f18-9283-4951-aab9-86b6cf3349c0,254.16475694444443,4,24082.34,6020.585,1911.0,3,1911.0,0.5,1,1,1,1,0,1.0,1,1
1651dabb-fc5e-469a-96c2-84ab1131589f,471.8633449074074,4,9617.73,2404.4325,796.0,4,796.0,0.75,1,1,1,1,0,1.0,1,1
4729569c-3d51-4f8e-b145-6fe2caf29e94,223.9554513888889,2,8655.98,4327.99,215.0,1,215.0,0.5,1,1,1,1,0,1.0,1,1
9078cc6d-38f6-4531-9cae-067319684eee,467.3838425925926,3,11858.57,3952.8566666666666,996.0,1,996.0,0.3333333333333333,1,1,1,28,27,7.75,28,57
73218400-dc10-405c-a3bb-66b1a6fb43cb,380.2615856481481,5,29408.38,5881.676,1136.0,4,1136.0,0.6,1,1,1,1,0,1.0,1,1
14d1e3c7-6a61-419a-975b-ce590a7bcb2e,332.85552083333334,3,15969.93,5323.31,520.0,1,520.0,0.3333333333333333,1,1,1,1,0,1.0,1,1
6798e62a-2d99-4632-a9ac-5531dca4c308,396.38122685185186,6,15383.8,2563.9666666666667,885.0,1,3245.0,0.16666666666666666,1,1,1,1,0,1.0,1,1
fc730b0d-1c51-47d6-906c-45fa5f52d47d,391.176875,1,4317.46,4317.46,2457.0,1,2457.0,1.0,1,1,1,1,0,1.0,1,1
15d3f16a-8181-4dee-bf69-5c2f473fe625,442.2406365740741,4,12925.5,3231.375,409.0,2,409.0,0.5,1,1,1,1,0,1.0,1,1
87d2eaea-ce41-4012-b3af-0f86bfdb3e7a,524.3089467592592,3,14950.630000000001,4983.543333333334,1262.0,1,1262.0,0.3333333333333333,1,1,1,1,0,1.0,1,1
62060e74-e548-4e73-969a-5d6a39464fb1,450.2556828703704,1,6241.77,6241.77,3201.0,1,3201.0,1.0,1,1,1,1,0,1.0,1,1
1cf4016a-3f5f-4f91-af31-060380a9a531,320.53243055555555,3,17737.03,5912.343333333333,938.0,3,938.0,0.6666666666666666,1,1,1,1,0,1.0,1,1
615d2de6-c731-4a44-b697-7ae0fa23f31d,239.2809259259259,3,13450.8,4483.599999999999,1783.0,0,-1.0,0.0,1,1,1,1,0,1.0,1,1
0ff27b43-694f-40c3-8b06-e3311cc825a2,291.715150462963,5,14843.14,2968.6279999999997,646.0,2,1506.0,0.4,1,1,1,1,0,1.0,1,1
946c58ef-9a78-4772-8096-77660f1a6c39,298.29144675925926,3,9593.76,3197.92,2226.0,2,2226.0,0.6666666666666666,1,1,1,1,0,1.0,1,1
34d42ee3-65df-42d7-a0d8-4d2ad916822b,437.385,2,10251.23,5125.615,251.0,1,251.0,0.5,1,1,1,1,0,1.0,1,1
29c1aab5-32e8-44fc-a900-e15bb0a5b481,249.65931712962964,2,5165.1900000000005,2582.5950000000003,2019.0,2,2019.0,1.0,1,1,1,1,0,1.0,1,1
aa6a844e-85e3-4167-9b76-c46d59d68312,326.9871527777778,1,2949.18,2949.18,1547.0,0,-1.0,0.0,1,1,1,1,0,1.0,1,1
b9df298c-17d9-4056-ba1d-2afad85f34f6,258.54545138888886,3,14256.77,4752.256666666667,990.0,0,-1.0,0.0,1,1,1,1,0,1.0,1,1
bf55687b-b446-4c41-bd40-939c7911e664,504.00005787037037,5,3898.43,779.6859999999999,5.0,1,1630.0,0.2,1,1,1,1,0,1.0,1,1
6b7cf6e8-efcc-4d42-89c5-492246e51933,259.6067476851852,5,14120.14,2824.028,1092.0,1,3275.0,0.2,1,1,1,1,0,1.0,1,1
1852c6d3-3a42-4630-a9c4-120b30e41f70,202.82597222222222,4,19295.18,4823.795,247.0,1,247.0,0.25,1,1,1,1,0,1.0,1,1
c7b6f260-7c64-4070-ab97-ccfe79726bd7,317.2107291666667,6,25049.33,4174.888333333333,1450.0,3,1450.0,0.5,1,1,1,1,0,1.0,1,1
26cb4595-4051-4892-8c24-c3589038874d,240.09368055555555,6,33420.64,5570.106666666667,137.0,2,137.0,0.3333333333333333,1,1,1,1,0,1.0,1,1
a71d2778-8d38-4b24-b1eb-480f32c8efb9,274.6917013888889,4,18149.64,4537.41,1434.0,2,1434.0,0.5,1,1,1,1,0,1.0,1,1
4f698377-f10f-4a4d-ba88-1241e93f2eda,369.5585185185185,21,88970.54,4236.6923809523805,186.0,4,233.0,0.19047619047619047,1,1,1,1,0,1.0,1,1
4bf3686b-b887-49d0-b120-29ba0b7fa53a,531.7830555555555,6,4336.28,722.7133333333333,2.0,4,2.0,0.6666666666666666,1,1,1,1,0,1.0,1,1
22f058f9-5cc5-4297-96f0-b189798adb31,517.273125,5,22107.93,4421.586,537.0,2,537.0,0.4,1,1,1,1,0,1.0,1,1
ab7635e5-15cb-4c91-bddf-b3d0fae19e10,189.58846064814816,2,8790.6,4395.3,2687.0,3,2687.0,1.0,1,1,1,1,0,1.0,1,1
3b64e18b-1520-4edb-9cb5-7c34d1c49db5,533.4824884259259,4,13447.47,3361.8675,1366.0,2,1366.0,0.5,1,1,1,1,0,1.0,1,1
f9e160b6-651f-4be3-b19b-fba0b2bd231b,506.52135416666664,5,23458.11,4691.622,268.0,1,268.0,0.2,1,1,1,1,0,1.0,1,1
50ed1ed2-ac5f-4fdd-a88c-aa47a4cdcb12,420.3228125,1,1193.07,1193.07,8.0,1,8.0,1.0,1,1,1,28,27,7.75,28,57
f85ce606-ebe9-47fa-b09b-9e4085193e28,251.05145833333333,4,14630.02,3657.505,231.0,2,545.0,0.5,1,1,1,1,0,1.0,1,1
704df5e1-a6ec-484f-b497-d68a8d17b8b9,401.09428240740743,3,11204.2,3734.7333333333336,1541.0,2,1541.0,0.6666666666666666,1,1,1,28,27,7.75,28,57
6e3bd814-d845-49d8-bf7f-dc986ac8a824,454.1860648148148,3,7116.960000000001,2372.32,945.0,2,1507.0,0.6666666666666666,1,1,1,1,0,1.0,1,1
386912e9-971c-4157-bd82-e838f93af731,175.89208333333335,4,12505.66,3126.415,339.0,2,339.0,0.5,1,1,1,1,0,1.0,1,1
0b478ecc-962b-465b-b86d-2ec3e72dcac7,197.15159722222222,4,20319.809999999998,5079.952499999999,1461.0,1,3473.0,0.25,1,1,1,1,0,1.0,1,1
ad19e907-2e6d-4002-af6b-481dfed31b5a,488.0696527777778,5,21493.12,4298.624,1372.0,2,1404.0,0.4,1,1,1,1,0,1.0,1,1
3a562e26-027b-494e-bfcd-fdf13b72dbb4,294.3682523148148,1,5423.38,5423.38,2843.0,1,2843.0,1.0,1,1,1,1,0,1.0,1,1
5724a843-c287-4811-9e16-767371919708,241.90667824074075,3,10488.63,3496.2099999999996,1494.0,1,4051.0,0.3333333333333333,1,1,1,1,0,1.0,1,1
70e39f57-7b22-4cd0-bb01-101215690d57,304.50001157407405,8,7007.4,875.925,4.0,3,4.0,0.25,1,1,1,1,0,1.0,1,1
6fe4e6b8-9045-44e5-8de0-d3b59f421178,468.8328240740741,11,42612.45,3873.859090909091,917.0,7,917.0,0.5454545454545454,1,1,1,1,0,1.0,1,1
6ca4576f-565b-4b1f-9ec8-512b32091364,303.2938310185185,5,22627.4,4525.4800000000005,413.0,2,413.0,0.4,1,1,1,1,0,1.0,1,1
15079ce6-bbeb-406b-9923-a61ed1abbf08,412.76563657407405,3,17181.75,5727.25,248.0,2,248.0,0.3333333333333333,1,1,1,1,0,1.0,1,1
5d9acca1-fa72-4f76-9032-bfdd358a3a19,180.5655324074074,7,6581.0,940.1428571428571,1.0,1,1.0,0.14285714285714285,1,1,1,1,0,1.0,1,1
47e2c7a3-0382-4585-8735-bbd61052285b,379.59041666666667,14,57735.29,4123.949285714286,485.0,5,485.0,0.35714285714285715,1,1,1,1,0,1.0,1,1
350a03e1-b7f1-4524-a5f4-c591cbd675fe,408.0458564814815,5,22923.32,4584.664,1480.0,2,2642.0,0.4,1,1,1,26,25,7.25,26,32
3b0b52ec-8fe5-438e-a526-267bcd6f5dfc,180.29966435185185,4,22237.620000000003,5559.405000000001,1839.0,1,3741.0,0.25,1,1,1,1,0,1.0,1,1
19446c44-4f49-4f09-8daa-358aeba175de,467.84680555555553,3,14016.68,4672.2266666666665,2348.0,0,-1.0,0.0,1,1,1,1,0,1.0,1,1
c49d6b84-dcc4-4b48-abfd-8c1fb43f6647,255.59850694444444,2,2856.02,1428.01,3.0,2,3.0,1.0,1,1,1,1,0,1.0,1,1
6ca2fb58-dba8-49dc-922a-cb97711077c4,277.80662037037035,8,29367.35,3670.91875,384.0,2,384.0,0.25,1,1,1,1,0,1.0,1,1
efceede7-f82d-4624-82f4-999503726143,243.0626851851852,4,13637.27,3409.3175,1180.0,1,1180.0,0.25,1,1,1,1,0,1.0,1,1
056f08fc-dc7d-41f0-aa44-fe5c739b36b4,534.6924305555556,4,3585.33,896.3325,5.0,1,5.0,0.25,1,1,1,28,27,7.75,28,57
41236585-5180-468d-bbd0-0eaab2d66728,357.80199074074073,6,23429.02,3904.8366666666666,873.0,3,896.0,0.5,1,1,1,1,0,1.0,1,1
871717e8-e480-44c3-bb23-1b6fb5603be1,233.90123842592592,2,1099.81,549.905,9.0,2,9.0,1.0,1,1,1,1,0,1.0,1,1
d1d426a1-cc9f-41bc-9549-0cb5dba0edf2,268.91417824074074,2,4461.860000000001,2230.9300000000003,563.0,1,563.0,0.5,1,1,1,1,0,1.0,1,1
644f8f1c-e0c9-4116-b831-4a05d13b1a8a,500.642650462963,3,18293.91,6097.97,2446.0,1,2446.0,0.3333333333333333,1,1,1,1,0,1.0,1,1
9d85b8df-f1b0-49d3-88ab-9ed5703e575e,459.74587962962966,3,5477.15,1825.7166666666665,940.0,1,940.0,0.3333333333333333,1,1,1,1,0,1.0,1,1
97181179-6e2a-4b5d-9a5a-d494acc27b14,472.1983564814815,2,4699.15,2349.575,112.0,1,112.0,0.5,1,1,1,1,0,1.0,1,1
da871e4b-b06f-43cd-b7fe-f8618cbe1435,433.58115740740743,4,3719.1,929.775,103.0,2,130.0,0.5,4,4,1,1,3,2.5,4,33
13a4e99f-5f84-4567-befa-420a4117cfc8,209.53737268518518,5,15383.02,3076.6040000000003,252.0,2,252.0,0.4,1,1,1,1,0,1.0,1,1
5d58eed9-4243-4f2b-b969-d470d5ab4b44,328.9144097222222,2,1201.99,600.995,3488.0,3,3488.0,1.0,1,1,1,28,27,7.75,28,57
e9f93ec3-693a-4e8e-a225-e2614f1e685b,487.88747685185183,8,41790.91,5223.86375,323.0,2,323.0,0.25,1,1,1,1,0,1.0,1,1
8e25c700-6690-44b3-9f0a-72f7637b9ba1,537.732025462963,13,54042.92,4157.1476923076925,183.0,3,547.0,0.23076923076923078,1,1,1,1,0,1.0,1,1
ddf94ee3-cc42-443b-aeb6-987306d5e804,206.87885416666666,7,26148.31,3735.4728571428573,1540.0,5,1540.0,0.7142857142857143,1,1,1,1,0,1.0,1,1
c3f051e2-5e71-4ac2-b8fb-f39be9a1f165,364.2879398148148,7,7032.76,1004.6800000000001,2.0,3,2.0,0.42857142857142855,1,1,1,1,0,1.0,1,1
2ee0ef78-146a-49d2-95b2-d9b8cccadbe2,383.92079861111114,3,2705.58,901.86,1.0,1,1.0,0.3333333333333333,3,1,1,4,4,2.25,4,5
e4ba540d-6116-4ea8-9c10-46ae1a7b13b5,472.80425925925925,3,10363.93,3454.6433333333334,582.0,1,726.0,0.3333333333333333,1,1,1,1,0,1.0,1,1
6ed7c62d-5e34-4d63-bf24-5ace33566338,448.2079282407407,2,7269.63,3634.815,2635.0,1,2635.0,0.5,1,1,1,1,0,1.0,1,1
0e8387c4-bcda-4715-a3d1-ad86668e042e,438.6240625,25,83108.87,3324.3547999999996,207.0,5,462.0,0.2,1,1,1,1,0,1.0,1,1
e21f7403-74d3-452a-ab51-ad29f072f15a,229.0287847222222,1,761.95,761.95,4308.0,0,-1.0,0.0,1,1,1,1,0,1.0,1,1
a8d2b045-c136-4eed-87fd-a7e6330710c4,380.904375,5,24416.45,4883.29,688.0,3,850.0,0.6,1,1,1,1,0,1.0,1,1
92b1ddce-d162-4517-8215-9a5e0b96341f,383.95135416666665,4,3333.35,833.3375,14.0,3,14.0,0.75,1,1,1,4,3,1.75,4,5
0eec22af-4441-4ccb-b4e8-a0f71d9373df,391.9531597222222,4,11345.71,2836.4275,1665.0,1,1665.0,0.25,1,1,1,1,0,1.0,1,1
370829e0-c7f2-475e-9822-cb8e6fcb38ca,302.17668981481484,5,21478.36,4295.6720000000005,743.0,2,743.0,0.4,1,1,1,26,25,7.25,26,33
9c9f1f16-88dd-4ed4-aedd-09f5d6441820,268.7430787037037,6,22724.84,3787.4733333333334,1500.0,3,1500.0,0.5,1,1,1,1,0,1.0,1,1
7c883f2b-7262-4cef-833d-9f9b04fed361,411.1224074074074,2,9819.19,4909.595,845.0,0,-1.0,0.0,1,1,1,1,0,1.0,1,1
f125be9a-b00d-49ff-842c-791e3d8b6feb,295.7101736111111,12,47195.22,3932.935,7.0,6,7.0,0.5,1,1,1,1,0,1.0,1,1
b9a28327-02f3-492a-a88a-ed876ab41df3,216.626875,2,5652.73,2826.365,2328.0,1,2328.0,0.5,1,1,1,1,0,1.0,1,1
b702515b-c691-434e-9090-078e745385c1,350.74967592592594,3,11923.460000000001,3974.486666666667,2731.0,1,2731.0,0.3333333333333333,1,1,1,1,0,1.0,1,1
507c6781-fd97-4165-9b6b-3fa355f30d7c,347.54616898148146,7,24771.45,3538.7785714285715,2240.0,2,2240.0,0.2857142857142857,1,1,1,1,0,1.0,1,1
02d70a5e-e6ff-47ed-813f-7eac1a1e95cd,473.2571643518518,4,4651.91,1162.9775,571.0,0,-1.0,0.0,1,1,1,1,0,1.0,1,1
a57e0ac9-ca60-4ae1-a2a3-a42cc6ba0fed,238.60372685185186,4,22018.07,5504.5175,411.0,2,411.0,0.5,1,1,1,1,0,1.0,1,1
4f211a73-8d00-4e33-aff4-c1672dd1387f,380.60045138888887,3,3836.5,1278.8333333333333,136.0,2,136.0,0.6666666666666666,1,1,1,1,0,1.0,1,1
15cecd1d-605c-425c-bd7e-96aebd80d146,400.06902777777776,14,72261.93,5161.566428571428,154.0,4,154.0,0.2857142857142857,1,1,1,1,0,1.0,1,1
86f6c009-c684-4c92-9b4e-9a712ea3650c,442.99055555555555,7,27023.88,3860.554285714286,908.0,3,908.0,0.42857142857142855,1,1,1,1,0,1.0,1,1
31a7b329-6e78-4c7f-9338-b21a2a828283,463.43016203703706,2,7140.6,3570.3,158.0,1,158.0,0.5,1,1,1,1,0,1.0,1,1
0b8dbe50-9904-4759-b3ff-9665fde93f8f,456.6673263888889,6,5028.68,838.1133333333333,4.0,3,4.0,0.3333333333333333,1,1,1,1,0,1.0,1,1
e15ac8da-4b46-46dd-917a-a4d1ed56ae59,209.8689699074074,4,14547.28,3636.82,2.0,2,2.0,0.5,1,1,1,1,0,1.0,1,1
e876f454-9aad-4827-86ca-2ccc8dd79a46,205.77265046296296,2,6642.9,3321.45,2036.0,2,2036.0,0.5,1,1,1,1,0,1.0,1,1
4b51660f-cd48-446a-a188-75ad69cd8726,357.8342013888889,3,16025.4,5341.8,1495.0,3,1495.0,0.6666666666666666,1,1,1,1,0,1.0,1,1
7451733d-524f-4146-a58d-73b81e9a6004,425.74394675925925,5,17918.89,3583.778,1351.0,1,1351.0,0.2,1,1,1,1,0,1.0,1,1
636c0d52-c7af-4d2c-b67a-2b4f780b6851,267.2491087962963,6,23547.899999999998,3924.6499999999996,52.0,3,2442.0,0.3333333333333333,1,1,1,1,0,1.0,1,1
dee2f3b0-32f8-4956-adf6-696712543cfe,195.76113425925925,9,40601.28,4511.253333333333,196.0,3,196.0,0.3333333333333333,1,1,1,1,0,1.0,1,1
979ac4ed-6892-44cf-8c49-d71381078e22,288.55604166666666,20,90299.17,4514.9585,244.0,6,244.0,0.3,1,1,1,1,0,1.0,1,1
9528b8ee-46d4-44bf-a67e-e9e84c64f4ca,358.0240277777778,3,14938.560000000001,4979.52,2416.0,2,2416.0,0.6666666666666666,1,1,1,1,0,1.0,1,1
4217da9c-b949-4169-9668-9da1680b6e3a,482.1698958333333,3,13722.8,4574.266666666666,1938.0,1,2514.0,0.3333333333333333,1,1,1,1,0,1.0,1,1
ee2a3d88-7ba2-4bf7-bd86-883c01a71dd0,315.87097222222224,5,27305.42,5461.084,1413.0,0,-1.0,0.0,1,1,1,1,0,1.0,1,1
eda3bc8d-07a1-44a9-846c-707aaf35768d,430.17452546296295,1,1943.29,1943.29,327.0,0,-1.0,0.0,1,1,1,1,0,1.0,1,1
5b701456-15a3-42b4-802e-4649e4d89bb5,322.16917824074073,5,16255.84,3251.168,703.0,1,703.0,0.2,1,1,1,1,0,1.0,1,1
01a71a5a-4de3-4583-a054-f878d1a8b273,538.9498148148148,4,9416.71,2354.1775,744.0,0,-1.0,0.0,1,1,1,1,0,1.0,1,1
c79dfa29-0321-4c8a-a837-2da04f3fa357,214.05334490740742,7,33000.61,4714.372857142857,530.0,5,530.0,0.5714285714285714,1,1,1,1,0,1.0,1,1
f6c201f9-d101-4aef-9463-ade421d3f507,277.67221064814817,3,14148.43,4716.143333333333,230.0,1,230.0,0.3333333333333333,1,1,1,1,0,1.0,1,1
038cf710-4cdf-4e7e-a28a-72a48242ed86,430.0703125,3,16809.62,5603.206666666666,1934.0,0,-1.0,0.0,1,1,1,1,0,1.0,1,1
54c6e08f-6d02-4fa8-9d98-fc515b0b38d8,484.83358796296295,4,20594.370000000003,5148.592500000001,649.0,1,1951.0,0.25,1,1,1,1,0,1.0,1,1
ce17b804-7ccc-4e2d-af48-2cb48aa4366f,217.39061342592592,7,17954.83,2564.9757142857147,472.0,3,472.0,0.2857142857142857,1,1,1,1,0,1.0,1,1
02bebb1d-ff4a-4c70-8ec6-bf57e3468dfc,378.60993055555554,1,1073.36,1073.36,1841.0,0,-1.0,0.0,1,1,1,26,25,7.25,26,33
1c85065d-41e5-4b63-b730-3c74e2a4030e,341.57224537037035,5,23435.510000000002,4687.102000000001,490.0,1,1613.0,0.2,1,1,1,1,0,1.0,1,1
854be131-ac1e-42b1-a9a8-327c075e27b8,427.34644675925927,5,18903.07,3780.614,1192.0,2,1674.0,0.4,1,1,1,17,16,5.0,17,57
59be74cc-9590-427e-bbe4-0df79b6fcdb8,487.4316666666667,4,20824.45,5206.1125,708.0,2,708.0,0.5,1,1,1,1,0,1.0,1,1
e21514d5-961e-49a4-a94b-5caa89e184a9,378.5363425925926,5,18530.07,3706.014,85.0,6,85.0,0.8,1,1,1,1,0,1.0,1,1
a6f69a6e-3d22-4cbc-8ca0-1003434aec44,354.357962962963,2,1359.06,679.53,16.0,2,16.0,1.0,1,1,1,1,0,1.0,1,1
73d63675-674f-4f13-8747-9b81dbab699d,310.25077546296296,5,14241.64,2848.328,103.0,1,873.0,0.2,1,1,1,25,24,7.0,25,28
74c7d71f-aaff-419e-9a6e-f9dd0bd44476,484.08883101851853,2,11222.43,5611.215,3940.0,1,3940.0,0.5,1,1,1,1,0,1.0,1,1
2ef3f5bc-ce36-4e70-a952-924b7a21ed54,538.9363657407407,6,30464.739999999998,5077.456666666666,122.0,1,122.0,0.16666666666666666,1,1,1,1,0,1.0,1,1
86e27346-e9df-444d-98f4-dab27c59de92,496.7927199074074,7,31080.920000000002,4440.131428571429,118.0,7,118.0,0.8571428571428571,1,1,1,1,0,1.0,1,1
72e24d83-3cf0-4e92-9121-46514e3783ab,307.44939814814813,8,5987.23,748.40375,2.0,4,2.0,0.5,1,1,1,1,0,1.0,1,1
65920fed-b663-4b69-ae98-c5ccd65bd7b8,494.31792824074074,1,507.13,507.13,2777.0,1,2777.0,1.0,1,1,1,1,0,1.0,1,1
a6420e82-ea02-4600-9e4a-27999fc61cbb,310.06677083333335,5,23528.11,4705.622,141.0,2,141.0,0.4,1,1,1,1,0,1.0,1,1
fc272cc6-3475-436b-be3f-cb163c87a9ce,501.93542824074075,6,4537.17,756.195,1.0,3,1.0,0.3333333333333333,1,1,1,1,0,1.0,1,1
7681a398-f363-4516-b3fe-03fb6a6cb67c,462.1950347222222,6,5396.46,899.41,3.0,4,3.0,0.6666666666666666,1,1,1,1,0,1.0,1,1
37239162-f06e-45d0-baff-4b426f4ed0c0,471.9283796296296,3,2717.49,905.8299999999999,5.0,0,-1.0,0.0,1,1,1,1,0,1.0,1,1
81422a2b-7c5a-4d7f-9258-8bd10b80ae6f,420.5728125,3,3101.8500000000004,1033.95,4.0,3,4.0,1.0,1,1,1,1,0,1.0,1,1
ce7c3274-bcb2-4914-8c16-29be39454e62,405.12724537037036,3,13347.92,4449.306666666666,165.0,3,165.0,0.6666666666666666,1,1,1,1,0,1.0,1,1
5fbe58f7-5030-42bd-abce-e1be15af1116,496.16130787037036,8,6977.47,872.18375,2.0,4,2.0,0.375,1,1,1,1,0,1.0,1,1
4b81c72a-2592-45f9-a27c-2dbf6ce1873b,415.4015162037037,11,35494.17,3226.7427272727273,21.0,4,21.0,0.2727272727272727,1,1,1,1,0,1.0,1,1
8f02cf95-ff9f-47a1-8da5-15b5812192af,457.4770833333333,4,17462.04,4365.51,886.0,2,1528.0,0.5,1,1,1,25,24,7.0,25,28
e8118e91-8b4d-4057-8219-0275fbfb292c,446.152037037037,7,6094.18,870.5971428571429,8.0,7,8.0,1.0,7,1,3,26,31,9.25,26,32
7090652d-2cd6-48bb-bb55-c60ef3d94038,316.59383101851853,2,9313.48,4656.74,518.0,2,518.0,0.5,1,1,1,1,0,1.0,1,1
30ff24f6-3d23-4cac-a982-0c7923a6bf4e,287.13287037037037,4,2957.96,739.49,24.0,3,24.0,0.75,5,4,4,17,21,7.5,17,57
624895d1-7f01-4fc5-99a3-beda5de75b31,371.24032407407407,1,7788.07,7788.07,1088.0,1,1088.0,1.0,1,1,1,1,0,1.0,1,1
d6307b49-fb9b-41f6-8159-b20fdd88c9df,424.8939236111111,3,10230.43,3410.1433333333334,345.0,2,345.0,0.6666666666666666,1,1,1,1,0,1.0,1,1
1a2a520f-06f4-45da-820e-8aeb3af3bec5,307.6700578703704,4,17645.65,4411.4125,572.0,0,-1.0,0.0,1,1,1,1,0,1.0,1,1
f375fe9a-9df3-4fce-9f33-4dcb6c993b7f,333.43836805555554,3,15161.650000000001,5053.883333333334,523.0,1,2379.0,0.3333333333333333,1,1,1,1,0,1.0,1,1
bdb21386-164b-4ca6-8edc-a8f82d0cf886,442.3687384259259,3,8933.310000000001,2977.7700000000004,144.0,1,144.0,0.3333333333333333,1,1,1,1,0,1.0,1,1
73f8394f-6c50-4dea-b982-872423fd7100,295.4244791666667,2,11420.72,5710.36,2055.0,1,2055.0,0.5,1,1,1,1,0,1.0,1,1
bb71c604-aed6-4a5d-8d8e-5b37cc5f6ec6,257.4120949074074,2,5841.05,2920.525,338.0,1,338.0,0.5,1,1,1,1,0,1.0,1,1
dc5a9e8d-2a63-452f-b601-f7a61af0f075,340.08092592592595,4,9786.08,2446.52,2502.0,1,3255.0,0.25,1,1,1,1,0,1.0,1,1
c51d3a8d-5e13-41b2-a9e5-0e306813283c,200.2614236111111,2,10925.9,5462.95,1804.0,1,1804.0,0.5,1,1,1,1,0,1.0,1,1
5941c911-79e8-4dd0-af18-3c7e579e840e,397.73153935185184,3,10578.990000000002,3526.3300000000004,2437.0,2,2437.0,0.3333333333333333,1,1,1,1,0,1.0,1,1
f7dfa1c6-d0ee-4abf-8920-173c4ee20b37,307.56850694444444,11,53025.45,4820.495454545454,243.0,4,243.0,0.2727272727272727,1,1,1,1,0,1.0,1,1
cde71621-a65f-4b74-b534-9130088bb405,536.6095717592592,5,3860.33,772.066,4.0,2,1785.0,0.2,1,1,1,1,0,1.0,1,1
e86f3426-aa4e-4563-8e6d-287a75f9716c,357.7255439814815,1,4555.78,4555.78,2325.0,0,-1.0,0.0,1,1,1,1,0,1.0,1,1
347aea49-3d3d-4cfe-a183-6901c9549b53,179.31439814814814,2,13210.55,6605.275,3201.0,2,3201.0,1.0,1,1,1,1,0,1.0,1,1
90ad2a23-2b89-4bb0-ae8e-76c7ff21a9f1,302.5785416666667,8,34790.1,4348.7625,137.0,5,137.0,0.5,1,1,1,1,0,1.0,1,1
f0d0fb06-f9ad-428c-9e0a-d50467c3239d,445.3171875,1,1052.92,1052.92,98.0,1,98.0,1.0,1,1,5,7,6,3.5,7,8
89451d31-181e-4698-ab08-8e66fb0ff55a,461.4952314814815,25,122297.94,4891.9176,145.0,10,145.0,0.32,1,1,1,1,0,1.0,1,1
656b0f4d-a2a9-476b-8c53-9882cba365ed,387.5371875,2,8967.82,4483.91,806.0,1,1357.0,0.5,1,1,1,1,0,1.0,1,1
bd458806-9123-4bf7-b848-4065b797516d,256.5135648148148,4,4015.7,1003.925,4.0,3,4.0,0.5,1,1,1,1,0,1.0,1,1
ca972a42-831b-45a0-9d03-c818b8a16c78,477.33766203703703,2,9851.23,4925.615,1539.0,1,1539.0,0.5,1,1,1,1,0,1.0,1,1
0b768b7e-d0d8-4242-a820-205b9da1a029,196.7572337962963,5,17512.62,3502.524,77.0,4,77.0,0.6,1,1,1,1,0,1.0,1,1
24e746a2-3e11-49a8-9e21-afa264af6296,289.1105324074074,6,20269.9,3378.316666666667,83.0,0,-1.0,0.0,1,1,1,1,0,1.0,1,1
644c4397-5f38-4546-afcd-f8099bba132d,522.0817245370371,6,22705.879999999997,3784.313333333333,540.0,3,540.0,0.3333333333333333,1,1,1,1,0,1.0,1,1
b8db0d6c-0a98-43bb-b7b7-2416ce98581f,253.02959490740741,1,4472.3,4472.3,1453.0,2,1453.0,1.0,1,1,1,1,0,1.0,1,1
31d46d09-186d-4ed2-b4c4-e90ce774b202,468.7367361111111,6,20395.78,3399.2966666666666,211.0,2,211.0,0.16666666666666666,1,1,1,1,0,1.0,1,1
cf985611-0b1e-45e7-a751-934a37907b38,220.0103587962963,1,463.45,463.45,18.0,1,18.0,1.0,1,6,5,6,5,4.5,6,6
f83f2f71-8319-4f70-84eb-9eb56c0549fd,466.47372685185184,8,34835.590000000004,4354.4487500000005,216.0,5,940.0,0.5,1,1,1,1,0,1.0,1,1
9cb04e30-4c10-410e-911b-2ba6342771bd,426.1163888888889,8,6079.38,759.9225,3.0,1,1350.0,0.125,1,1,1,1,0,1.0,1,1
17851de1-3f79-42a4-830e-84d31a116d25,259.2053125,4,18645.34,4661.335,2490.0,2,2490.0,0.5,1,1,1,1,0,1.0,1,1
142391fe-777c-4623-8ce8-c7142ff8a203,477.9618634259259,4,18811.88,4702.97,115.0,3,115.0,0.75,1,1,1,1,0,1.0,1,1
ac9cf62a-bc0d-493c-ad99-e90d04e63c53,299.11792824074075,4,7160.62,1790.155,658.0,1,4330.0,0.25,1,1,1,1,0,1.0,1,1
86146869-446c-4a55-8d1a-2edb7f2d15e5,533.5763310185185,5,14409.279999999999,2881.8559999999998,264.0,2,3243.0,0.2,1,1,1,1,0,1.0,1,1
e8fcd95a-2b3a-4e4b-8080-0e9ec1e32799,408.4487384259259,5,21127.92,4225.584,807.0,1,988.0,0.2,1,1,1,28,27,7.75,28,57
34b62bc6-023c-488f-9cb8-4865b88ee8d2,499.67994212962964,4,17627.08,4406.77,1012.0,2,1012.0,0.5,1,1,1,1,0,1.0,1,1
a82da76f-662b-4e54-bde5-e69fb15b37d4,445.34623842592595,8,5976.379999999999,747.0474999999999,4.0,3,4.0,0.25,1,1,1,1,0,1.0,1,1
1f010310-da3f-420f-9d89-529b90b50e0b,184.0939236111111,4,16444.24,4111.06,28.0,3,28.0,0.75,1,1,1,1,0,1.0,1,1
906dd41b-4b76-4122-a8f6-3e718e047940,245.7764699074074,4,20160.25,5040.0625,50.0,1,3960.0,0.25,1,1,1,1,0,1.0,1,1
aae801de-1b56-4d34-af17-485986bc820f,195.91576388888888,3,12592.6,4197.533333333334,1115.0,1,1115.0,0.3333333333333333,1,1,1,1,0,1.0,1,1
ab90abb5-21ee-4f5a-89ff-3b28cd89113c,419.3507407407407,5,19218.829999999998,3843.7659999999996,202.0,4,202.0,0.8,1,1,1,1,0,1.0,1,1
07eda375-ccb0-4866-a429-ca1075e40842,246.79880787037038,2,9237.96,4618.98,178.0,2,178.0,1.0,1,1,1,1,0,1.0,1,1
6b8a74fd-ea28-4c3a-914a-5fd3e45bfb05,263.19114583333334,1,1618.18,1618.18,1319.0,1,1319.0,1.0,1,1,1,1,0,1.0,1,1
00fd1194-4e05-4195-818c-20f5ad974a7d,195.55476851851853,8,37351.37,4668.92125,138.0,1,3401.0,0.125,1,1,1,1,0,1.0,1,1
3ff47a5c-212e-46a9-90c6-370b82ee1898,432.74782407407406,2,1010.53,505.265,74.0,2,74.0,1.0,4,4,1,26,27,8.75,26,33
ba7b7519-112a-4526-9425-2e171d4baf8e,323.51311342592595,2,6548.63,3274.315,1996.0,2,1996.0,1.0,1,1,1,1,0,1.0,1,1
b4bebe69-5012-4ad5-ac23-7ec8ca0ed026,529.7520601851852,2,11987.21,5993.605,912.0,2,912.0,1.0,1,1,1,26,25,7.25,26,32
5fcab80e-97b1-4e13-bdb3-45d17a7059e6,420.34127314814816,4,16482.670000000002,4120.6675000000005,217.0,3,217.0,0.75,1,1,1,1,0,1.0,1,1
4c94b88f-0ce4-4cc6-afd3-5a00f78b5813,450.19834490740743,2,7151.129999999999,3575.5649999999996,361.0,1,361.0,0.5,1,1,1,28,27,7.75,28,57
a6351453-df00-4da7-8e07-b022c38f04f7,330.1899652777778,4,17012.7,4253.175,2157.0,1,2810.0,0.25,1,1,1,1,0,1.0,1,1
9067bdbf-0b3f-492d-8898-e19478bc4849,511.2074074074074,2,1129.0,564.5,7.0,2,7.0,1.0,1,1,1,1,0,1.0,1,1
981f5318-9bf8-48f9-ba8a-49a955815f27,469.67597222222224,2,9889.61,4944.805,739.0,1,739.0,0.5,1,1,1,1,0,1.0,1,1
82facbc9-0d7c-4b31-908c-f4340f9aa751,440.44581018518517,3,11560.119999999999,3853.373333333333,2652.0,1,2652.0,0.3333333333333333,1,1,1,1,0,1.0,1,1
cabf03da-3eb9-4352-98d1-ac898ecd38d5,352.5839814814815,5,4077.6099999999997,815.5219999999999,2.0,2,2.0,0.2,1,1,1,1,0,1.0,1,1
3b505199-dfc5-463a-8e17-e35dd7805f17,330.73157407407405,4,15927.079999999998,3981.7699999999995,99.0,2,1165.0,0.5,1,1,1,1,0,1.0,1,1
64681d6f-6440-4165-bd0e-4389ed7ce8ae,404.14037037037036,4,15367.57,3841.8925,755.0,1,755.0,0.25,1,1,1,26,25,7.25,26,33
6b902ad3-743c-4f4f-ac11-e7de0c1bc039,269.87395833333335,2,2209.65,1104.825,18.0,2,18.0,1.0,1,1,1,1,0,1.0,1,1
d8ff9d59-fb0d-4021-b989-c706840aeb09,380.1609490740741,6,22456.82,3742.8033333333333,567.0,3,567.0,0.5,1,1,1,1,0,1.0,1,1
4cf79573-bc36-47f3-8dcc-8bc53938c078,396.7371412037037,3,2066.76,688.9200000000001,6.0,0,-1.0,0.0,1,1,1,25,24,7.0,25,28
a4b3d864-3c70-4e54-9405-936b8065ba3b,431.5825925925926,3,17760.260000000002,5920.086666666667,1236.0,3,1236.0,1.0,1,1,1,1,0,1.0,1,1
7ea701f7-59f4-4fea-8a5a-28f62af30401,312.19708333333335,2,4085.99,2042.995,737.0,1,2638.0,0.5,1,1,1,1,0,1.0,1,1
b535c462-3f0c-4358-9928-20f77756723b,372.6325,8,26300.89,3287.61125,697.0,3,697.0,0.375,1,1,1,1,0,1.0,1,1
1913e74b-ebc9-4ae7-b9d8-a00c292d1870,410.63070601851854,6,17587.25,2931.2083333333335,394.0,3,394.0,0.5,1,1,1,1,0,1.0,1,1
74033fd0-9fea-4732-aef1-2ebc11bb627c,214.1967824074074,6,4695.9400000000005,782.6566666666668,4.0,4,4.0,0.6666666666666666,1,1,1,28,27,7.75,28,57
b0e273e6-88e8-4dea-87e3-a75fb8c6656e,507.39916666666664,4,11043.31,2760.8275,981.0,1,2825.0,0.25,1,1,1,1,0,1.0,1,1
be850d80-e8dc-41fe-9234-0211dd683a56,447.152037037037,5,5608.5599999999995,1121.712,11.0,5,11.0,1.0,7,1,1,1,6,2.5,7,32
09f8f503-e7b8-4469-ba26-eb34ee83f186,498.67195601851853,4,23551.38,5887.845,170.0,3,170.0,0.75,1,1,1,1,0,1.0,1,1
f76abb6a-1487-4558-8420-4cda4a59673f,419.57814814814816,3,5598.16,1866.0533333333333,152.0,0,-1.0,0.0,1,1,1,1,0,1.0,1,1
fd65e2a1-d5f8-46d4-8f46-c79862cd1f7a,222.478125,5,23401.64,4680.3279999999995,976.0,2,976.0,0.4,1,1,1,1,0,1.0,1,1
34148748-d80d-4a99-b1aa-f7355ff5ee6b,378.01243055555557,4,16444.84,4111.21,683.0,1,728.0,0.25,1,1,1,1,0,1.0,1,1
afc709f9-fd5f-469a-bbbf-f68b000376f2,385.15157407407406,4,21378.8,5344.7,2429.0,3,2429.0,0.75,1,1,1,17,16,5.0,17,57
80f5d92e-99c9-401b-ac2b-c4aa635be30e,463.78994212962965,7,25256.32,3608.0457142857144,768.0,5,768.0,0.7142857142857143,1,1,1,1,0,1.0,1,1
9840321f-b94a-4eab-a86e-f6ae3c1bde64,177.06688657407406,2,6914.76,3457.38,1299.0,1,1299.0,0.5,1,1,1,1,0,1.0,1,1
805f0291-a01f-4ba4-9618-80d161ccabea,393.74097222222224,5,20620.94,4124.188,10.0,5,10.0,0.8,1,1,1,26,25,7.25,26,33
b864fa7f-47b7-4e33-ad7d-84af9e4591a0,258.1628125,3,11498.84,3832.9466666666667,3028.0,2,3028.0,0.6666666666666666,1,1,1,1,0,1.0,1,1
337c27b4-0970-49c3-9f5e-320189666ebf,356.62813657407406,3,11301.830000000002,3767.276666666667,12.0,1,12.0,0.3333333333333333,1,1,1,26,25,7.25,26,32
9c4d8a81-a113-4001-a9dd-26ba9495d626,507.7004513888889,18,64831.5,3601.75,367.0,9,367.0,0.4444444444444444,1,1,1,1,0,1.0,1,1
6a7c5fdd-2dff-48a1-b119-ce1e92f51b36,397.89006944444446,4,15970.039999999999,3992.5099999999998,1613.0,0,-1.0,0.0,1,1,1,1,0,1.0,1,1
e85c424b-9740-48f8-ba5b-67dc346f68bd,180.75950231481482,4,15981.03,3995.2575,2059.0,0,-1.0,0.0,1,1,1,26,25,7.25,26,32
80ddfe99-b01b-4264-b12a-33488510b4c1,186.28332175925925,2,8183.96,4091.98,1805.0,1,4141.0,0.5,1,1,1,26,25,7.25,26,32
2e126332-1062-4cd5-a40d-6fdfef555efd,340.29085648148146,4,17498.760000000002,4374.6900000000005,602.0,2,602.0,0.5,1,1,1,1,0,1.0,1,1
8938beee-f56b-4d85-a7c6-1dde50e67a88,421.9451851851852,10,44656.1,4465.61,663.0,5,663.0,0.4,1,1,1,1,0,1.0,1,1
bd4fc88b-4984-46da-b361-318df4c77302,319.95409722222223,3,16101.19,5367.0633333333335,213.0,2,213.0,0.6666666666666666,1,1,1,1,0,1.0,1,1
b1b07144-7eb7-445a-b829-cb6f76c59115,471.63053240740743,5,21661.9,4332.38,459.0,2,459.0,0.4,1,1,1,1,0,1.0,1,1
e99ca1a0-1eb7-4293-90b3-3de1747fe35c,473.8870601851852,4,3597.45,899.3625,5.0,2,5.0,0.5,1,1,1,26,25,7.25,26,33
c78f7eb4-2145-4c61-a563-768cfef36664,306.1600578703704,7,26387.78,3769.682857142857,238.0,7,238.0,0.7142857142857143,1,1,1,1,0,1.0,1,1
23461e01-f9f0-476a-be5b-50273e8e9a33,360.9244560185185,6,21979.59,3663.265,905.0,2,905.0,0.3333333333333333,1,1,1,26,25,7.25,26,33
e4ec85f9-3ff6-4da5-adb2-e269ae522469,186.88505787037036,6,33244.840000000004,5540.806666666667,628.0,2,831.0,0.3333333333333333,1,1,1,1,0,1.0,1,1
33fa1158-0757-4da3-9aad-1516499a6a22,247.25050925925925,4,11403.79,2850.9475,1135.0,2,1135.0,0.5,1,1,1,1,0,1.0,1,1
21ec9104-03b9-4e95-a5d5-7f0eb2ada3a9,386.564525462963,4,12068.4,3017.1,1806.0,3,1806.0,0.75,1,1,1,1,0,1.0,1,1
967970d5-64b3-4878-9b11-2793ec41577d,221.99542824074075,1,2758.8,2758.8,1457.0,1,1457.0,1.0,1,1,1,25,24,7.0,25,28
0e80623a-0758-4d60-894a-477e6657e68c,456.4703240740741,4,15891.89,3972.9725,1223.0,2,1223.0,0.5,1,1,1,1,0,1.0,1,1
cb5b6610-1540-465d-9b5b-a6bf97b1be5a,187.69157407407408,5,21401.09,4280.218,1104.0,2,2265.0,0.4,1,1,1,1,0,1.0,1,1
d713a0ad-7179-4adf-83ed-0117aa682418,223.86047453703705,7,34504.77,4929.252857142857,876.0,2,876.0,0.2857142857142857,1,1,1,1,0,1.0,1,1
a1b64e1c-4ecf-491a-b222-949dc75165d2,457.98667824074073,7,6257.62,893.9457142857143,6.0,3,6.0,0.42857142857142855,1,1,1,1,0,1.0,1,1
23a008cf-c157-425f-83c8-0e0b850bbc0f,414.6508449074074,3,19475.16,6491.72,1812.0,1,2056.0,0.3333333333333333,1,1,1,28,27,7.75,28,57
a17c76f4-59f4-454c-bf9a-944102903b6c,450.2823726851852,2,2670.75,1335.375,2476.0,2,2476.0,1.0,1,1,1,1,0,1.0,1,1
80ff3337-f9c5-4ae1-ba8e-9198fcdf5be6,448.16267361111113,3,9281.67,3093.89,1631.0,1,1631.0,0.3333333333333333,1,1,1,1,0,1.0,1,1
67c271f4-881e-4c32-8f61-faa72f6a63d3,229.36453703703702,23,68804.07,2991.4813043478266,39.0,5,709.0,0.21739130434782608,1,1,1,1,0,1.0,1,1
8023628b-7519-4e98-af8c-4a000bc7bb20,217.80337962962963,3,13157.720000000001,4385.906666666667,947.0,3,947.0,0.6666666666666666,1,1,1,1,0,1.0,1,1
dcaf550e-bcb2-4762-a1b8-aaac16945264,293.7735300925926,2,6948.0,3474.0,2068.0,1,2068.0,0.5,1,1,1,1,0,1.0,1,1
73939aab-0be6-4931-ab83-7693ca6686dc,374.6329050925926,3,18659.85,6219.95,1366.0,3,1366.0,0.6666666666666666,1,1,1,1,0,1.0,1,1
14586d7e-a901-4814-b8f3-fe6bf20b779b,262.9921527777778,6,27460.559999999998,4576.759999999999,67.0,3,300.0,0.3333333333333333,1,1,1,1,0,1.0,1,1
a088684a-1fc7-4c91-977f-ac12b2d24f79,220.34369212962963,4,3236.74,809.185,22.0,3,26.0,0.75,5,6,5,6,5,5.5,6,6
51ac192b-05bb-49fd-993e-6feefa164ca7,527.2161458333334,7,23084.93,3297.847142857143,385.0,3,769.0,0.2857142857142857,1,1,1,1,0,1.0,1,1
9563bf52-86d7-4503-8006-bc3e959b783f,187.22835648148148,5,20512.9,4102.58,92.0,2,193.0,0.4,1,1,1,1,0,1.0,1,1
7f66433c-63d7-4b0a-bdca-51fd83f6f7a0,436.14002314814815,3,11738.54,3912.846666666667,1609.0,1,3080.0,0.3333333333333333,1,1,1,1,0,1.0,1,1
3a582c6b-007e-4704-9c03-a004f80a0643,267.1927430555556,6,22330.66,3721.7766666666666,54.0,3,54.0,0.5,1,1,1,1,0,1.0,1,1
fd98c9f3-7415-400c-a0bb-73407438c709,498.21024305555557,5,25204.03,5040.806,210.0,2,1351.0,0.4,1,1,1,1,0,1.0,1,1
3b367e2d-032e-411f-bbc3-50e819e69122,248.64789351851852,3,2894.75,964.9166666666666,1.0,1,1.0,0.3333333333333333,1,1,1,1,0,1.0,1,1
3f47b57a-e76f-4d27-8a38-0f5aa9f0fad9,223.38556712962964,4,14027.7,3506.925,271.0,2,271.0,0.5,1,1,1,1,0,1.0,1,1
601e6202-06b1-406d-a272-eea779c32ce6,397.5335763888889,5,16940.63,3388.126,29.0,2,29.0,0.4,1,1,1,17,16,5.0,17,57
355c428d-fab2-4f75-aa04-ff7dfc8fe525,232.27392361111112,1,4064.01,4064.01,760.0,1,760.0,1.0,1,1,1,1,0,1.0,1,1
99c26598-4b22-445c-8a60-8ef43db92640,423.58547453703704,3,11317.59,3772.53,589.0,0,-1.0,0.0,1,1,1,1,0,1.0,1,1
c36b7498-7a27-4d5b-8672-c695adee6c9a,261.3176851851852,3,10028.22,3342.74,588.0,1,588.0,0.3333333333333333,1,1,1,1,0,1.0,1,1
3804a57c-2def-4b8b-91a2-0a9b3b0c8f6e,453.79901620370373,4,17402.55,4350.6375,1315.0,1,3567.0,0.25,1,1,1,1,0,1.0,1,1
9f6eeab9-d884-4310-a986-51788a8a438c,419.9152199074074,6,17655.65,2942.6083333333336,791.0,2,791.0,0.3333333333333333,1,1,1,1,0,1.0,1,1
a0761c18-830d-4a41-9616-212b6f64ef00,417.9239699074074,4,17328.989999999998,4332.2474999999995,808.0,3,808.0,0.75,1,1,1,28,27,7.75,28,57
c012fa2c-a116-4cd3-8269-f816e1204af7,295.5315277777778,6,28123.79,4687.298333333333,447.0,3,447.0,0.5,1,1,1,1,0,1.0,1,1
9ed3241d-1ed3-4c5f-92ae-e0a4eb443e72,388.2689467592593,3,7969.13,2656.3766666666666,427.0,0,-1.0,0.0,1,1,1,1,0,1.0,1,1
5db31e41-47fd-43df-9914-cb0a3016fdb2,210.5841898148148,5,23354.16,4670.832,230.0,4,230.0,0.6,1,1,1,1,0,1.0,1,1
999ed66b-9361-42fe-8288-6979bf228956,276.7471875,6,27765.480000000003,4627.580000000001,621.0,2,621.0,0.3333333333333333,1,1,1,1,0,1.0,1,1
aba91372-ddf0-4464-8501-98516e19feed,350.85407407407405,25,108483.32,4339.3328,347.0,10,347.0,0.4,1,1,1,28,27,7.75,28,57
98755831-2dca-473d-8bca-593091daba97,531.6748495370371,3,17820.43,5940.143333333333,759.0,1,759.0,0.3333333333333333,1,1,1,1,0,1.0,1,1
2a43e566-3c8c-4344-aad5-f3d673309275,224.93096064814816,2,3567.07,1783.535,3416.0,0,-1.0,0.0,1,1,1,1,0,1.0,1,1
7b3cf236-8cd9-40df-898d-e7f1f7d08716,492.83149305555554,1,5538.13,5538.13,2816.0,1,2816.0,1.0,1,1,1,1,0,1.0,1,1
b6e25d97-9888-4e5d-bb46-8154afdcef23,420.5311458333333,4,4108.23,1027.0575,1.0,4,1.0,1.0,1,1,1,26,25,7.25,26,33
2ea3e6a0-0b1f-4fdd-87e8-105bf6eb56c1,208.1470486111111,4,18531.29,4632.8225,927.0,1,927.0,0.25,1,1,1,1,0,1.0,1,1
27199eda-933a-46ef-bc6f-d0e4ae37ac8b,175.48034722222224,5,30002.39,6000.478,163.0,5,163.0,0.8,1,1,1,1,0,1.0,1,1
cbdaacb3-053b-4c83-93d3-c9397cc3eab4,444.4989814814815,2,9297.27,4648.635,1103.0,1,3551.0,0.5,1,1,1,1,0,1.0,1,1
974386f9-9559-4d91-9d66-1ff78576e563,454.3137037037037,5,3993.69,798.738,5.0,1,5.0,0.2,1,1,1,26,25,7.25,26,32
848dbebe-8606-488f-89f8-c46a9c0fbc55,248.61907407407406,2,10873.49,5436.745,207.0,0,-1.0,0.0,1,1,1,1,0,1.0,1,1
af6f0d67-348c-486b-9f04-b80092361074,265.85086805555557,3,9325.06,3108.353333333333,87.0,1,87.0,0.3333333333333333,1,1,1,1,0,1.0,1,1
21f4631c-ddeb-4811-a09f-111644f43cf7,212.35671296296297,3,17680.989999999998,5893.663333333333,1126.0,1,1126.0,0.3333333333333333,1,1,1,1,0,1.0,1,1
206e74f5-95ce-43a0-8d48-82544084ae81,340.6069328703704,2,11432.27,5716.135,894.0,1,2487.0,0.5,1,1,1,26,25,7.25,26,32
29d07634-1e53-4c6e-ac64-16d8d2cc779f,472.72644675925926,3,11523.55,3841.183333333333,869.0,1,869.0,0.3333333333333333,1,1,1,1,0,1.0,1,1
9a017597-4ad2-4553-bc08-92a2971956df,437.79854166666667,6,25232.239999999998,4205.373333333333,300.0,4,1133.0,0.6666666666666666,1,1,1,1,0,1.0,1,1
e78c9aeb-db34-45d6-8f30-c32ebf8f6615,498.9991550925926,3,5152.33,1717.4433333333334,439.0,1,439.0,0.3333333333333333,1,1,1,1,0,1.0,1,1
c52c2b02-fc86-45e8-bc05-97a70d3be2d0,480.1767013888889,4,17771.010000000002,4442.7525000000005,275.0,1,275.0,0.25,1,1,1,1,0,1.0,1,1
2dfa4883-d54b-440f-bf1d-8a8976642368,538.361087962963,5,20043.79,4008.7580000000003,74.0,1,74.0,0.2,1,1,1,1,0,1.0,1,1
95b82932-1d34-4873-801b-7e8e667843fb,326.9707060185185,3,16269.21,5423.07,532.0,2,2473.0,0.3333333333333333,1,1,1,1,0,1.0,1,1
fc9fd109-bc85-411a-92dc-1dae3f37f619,520.4072800925926,6,5196.28,866.0466666666666,4.0,2,1132.0,0.3333333333333333,1,1,1,1,0,1.0,1,1
6a17086e-1d94-43ab-8018-b2fa12bde140,205.00844907407406,3,13520.05,4506.683333333333,738.0,0,-1.0,0.0,1,1,1,1,0,1.0,1,1
48ab63b7-8218-4a2d-a58e-6757e618a36f,525.717511574074,3,9194.82,3064.94,853.0,2,853.0,0.3333333333333333,1,1,1,1,0,1.0,1,1
3e264f38-8b8d-45b7-824c-fee8884c9bdb,516.7916782407408,6,18708.37,3118.0616666666665,133.0,2,133.0,0.3333333333333333,1,1,1,1,0,1.0,1,1
db532e0f-1ee5-4810-82b9-db5e42e788b6,429.8114351851852,4,12572.599999999999,3143.1499999999996,53.0,3,53.0,0.75,1,1,1,1,0,1.0,1,1
4565e1ea-c4cc-45b2-93d2-839e4849d3e1,252.09137731481482,20,90757.18,4537.8589999999995,172.0,8,172.0,0.4,1,1,1,1,0,1.0,1,1
50e5fcaf-99a1-4e17-89a5-9fdf78773a7e,433.28949074074075,1,826.98,826.98,75.0,1,75.0,1.0,4,4,1,1,3,2.5,4,33
32f06059-9ffc-450c-9de5-8cefe2ca0774,353.1086226851852,5,20473.29,4094.6580000000004,498.0,1,498.0,0.2,1,1,1,1,0,1.0,1,1
1c102dda-4a52-4da0-8836-d6c30baa78b7,249.0637962962963,8,44070.32,5508.79,648.0,2,648.0,0.25,1,1,1,1,0,1.0,1,1
ab1c530f-877b-4a1c-96c7-153c67dade5b,425.5213078703704,2,11007.53,5503.765,1945.0,0,-1.0,0.0,1,1,1,1,0,1.0,1,1
5a3dfbb9-84d0-4ce0-9a4a-76a8f57db3e6,540.0738657407408,8,26253.0,3281.625,62.0,2,765.0,0.25,1,1,1,1,0,1.0,1,1
49cd7077-3513-4fb2-beba-97be00f99a3d,331.91648148148147,18,69684.67,3871.3705555555553,639.0,6,639.0,0.3333333333333333,1,1,1,1,0,1.0,1,1
cbc88fe3-928d-4a06-a5b0-5ee9200abbe9,287.29953703703706,2,1527.01,763.505,11.0,2,11.0,1.0,5,1,1,1,4,2.0,5,57
fc801285-7610-49a4-8924-37a330ea015d,484.87899305555555,2,11832.48,5916.24,1967.0,2,1967.0,1.0,1,1,1,1,0,1.0,1,1
d4c7abd2-f557-45a3-a53c-a57002fe8a5a,489.28430555555553,4,2873.68,718.42,4.0,2,4.0,0.5,1,1,1,1,0,1.0,1,1
6b679b57-addf-4679-86f9-7728fcdf093d,354.6279861111111,3,13633.79,4544.596666666667,105.0,3,105.0,0.6666666666666666,1,1,1,1,0,1.0,1,1
e399f825-4e85-4e0e-a2fe-e22c239dd431,390.94961805555556,2,6658.09,3329.045,2016.0,1,2016.0,0.5,1,1,1,1,0,1.0,1,1
3d5e9463-100c-4a13-9d79-8983820f2912,182.03578703703704,20,78552.83,3927.6415,164.0,7,164.0,0.35,1,1,1,1,0,1.0,1,1
981279dc-8998-4a2c-b638-ec382cc68139,283.62644675925924,13,45376.67,3490.513076923077,798.0,7,798.0,0.46153846153846156,1,1,1,1,0,1.0,1,1
906edebf-ec40-458f-b024-f7bb4159f7f8,415.15605324074073,5,14556.289999999999,2911.258,576.0,2,576.0,0.4,1,1,1,1,0,1.0,1,1
672f0e77-9f42-4fc2-a9ee-2cf099d081f5,333.32159722222224,4,14516.720000000001,3629.1800000000003,3247.0,2,3247.0,0.5,1,1,1,1,0,1.0,1,1
8d02dc5d-59ec-444a-8c89-17ed9db2d1e9,517.479988425926,3,16866.93,5622.31,1254.0,1,1254.0,0.3333333333333333,1,1,1,1,0,1.0,1,1
392e8310-a6bc-4f30-af45-7cfd40100a72,519.6136689814815,2,8825.37,4412.685,2477.0,1,2477.0,0.5,1,1,1,1,0,1.0,1,1
cfacfe82-e740-4cdd-8836-035ba83bfd02,250.0815625,3,13511.5,4503.833333333333,648.0,1,648.0,0.3333333333333333,1,1,1,1,0,1.0,1,1
482712eb-8263-4544-bccf-14759d66236e,325.4047337962963,4,18674.34,4668.585,2014.0,2,2014.0,0.5,1,1,1,1,0,1.0,1,1
1d0ff782-0e45-4ef2-9b9d-f4a8428c39a6,221.18831018518517,4,20364.71,5091.1775,475.0,2,475.0,0.5,1,1,1,1,0,1.0,1,1
f81a098a-72d3-4b92-a37c-208514a9434b,447.59335648148146,2,9093.59,4546.795,934.0,2,934.0,1.0,1,1,1,1,0,1.0,1,1
8ad767b0-9ba0-4b0d-a6fb-d52dffe3fc2a,233.7243287037037,8,28887.1,3610.8875,137.0,4,834.0,0.5,1,1,1,1,0,1.0,1,1
47ed814e-c5b3-486b-bf38-d3406012b89a,192.4471412037037,3,6651.599999999999,2217.2,3513.0,0,-1.0,0.0,1,1,1,1,0,1.0,1,1
7ae3bf0b-2a12-434f-91f7-340673ca549b,345.8076967592593,4,11827.58,2956.895,67.0,1,67.0,0.25,1,1,1,1,0,1.0,1,1
8ba49967-88cf-4385-85f7-2ab8a595487e,219.6509375,3,3416.4900000000002,1138.8300000000002,22.0,3,22.0,1.0,1,1,1,1,0,1.0,1,1
2230a077-f7f7-42c4-8205-9790d84178cb,471.0285185185185,4,24607.47,6151.8675,250.0,1,250.0,0.25,1,1,1,1,0,1.0,1,1
ef147ccb-dec1-4ca3-bfbb-dd41d5145305,212.51592592592593,7,27825.05,3975.0071428571428,116.0,1,3643.0,0.14285714285714285,1,1,1,1,0,1.0,1,1
0b69b624-254b-4c2d-9281-fa11787fce52,479.1765162037037,6,28677.52,4779.586666666667,771.0,2,771.0,0.3333333333333333,1,1,1,1,0,1.0,1,1
ffa5acdb-575a-4f01-bad2-c4e9f8461f5c,463.15069444444447,3,9833.23,3277.7433333333333,1107.0,0,-1.0,0.0,1,1,1,1,0,1.0,1,1
92049b25-0c45-4567-ae51-51d69a188858,416.2693981481481,2,7632.58,3816.29,583.0,1,583.0,0.5,1,1,1,1,0,1.0,1,1
058eb19c-8004-4b6f-b16d-91f38c898b78,508.88488425925925,4,3727.46,931.865,3.0,2,3.0,0.5,1,1,1,28,27,7.75,28,57
d79a0086-f8cc-4e18-841e-4380298ed543,273.1023263888889,6,22753.22,3792.2033333333334,409.0,1,409.0,0.16666666666666666,1,1,1,1,0,1.0,1,1
b06f4a82-6243-4e07-9de4-f8b0554a7291,346.6520949074074,19,70656.26,3718.750526315789,430.0,7,430.0,0.3684210526315789,1,1,1,1,0,1.0,1,1
763a96d3-3469-4845-b14b-18ce7553e8a0,456.67815972222223,4,19289.84,4822.46,219.0,0,-1.0,0.0,1,1,1,1,0,1.0,1,1
19a78c0c-6ea3-4279-b685-4b1d97043364,375.23413194444447,6,25990.980000000003,4331.830000000001,2271.0,6,2271.0,0.8333333333333334,1,1,1,1,0,1.0,1,1
0766bd14-8f64-4c54-a800-25e5bac6c394,506.58924768518517,2,8724.25,4362.125,446.0,3,446.0,1.0,1,1,1,1,0,1.0,1,1
2a3ef2b0-e4dd-4289-b4a2-4c19193ac483,238.9071875,4,24461.37,6115.3425,494.0,2,3318.0,0.5,1,1,1,1,0,1.0,1,1
00eda9a9-1a1e-4b06-934f-946523466b04,255.72350694444444,3,1516.53,505.51,19.0,3,19.0,1.0,1,1,1,1,0,1.0,1,1
dc5c6c0b-8cbe-460e-894a-5cd5c0996899,388.62747685185184,4,20868.32,5217.08,143.0,3,143.0,0.75,1,1,1,1,0,1.0,1,1
de76e0cc-c96d-4a20-8c11-0411362ae5fa,494.6461458333333,3,17562.14,5854.046666666666,2855.0,1,3582.0,0.3333333333333333,1,1,1,1,0,1.0,1,1
fde6eff2-33b9-4125-9710-d7dd43a85bf0,252.32143518518518,2,6959.8099999999995,3479.9049999999997,789.0,2,789.0,0.5,1,1,1,26,25,7.25,26,33
07b4b1d6-406f-405d-8aeb-c2c93f4495e6,203.93181712962962,5,21532.920000000002,4306.584000000001,382.0,1,3094.0,0.2,1,1,1,1,0,1.0,1,1
d8e5790f-574f-4142-82f0-a6168dad5aa6,420.3228125,2,2406.08,1203.04,9.0,2,9.0,1.0,1,1,1,1,0,1.0,1,1
7c98195e-a06d-47e6-bfe1-a7c1af215b17,407.48318287037034,8,35010.77,4376.34625,44.0,1,1482.0,0.125,1,1,1,1,0,1.0,1,1
9b6d98ce-3096-4670-bef4-665dddc5ef22,529.1618171296296,3,10026.93,3342.31,1096.0,1,1096.0,0.3333333333333333,1,1,1,1,0,1.0,1,1
3caabf85-b619-4e1b-bf1c-83e298bb0617,182.4130787037037,4,10234.150000000001,2558.5375000000004,745.0,1,745.0,0.25,1,1,1,1,0,1.0,1,1
7d8d3b15-cdb4-4180-a78a-60495ea09cc7,223.75644675925926,4,15071.92,3767.98,2596.0,4,2596.0,1.0,1,1,1,26,25,7.25,26,33
d991c80c-c79c-40c3-9062-6aa08b9719e1,219.56438657407406,7,29802.12,4257.4457142857145,758.0,5,758.0,0.7142857142857143,1,1,1,1,0,1.0,1,1
5733d35e-4bd6-411c-92bd-ab1e2105087b,416.8898032407407,3,8607.84,2869.28,1290.0,1,1290.0,0.3333333333333333,1,1,1,1,0,1.0,1,1
b63c0dac-bc55-47e7-83d0-f13061b018bc,197.5545023148148,2,4442.27,2221.135,1367.0,1,1367.0,0.5,1,1,1,1,0,1.0,1,1
4e76c786-99b7-4547-ae54-9c42b3d1014b,311.0294675925926,6,15610.29,2601.715,523.0,1,827.0,0.16666666666666666,1,1,1,1,0,1.0,1,1
dfd7d204-f1ee-4544-b77a-87c6f46cb1e0,503.6766782407407,25,90124.94,3604.9976,58.0,10,58.0,0.36,1,1,1,1,0,1.0,1,1
e63d8fe6-08ae-433e-8c5f-9c5a0c152adb,233.56790509259258,4,4387.43,1096.8575,5.0,3,5.0,0.75,1,1,1,1,0,1.0,1,1
d3a09b51-7c86-41f6-8d5d-5fa1308fdcbe,197.5703472222222,18,63158.21,3508.7894444444446,160.0,8,160.0,0.3888888888888889,1,1,1,17,16,5.0,17,57
b567dd79-932c-47eb-b06d-ec58a4505913,248.16783564814816,7,18372.739999999998,2624.6771428571424,53.0,3,53.0,0.42857142857142855,1,1,1,26,25,7.25,26,32
85bf5655-5e67-47ba-a754-4dd7e0c8e83e,447.152037037037,7,6377.4,911.0571428571428,4.0,6,4.0,0.8571428571428571,7,1,1,1,6,2.5,7,32
e3f88c69-dc31-4e25-bf39-7dbeeb678f7d,207.22520833333334,5,23591.44,4718.288,65.0,2,65.0,0.2,1,1,1,1,0,1.0,1,1
61adf808-ed48-48a1-ba40-9758fef0f9c3,376.3041435185185,3,11761.98,3920.66,1502.0,1,1502.0,0.3333333333333333,1,1,1,26,25,7.25,26,33
6291f9eb-4802-4187-8942-67474738a845,354.5662962962963,3,2098.21,699.4033333333333,20.0,2,44.0,0.6666666666666666,1,1,1,1,0,1.0,1,1
20900cd1-2d44-4132-b0f0-606d42ce497c,256.3363194444444,16,55846.06,3490.37875,100.0,3,1975.0,0.1875,1,1,1,25,24,7.0,25,28
d4fe15c1-ed40-4a9c-ace6-6ca612bcdb2f,495.88300925925927,4,12762.99,3190.7475,145.0,1,3853.0,0.25,1,1,1,1,0,1.0,1,1
be0dea8a-1f92-4f26-80ca-4fdc8844df73,474.1964351851852,6,25871.71,4311.951666666667,1364.0,5,1364.0,0.6666666666666666,1,1,1,1,0,1.0,1,1
3abc9e6b-b09c-419c-9b53-2fb58cb5bb8d,191.14300925925926,4,23365.29,5841.3225,1591.0,2,1591.0,0.5,1,1,1,1,0,1.0,1,1
39ca7d32-4cd8-440a-860c-f7411cb4a134,201.49310185185186,3,16241.56,5413.8533333333335,16.0,0,-1.0,0.0,1,1,1,1,0,1.0,1,1
4878e72d-fcc8-4828-8ec2-1687f3b4a272,328.68283564814817,4,12792.330000000002,3198.0825000000004,380.0,2,380.0,0.5,1,1,1,1,0,1.0,1,1
f7c015f5-23fa-45e9-a7b9-9b5c21d51b21,208.07700231481482,4,15876.18,3969.045,321.0,3,321.0,0.75,1,1,1,1,0,1.0,1,1
7a91e111-aca2-4d0f-b6b7-09418a32ef43,200.37684027777777,5,3315.65,663.13,5.0,1,5.0,0.2,1,1,1,1,0,1.0,1,1
c50a5cd6-b174-4c27-8f12-e1660e14d2a7,232.83114583333332,3,10749.4,3583.133333333333,1698.0,0,-1.0,0.0,1,1,1,28,27,7.75,28,57
e70f790d-e538-4db0-abdc-657a195009c9,230.01184027777776,3,10901.44,3633.8133333333335,269.0,1,269.0,0.3333333333333333,1,1,1,1,0,1.0,1,1
dcb0c27e-e522-4bdf-81c6-c09b4084f6ea,404.6062847222222,4,19104.86,4776.215,2353.0,2,2353.0,0.5,1,1,1,1,0,1.0,1,1
cad20502-7f1a-4d23-ab03-403f24682c56,376.5102430555556,3,7443.21,2481.07,290.0,1,290.0,0.3333333333333333,1,1,1,1,0,1.0,1,1
d90b4387-9bc8-4753-b6d1-b121efdf0acf,422.16881944444447,2,13606.24,6803.12,2380.0,2,2380.0,1.0,1,1,1,1,0,1.0,1,1
a1d1a596-75e4-4fa6-9b52-d83c7eb1771e,381.28890046296294,3,5775.73,1925.243333333333,68.0,2,68.0,0.6666666666666666,1,1,1,1,0,1.0,1,1
108d154b-f5c5-4a33-9ec3-e891457476ae,519.8262268518519,5,20922.75,4184.55,15.0,2,15.0,0.4,1,1,1,1,0,1.0,1,1
23dcd74f-9837-486e-b301-97f2fcc78000,272.4178703703704,5,20115.67,4023.1339999999996,798.0,1,798.0,0.2,1,1,1,1,0,1.0,1,1
dac96e48-b499-456b-8324-11830d7922da,496.0690509259259,5,28289.71,5657.942,228.0,2,228.0,0.4,1,1,1,1,0,1.0,1,1
d5b84101-00b8-4b76-a25a-9e727f4e3470,352.759525462963,4,14129.83,3532.4575,538.0,3,1828.0,0.75,1,1,1,1,0,1.0,1,1
427fd3b4-cba1-4178-a40f-5429236f3594,427.97866898148146,4,13592.34,3398.085,691.0,1,691.0,0.25,1,1,1,1,0,1.0,1,1
b505b23f-994b-4ca5-a346-4f868044a10c,536.3379513888889,2,4010.3,2005.15,1393.0,1,1393.0,0.5,1,1,1,1,0,1.0,1,1
15048401-a646-421a-81f7-4766ae54baca,388.9141087962963,5,21876.68,4375.336,728.0,2,1495.0,0.4,1,1,1,1,0,1.0,1,1
98441299-6ea5-4d27-8100-81fccb420f6d,239.48283564814815,3,6768.6,2256.2000000000003,676.0,2,676.0,0.6666666666666666,1,1,1,1,0,1.0,1,1
d8ee2ef4-002b-40f6-9597-33d6f4e9f27a,191.17210648148148,3,11124.73,3708.2433333333333,1415.0,2,1415.0,0.6666666666666666,1,1,1,1,0,1.0,1,1
dc67339e-59b6-4c94-a68e-9b737ff720c1,488.8813425925926,3,7631.09,2543.6966666666667,2186.0,3,2186.0,1.0,1,1,1,1,0,1.0,1,1
73bcee85-d4ce-4045-89b0-3234ccca5081,527.7087268518519,7,27082.77,3868.967142857143,101.0,4,101.0,0.42857142857142855,1,1,1,1,0,1.0,1,1
b7a3b824-639e-4794-beef-30ac25f2dbe0,191.18707175925925,2,9308.220000000001,4654.110000000001,1540.0,1,2325.0,0.5,1,1,1,1,0,1.0,1,1
84786df9-8fdf-492e-ae25-6c81f7e30411,412.1010532407407,3,14317.41,4772.47,1258.0,1,1258.0,0.3333333333333333,1,1,1,1,0,1.0,1,1
452d30fe-bea7-431f-a109-275bc5e37e7f,518.6175694444445,3,6726.67,2242.2233333333334,2051.0,1,3204.0,0.3333333333333333,1,1,1,1,0,1.0,1,1
08dbbea8-6012-45f3-b301-d21310a02ec3,512.3013773148148,14,51048.44,3646.317142857143,58.0,5,58.0,0.2857142857142857,1,1,1,1,0,1.0,1,1
49fda4e5-ec26-4d2f-8e6e-81765462451e,422.7815509259259,3,22696.22,7565.406666666667,173.0,1,3360.0,0.3333333333333333,1,1,1,1,0,1.0,1,1
b8cb626c-78c1-4e88-a6dd-012fac5591fe,487.11282407407407,6,30836.19,5139.365,250.0,2,250.0,0.3333333333333333,1,1,1,1,0,1.0,1,1
535ce1ba-f083-4e16-b151-a016bbc8c011,229.24209490740742,4,18496.42,4624.105,2434.0,2,3464.0,0.5,1,1,1,1,0,1.0,1,1
1ada2dc2-666f-417b-8dd5-9fca1ae10896,354.70837962962963,2,12642.02,6321.01,782.0,2,782.0,0.5,1,1,1,1,0,1.0,1,1
c0a65726-93c8-4fcc-a2b0-562d39afd2b8,500.08108796296295,4,17754.66,4438.665,364.0,3,364.0,0.75,1,1,1,1,0,1.0,1,1
04dc8e2f-b8f6-4e55-8943-644908ab08b7,269.4084375,6,9536.83,1589.4716666666666,69.0,2,69.0,0.3333333333333333,1,1,1,1,0,1.0,1,1
304c6a15-1b06-4057-9c97-cfe554475258,205.5498263888889,5,15707.23,3141.446,1183.0,1,1183.0,0.2,1,1,1,1,0,1.0,1,1
bc0d2cb6-c467-4204-bbda-18e1ccabda79,288.29953703703706,3,2884.8,961.6,21.0,2,21.0,0.6666666666666666,1,4,1,1,3,1.75,4,57
ab6c2b28-533c-4d4e-8563-849187bca06b,392.5387962962963,5,20747.91,4149.582,633.0,2,633.0,0.4,1,1,1,1,0,1.0,1,1
134b6a63-63cd-4735-8028-55d86186e51a,284.5980324074074,6,33076.369999999995,5512.728333333333,1789.0,1,1789.0,0.16666666666666666,1,1,1,1,0,1.0,1,1
a6203ea2-057b-4468-a61f-d5faa6c645b6,517.865462962963,3,11761.79,3920.596666666667,1042.0,2,1042.0,0.6666666666666666,1,1,1,1,0,1.0,1,1
f90996cc-7567-4954-aa7c-b8f66f679323,286.3957986111111,4,13502.31,3375.5775,789.0,2,789.0,0.5,1,1,1,25,24,7.0,25,28
2a074443-5222-4c6f-8647-ff6164cb9df7,404.7960300925926,3,18787.0,6262.333333333333,1073.0,1,1073.0,0.3333333333333333,1,1,1,1,0,1.0,1,1
6d0cc802-7f3b-4822-be05-b94b00fe02ab,413.8017824074074,4,1816.9,454.225,2.0,2,2.0,0.5,1,1,1,1,0,1.0,1,1
d5cd336d-2a8a-4e2a-a8b1-eacac794b4b1,342.2440046296296,9,43344.35,4816.038888888888,136.0,3,136.0,0.3333333333333333,1,1,1,1,0,1.0,1,1
3b0a76a1-2379-42d0-8e04-9da169a6676b,230.62526620370372,4,10036.099999999999,2509.0249999999996,1213.0,2,2613.0,0.5,1,1,1,26,25,7.25,26,32
bd815063-3447-47af-9b67-e34821c924e8,367.7937847222222,5,23478.41,4695.682,205.0,3,205.0,0.6,1,1,1,1,0,1.0,1,1
ebc43a7a-127e-4395-b015-baf8e4837c68,278.82108796296296,6,18998.52,3166.42,122.0,4,122.0,0.5,1,1,1,28,27,7.75,28,57
b3b31788-bf1a-4b5b-a504-c10d756f9ab3,378.03949074074075,5,10646.7,2129.34,53.0,2,53.0,0.4,1,1,1,25,24,7.0,25,28
85677369-dc7f-4842-8933-cfaaad66af42,269.665625,1,435.58,435.58,6.0,0,-1.0,0.0,1,1,1,1,0,1.0,1,1
a5b41919-e185-48a6-99b5-ddd6a8885491,255.77649305555556,25,98333.12,3933.3248,223.0,10,223.0,0.32,1,1,1,1,0,1.0,1,1
b60647dc-a9aa-4f61-9765-8852b0889448,425.13883101851854,4,24408.69,6102.1725,1002.0,1,1002.0,0.25,1,1,1,1,0,1.0,1,1
d626dd74-7579-45a5-a90f-e53165156dd6,501.9885763888889,2,7346.9,3673.45,1255.0,1,1255.0,0.5,1,1,1,1,0,1.0,1,1
003d1085-5655-494f-95c7-47b7733d3fcd,460.287650462963,23,114304.99,4969.782173913044,36.0,10,36.0,0.43478260869565216,1,1,1,1,0,1.0,1,1
d98fca4f-666a-4337-bbc7-1d0e88c7f003,262.45328703703706,5,18107.32,3621.464,469.0,2,469.0,0.4,1,1,1,1,0,1.0,1,1
19ed8dfb-fa17-4106-908f-d043deead130,364.50958333333335,15,50084.64,3338.976,367.0,8,367.0,0.4666666666666667,1,1,1,1,0,1.0,1,1
52cb29c4-87f9-48c2-9384-0fada1a2a8d8,511.1240740740741,3,3049.21,1016.4033333333333,6.0,3,6.0,1.0,1,1,1,1,0,1.0,1,1
2c88e416-8137-4505-bfea-e301cceef418,264.88458333333335,4,20448.920000000002,5112.2300000000005,768.0,0,-1.0,0.0,1,1,1,1,0,1.0,1,1
3d9acff3-f962-4185-a5fe-88bea3aa3b28,401.92284722222223,3,7319.08,2439.693333333333,2940.0,1,2940.0,0.3333333333333333,1,1,1,1,0,1.0,1,1
2f40261d-bde3-490e-9897-90d479f6717d,266.8930787037037,6,18443.92,3073.986666666666,417.0,1,417.0,0.16666666666666666,1,1,1,1,0,1.0,1,1
cd45423f-7ca9-4696-9f8a-c7a1ce91d0b3,226.42125,2,7924.28,3962.14,1895.0,1,1895.0,0.5,1,1,1,1,0,1.0,1,1
e6cf7d0f-111e-40d1-8ff8-3cde7c5b116d,237.86958333333334,8,34280.64,4285.08,1416.0,3,1416.0,0.375,1,1,1,1,0,1.0,1,1
c83d59a8-e5b3-4fc0-8e8e-7f0d201da129,479.64755787037035,4,26762.3,6690.575,2268.0,2,2268.0,0.25,1,1,1,1,0,1.0,1,1
70e6def2-ede5-4ba5-bd1e-049a0d7b1a47,524.195625,5,21662.35,4332.469999999999,33.0,1,33.0,0.2,1,1,1,1,0,1.0,1,1
c28c3414-00b5-468f-bb04-de15c857f956,532.7904398148148,21,86304.41,4109.73380952381,8.0,10,8.0,0.38095238095238093,1,1,1,1,0,1.0,1,1
7646d9fd-b65b-4736-85c3-feb7f585122a,357.54380787037036,3,13465.5,4488.5,1007.0,1,3353.0,0.3333333333333333,1,1,1,1,0,1.0,1,1
b4873ac4-153a-458c-a900-1ebd51786a92,244.4140972222222,1,4982.22,4982.22,924.0,1,924.0,1.0,1,1,1,1,0,1.0,1,1
b41f8401-84a9-4b5c-879f-4dd9689891bd,459.9619328703704,5,28591.57,5718.314,136.0,1,1271.0,0.2,1,1,1,1,0,1.0,1,1
5c198c08-f424-488b-bf6a-47e91e1e18d6,415.7814814814815,4,22086.38,5521.595,259.0,2,558.0,0.5,1,1,1,26,25,7.25,26,32
33bf4b6c-159e-4989-a8be-e9972e764931,394.71555555555557,5,12662.32,2532.464,586.0,3,2093.0,0.4,1,1,1,1,0,1.0,1,1
52d76379-65fa-453a-944a-7f03dfc5f183,537.0218981481481,4,18629.08,4657.27,451.0,2,451.0,0.5,1,1,1,1,0,1.0,1,1
c166752b-6622-405d-8b0c-1459ebb2ac6d,443.0458564814815,2,6055.360000000001,3027.6800000000003,1522.0,1,1522.0,0.5,1,1,1,1,0,1.0,1,1
3f94a649-af71-46c1-af57-50f85b246dbe,463.2296759259259,1,867.28,867.28,76.0,1,76.0,1.0,1,1,1,1,0,1.0,1,1
7dd0304a-e15b-476d-a3cb-ebbebde83ddc,313.6325462962963,21,81103.31,3862.062380952381,139.0,6,139.0,0.23809523809523808,1,1,1,1,0,1.0,1,1
432b54d9-b0f7-4515-957c-4478658cc66a,233.48457175925927,4,3669.32,917.33,22.0,4,22.0,1.0,1,1,1,1,0,1.0,1,1
a46712db-7612-41a5-8cb8-6f098186c1f0,341.8909375,3,3873.19,1291.0633333333333,565.0,2,2128.0,0.3333333333333333,1,1,1,1,0,1.0,1,1
3bd192f3-b21f-4037-8e20-654b994b4a48,197.58344907407408,7,42135.16,6019.308571428572,462.0,0,-1.0,0.0,1,1,1,1,0,1.0,1,1
8c66d22c-bb7e-4507-8904-dfd62c4402ed,257.6995138888889,3,10637.26,3545.7533333333336,293.0,2,293.0,0.3333333333333333,1,1,1,1,0,1.0,1,1
d2877e02-5369-4694-9cd0-93b32bad6ab3,186.80440972222223,5,19586.96,3917.392,545.0,4,545.0,0.8,1,1,1,1,0,1.0,1,1
44175331-bc71-4a5c-9573-a5e2f968b157,295.0798611111111,4,20150.08,5037.52,967.0,4,967.0,0.5,1,1,1,1,0,1.0,1,1
59bb6ced-fb32-4023-8873-eab34793cad6,418.5801736111111,17,67234.12,3954.9482352941172,514.0,5,514.0,0.29411764705882354,1,1,1,1,0,1.0,1,1
f780f3c6-d378-41e8-9a87-71083edc4866,483.32881944444443,8,32421.5,4052.6875,13.0,2,13.0,0.25,1,1,1,1,0,1.0,1,1
3b3b8626-c15a-4000-86f7-854a155e65ee,383.9409375,4,4137.12,1034.28,13.0,4,13.0,1.0,3,1,1,1,2,1.5,3,5
a3b081e7-b8ac-4207-91a6-990b733b2c39,199.94748842592594,5,13559.8,2711.96,634.0,3,634.0,0.4,1,1,1,1,0,1.0,1,1
220b8aca-ced3-4ffc-abe8-746cff447c83,197.47355324074073,4,3892.46,973.115,5.0,2,5.0,0.5,1,1,1,1,0,1.0,1,1
493f2b4b-26ba-41cc-871b-3f44d33ec2d1,331.6989699074074,6,5300.4400000000005,883.4066666666668,5.0,4,5.0,0.6666666666666666,1,1,1,26,25,7.25,26,33
0a8b7d9f-8ab3-4bf5-be70-c8384895d39e,339.8230902777778,2,7811.42,3905.71,2382.0,1,3806.0,0.5,1,1,1,1,0,1.0,1,1
f3a44dd1-343b-4b67-990e-3a83e41b87c3,409.86717592592595,7,31519.620000000003,4502.802857142858,378.0,5,792.0,0.5714285714285714,1,1,1,25,24,7.0,25,28
ea45b8df-999b-4229-a695-049d5eafca38,219.67177083333334,1,504.13,504.13,20.0,1,20.0,1.0,1,1,1,1,0,1.0,1,1
aa70e77d-7b8f-42f4-b7ab-677e41cc0761,476.0001273148148,3,9464.15,3154.7166666666667,424.0,1,424.0,0.3333333333333333,1,1,1,1,0,1.0,1,1
9fb86c01-2741-4213-be05-af85678bc4a7,423.61109953703703,2,3049.9700000000003,1524.9850000000001,263.0,1,263.0,0.5,1,1,1,1,0,1.0,1,1
96db7d77-01fd-4170-b081-cc6076dd4c42,327.0851157407407,4,3165.26,791.315,5.0,2,5.0,0.5,1,1,1,28,27,7.75,28,57
b74606ea-2283-48fb-aeb8-e7e00aebefa4,333.18778935185185,4,16865.48,4216.37,403.0,1,403.0,0.25,1,1,1,1,0,1.0,1,1
e4cd842d-c3b1-4051-8813-3c883da0e022,346.45635416666664,3,20275.879999999997,6758.626666666666,90.0,1,90.0,0.3333333333333333,1,1,1,1,0,1.0,1,1
af5fa0c7-97cc-4d67-b2b5-575f262011b0,470.8996875,2,13176.14,6588.07,3361.0,2,3361.0,1.0,1,1,1,1,0,1.0,1,1
5cf05148-2900-4f17-a57d-dedd22190586,536.1169675925926,17,69716.55,4100.9735294117645,12.0,4,563.0,0.23529411764705882,1,1,1,1,0,1.0,1,1
a9439de1-bef0-46c6-8603-37cc7d2cd274,235.5616550925926,1,2113.86,2113.86,133.0,1,133.0,1.0,1,1,1,1,0,1.0,1,1
2dd4efd2-4cc3-459f-b836-4d5f0c92d89f,525.1435069444444,8,7129.5,891.1875,4.0,4,4.0,0.5,1,1,1,1,0,1.0,1,1
53f81ceb-0dbd-4bcb-9cb3-d2caa7476334,367.1092361111111,2,7419.78,3709.89,2848.0,0,-1.0,0.0,1,1,1,1,0,1.0,1,1
8b5332d3-24f8-471d-84b4-c17544f19a26,193.92077546296295,2,10131.05,5065.525,1625.0,1,1625.0,0.5,1,1,1,1,0,1.0,1,1
2b2e943a-c8fe-4fa9-a602-cf12e3135936,376.5232060185185,6,19103.050000000003,3183.841666666667,117.0,1,117.0,0.16666666666666666,1,1,1,1,0,1.0,1,1
0a59ad54-b900-4341-a50f-dddde00af778,457.03856481481483,3,8789.25,2929.75,1359.0,0,-1.0,0.0,1,1,1,1,0,1.0,1,1
beb7b320-bdf3-4164-be9c-f8d81d232cd3,362.7975578703704,3,2461.98,820.66,6.0,2,6.0,0.6666666666666666,3,1,1,1,2,1.5,3,57
afa45241-1c93-42f8-8882-c2e259b1945f,355.91171296296295,3,12129.73,4043.2433333333333,568.0,2,1360.0,0.3333333333333333,1,1,1,1,0,1.0,1,1
c948690f-5f04-49d4-8cd2-f54aadf135e0,295.41230324074075,6,33692.56,5615.426666666666,943.0,3,1212.0,0.3333333333333333,1,1,1,1,0,1.0,1,1
d713e7b9-a786-4333-b695-6b72fb1f5f04,373.0276157407407,8,7228.7699999999995,903.5962499999999,3.0,4,3.0,0.5,1,1,1,1,0,1.0,1,1
cae4c372-4770-4e13-8243-a555ca1c41c3,471.24747685185184,3,10034.36,3344.786666666667,538.0,1,538.0,0.3333333333333333,1,1,1,1,0,1.0,1,1
18af5a9d-54d2-4e14-9841-0101a790364f,246.6946412037037,8,6452.38,806.5475,3.0,2,3.0,0.25,1,1,1,1,0,1.0,1,1
f8a23772-aa68-4862-80e2-c64a75443f5d,467.2657986111111,19,73770.85,3882.676315789474,172.0,5,172.0,0.2631578947368421,1,1,1,1,0,1.0,1,1
102a37a6-dec6-407b-9c08-d02dc54b12a5,342.03456018518517,2,10393.720000000001,5196.860000000001,689.0,2,689.0,1.0,1,1,1,1,0,1.0,1,1
d79ced46-23e7-4252-80d9-9030edd23266,275.1060300925926,2,6719.09,3359.545,2347.0,1,2347.0,0.5,1,1,1,1,0,1.0,1,1
49c58f3b-945e-41fe-abb5-a57163b17a69,205.7843287037037,3,8039.69,2679.8966666666665,561.0,1,561.0,0.3333333333333333,1,1,1,25,24,7.0,25,28
be47d82b-d0e5-45c9-aa83-500b4c54f1cd,374.17027777777776,4,17669.059999999998,4417.264999999999,9.0,2,9.0,0.5,1,1,1,1,0,1.0,1,1
ee044b40-97f0-457d-961b-dc2c72842553,191.40473379629628,3,8599.91,2866.6366666666668,704.0,3,704.0,0.6666666666666666,1,1,1,1,0,1.0,1,1
91689508-c6b7-4887-81f3-9ecd0c69146d,454.7812962962963,2,6754.200000000001,3377.1000000000004,1776.0,0,-1.0,0.0,1,1,1,1,0,1.0,1,1
ef7109a2-055e-4546-ab9b-ace7451a14c5,445.52552083333336,4,3529.83,882.4575,71.0,3,75.0,0.75,1,1,5,7,6,3.5,7,8
7cdb2569-3f31-475c-a72d-75e7368b3dd9,337.3734606481481,6,21832.87,3638.8116666666665,84.0,1,2634.0,0.16666666666666666,1,1,1,26,25,7.25,26,33
6ba1aaa2-adc3-40a7-a25c-3ba132f59c3d,238.4667476851852,3,9868.96,3289.653333333333,464.0,1,464.0,0.3333333333333333,1,1,1,1,0,1.0,1,1
d80af336-f1d7-4f99-8b11-35db01c8c51d,435.1876736111111,6,3459.85,576.6416666666667,4.0,2,4.0,0.3333333333333333,1,1,1,1,0,1.0,1,1
afbb95aa-78c3-4622-85e8-b8cfe841f3ed,252.02207175925926,2,10224.7,5112.35,702.0,2,702.0,1.0,1,1,1,1,0,1.0,1,1
e441b7ed-9d20-4c6a-90bd-8daeedafc534,495.40979166666665,4,13277.880000000001,3319.4700000000003,1184.0,3,1184.0,0.75,1,1,1,1,0,1.0,1,1
8b9050fe-f3a3-4358-b964-cf2be63c3ab1,247.19373842592591,1,5202.26,5202.26,1525.0,1,1525.0,1.0,1,1,1,1,0,1.0,1,1
78b888ea-cdc2-4f67-8d0b-f0c8b7fef6f0,432.91449074074075,1,1427.6,1427.6,40.0,1,40.0,1.0,4,4,1,26,27,8.75,26,33
7946b4a0-383a-4b96-91fc-6a13777a51e9,292.88837962962964,7,23531.57,3361.652857142857,379.0,6,379.0,0.7142857142857143,1,1,1,1,0,1.0,1,1
dfcd42d7-d6d2-4693-af56-f8698956614d,479.8825810185185,8,6076.97,759.62125,5.0,4,5.0,0.375,1,1,1,1,0,1.0,1,1
90586c55-0864-4dc1-bc1d-5a811685d930,411.0127199074074,8,35681.29,4460.16125,27.0,4,27.0,0.375,1,1,1,1,0,1.0,1,1
9c3e260d-7ca9-4ac1-84a9-3efbdb2edbcf,283.50104166666665,5,4503.1,900.6200000000001,4.0,2,4.0,0.4,1,1,1,1,0,1.0,1,1
47918f98-43f1-45f9-a3cd-4ee85650ef42,445.8171875,2,1770.4,885.2,110.0,2,110.0,1.0,5,1,5,7,6,4.5,7,8
b027e792-95ae-479e-8bb0-e8d8599ec0ca,433.4118287037037,4,10627.94,2656.985,708.0,0,-1.0,0.0,1,1,1,1,0,1.0,1,1
7b60d0ea-9c3c-4276-b407-722a234562c6,370.4137847222222,4,13182.5,3295.625,551.0,2,551.0,0.5,1,1,1,25,24,7.0,25,28
a4a4d58b-8512-4497-9dd1-dd6baf2a4818,411.2884837962963,2,12050.29,6025.145,218.0,2,218.0,0.5,1,1,1,1,0,1.0,1,1
d070f50c-340c-4598-b6bb-35f922412564,370.8232291666667,4,14013.650000000001,3503.4125000000004,451.0,2,451.0,0.5,1,1,1,1,0,1.0,1,1
d10047f8-7e57-45da-ad42-7f4a659ab1e8,317.72709490740743,5,28092.25,5618.45,1202.0,3,1202.0,0.4,1,1,1,28,27,7.75,28,57
61735319-2f66-46c8-a7be-55caab8ff5c9,384.70359953703706,8,6274.37,784.29625,1.0,3,1.0,0.375,1,1,1,1,0,1.0,1,1
a8b86f6e-79f4-417e-91b7-b278512c086f,193.71616898148147,5,13196.64,2639.328,290.0,2,481.0,0.4,1,1,1,1,0,1.0,1,1
d420bdaa-b5f1-4163-979b-edcd7ed434cd,285.0108217592593,2,10694.68,5347.34,421.0,1,1973.0,0.5,1,1,1,1,0,1.0,1,1
5b4daa3c-0ff8-49d2-a9d9-401ba0d40497,521.5046180555555,14,67647.76,4831.982857142857,24.0,4,24.0,0.21428571428571427,1,1,1,25,24,7.0,25,28
e9aa6f91-85f4-4e83-944b-a56606b5fcf1,252.98072916666666,4,10780.67,2695.1675,381.0,1,381.0,0.25,1,1,1,1,0,1.0,1,1
9470061f-c6cc-4e28-a219-25b2e4d480ff,207.6002662037037,4,2541.2200000000003,635.3050000000001,3.0,0,-1.0,0.0,1,1,1,1,0,1.0,1,1
c3020f6d-23ec-4888-9657-df6b76142e09,321.35671296296294,5,4491.45,898.29,1.0,3,1.0,0.6,1,1,1,1,0,1.0,1,1
292b9de9-d7bd-4f78-9c89-48611e11ea81,176.99796296296296,1,432.39,432.39,172.0,2,172.0,1.0,1,1,1,1,0,1.0,1,1
71235999-990e-4325-8a1b-9c0f513685e9,195.4339236111111,3,12159.53,4053.1766666666667,643.0,0,-1.0,0.0,1,1,1,1,0,1.0,1,1
39746f41-53ef-4d00-9bc0-95e486f1f157,496.9616087962963,5,18434.6,3686.9199999999996,1058.0,2,1058.0,0.4,1,1,1,1,0,1.0,1,1
b16c2bd2-a5ac-4e65-9fe8-0e1819b4e4d0,355.06238425925926,7,30323.72,4331.96,952.0,5,952.0,0.5714285714285714,1,1,1,1,0,1.0,1,1
20ca8897-e491-4ae2-938d-2b6f56c11ac9,257.1019097222222,11,48461.01,4405.546363636364,878.0,2,1667.0,0.18181818181818182,1,1,1,1,0,1.0,1,1
b8c2dbb8-0be8-4161-b357-a68b7399cee8,216.18849537037036,4,18086.48,4521.62,1746.0,2,1746.0,0.5,1,1,1,1,0,1.0,1,1
d79f1659-18fd-4d86-9506-8083eac8157f,494.86114583333335,3,9435.23,3145.0766666666664,1346.0,1,3228.0,0.3333333333333333,1,1,1,1,0,1.0,1,1
012e8d4b-8f68-4f3c-b0b1-a65a250705b5,491.5953935185185,6,5043.57,840.5949999999999,4.0,5,4.0,0.8333333333333334,1,1,1,26,25,7.25,26,32
1d41399d-4b5c-4b63-8f66-6d09ecd194f8,485.58346064814816,5,13368.68,2673.736,976.0,2,976.0,0.4,1,1,1,1,0,1.0,1,1
3fd04426-1244-450f-8395-d4d3aede03cb,294.0439930555556,11,46180.399999999994,4198.218181818182,612.0,4,1324.0,0.36363636363636365,1,1,1,1,0,1.0,1,1
bd4b82e2-0398-449f-9c05-4385ff3b6341,511.4574074074074,1,650.23,650.23,7.0,1,7.0,1.0,1,1,1,1,0,1.0,1,1
badf909d-6f9f-4f1f-9599-74ce3741519a,383.9006597222222,2,1991.9099999999999,995.9549999999999,8.0,2,8.0,1.0,1,1,1,4,3,1.75,4,5
36907381-d3ce-44ca-badf-37559491557b,419.7747685185185,14,49544.85,3538.917857142857,180.0,4,2106.0,0.2857142857142857,1,1,1,1,0,1.0,1,1
995b7e31-7bb1-4440-9405-4206a538ace4,297.15438657407407,3,18465.44,6155.1466666666665,2119.0,1,2893.0,0.3333333333333333,1,1,1,26,25,7.25,26,32
c5d793cf-abd8-403b-a18c-95e014f94e78,204.61991898148148,7,30934.41,4419.201428571429,720.0,3,720.0,0.2857142857142857,1,1,1,1,0,1.0,1,1
33561d25-94b4-417f-8850-df2d45a5d012,237.33755787037038,3,10758.0,3586.0,842.0,2,842.0,0.6666666666666666,1,1,1,1,0,1.0,1,1
670d886e-df8f-4317-bc9a-8fdca2ae2888,233.56790509259258,4,3533.6000000000004,883.4000000000001,8.0,3,8.0,0.75,1,1,1,28,27,7.75,28,57
f804e049-9339-4f7b-b8df-2b6051fb4997,229.1923263888889,6,19259.29,3209.8816666666667,354.0,2,354.0,0.3333333333333333,1,1,1,1,0,1.0,1,1
fbe03ac0-8087-41ed-a0ef-9b4d3d0790f7,248.0574074074074,4,13055.9,3263.975,912.0,3,912.0,0.5,1,1,1,1,0,1.0,1,1
36d61b66-0e87-4ddd-b93a-6aa9b4859c32,246.7970486111111,3,10788.45,3596.15,1553.0,2,1553.0,0.6666666666666666,1,1,1,1,0,1.0,1,1
cd2d1d67-5051-4eee-8818-d9723df77844,425.58344907407405,8,6511.280000000001,813.9100000000001,2.0,5,2.0,0.375,1,1,1,1,0,1.0,1,1
c23ce8c8-db78-4785-a2ab-4f46144f74af,212.44841435185185,6,26938.379999999997,4489.73,225.0,1,225.0,0.16666666666666666,1,1,1,17,16,5.0,17,57
518cb542-2511-4f03-a71e-38dd4a9cb28c,484.1588425925926,5,27516.739999999998,5503.348,75.0,1,75.0,0.2,1,1,1,1,0,1.0,1,1
d1f8881f-7493-4f48-b180-5cf00bc65b04,250.5920023148148,5,16129.429999999998,3225.8859999999995,2248.0,2,2366.0,0.4,1,1,1,1,0,1.0,1,1
5f982cc4-8ce9-49bb-8627-89f07c98f8cd,184.30387731481483,8,30389.9,3798.7375,178.0,2,178.0,0.25,1,1,1,1,0,1.0,1,1
2a9f379b-717b-4026-8190-19d23eb4d461,532.0288657407407,3,5960.599999999999,1986.8666666666666,928.0,2,1095.0,0.3333333333333333,1,1,1,1,0,1.0,1,1
4ac299e6-190f-4205-b173-aead29ca4c88,457.04055555555556,3,9531.67,3177.2233333333334,365.0,2,365.0,0.6666666666666666,1,1,1,28,27,7.75,28,57
4ac332bc-a68d-45b5-b893-f7aedc17d5ca,239.78462962962962,6,31420.300000000003,5236.716666666667,736.0,3,736.0,0.5,1,1,1,1,0,1.0,1,1
31441bc6-af91-4231-9ce8-e66fbb671c3d,317.69694444444445,3,2812.7,937.5666666666666,2.0,1,2.0,0.3333333333333333,1,1,1,1,0,1.0,1,1
aaf03813-dbcc-46bd-b06d-470188999c6d,462.70940972222223,5,17874.09,3574.818,2315.0,0,-1.0,0.0,1,1,1,1,0,1.0,1,1
90094deb-5c0e-4ff4-a994-f09ec3ddc980,538.8073842592593,4,14657.77,3664.4425,115.0,0,-1.0,0.0,1,1,1,1,0,1.0,1,1
058d899d-3b66-4203-a3df-a1aa438da54e,317.7038773148148,3,12941.06,4313.6866666666665,2569.0,2,2808.0,0.6666666666666666,1,1,1,1,0,1.0,1,1
7ef2e39e-8bdd-4620-9f83-f48df4aceaea,191.00266203703703,5,19069.15,3813.8300000000004,48.0,1,266.0,0.2,1,1,1,1,0,1.0,1,1
a95afb6d-e56b-4d7d-af0a-ff9622ed8afa,223.09883101851852,5,16287.849999999999,3257.5699999999997,547.0,2,547.0,0.4,1,1,1,17,16,5.0,17,57
9ed783b6-73cc-4bf8-8948-b2ea0a20d8d5,387.5313194444444,7,5629.93,804.2757142857143,1.0,1,1.0,0.14285714285714285,1,1,1,1,0,1.0,1,1
667b9155-db8a-40f3-9bbf-a30f8713aa67,322.6485069444444,6,18228.309999999998,3038.0516666666663,356.0,1,356.0,0.16666666666666666,1,1,1,1,0,1.0,1,1
af181f3c-69b3-4024-a17a-bf097162b10f,291.7040856481481,2,1485.82,742.91,2062.0,1,2062.0,0.5,1,1,1,1,0,1.0,1,1
d65de2cb-52fa-48e1-8617-c69038e16a32,186.95146990740741,18,88308.13,4906.0072222222225,419.0,6,419.0,0.2777777777777778,1,1,1,1,0,1.0,1,1
7914df05-3a97-4e8f-bb55-f4459d8bddd3,181.65027777777777,3,13274.210000000001,4424.736666666667,2434.0,1,2434.0,0.3333333333333333,1,1,1,26,25,7.25,26,32
5ad9481d-b247-41fe-836c-48d51c7fec6a,461.05149305555557,2,2590.19,1295.095,1474.0,1,1474.0,0.5,1,1,1,1,0,1.0,1,1
38436d51-8f75-49bb-97b0-4bef1aa15b4d,362.75797453703706,1,486.73,486.73,4.0,1,4.0,1.0,3,1,4,1,4,2.25,4,57
93ce09d7-00c9-4df4-9277-be5656c6da80,245.0786226851852,2,1649.98,824.99,569.0,2,569.0,0.5,1,1,1,1,0,1.0,1,1
80fe8d95-21ea-4f26-be5b-7018d1dd2f7d,244.4758449074074,4,18841.96,4710.49,46.0,3,46.0,0.75,1,1,1,1,0,1.0,1,1
7031f798-1ea0-4ede-bda7-cb8b3d0e126b,182.6104861111111,4,2419.59,604.8975,3.0,1,132.0,0.25,1,1,1,1,0,1.0,1,1
43874ea8-1a9c-4d6e-a90d-72781c292a6e,513.6719097222223,2,5733.0,2866.5,240.0,0,-1.0,0.0,1,1,1,1,0,1.0,1,1
212b5bde-8134-427c-970a-e16a840b19a5,484.89292824074073,3,14757.89,4919.296666666666,1589.0,2,1589.0,0.3333333333333333,1,1,1,1,0,1.0,1,1
834e7ea5-b58d-44aa-a827-fcd58843a040,290.2058912037037,6,21078.86,3513.1433333333334,1283.0,3,1570.0,0.5,1,1,1,1,0,1.0,1,1
c3168e2a-f19d-44c7-8c37-ce615f36b47a,429.2108101851852,5,24987.48,4997.496,1927.0,1,4025.0,0.2,1,1,1,1,0,1.0,1,1
baffb83c-7f91-4b2d-bbb4-86a830a5a761,383.02342592592595,4,22045.55,5511.3875,1511.0,1,1511.0,0.25,1,1,1,1,0,1.0,1,1
2d857aa9-3a34-4e6e-b770-9cbab35aa572,465.0416550925926,4,20241.4,5060.35,371.0,1,2814.0,0.25,1,1,1,1,0,1.0,1,1
265c2691-8956-4277-9dfa-694ec81e0cc4,326.3612152777778,6,26308.7,4384.783333333334,170.0,2,2133.0,0.3333333333333333,1,1,1,1,0,1.0,1,1
9b9ab25d-2603-41e1-99ef-8290148b856e,482.09797453703703,15,67019.24,4467.949333333334,259.0,6,259.0,0.3333333333333333,1,1,1,1,0,1.0,1,1
8d23e53a-d458-4297-9b0a-28b3dc3c69da,209.50019675925927,4,19563.79,4890.9475,842.0,1,842.0,0.25,1,1,1,1,0,1.0,1,1
2e468259-d1ba-47c8-aa63-79f60cb7747a,501.1990625,3,18719.47,6239.823333333334,960.0,2,960.0,0.6666666666666666,1,1,1,1,0,1.0,1,1
a794ed18-7ef7-4e0a-892b-871a99bcd6b7,247.14306712962963,2,12405.380000000001,6202.6900000000005,369.0,1,3641.0,0.5,1,1,1,26,25,7.25,26,33
ae62c96e-67c0-455b-bbc9-b347e0baf161,407.0876851851852,3,15839.46,5279.82,1328.0,3,1328.0,0.6666666666666666,1,1,1,1,0,1.0,1,1
445211d8-0e94-4146-9bca-b40d7ffef6e3,534.4210416666666,2,1396.04,698.02,1500.0,2,1500.0,1.0,1,1,1,1,0,1.0,1,1
38350737-1fff-4345-b1a5-e5ac2a582351,218.10819444444445,3,3124.79,1041.5966666666666,4.0,3,4.0,1.0,1,3,1,1,2,1.5,3,4
02e4b4b1-96a1-4708-8111-c8ff6c17654c,269.98548611111113,2,8914.150000000001,4457.075000000001,1178.0,0,-1.0,0.0,1,1,1,1,0,1.0,1,1
9d146e1e-189e-41e8-86c5-31004f357904,221.7603587962963,3,2718.84,906.2800000000001,16.0,2,26.0,0.6666666666666666,5,6,5,6,5,5.5,6,6
60fd21a9-5239-4210-b296-0f43be8ef207,254.58795138888888,4,19436.96,4859.24,780.0,3,780.0,0.75,1,1,1,1,0,1.0,1,1
546b11de-5cff-47ea-88ed-d3fc8539ebc0,372.4689236111111,4,22789.11,5697.2775,2188.0,1,4166.0,0.25,1,1,1,1,0,1.0,1,1
c8eebf97-7342-4add-b08a-ba7c0e6c4c1a,368.76125,7,19044.72,2720.674285714286,296.0,1,312.0,0.14285714285714285,1,1,1,1,0,1.0,1,1
a823b908-4367-4d02-9ee4-9f3c8d8460a3,387.3437152777778,6,14764.91,2460.818333333333,1669.0,3,1923.0,0.5,1,1,1,1,0,1.0,1,1
4a84f14b-687a-45a7-bd41-d0da4ba0dda0,406.93450231481484,7,27151.37,3878.7671428571425,55.0,4,55.0,0.42857142857142855,1,1,1,1,0,1.0,1,1
dda16d86-6f44-444a-9157-49217076fecc,252.37851851851852,5,4408.99,881.798,6.0,1,62.0,0.2,1,1,1,1,0,1.0,1,1
3ed109da-97ab-4940-b72a-5d30f4e772bb,360.563900462963,2,5123.7,2561.85,1595.0,1,1595.0,0.5,1,1,1,1,0,1.0,1,1
59bb05fb-4673-42db-9159-abfda8cb5565,469.1941435185185,3,12838.29,4279.43,487.0,1,487.0,0.3333333333333333,1,1,1,1,0,1.0,1,1
0661db09-d28b-45ea-9511-29ad096b00e3,351.6661921296296,5,24255.01,4851.0019999999995,846.0,2,846.0,0.4,1,1,1,1,0,1.0,1,1
43e13ee2-cb4a-48f8-be1d-53eb66c12833,378.9250347222222,3,13501.35,4500.45,597.0,2,597.0,0.6666666666666666,1,1,1,28,27,7.75,28,57
c50aa158-2a0d-43d5-a63e-05e066b9fcda,397.0917592592593,2,6855.79,3427.895,2574.0,0,-1.0,0.0,1,1,1,1,0,1.0,1,1
09308d76-a757-45a0-b3a1-a110bc8fc5dc,190.37149305555556,5,25684.89,5136.978,1414.0,3,1414.0,0.4,1,1,1,1,0,1.0,1,1
f9687a9b-b4a0-4829-b792-cf0d1030f7ce,349.9551851851852,5,15384.28,3076.856,784.0,1,1023.0,0.2,1,1,1,1,0,1.0,1,1
d12fa64c-6414-4eec-adec-fb6a18317215,353.2125115740741,13,50295.36,3868.873846153846,61.0,3,2506.0,0.23076923076923078,1,1,1,1,0,1.0,1,1
187c11e8-2e92-49fb-adbc-854137d34582,444.21594907407405,2,6355.38,3177.69,2416.0,1,2416.0,0.5,1,1,1,1,0,1.0,1,1
510caba5-6979-4919-886b-e3fb5f6564c9,238.72790509259258,7,6326.48,903.7828571428571,1.0,5,1.0,0.7142857142857143,5,3,1,1,4,2.5,5,5
b5ea364c-8082-4d86-925a-c881090be988,326.01865740740743,4,15484.619999999999,3871.1549999999997,748.0,2,748.0,0.5,1,1,1,1,0,1.0,1,1
7c15b8d4-5cba-41b7-b53a-4744c6a80358,525.3233101851852,2,7121.41,3560.705,662.0,2,662.0,1.0,1,1,1,1,0,1.0,1,1
46a901c6-6450-4958-8311-66a390c695b9,249.01606481481483,3,13770.3,4590.099999999999,670.0,0,-1.0,0.0,1,1,1,1,0,1.0,1,1
a51b4fda-0794-4da8-940f-6ad83dbc9b04,518.6696180555556,22,86180.94,3917.3154545454545,70.0,4,555.0,0.13636363636363635,1,1,1,1,0,1.0,1,1
1e7a345f-f202-4785-bc88-180de190d86a,349.45543981481484,2,9487.8,4743.9,1731.0,1,1731.0,0.5,1,1,1,1,0,1.0,1,1
f34778c7-8ce8-4def-9ba9-03cf832648ec,457.9826388888889,3,17337.11,5779.036666666667,390.0,3,390.0,1.0,1,1,1,1,0,1.0,1,1
13ff07d2-e86b-4182-b7f7-b7c655e51106,529.4259490740741,12,58415.65,4867.970833333334,12.0,4,12.0,0.3333333333333333,1,1,1,1,0,1.0,1,1
d450c47c-ef45-4404-80b9-ed0044110865,519.503287037037,3,10434.39,3478.1299999999997,1583.0,2,2217.0,0.6666666666666666,1,1,1,1,0,1.0,1,1
1b24ad10-506d-4601-b640-b902408432f7,511.3324074074074,1,1460.21,1460.21,7.0,0,-1.0,0.0,1,1,1,1,0,1.0,1,1
b9534956-0d54-4ed9-9b27-f73232007517,397.6812037037037,5,16199.419999999998,3239.8839999999996,1304.0,3,1304.0,0.4,1,1,1,1,0,1.0,1,1
702a8444-c8f9-46d8-9b9a-6964e6c6ed7a,198.74659722222222,5,22240.53,4448.106,506.0,2,2320.0,0.4,1,1,1,1,0,1.0,1,1
9f327b26-2a0b-41b2-821a-dd0f9f5dda53,386.22872685185183,1,3749.84,3749.84,1606.0,0,-1.0,0.0,1,1,1,1,0,1.0,1,1
62059273-3dbe-4fe7-8968-a1a6fce6e03c,279.93278935185185,4,14559.47,3639.8675,473.0,2,473.0,0.25,1,1,1,1,0,1.0,1,1
b37c8a87-5928-4d75-a23d-99c80b9d8de8,363.42471064814816,1,2823.03,2823.03,3925.0,1,3925.0,1.0,1,1,1,1,0,1.0,1,1
ab50adfb-4443-403c-9280-75407526b28c,400.67969907407405,4,10159.73,2539.9325,1613.0,2,1613.0,0.25,1,1,1,26,25,7.25,26,33
3a1fc822-ef49-4c5e-870f-610cc62d68f1,294.90222222222224,2,14320.44,7160.22,196.0,1,196.0,0.5,1,1,1,1,0,1.0,1,1
b3ea0bb0-dc2d-4285-b549-a8cae409a52c,274.9741319444444,5,25998.72,5199.744000000001,1528.0,3,1528.0,0.6,1,1,1,1,0,1.0,1,1
9db3f27b-9a84-4526-a3ff-7d4d8a6826c2,262.4723148148148,6,29445.79,4907.631666666667,878.0,2,878.0,0.3333333333333333,1,1,1,1,0,1.0,1,1
42d0333b-cba5-4621-8f50-136b062de7ec,425.746400462963,2,4060.83,2030.415,1495.0,1,2488.0,0.5,1,1,1,1,0,1.0,1,1
b91a94b5-af76-436f-98ca-f5114d92c8fd,422.63851851851854,4,12933.76,3233.44,302.0,3,302.0,0.75,1,1,1,1,0,1.0,1,1
2f4ad2fb-6e45-4965-b960-f9ad19b8437a,274.6488888888889,4,12215.08,3053.77,1768.0,0,-1.0,0.0,1,1,1,1,0,1.0,1,1
af4b7316-36aa-480e-974a-5fba4bd48b74,358.3674537037037,4,13672.14,3418.035,152.0,0,-1.0,0.0,1,1,1,1,0,1.0,1,1
81055093-8877-4f15-b6da-4a7e9b568785,433.9186574074074,3,10662.43,3554.1433333333334,282.0,2,282.0,0.6666666666666666,1,1,1,1,0,1.0,1,1
90b7caf5-a7fd-4629-a02e-4f59062eae8b,463.2858101851852,4,15698.93,3924.7325,1245.0,1,1618.0,0.25,1,1,1,1,0,1.0,1,1
3c5204c8-5568-473e-a79c-fd40d538a5d0,476.7579861111111,4,12964.119999999999,3241.0299999999997,458.0,1,4104.0,0.25,1,1,1,1,0,1.0,1,1
4fecb7e5-e962-4c35-84e8-416472028197,324.1908449074074,5,15908.01,3181.602,1692.0,3,1692.0,0.6,1,1,1,1,0,1.0,1,1
adbc4e62-7977-46c8-99e7-f9354545819c,367.3686574074074,4,15984.56,3996.14,112.0,1,112.0,0.25,1,1,1,1,0,1.0,1,1
85a709b4-032f-4536-811a-d0ad087aa666,342.47706018518517,2,8983.36,4491.68,4255.0,1,4325.0,0.5,1,1,1,1,0,1.0,1,1
f4259bb9-e162-483b-941a-f628d6b3b8da,325.8410069444444,3,7997.969999999999,2665.99,545.0,2,545.0,0.6666666666666666,1,1,1,1,0,1.0,1,1
b2fe9366-589c-4002-a223-27eb60ac7943,523.9533796296296,5,23858.57,4771.714,119.0,1,1494.0,0.2,1,1,1,1,0,1.0,1,1
254969d0-3919-4758-b84e-44b430af9ef6,428.9140277777778,2,5297.57,2648.785,3063.0,1,4198.0,0.5,1,1,1,1,0,1.0,1,1
c27ae8b4-5794-43b2-8c4f-e736c72e818c,305.5439351851852,5,19573.54,3914.708,472.0,2,472.0,0.4,1,1,1,26,25,7.25,26,32
a1e4958d-da9b-46c3-a419-03b3f088c574,333.7221875,19,67576.12,3556.6378947368416,330.0,5,601.0,0.21052631578947367,1,1,1,1,0,1.0,1,1
d968136c-0589-4963-968b-21ef777be220,432.4502662037037,3,8600.970000000001,2866.9900000000002,523.0,2,523.0,0.6666666666666666,1,1,1,25,24,7.0,25,28
80e5446a-4a43-456b-bfc0-3730ac94202e,259.2136458333333,2,11337.44,5668.72,552.0,2,552.0,1.0,1,1,1,1,0,1.0,1,1
2d50e88e-f9e9-4b92-9dc2-7cb96f9d3176,442.5424074074074,6,28437.489999999998,4739.581666666666,756.0,3,756.0,0.3333333333333333,1,1,1,1,0,1.0,1,1
cc22356b-a68c-4772-a678-c7382d21f09d,374.5125,21,93360.31,4445.729047619047,325.0,2,325.0,0.09523809523809523,1,1,1,26,25,7.25,26,32
51d3ae17-3230-4d82-8e2f-951f6fe968cb,436.3757638888889,7,29443.309999999998,4206.187142857142,1282.0,2,1282.0,0.2857142857142857,1,1,1,28,27,7.75,28,57
d9b9b36d-035a-440b-8b72-7b49159219f8,319.01184027777776,2,4734.78,2367.39,2186.0,1,2186.0,0.5,1,1,1,1,0,1.0,1,1
3e4cd64f-b44a-4ed5-aa5d-e59ac5cb4c10,226.219375,20,76834.52,3841.726,115.0,10,115.0,0.45,1,1,1,1,0,1.0,1,1
770c61f7-1646-4a2e-817c-55676ebdd904,315.5086342592593,8,22833.34,2854.1675,218.0,3,218.0,0.375,1,1,1,1,0,1.0,1,1
fc850b0e-7119-43da-a473-6a139765c87e,198.15793981481482,5,17577.86,3515.572,1209.0,3,1209.0,0.6,1,1,1,1,0,1.0,1,1
38ff7241-b00d-4e01-aca6-385b46850cbb,234.56152777777777,4,16334.01,4083.5025,1843.0,1,2063.0,0.25,1,1,1,1,0,1.0,1,1
fb8b9244-edda-4b61-bd01-bcc3ccd4e013,263.68875,4,20511.11,5127.7775,2149.0,2,2149.0,0.5,1,1,1,1,0,1.0,1,1
796c02d5-1904-49c4-8d55-534d6e03bd23,354.482962962963,2,1556.6599999999999,778.3299999999999,9.0,2,9.0,1.0,1,1,1,1,0,1.0,1,1
38123579-cbc8-48ff-b2a2-617808182b6f,178.6607175925926,4,9714.22,2428.555,135.0,3,135.0,0.75,1,1,1,25,24,7.0,25,28
ca07e5f2-a64f-4f98-945b-161be2bde621,286.3876041666667,4,23177.42,5794.355,1096.0,2,1096.0,0.5,1,1,1,26,25,7.25,26,32
0a240ef4-4125-413d-a8a6-be062387dbfe,245.1287152777778,2,4270.4,2135.2,2338.0,0,-1.0,0.0,1,1,1,1,0,1.0,1,1
2a598ee3-a83d-4f7a-8367-4ebf75e16730,358.45002314814815,1,5754.4,5754.4,3752.0,0,-1.0,0.0,1,1,1,1,0,1.0,1,1
04748f34-821a-418f-a601-31811dde1db8,361.67116898148146,3,12389.08,4129.693333333334,2538.0,0,-1.0,0.0,1,1,1,1,0,1.0,1,1
6f661e54-2518-457d-b126-ee17b82b3610,512.1051736111111,5,20724.59,4144.918,675.0,1,675.0,0.2,1,1,1,1,0,1.0,1,1
b0efc0a9-dbc9-4728-bd7c-d41648b9bcb5,233.60835648148148,7,23653.64,3379.0914285714284,1676.0,4,2224.0,0.42857142857142855,1,1,1,1,0,1.0,1,1
e45dc7f9-2ef4-4811-8c6a-aa629e5763bd,520.6766319444445,4,17764.96,4441.24,1015.0,1,1015.0,0.25,1,1,1,1,0,1.0,1,1
0427de27-40a4-44d9-8082-7918f8650b8b,445.3588541666667,2,2708.0,1354.0,168.0,1,218.0,0.5,5,1,1,7,6,3.5,7,8
759dcf48-4408-470a-941e-dab7b3018660,383.94783564814816,3,13989.56,4663.1866666666665,638.0,1,638.0,0.3333333333333333,1,1,1,1,0,1.0,1,1
84d6ed0b-0a3b-4e00-9b2f-3bc5c4240f7f,481.07006944444447,2,8854.39,4427.195,1674.0,1,4315.0,0.5,1,1,1,1,0,1.0,1,1
d4ba1c00-d6dd-4b44-849c-84cec1c5bf50,378.1364699074074,8,6299.11,787.38875,2.0,3,2.0,0.375,1,1,1,26,25,7.25,26,32
be4e7b7b-0178-46ce-8be2-70008c9a5a21,509.5604513888889,24,114688.92,4778.705,459.0,6,880.0,0.25,1,1,1,1,0,1.0,1,1
ccd22839-d7ce-4c26-a282-8b829a443456,224.12939814814814,17,87560.94,5150.643529411765,54.0,7,61.0,0.35294117647058826,1,1,1,1,0,1.0,1,1
4d67470c-e8ae-4b58-9710-bf58a6db8559,198.56966435185186,1,1250.05,1250.05,3662.0,1,3662.0,1.0,1,1,1,26,25,7.25,26,33
805821d6-8c1c-420e-82b7-27c7ffad29da,180.05891203703703,3,4556.46,1518.82,730.0,2,730.0,0.6666666666666666,1,1,1,1,0,1.0,1,1
a2b9c0f5-ac69-46c3-b8d9-8d1ede0aa299,312.0966203703704,7,28427.53,4061.075714285714,52.0,2,52.0,0.2857142857142857,1,1,1,1,0,1.0,1,1
67ca77be-b498-4107-8fb7-d9bafc1bbecb,231.40634259259258,7,23772.29,3396.0414285714287,532.0,1,1007.0,0.14285714285714285,1,1,1,26,25,7.25,26,32
a9138107-9764-4554-acb8-af460819cd4e,281.94618055555554,4,7880.62,1970.155,2408.0,2,2408.0,0.5,1,1,1,1,0,1.0,1,1
03454efe-487b-40fc-9a47-ae097d3ebcea,427.43796296296296,4,14322.17,3580.5425,1906.0,4,1906.0,0.75,1,1,1,1,0,1.0,1,1
d41b2ffe-15fd-4a33-bfff-a347787e10c7,270.7417361111111,3,14580.26,4860.086666666667,1626.0,3,1626.0,0.6666666666666666,1,1,1,1,0,1.0,1,1
5cf517db-f540-41b5-8c20-9303cdc7d308,200.74623842592592,6,23889.0,3981.5,1323.0,2,1323.0,0.3333333333333333,1,1,1,1,0,1.0,1,1
072aba42-87b3-4f0a-b177-55b30595d80e,257.3542708333333,4,20859.699999999997,5214.924999999999,1816.0,1,1816.0,0.25,1,1,1,1,0,1.0,1,1
3d74b37f-0514-487a-89ae-01dd1d0cd15b,236.24902777777777,3,10073.76,3357.92,3251.0,1,3251.0,0.3333333333333333,1,1,1,1,0,1.0,1,1
2280cff6-ed25-460b-9fd9-78fe10559bd6,447.4017013888889,3,11208.599999999999,3736.1999999999994,2498.0,1,2498.0,0.3333333333333333,1,1,1,1,0,1.0,1,1
64c92855-b838-4e94-990f-d426fc446fda,458.6492824074074,16,63834.8,3989.675,180.0,8,180.0,0.4375,1,1,1,1,0,1.0,1,1
3dc1e34f-3797-4be1-8b30-8882c6e06ee7,430.13425925925924,3,21965.09,7321.696666666667,1852.0,2,1852.0,0.6666666666666666,1,1,1,1,0,1.0,1,1
597f67ed-0336-4491-9ea5-894774d096bd,281.02421296296296,15,66248.5,4416.566666666667,247.0,3,687.0,0.2,1,1,1,1,0,1.0,1,1
7dd2cb58-3e20-436f-a5f5-651ae5c43d63,175.59002314814813,18,91726.9,5095.938888888889,99.0,10,99.0,0.5,1,1,1,1,0,1.0,1,1
ec6b1b61-5bde-4af0-8f7d-46f984d7f4f0,535.0984027777778,4,17505.47,4376.3675,513.0,0,-1.0,0.0,1,1,1,1,0,1.0,1,1
a25dfa04-3113-4251-82d4-7721bbd59cfd,502.7117824074074,17,80229.61,4719.388823529412,306.0,5,363.0,0.29411764705882354,1,1,1,1,0,1.0,1,1
f331c6a6-60e6-4645-a5bb-a9719981eecb,342.2504166666667,2,8673.93,4336.965,392.0,0,-1.0,0.0,1,1,1,1,0,1.0,1,1
948f173f-810e-4c33-aa8d-24162406a117,407.7586111111111,7,29477.239999999998,4211.034285714285,72.0,2,72.0,0.2857142857142857,1,1,1,1,0,1.0,1,1
55def695-cf6e-4bfc-977c-54f54d573cc9,216.5255439814815,5,17156.7,3431.34,1452.0,2,1452.0,0.4,1,1,1,1,0,1.0,1,1
48a50870-8f34-407c-9d61-b3e9741eb74c,205.8472800925926,7,26430.78,3775.825714285714,887.0,1,887.0,0.14285714285714285,1,1,1,1,0,1.0,1,1
66fec720-5556-4310-a73f-dbd4716fdcce,419.42616898148145,4,3422.64,855.66,2.0,1,293.0,0.25,1,1,1,1,0,1.0,1,1
7bebff6a-c235-4fa3-a8da-52245d2c0a96,347.1020486111111,3,10719.01,3573.0033333333336,292.0,2,292.0,0.6666666666666666,1,1,1,1,0,1.0,1,1
1f79d23c-77df-401d-a4e8-2c3b98e5cb78,242.35640046296297,12,50522.53,4210.2108333333335,231.0,3,932.0,0.25,1,1,1,1,0,1.0,1,1
e9951e7a-4d21-4699-9e2b-11ff0ce1ade6,285.11462962962963,6,31536.41,5256.068333333334,743.0,0,-1.0,0.0,1,1,1,1,0,1.0,1,1
18b493fd-d5f1-4e31-84e0-61657b4c088d,524.1025231481482,3,7918.55,2639.516666666667,263.0,2,263.0,0.6666666666666666,1,1,1,1,0,1.0,1,1
8a2f6f01-e268-4bdd-9d28-5f3e71c92da2,257.59962962962965,4,22912.47,5728.1175,708.0,1,708.0,0.25,1,1,1,1,0,1.0,1,1
7a5270ba-f688-40a8-ba6d-032424cdacca,281.62614583333334,7,18878.21,2696.887142857143,23.0,3,23.0,0.42857142857142855,1,1,1,1,0,1.0,1,1
6fd3cefd-15df-4df7-a4a9-f465b77407be,540.0533912037037,7,31769.62,4538.517142857143,185.0,2,3211.0,0.2857142857142857,1,1,1,1,0,1.0,1,1
046e21eb-a255-48ff-a9f6-842ec1966cda,455.9020486111111,6,17311.25,2885.2083333333335,544.0,1,544.0,0.16666666666666666,1,1,1,1,0,1.0,1,1
3275b4ce-0f44-4e7f-8e62-a247666d284e,284.48528935185186,5,19189.280000000002,3837.8560000000007,666.0,2,666.0,0.4,1,1,1,1,0,1.0,1,1
ab9a91b0-0bdf-42d7-90ce-de2ed4ed13fb,479.0214236111111,16,51475.25,3217.203125,168.0,7,168.0,0.375,1,1,1,1,0,1.0,1,1
85b4e8f2-106c-4360-a45f-084c0f7eefda,405.52872685185184,4,14796.06,3699.015,1737.0,2,1737.0,0.25,1,1,1,1,0,1.0,1,1
e76cc848-6e6b-42ed-92e4-ce9db4e91cb8,326.3404282407407,2,11418.48,5709.24,1175.0,2,1175.0,1.0,1,1,1,1,0,1.0,1,1
9282dca7-5ec2-4a92-8ded-80ef31ee1fd4,246.34171296296296,21,84153.17,4007.2938095238096,247.0,8,247.0,0.3333333333333333,1,1,1,1,0,1.0,1,1
bd3d29db-83b8-4fc4-88be-ac0128f441ae,260.6552199074074,5,21970.14,4394.028,1148.0,1,1148.0,0.2,1,1,1,25,24,7.0,25,28
83876ce5-856e-4fa6-90b7-0ef9d9897f2b,333.82049768518516,4,16644.5,4161.125,581.0,1,581.0,0.25,1,1,1,1,0,1.0,1,1
98035a02-e848-4906-b5ac-6c3120035571,500.7657638888889,5,21100.68,4220.136,145.0,3,2856.0,0.6,1,1,1,1,0,1.0,1,1
1e28794b-020b-466d-8974-1fcc2842fa90,408.2584027777778,3,12180.93,4060.31,230.0,2,230.0,0.6666666666666666,1,1,1,1,0,1.0,1,1
fa064558-4dbe-4484-9f31-00e29d1eef0b,314.24971064814815,3,17424.53,5808.176666666666,1641.0,1,1641.0,0.3333333333333333,1,1,1,1,0,1.0,1,1
825febfb-bb37-4999-8e8a-acfd235681b4,254.21065972222223,5,16657.98,3331.596,345.0,3,345.0,0.4,1,1,1,1,0,1.0,1,1
7dcb16b6-3f9a-4266-8d91-be10a17c44d1,216.43418981481483,5,24825.81,4965.162,1223.0,1,2483.0,0.2,1,1,1,1,0,1.0,1,1
c9a151db-82dd-4f6a-9b7a-476155f28540,480.91096064814815,2,10498.470000000001,5249.235000000001,2037.0,0,-1.0,0.0,1,1,1,25,24,7.0,25,28
28fa4066-49b4-491c-a7e9-45d92273c67f,456.89163194444444,17,67284.36,3957.903529411765,312.0,4,1698.0,0.17647058823529413,1,1,1,1,0,1.0,1,1
6aa731ea-4841-4214-a9b4-38352ba926e8,495.82100694444443,3,11455.27,3818.4233333333336,484.0,2,484.0,0.6666666666666666,1,1,1,1,0,1.0,1,1
41a2ebb0-68f9-4cea-9587-e8399cc3ae17,207.28565972222222,22,94553.01,4297.864090909091,277.0,11,277.0,0.5,1,1,1,1,0,1.0,1,1
843b1a83-db76-41c1-99eb-2de0a8a55818,269.24004629629627,5,20823.03,4164.606,912.0,3,912.0,0.4,1,1,1,1,0,1.0,1,1
7e77b0a9-3556-4c26-a0bf-055cfb656260,237.67711805555555,3,10911.31,3637.103333333333,1984.0,0,-1.0,0.0,1,1,1,1,0,1.0,1,1
508403da-8490-4e48-8b5a-cddaff055f1e,234.7961574074074,4,20347.239999999998,5086.8099999999995,1415.0,1,3707.0,0.25,1,1,1,1,0,1.0,1,1
dd64a351-1140-45ec-bbd1-16c79a5d1754,429.08641203703706,6,20764.2,3460.7000000000003,990.0,3,990.0,0.5,1,1,1,1,0,1.0,1,1
e2f57c78-2fed-4140-b652-38a993e4ed44,521.6448611111111,3,13258.62,4419.54,856.0,0,-1.0,0.0,1,1,1,1,0,1.0,1,1
11c6d86c-1a98-432b-addd-66a2d466c2c9,380.2349652777778,3,7459.780000000001,2486.5933333333337,816.0,2,816.0,0.6666666666666666,1,1,1,1,0,1.0,1,1
1ae4f3d2-a088-47e2-addb-0bfe49465eb7,382.65853009259257,3,10689.19,3563.0633333333335,999.0,0,-1.0,0.0,1,1,1,1,0,1.0,1,1
b9befea6-28dc-4a97-b4d8-4b4b939edc0d,216.37523148148148,3,12188.65,4062.883333333333,481.0,0,-1.0,0.0,1,1,1,25,24,7.0,25,28
7f746884-3b41-4bf1-8d99-a8a2933b3342,279.2503472222222,5,24455.78,4891.156,820.0,1,1214.0,0.2,1,1,1,1,0,1.0,1,1
0edc8477-c0a8-454e-a7b0-306a30965b5a,373.2768287037037,3,12759.91,4253.303333333333,1872.0,1,1872.0,0.3333333333333333,1,1,1,1,0,1.0,1,1
5ed67b19-ba93-4b6d-aacc-b30b48d28a94,408.60153935185184,3,4346.76,1448.92,1538.0,2,1538.0,0.3333333333333333,1,1,1,17,16,5.0,17,57
b3dcb17d-4607-47f1-8b5e-0b02826d4ba1,397.5561226851852,4,19622.38,4905.595,731.0,2,3013.0,0.5,1,1,1,1,0,1.0,1,1
de6835cc-9721-4ab1-8913-8f7a111fa387,184.68971064814815,3,11176.09,3725.3633333333332,623.0,1,623.0,0.3333333333333333,1,1,1,1,0,1.0,1,1
8202ea51-9805-4b8c-9c55-2b380d91b605,260.5111574074074,3,12930.86,4310.286666666667,1451.0,5,1451.0,1.0,1,1,1,1,0,1.0,1,1
31587179-5d8b-4ad5-9042-c9fa373ed042,239.72790509259258,7,6877.9400000000005,982.5628571428572,3.0,5,3.0,0.7142857142857143,5,1,3,1,4,2.5,5,5
6402b35d-dc84-4565-9075-e7c06d150df8,238.22646990740742,6,34070.87,5678.4783333333335,1346.0,3,1346.0,0.3333333333333333,1,1,1,1,0,1.0,1,1
cdd52ce0-e6e7-4134-ad60-0b387e235272,397.7374652777778,5,21724.34,4344.868,531.0,1,1105.0,0.2,1,1,1,1,0,1.0,1,1
a9f72b34-7537-4b1d-81af-bdfd26cf63cb,445.4421875,2,1579.28,789.64,63.0,1,63.0,0.5,5,1,1,7,6,3.5,7,8
d220bbfe-54da-4e49-9267-ceffbf61f662,510.8128819444444,5,12725.900000000001,2545.1800000000003,436.0,0,-1.0,0.0,1,1,1,1,0,1.0,1,1
c70e6aaf-cab4-4ed0-9368-7b9e0d1a8246,338.92618055555556,5,25455.670000000002,5091.134,1591.0,3,1591.0,0.6,1,1,1,1,0,1.0,1,1
6dc4d332-8d6f-4aeb-b3f8-ce72f84ba996,274.6256134259259,10,51397.9,5139.79,1545.0,4,2036.0,0.3,1,1,1,1,0,1.0,1,1
45cd7bc6-bbaf-4501-979e-90470013d0b4,352.11226851851853,5,30494.510000000002,6098.902,1934.0,1,1934.0,0.2,1,1,1,1,0,1.0,1,1
a149c4ca-6fe4-4454-a255-07214d49659b,448.41055555555556,1,5587.65,5587.65,4005.0,1,4005.0,1.0,1,1,1,1,0,1.0,1,1
03f876c4-146e-45d3-b1b0-5eeac9b399ab,397.6062152777778,2,5998.98,2999.49,597.0,1,597.0,0.5,1,1,1,1,0,1.0,1,1
201f5420-5726-4342-9e4c-7d23da23b565,218.11097222222222,2,861.8299999999999,430.91499999999996,4.0,1,4.0,0.5,2,3,1,1,3,1.75,3,4
aae174f2-b32b-40d1-8d7b-ff92850529fa,319.4528472222222,2,12141.02,6070.51,2764.0,2,2764.0,1.0,1,1,1,1,0,1.0,1,1
4085a66b-e031-43d7-9d4b-d93fc27dbf1f,480.4211921296296,5,12976.82,2595.364,913.0,1,3754.0,0.2,1,1,1,1,0,1.0,1,1
66b8ae10-bfd4-4384-acd1-fc99c600ac88,288.10894675925925,2,6558.48,3279.24,1695.0,1,1695.0,0.5,1,1,1,1,0,1.0,1,1
c8c217c6-cb23-47cf-a76f-500e1a3e49ff,311.28537037037034,3,14235.919999999998,4745.306666666666,1036.0,0,-1.0,0.0,1,1,1,1,0,1.0,1,1
e7f164be-7d2e-4fcd-ba82-4cb634e583df,242.9419560185185,3,10687.84,3562.6133333333332,155.0,1,155.0,0.3333333333333333,1,1,1,1,0,1.0,1,1
307be1eb-fe3e-493c-88ae-b0c5d88e83ae,354.81868055555555,2,6837.25,3418.625,2053.0,0,-1.0,0.0,1,1,1,1,0,1.0,1,1
f7df3738-fde9-4c5f-a455-9a8c675af4c5,522.00875,5,35387.83,7077.566000000001,855.0,2,855.0,0.4,1,1,1,1,0,1.0,1,1
80824c63-ade6-4e0d-9b4a-6a3f5ccf22f4,368.4516087962963,8,28095.88,3511.985,378.0,4,378.0,0.5,1,1,1,25,24,7.0,25,28
f176eb57-a09a-4c9e-89eb-99dc4c55efb0,244.31079861111112,4,10543.14,2635.785,904.0,2,904.0,0.5,1,1,1,1,0,1.0,1,1
9d1ed6f0-058e-4fef-aab3-98bcca4dfd69,176.8880902777778,5,17507.3,3501.46,322.0,2,322.0,0.4,1,1,1,1,0,1.0,1,1
86f89061-1c74-475c-85c7-b1321ab77264,180.54166666666666,6,27459.43,4576.571666666667,1671.0,1,1671.0,0.16666666666666666,1,1,1,1,0,1.0,1,1
d2a2b570-673c-47c8-b06a-b3cebb413add,358.97011574074077,10,42247.08,4224.7080000000005,1215.0,5,1226.0,0.5,1,1,1,25,24,7.0,25,28
af0669e4-d46d-4edc-b524-924464c0d801,485.9163888888889,24,92188.41,3841.18375,255.0,7,255.0,0.2916666666666667,1,1,1,1,0,1.0,1,1
01110a4b-62fa-412d-8648-6d2c03655903,180.34082175925926,4,28221.64,7055.41,1310.0,2,1310.0,0.25,1,1,1,1,0,1.0,1,1
9a3d19c2-3ee6-43a8-b5c6-cbbc9359e6c2,473.9670949074074,3,10062.79,3354.263333333334,719.0,1,719.0,0.3333333333333333,1,1,1,1,0,1.0,1,1
d3e01faa-8e17-4e47-ab1c-b11c0529dfc4,249.24109953703703,4,16540.83,4135.2075,208.0,1,2720.0,0.25,1,1,1,1,0,1.0,1,1
50af71c2-a327-4de6-8d78-b67a48e29886,243.70119212962962,3,11526.79,3842.263333333334,1277.0,1,1277.0,0.3333333333333333,1,1,1,1,0,1.0,1,1
f83a5637-0b7c-4a1d-9ab7-ab25c5d4b5d7,176.70001157407407,3,13008.64,4336.213333333333,1010.0,1,3272.0,0.3333333333333333,1,1,1,1,0,1.0,1,1
e57fd884-c72c-4cbf-9f62-9a94116e4de5,311.23854166666666,5,24258.53,4851.706,58.0,2,58.0,0.4,1,1,1,1,0,1.0,1,1
a18a887b-25fb-4136-9e0c-b6d6ebb30426,446.152037037037,7,5807.42,829.6314285714286,6.0,5,6.0,0.7142857142857143,7,1,1,1,6,2.5,7,32
aa966ca9-7ffb-4b0e-8e0b-0272638b598a,269.49895833333335,3,2697.6499999999996,899.2166666666666,9.0,2,9.0,0.6666666666666666,1,1,1,26,25,7.25,26,33
b29f1367-70fb-4224-aff0-2b60e865023e,391.3024884259259,3,12789.81,4263.2699999999995,3088.0,0,-1.0,0.0,1,1,1,17,16,5.0,17,57
7124494f-ff7e-46bc-9ef0-519f00d03f5e,275.6234606481481,4,16663.32,4165.83,22.0,0,-1.0,0.0,1,1,1,1,0,1.0,1,1
9e7730ab-6fc9-4a22-86e0-a43bb764d99f,472.3019560185185,7,23504.84,3357.8342857142857,178.0,3,178.0,0.42857142857142855,1,1,1,1,0,1.0,1,1
bb305f22-d7c4-410d-b5e1-621172286ab6,253.4783912037037,4,17478.64,4369.66,1838.0,1,1838.0,0.25,1,1,1,1,0,1.0,1,1
cb98db9a-e298-4c86-a436-2ef7ec26e332,475.49734953703705,13,63136.03,4856.617692307692,300.0,6,300.0,0.46153846153846156,1,1,1,1,0,1.0,1,1
8c98afd7-94d7-492c-b43a-0bb325f09879,445.152037037037,4,3691.8999999999996,922.9749999999999,8.0,2,90.0,0.5,7,1,3,1,6,3.0,7,32
1c6388c0-824e-4561-b34c-0bdf1fbdd79d,220.48006944444444,8,24914.809999999998,3114.3512499999997,503.0,4,1062.0,0.375,1,1,1,26,25,7.25,26,33
306694c1-6b74-4300-9ce9-7c09f8204506,506.36123842592593,4,21524.22,5381.055,129.0,1,129.0,0.25,1,1,1,1,0,1.0,1,1
4b3d060c-1e02-4ca0-9eb5-39b15fa0d3e5,420.3228125,4,2787.4300000000003,696.8575000000001,8.0,2,26.0,0.5,1,1,1,1,0,1.0,1,1
d11f2d95-0905-4f88-babd-9e8abc3bfe0c,493.23211805555553,1,832.46,832.46,3425.0,0,-1.0,0.0,1,1,1,1,0,1.0,1,1
8d5e521f-cdd4-44dd-b5f2-1f5b1dcf8637,226.3950925925926,4,10511.02,2627.755,1764.0,2,1764.0,0.5,1,1,1,1,0,1.0,1,1
c0bad068-6a6b-4eb0-8e07-07ed4ae84fec,295.10613425925925,2,5318.98,2659.49,2878.0,1,2878.0,0.5,1,1,1,1,0,1.0,1,1
ba3aff2c-3abe-4d99-8626-8157ef78462c,480.0552314814815,3,20420.15,6806.716666666667,207.0,3,1485.0,0.6666666666666666,1,1,1,1,0,1.0,1,1
b28e5e92-8ebc-40fc-81d2-3b03bb4eef2b,337.9756018518519,2,6305.76,3152.88,508.0,2,508.0,1.0,1,1,1,1,0,1.0,1,1
9f0f6093-502a-4db6-bba9-c65e310ce202,376.3125462962963,4,15682.47,3920.6175,707.0,1,707.0,0.25,1,1,1,1,0,1.0,1,1
e1dfdab6-aacb-4762-ad40-1669a9316937,265.8262384259259,2,5143.83,2571.915,2004.0,1,2004.0,0.5,1,1,1,1,0,1.0,1,1
a35465c9-59ea-4521-8ede-a4f338395244,379.30460648148147,3,11258.82,3752.94,2251.0,2,2251.0,0.6666666666666666,1,1,1,1,0,1.0,1,1
709a2c4e-f6fc-425a-b09c-3b3400a2a589,360.31628472222224,5,26919.87,5383.974,865.0,1,865.0,0.2,1,1,1,1,0,1.0,1,1
c33af7b2-0c08-4edb-ba8c-c23ad8e0f061,283.67453703703706,2,1596.8200000000002,798.4100000000001,27.0,1,38.0,0.5,5,1,4,1,4,2.75,5,57
bb48556a-374e-4bfc-94ec-d3a9954edf5d,215.2245949074074,5,17912.0,3582.4,1055.0,2,3364.0,0.4,1,1,1,17,16,5.0,17,57
b030825b-794c-4936-a2e5-b988a939b594,484.74282407407406,3,13024.91,4341.636666666666,138.0,1,138.0,0.3333333333333333,1,1,1,1,0,1.0,1,1
936aa116-08cd-4588-bceb-c7924001a491,226.7275462962963,3,4753.22,1584.4066666666668,545.0,0,-1.0,0.0,1,1,1,1,0,1.0,1,1
3b1f763a-ea4a-4c38-a595-22f8bdcf8409,318.8463541666667,5,3493.0200000000004,698.604,6.0,2,771.0,0.4,1,1,1,1,0,1.0,1,1
e4bcfc8e-1593-4b11-9615-f489d5217941,323.7905671296296,4,7510.030000000001,1877.5075000000002,561.0,3,561.0,0.75,1,1,1,1,0,1.0,1,1
d1557105-e3ba-4960-85f7-7af72be0e751,225.7212962962963,2,5546.35,2773.175,966.0,1,966.0,0.5,1,1,1,1,0,1.0,1,1
81bfca7e-d942-45e9-9860-acceed65d10f,533.8845138888889,3,16775.07,5591.69,919.0,2,919.0,0.6666666666666666,1,1,1,1,0,1.0,1,1
50095ee1-0929-45e5-8626-299b7c0afdff,290.93541666666664,5,18871.12,3774.2239999999997,171.0,2,171.0,0.4,1,1,1,1,0,1.0,1,1
14de01a1-03a0-4f17-a908-e8708f6a693f,458.8996412037037,25,101844.25,4073.77,358.0,3,358.0,0.12,1,1,1,25,24,7.0,25,28
