redemption_id,customer_id,order_id,offer_id,discount_amount,timestamp
4927c651-1f8d-45bd-b7f7-458b80af4807,006c64c4-c97e-4d41-a1e3-e4f153c0c355,b8e38636-184b-41a0-b8ec-252fc26eed57,9e481250-ab48-4e77-aeab-8be45f9233dc,95.14,2026-01-27 21:15:49
28fa44c5-327d-488d-b7c8-ea832da8363c,00a78583-84cf-4fa3-b872-d70c7420148e,38080a50-2bdc-4f9b-8be9-58de0c8b812c,90a3d74e-7d45-49c8-8c87-526c528afc9d,500.0,2025-11-07 15:46:28
ef20f664-32ed-4ee4-b00a-797432b6b841,00a78583-84cf-4fa3-b872-d70c7420148e,c8ac8cbc-a301-4b09-b0c6-b1b59caed2a2,9e481250-ab48-4e77-aeab-8be45f9233dc,100.0,2026-01-03 06:46:28
33f3874e-9b79-4702-b9cd-242528415eb0,00a78583-84cf-4fa3-b872-d70c7420148e,e923d2bc-1d4e-4a89-91d4-dd8bd50725e8,9e481250-ab48-4e77-aeab-8be45f9233dc,100.0,2026-01-28 16:46:28
f1f63621-a67b-4c9f-b71a-ef293c21522f,01634ced-ea45-4f61-aece-a89807574533,b4f2f6ca-e4e6-4110-92d3-eaf6f8144013,90a3d74e-7d45-49c8-8c87-526c528afc9d,500.0,2026-02-25 19:04:36
124a01e4-50b3-4152-acf7-35ec2bff1b52,01634ced-ea45-4f61-aece-a89807574533,eddbe0cc-ea4f-4936-94e7-efa43e7cdb88,24d8fa0e-5d24-4f3e-bf35-b7cea1b09e56,150.0,2026-03-26 20:04:36
7d7948dc-ca21-499b-8693-81b2f4079920,01634ced-ea45-4f61-aece-a89807574533,d992e865-621b-4c73-b427-160b973d943a,9e481250-ab48-4e77-aeab-8be45f9233dc,100.0,2026-03-29 18:04:36
68c9aa73-74f6-4218-b58c-bc18b55a16be,01634ced-ea45-4f61-aece-a89807574533,eb94dbc1-5b0b-4cd5-b8d7-78e05bdf7c8e,9ce660d5-a7ff-4a73-8d8d-815013fde01d,400.0,2026-04-30 09:04:36
9ee92804-e94d-436a-bcbc-88cdca0725e4,017993fa-a3e2-4b4c-87cd-a866ece831d5,2b959b49-cc03-4981-a38a-8a39d9bc0901,90a3d74e-7d45-49c8-8c87-526c528afc9d,500.0,2025-10-11 07:08:38
a478ab9b-7096-43f2-8923-ca7a1fd33922,017993fa-a3e2-4b4c-87cd-a866ece831d5,eed14a88-b1c4-4d6a-8b23-6908c138aaf4,24d8fa0e-5d24-4f3e-bf35-b7cea1b09e56,150.0,2025-10-30 09:08:38
c9656252-4c8d-4329-bb02-2f5961e28c9e,017993fa-a3e2-4b4c-87cd-a866ece831d5,03f7c36a-2c92-4405-80db-ffc63bc913ff,90a3d74e-7d45-49c8-8c87-526c528afc9d,205.99,2026-02-26 01:08:38
265ba0e4-4441-4557-8a2d-5e18049bc5c1,017993fa-a3e2-4b4c-87cd-a866ece831d5,e72363c8-c05c-4101-abb4-60327fab258a,9e481250-ab48-4e77-aeab-8be45f9233dc,100.0,2026-03-14 05:08:38
faaa3884-5bd3-4436-bba7-6370de43902f,017993fa-a3e2-4b4c-87cd-a866ece831d5,fd9e5ffa-25d3-4828-bb48-3461bff494b9,9e481250-ab48-4e77-aeab-8be45f9233dc,62.98,2026-03-31 23:08:38
a88ab225-c89e-43d4-8591-a716c9716045,017993fa-a3e2-4b4c-87cd-a866ece831d5,f0347d02-0001-471a-81bd-1d9fb3ce550d,5bf2e261-70cd-47b2-a184-b0f75481fdd5,160.64,2026-04-01 08:08:38
77dae5ef-69a5-4218-b7f6-32c9e29c3c6a,018b2149-f675-4f4e-866e-7e2cf9a15ada,62d245cc-0cc6-487d-9d2b-789bd3e568c1,90a3d74e-7d45-49c8-8c87-526c528afc9d,500.0,2025-09-01 18:12:29
a41825c0-d785-4d5e-ae29-15b7b2097d5f,018b2149-f675-4f4e-866e-7e2cf9a15ada,1d4971bc-d415-44f5-ba48-8e319735434c,3d5d41c8-14bf-49cd-91e6-aa9a36bea6bb,800.0,2025-11-25 22:12:29
b15e7617-dff2-4825-a29a-dcdd201e6ad7,018b2149-f675-4f4e-866e-7e2cf9a15ada,7979256e-69d0-4e96-a016-6f19cf0bfb1a,90a3d74e-7d45-49c8-8c87-526c528afc9d,500.0,2026-01-11 12:12:29
4343e825-8452-4978-8881-3005e5bef448,018b2149-f675-4f4e-866e-7e2cf9a15ada,c49e0414-b235-47db-ba0c-90b359bff120,90a3d74e-7d45-49c8-8c87-526c528afc9d,500.0,2026-02-07 14:12:29
6a0a6fbd-606d-4729-8651-b44573593a78,01a47e0a-1ded-448e-94e0-09c31030dde4,c7eadf3a-4429-4a88-9a6c-94ee06a8807c,9e481250-ab48-4e77-aeab-8be45f9233dc,100.0,2025-10-19 08:52:24
3e049a2c-282e-490e-ab04-326f1a37d030,01a47e0a-1ded-448e-94e0-09c31030dde4,093e0cda-8bcb-4eb2-babc-f2c181baf926,9e481250-ab48-4e77-aeab-8be45f9233dc,100.0,2026-02-10 17:52:24
dacd0c05-f418-48ca-b81c-2253a74ab579,01e435b6-26ab-40cf-a47e-c4998c3d07f4,399b8901-9573-4a24-bc87-92f6ca1dae35,90a3d74e-7d45-49c8-8c87-526c528afc9d,500.0,2026-11-08 11:24:09
79b8ebaf-2a00-4192-9a83-bb06eb555ce7,0233b73a-cd34-496d-be9a-d5448b8ad5c4,9ec92501-a5dd-41bf-b6b2-9d24278a2437,90a3d74e-7d45-49c8-8c87-526c528afc9d,500.0,2026-08-02 08:59:41
a2a74c1e-5bcc-439e-875c-b69e6c747d21,0233b73a-cd34-496d-be9a-d5448b8ad5c4,21cbf008-15a2-48af-82d3-47b35d58879e,de4ebad1-a920-4ecb-a6c7-3099945ea4e5,300.0,2026-08-03 06:59:41
9ba36e5c-2840-477d-883c-0137aab1888b,02b95459-1c50-43d9-97dd-ade4ca0abdae,51e6bc06-332d-4691-81d4-5dd3a69c00ed,9e481250-ab48-4e77-aeab-8be45f9233dc,100.0,2025-10-17 12:49:23
0c740806-de7c-42f5-a62c-d49f59d6c05d,02b95459-1c50-43d9-97dd-ade4ca0abdae,4cad3b62-224a-49d3-b53e-8947c1b494f2,3970ec98-085d-4cff-ace2-b47ad81d5d9a,197.94,2026-03-21 00:49:23
0d848e89-d689-4188-9f5c-978c1978855f,02b95459-1c50-43d9-97dd-ade4ca0abdae,4cad3b62-224a-49d3-b53e-8947c1b494f2,9e481250-ab48-4e77-aeab-8be45f9233dc,98.97,2026-03-21 00:49:23
f49ee192-f0f3-4de8-95df-b6ef594fbc3d,02c0ea62-0b14-4174-bead-228e75c71859,04937440-a975-4f48-97ba-bce1b0f2943a,90a3d74e-7d45-49c8-8c87-526c528afc9d,500.0,2026-05-27 17:12:59
c36ccdc0-7489-4a77-ae92-328b524b369f,02c0ea62-0b14-4174-bead-228e75c71859,5ea599ec-7b40-49b8-889b-e97b9f53ef68,07c2e98c-db2a-4e92-8552-8a461b6d2353,226.13,2026-08-26 16:12:59
e1549165-32b5-44e0-bc6e-a4cfa8cfa91a,02e808fe-7217-42ba-8aec-7717b6001e87,31b8ef97-d7ed-4ed2-9d68-9b73544132f5,90a3d74e-7d45-49c8-8c87-526c528afc9d,500.0,2026-07-17 02:15:59
61304a13-6666-4897-a1b2-99f59ad1970d,02e808fe-7217-42ba-8aec-7717b6001e87,ef7a0fd0-2990-4c5d-991c-ffa59d00c0d1,9e481250-ab48-4e77-aeab-8be45f9233dc,100.0,2026-10-18 11:15:59
709cb603-9c9e-407b-8f91-a5c2c8168050,02e808fe-7217-42ba-8aec-7717b6001e87,798f7bf7-5979-4ad9-bd83-89affe989dc0,9e481250-ab48-4e77-aeab-8be45f9233dc,100.0,2026-10-25 01:15:59
daf255a8-cc47-4d25-9bf6-e0e348d5c090,034d7a95-4574-43c9-baf3-403d06636768,fcdda33a-805d-41c1-b27e-8ee755eff0c7,90a3d74e-7d45-49c8-8c87-526c528afc9d,500.0,2026-01-10 14:48:30
87093590-3ec6-4bc5-b1ad-976dbd0ce8c8,034d7a95-4574-43c9-baf3-403d06636768,bec0396e-d4df-4d61-83bc-15f8bd5e114a,9e481250-ab48-4e77-aeab-8be45f9233dc,100.0,2026-06-12 21:48:30
010f7363-fae9-4838-acc5-f7e46706f613,0366928d-5227-4355-8a6a-02105839abe3,4ad0ec94-c75e-41ba-87b1-7a74e8579151,90a3d74e-7d45-49c8-8c87-526c528afc9d,500.0,2026-07-16 13:10:06
e3a36e36-8fdc-4b12-a329-dbbebc6f17cf,0366928d-5227-4355-8a6a-02105839abe3,77b2ea4b-9f0c-4a95-be53-df6be7816265,3970ec98-085d-4cff-ace2-b47ad81d5d9a,1000.0,2026-11-13 12:10:06
45b76abe-6908-4157-a881-5d7b41066fe0,0380943b-eed5-4380-a365-05f74a8efd32,542a0ba6-c3f2-45ad-b7f4-470078454d07,90a3d74e-7d45-49c8-8c87-526c528afc9d,500.0,2026-07-28 20:01:14
60ec8ebe-1004-483f-9f5b-18bc4b9ce930,0380943b-eed5-4380-a365-05f74a8efd32,94942ae2-cffe-40d3-801a-cd8d28f1acbf,3d5d41c8-14bf-49cd-91e6-aa9a36bea6bb,240.91,2026-10-08 05:01:14
5a440997-070f-4c3d-8520-161c749d0acc,03bd12cd-8e5a-47b7-875a-2bb9b207240a,09404e2c-7ef4-4086-bc60-7dcbe597f669,90a3d74e-7d45-49c8-8c87-526c528afc9d,500.0,2026-04-24 02:20:00
83b6de1b-cae8-4406-b8a0-1fe56ba7337f,03f5eea6-347d-42cf-a21d-2d7d086e3099,ebfc5701-dee9-4490-810c-b9eec37f0778,90a3d74e-7d45-49c8-8c87-526c528afc9d,500.0,2025-12-02 09:25:25
bb1923fb-9467-4d72-aab6-ea6057765aed,03f5eea6-347d-42cf-a21d-2d7d086e3099,d7155950-0340-4429-90d9-919312bd9b09,9e481250-ab48-4e77-aeab-8be45f9233dc,75.63,2026-01-19 17:25:25
4c7fa063-304e-4d78-8d7a-5e7cf3806e11,03f5eea6-347d-42cf-a21d-2d7d086e3099,eff1dbfb-77c2-4faa-aff6-60ce47024e19,9e481250-ab48-4e77-aeab-8be45f9233dc,67.39,2026-03-23 13:25:25
5670bc9e-2d16-46bb-bc55-d6d7c04edfaf,03f5eea6-347d-42cf-a21d-2d7d086e3099,b4f119d3-d866-4939-84a1-f5a12690d338,07c2e98c-db2a-4e92-8552-8a461b6d2353,377.54,2026-03-24 04:25:25
7e6ba79e-d95c-4757-bce6-8ac50de67a53,03f5eea6-347d-42cf-a21d-2d7d086e3099,666bbc1b-d7a0-450a-8523-20146e99f128,9e481250-ab48-4e77-aeab-8be45f9233dc,100.0,2026-05-02 16:25:25
f5ac0a62-fd15-4cbc-88a2-fd6c791cb577,03f5eea6-347d-42cf-a21d-2d7d086e3099,f02ca799-6bdc-411d-9d8d-66e1b4b47635,9e481250-ab48-4e77-aeab-8be45f9233dc,100.0,2026-05-06 02:25:25
66f32bbe-3d84-4851-a720-41094f9b2181,04060565-054c-4a87-8b6d-f876568e48f8,1686ff05-032b-4b1b-81bc-47ccfdc5f9de,90a3d74e-7d45-49c8-8c87-526c528afc9d,500.0,2026-08-29 02:48:45
a42e481f-f977-4bac-86c9-251a7752b1e1,04060565-054c-4a87-8b6d-f876568e48f8,1686ff05-032b-4b1b-81bc-47ccfdc5f9de,9e481250-ab48-4e77-aeab-8be45f9233dc,100.0,2026-08-29 02:48:45
4cbd0acb-687d-4c13-bcaf-9e1f3ba52e1c,04060565-054c-4a87-8b6d-f876568e48f8,dd23a58f-171b-4a57-a704-30138b10b2f4,9e481250-ab48-4e77-aeab-8be45f9233dc,100.0,2026-09-15 08:48:45
54d37fca-7597-49b3-86ce-f63784816f4a,04b0a181-70d5-4f81-9a12-921d9a7f2ed6,bda646b8-e19d-4652-944e-736d67f229c4,90a3d74e-7d45-49c8-8c87-526c528afc9d,500.0,2026-06-22 22:46:49
1a9b5b5f-f1e2-4e36-8d70-f9cad38f95d9,04d46997-9fef-443c-a584-45a11e77e6a0,bd3d79ef-85da-4861-aca6-76aa18fdff51,07c2e98c-db2a-4e92-8552-8a461b6d2353,438.24,2025-12-31 20:22:44
a1279d16-e82f-4a26-83ef-b5ef574358a2,04d46997-9fef-443c-a584-45a11e77e6a0,d06d4187-4efc-4eef-92ef-d4166ed40d66,9e481250-ab48-4e77-aeab-8be45f9233dc,43.09,2026-06-07 10:22:44
5d321a1d-add2-4406-8645-05bde1492b08,055805bd-0ed9-4fcd-a17d-b3d602873d58,7475a62e-084c-4893-b3d7-bcc4385a3d1f,90a3d74e-7d45-49c8-8c87-526c528afc9d,455.2,2026-02-12 17:27:30
43ac3602-db7d-42f6-b493-0206dfd8fa22,055805bd-0ed9-4fcd-a17d-b3d602873d58,7475a62e-084c-4893-b3d7-bcc4385a3d1f,9e481250-ab48-4e77-aeab-8be45f9233dc,91.04,2026-02-12 17:27:30
ad67043b-00ff-470b-9f2e-e8cc2aef0c0c,055805bd-0ed9-4fcd-a17d-b3d602873d58,7576d57b-ce7f-4640-acb9-b172361d7eff,1ebcef21-86e5-4387-9edf-681ad1950c1a,300.0,2026-07-03 16:27:30
25f71092-33ab-46ca-89d0-75824ec5bf8f,0582f58f-c8a0-40a9-a450-b1edf66c3c5a,5e5ecc01-ccdd-45ec-bd9f-dd68faa5f491,90a3d74e-7d45-49c8-8c87-526c528afc9d,500.0,2026-11-16 09:47:14
af77db77-104a-4692-88d9-ffe6009a4f24,0582f58f-c8a0-40a9-a450-b1edf66c3c5a,17058f13-bb2a-447d-bd32-2de1125acd3c,1ebcef21-86e5-4387-9edf-681ad1950c1a,143.46,2026-12-08 00:47:14
1b8fde2a-f512-47fe-8ed4-e98dc641d500,05cf4691-c07f-49d4-b402-e95f741862e7,6a4ae199-e91e-46bc-8167-6c961410be79,90a3d74e-7d45-49c8-8c87-526c528afc9d,193.92,2026-11-10 14:02:18
169699aa-e4e5-4e58-a2e9-680192c05048,05d76632-6f93-41ad-819a-f52f211359dc,e8551577-d323-4c26-b915-e395d4308b83,90a3d74e-7d45-49c8-8c87-526c528afc9d,500.0,2026-02-11 12:30:36
08e626c1-8d70-4c9b-b2ea-877aadc38929,05d76632-6f93-41ad-819a-f52f211359dc,ac835a1c-5642-41af-bd6d-87733f2bd222,9e481250-ab48-4e77-aeab-8be45f9233dc,100.0,2026-04-17 02:30:36
2e69e024-2845-41a6-b6a3-23cff01c552c,05d76632-6f93-41ad-819a-f52f211359dc,e78bd6c3-3ab9-452f-816e-226226e9ae33,07c2e98c-db2a-4e92-8552-8a461b6d2353,516.35,2026-04-20 23:30:36
aaf68016-5cf9-4b6e-ba2a-d2e8fedcf8ea,0613a33a-c6ea-47de-a027-10b5d75d2ce6,5b38af53-0bac-4a2e-88ec-4e8a262b3428,90a3d74e-7d45-49c8-8c87-526c528afc9d,500.0,2026-07-17 01:55:28
4dc4a68f-3175-494c-9ae8-40257b419b4e,06208c45-7698-4d51-a4e4-3b4dfb908e85,d1d4b5dc-ce2a-4218-a496-66197ed2ec4f,90a3d74e-7d45-49c8-8c87-526c528afc9d,500.0,2025-11-06 05:36:04
183e8988-fbd8-4f05-bef0-02eb4232ba57,063e72ec-1313-450a-8ee3-2e1a5e1055f2,bfc534a1-8500-4eca-b17a-4d7559e66d51,9e481250-ab48-4e77-aeab-8be45f9233dc,100.0,2026-12-22 02:36:37
aabbf2d3-7776-4c6a-b055-8ae22e471ebb,06947861-5a23-4004-a1e6-082a34a9788a,21621ccd-6686-436e-833e-f7644e49faac,90a3d74e-7d45-49c8-8c87-526c528afc9d,500.0,2026-02-24 06:54:38
8349ac1f-92a1-43e1-a20f-097902de337c,0792318a-664f-41e4-a566-39f97256bb22,dcca9954-36ff-4a8b-9407-ac9e35b879b6,90a3d74e-7d45-49c8-8c87-526c528afc9d,500.0,2026-10-26 06:47:30
06bf036e-b0a2-415a-b6ed-7fce46ff46c5,0792318a-664f-41e4-a566-39f97256bb22,5b817c83-2bef-46a8-9872-b625cb17b321,9e481250-ab48-4e77-aeab-8be45f9233dc,100.0,2026-12-12 19:47:30
349810bf-93dc-4900-a195-af9a3502ab94,079a70bd-5ac0-48cc-8dfb-9c2fa49efeab,482eaf3e-5a2f-48a9-b24f-24ca2dd77b36,90a3d74e-7d45-49c8-8c87-526c528afc9d,500.0,2026-09-07 14:38:43
24abd245-cc1a-41eb-95dd-72fbb669cb1e,07b4d234-2bc0-4741-bf19-9c3364405721,9024df05-1b4d-4ebf-9a43-05909457ae46,9e481250-ab48-4e77-aeab-8be45f9233dc,100.0,2025-11-13 09:04:43
b8d47cc2-cb3e-4e7d-80a4-4683ca394dfb,07b4d234-2bc0-4741-bf19-9c3364405721,e2b1ecc0-456c-4957-be64-a9496cb2a1fb,3970ec98-085d-4cff-ace2-b47ad81d5d9a,1000.0,2025-12-13 16:04:43
1e5c4aae-5c79-4285-9603-19217c57f3f0,07b4d234-2bc0-4741-bf19-9c3364405721,e2b1ecc0-456c-4957-be64-a9496cb2a1fb,9e481250-ab48-4e77-aeab-8be45f9233dc,100.0,2025-12-13 16:04:43
da5fb8ae-0802-48a3-beb4-9f902ef25c3f,07b4d234-2bc0-4741-bf19-9c3364405721,b18adc0d-e769-4cb8-bfdd-304ddcd0a5f6,90a3d74e-7d45-49c8-8c87-526c528afc9d,500.0,2026-03-14 19:04:43
8695cdd2-3b89-4e5b-8bec-78dfcb9949d0,07b4d234-2bc0-4741-bf19-9c3364405721,23fba928-50d6-4223-a0a3-61b2585d8234,9e481250-ab48-4e77-aeab-8be45f9233dc,100.0,2026-03-20 02:04:43
e8e2f5d2-30c2-4523-98ba-29c1c31d5aec,07b90620-74d9-49d2-b1eb-a7d9c692e09d,134654d3-f7eb-4257-b5e1-a87e62a7e6a7,90a3d74e-7d45-49c8-8c87-526c528afc9d,500.0,2026-02-05 11:11:19
3e8ccf54-31b4-4c28-b044-86caa74e87f3,07b90620-74d9-49d2-b1eb-a7d9c692e09d,07c06dd8-26b5-4af1-8cbd-80336c45cf64,9ce660d5-a7ff-4a73-8d8d-815013fde01d,400.0,2026-05-26 07:11:19
7a97534c-f83c-4d40-a700-785d275c5dbb,07d7b733-877d-49ef-bfa0-f53c2a2d06c3,f81eda13-bf76-4fbc-a07e-f1507fb927e7,90a3d74e-7d45-49c8-8c87-526c528afc9d,500.0,2025-10-12 11:27:37
9fdc38ab-7f51-49f0-90ee-b109c308d956,07d7b733-877d-49ef-bfa0-f53c2a2d06c3,b08028ac-610f-47e2-b8b8-9f306ae3ed83,9e481250-ab48-4e77-aeab-8be45f9233dc,100.0,2025-12-11 19:27:37
b0cdc8bf-a1ae-467e-85b0-a2c8d2a224a8,07ebde06-a8da-4caf-b6ec-446bce574cbb,08520e10-a5ca-436b-8c4b-201307b61a50,90a3d74e-7d45-49c8-8c87-526c528afc9d,423.01,2026-06-21 01:07:30
8aa8f911-45d6-4306-b0fa-d71e238a98e3,07ebde06-a8da-4caf-b6ec-446bce574cbb,dc1bfbf6-5ead-44fd-9c8e-65fe767bc424,9e481250-ab48-4e77-aeab-8be45f9233dc,100.0,2026-11-28 05:07:30
d5998a5c-de22-4896-8cc5-1008ce050d59,082131b3-be00-4f1f-8804-02cd5fff77cb,816fb16e-f392-4b8b-b8e1-6cdf56aa6529,90a3d74e-7d45-49c8-8c87-526c528afc9d,500.0,2026-09-11 02:07:30
4955dea2-b1d1-4224-8b60-4116d6b55cf5,08a4bc8f-0fc5-45f8-96a8-991c44cb0780,03cc3041-6272-40e0-aa80-d4fde5409689,90a3d74e-7d45-49c8-8c87-526c528afc9d,500.0,2026-08-04 08:07:06
5a938b56-faae-4603-9628-b6afbef8fa66,08a4bc8f-0fc5-45f8-96a8-991c44cb0780,c7f0d8af-27fb-4286-a77d-3f3680d853e6,9e481250-ab48-4e77-aeab-8be45f9233dc,52.19,2026-08-24 16:07:06
c01a9471-214f-420d-a417-c9004e15a6c6,08adf97d-b7d7-4b2e-b0ce-985260ee33c9,b7a41bda-0f76-4aa4-9623-0eebf0bb571f,90a3d74e-7d45-49c8-8c87-526c528afc9d,374.89,2026-01-11 18:02:15
29e48d3f-a195-44c8-b778-9c09fac88b55,08efab78-f1a5-4a3c-b2fd-c7a453e01e72,4a81f3c8-e1b9-4493-96a2-e6ac8098f618,90a3d74e-7d45-49c8-8c87-526c528afc9d,500.0,2025-12-27 16:35:06
4c6f00ea-34eb-458f-a544-42202b0603dd,09291199-7a09-40d5-9e2d-a095ce0b3b7c,aceea26d-667d-47e3-9294-242111fcf270,90a3d74e-7d45-49c8-8c87-526c528afc9d,411.03,2026-02-21 16:10:02
0e381d40-688b-4e18-8b61-682e53720b5b,0938f6e9-99e7-4fa2-b7e5-ccc0856f9df3,11aa15b9-2b99-4659-ac99-5c924c010625,90a3d74e-7d45-49c8-8c87-526c528afc9d,500.0,2025-11-25 05:25:56
6dec20ed-5cce-4633-b488-da7603f590e9,0938f6e9-99e7-4fa2-b7e5-ccc0856f9df3,746345d4-6035-4302-a7f8-694c7f2cfbe0,de4ebad1-a920-4ecb-a6c7-3099945ea4e5,94.74,2026-01-15 01:25:56
7d19ef26-773d-4704-be13-76398898775b,0938f6e9-99e7-4fa2-b7e5-ccc0856f9df3,fd21905b-69cd-48b3-aa6e-d3b69a1fe316,9e481250-ab48-4e77-aeab-8be45f9233dc,100.0,2026-05-03 22:25:56
f99c03e9-b9b0-4a2d-bbd0-07158b56bcec,093e74c3-7a5f-4fdb-a0b1-ce63dca2d049,ed987ba8-4a82-4b84-b0cf-a6486b01bc53,9e481250-ab48-4e77-aeab-8be45f9233dc,100.0,2026-07-21 07:23:37
6ba4b4e8-3dfb-4bdf-8d5c-3a2f80c664ef,0983329c-6dd8-486a-9c3f-e1b1c45f6106,d8eed7fb-aefe-4394-ae43-f1d22add5067,90a3d74e-7d45-49c8-8c87-526c528afc9d,500.0,2026-01-16 08:50:20
3c90aaf2-0a7c-4a49-85d3-4f7db6fb0b98,0983329c-6dd8-486a-9c3f-e1b1c45f6106,d8eed7fb-aefe-4394-ae43-f1d22add5067,9e481250-ab48-4e77-aeab-8be45f9233dc,100.0,2026-01-16 08:50:20
f6b3cde6-6248-4e43-8fcf-d05d0a9aec13,09c99139-3283-4dfd-890c-205ee1246ae8,8aeda1b7-6957-4278-bde6-f43e822f673e,90a3d74e-7d45-49c8-8c87-526c528afc9d,500.0,2025-09-05 00:44:01
65dda02f-f0fa-41fd-b0a2-a7f8c8008121,0a2f1d66-f1b8-498a-a8a9-abe5b221e37b,b4de1c74-d880-4085-9fbb-e543401a6eb6,5bf2e261-70cd-47b2-a184-b0f75481fdd5,72.31,2025-09-22 04:54:16
28a39c82-83b4-460d-910a-b3ff11fced40,0a2f1d66-f1b8-498a-a8a9-abe5b221e37b,47359c05-588d-4837-be4a-66f2d3fc5928,9e481250-ab48-4e77-aeab-8be45f9233dc,100.0,2025-09-25 22:54:16
b3c137d9-0fa5-4fea-bf53-4926d0ea63bc,0a2f1d66-f1b8-498a-a8a9-abe5b221e37b,42ea3da3-366d-4b72-9cfe-aee0dfec034a,90a3d74e-7d45-49c8-8c87-526c528afc9d,500.0,2026-01-13 14:54:16
2c6cb319-ad1f-48a1-a6bf-d3bf6d961c4e,0a2f1d66-f1b8-498a-a8a9-abe5b221e37b,44df107e-9f7c-41ef-82e6-335629a7416f,07c2e98c-db2a-4e92-8552-8a461b6d2353,600.0,2026-01-24 16:54:16
752741dd-5da7-481d-860b-8d05be4f795c,0a2f1d66-f1b8-498a-a8a9-abe5b221e37b,43746e7d-cc83-4ee9-be39-b6bb5d047526,24d8fa0e-5d24-4f3e-bf35-b7cea1b09e56,150.0,2026-02-25 07:54:16
936ddec8-4204-455f-95cd-c3b53768bc1d,0a3de0de-d887-41d1-ab7d-b270b9c81774,f67976f0-272d-48ff-8df9-a46ed76fe6e7,90a3d74e-7d45-49c8-8c87-526c528afc9d,500.0,2026-08-15 09:28:12
f4afb580-6828-4d9f-98b5-f8d5e1a571d0,0a3de0de-d887-41d1-ab7d-b270b9c81774,f67976f0-272d-48ff-8df9-a46ed76fe6e7,9e481250-ab48-4e77-aeab-8be45f9233dc,100.0,2026-08-15 09:28:12
beb103f1-973b-4b92-ac20-340fda93fce9,0a3de0de-d887-41d1-ab7d-b270b9c81774,08995a67-897c-40a4-9791-5a3ddfaf6eb9,9ce660d5-a7ff-4a73-8d8d-815013fde01d,400.0,2026-10-11 22:28:12
227f9861-a0a7-4a49-b07c-6b0489abc1ff,0a3de0de-d887-41d1-ab7d-b270b9c81774,e47fb37e-252a-4c92-9808-651e09fc304f,9e481250-ab48-4e77-aeab-8be45f9233dc,100.0,2026-10-31 12:28:12
b9191262-5f4b-4b71-8210-8c3ed3b4f960,0af0adfa-1673-4a65-ac35-efdd86caa20f,94954cca-5348-4e0b-9d80-f6c0e44121ab,9e481250-ab48-4e77-aeab-8be45f9233dc,100.0,2026-09-07 12:49:38
97c55e59-8dfe-4378-9990-034c9264c631,0b0188d3-9fd8-4d3b-af4a-5b1bb7456510,2abeb58f-8366-4b7c-be5b-941bffca9be9,1ebcef21-86e5-4387-9edf-681ad1950c1a,300.0,2026-11-14 09:52:40
9491e0e7-dcbe-4d7d-b379-e5c1de3c8173,0b42cce6-3287-4fee-9b15-24658d2ea42a,7519e67d-d0ff-49e3-9fea-c90e7559667c,90a3d74e-7d45-49c8-8c87-526c528afc9d,355.76,2025-11-03 03:14:26
fed6fddd-e540-48af-bc3d-36591dcfcc1e,0b42cce6-3287-4fee-9b15-24658d2ea42a,6e7a38a9-2389-4b01-b10d-00de1ea487ba,3d5d41c8-14bf-49cd-91e6-aa9a36bea6bb,224.02,2025-11-09 19:14:26
2f38f35b-36bf-4688-8e23-f8a83a208942,0bd8be20-c51a-4f87-ba57-d73893528c00,ab1f3076-499e-470a-9b09-f2dd48f940fd,9e481250-ab48-4e77-aeab-8be45f9233dc,51.19,2026-11-07 07:55:26
c1bbc0cc-cae5-4963-91ee-862b9b132866,0bd8be20-c51a-4f87-ba57-d73893528c00,448086ac-0f5a-44d5-9132-860fb2d044a9,9e481250-ab48-4e77-aeab-8be45f9233dc,100.0,2026-11-12 02:55:26
c8d474bd-2793-4f43-ba86-20cfe56b11af,0bd8be20-c51a-4f87-ba57-d73893528c00,fcaf0f89-1d86-4f11-8031-f265d4590b05,5bf2e261-70cd-47b2-a184-b0f75481fdd5,167.11,2026-12-30 19:55:26
942b1657-3015-46c6-bff6-4b315ad75957,0bd8be20-c51a-4f87-ba57-d73893528c00,fcaf0f89-1d86-4f11-8031-f265d4590b05,9e481250-ab48-4e77-aeab-8be45f9233dc,83.55,2026-12-30 19:55:26
96f326b0-3c11-40f2-aa17-a2240ccf48c9,0bdcc2e6-2a30-429d-bc99-acd73304aa9a,3f5e0e42-a71f-469a-b386-d7522bf346a3,1ebcef21-86e5-4387-9edf-681ad1950c1a,73.34,2026-05-09 11:57:38
87c18bc1-818b-4df1-b366-1425d125a79f,0ce9ba5d-91a5-4265-b800-5b4b3ae463e4,c05979a3-bc1c-4774-af2a-c492eaa3edaa,9e481250-ab48-4e77-aeab-8be45f9233dc,45.78,2026-08-02 06:54:26
a41b050b-c5dc-4ff6-b1c6-2418add3000d,0d1ac357-c445-496d-b3b3-4a456493feb8,af05799a-c60b-4a34-9c2d-9fddc3ed66fb,5bf2e261-70cd-47b2-a184-b0f75481fdd5,200.0,2026-08-14 23:09:58
b5133b27-4b4f-4429-b8dd-4b5c46a309d9,0d8f19b2-77ac-4c7a-be92-84f9f80af561,11a007eb-f6cd-4ec4-a904-b2d19e17cb56,90a3d74e-7d45-49c8-8c87-526c528afc9d,500.0,2025-11-20 22:07:47
74bef10a-45b6-438e-ae5e-ae22d5a3f6e5,0d8f19b2-77ac-4c7a-be92-84f9f80af561,4d75084b-0338-4d27-9919-b84a19d2c2b9,1ebcef21-86e5-4387-9edf-681ad1950c1a,300.0,2026-02-25 00:07:47
6f6cfeb8-c388-4b6a-876e-52e5dab9d8b5,0d8f19b2-77ac-4c7a-be92-84f9f80af561,ef7771b0-a31c-4016-b101-782c2d5b4eb8,1ebcef21-86e5-4387-9edf-681ad1950c1a,163.42,2026-03-29 18:07:47
bb1d2816-91d1-46ce-8f40-933682cdadcd,0d8f19b2-77ac-4c7a-be92-84f9f80af561,c606311c-ee89-402a-a13a-bfe24e868c9b,9e481250-ab48-4e77-aeab-8be45f9233dc,100.0,2026-04-05 23:07:47
d112d2d7-02db-419f-802b-3cf9fc799b84,0d8f19b2-77ac-4c7a-be92-84f9f80af561,91b9b008-075a-492d-9049-7df1c068209f,de4ebad1-a920-4ecb-a6c7-3099945ea4e5,300.0,2026-04-17 23:07:47
c093ec3d-4b01-42f9-97f6-502d381252c4,0d934c96-5cda-48a8-8ea7-5bc4683359a9,dd04a6a3-5ddd-48b3-a3ee-d0c780adb0d7,90a3d74e-7d45-49c8-8c87-526c528afc9d,500.0,2025-09-15 23:28:19
122d89e9-ea35-4297-a473-1c91135e4de8,0d934c96-5cda-48a8-8ea7-5bc4683359a9,0aa3d0c4-aea8-44ad-a395-4f04aac58b8f,90a3d74e-7d45-49c8-8c87-526c528afc9d,147.3,2026-03-01 04:28:19
d24df887-d6da-490d-9eb2-b86b78ddd03b,0d934c96-5cda-48a8-8ea7-5bc4683359a9,0aa3d0c4-aea8-44ad-a395-4f04aac58b8f,9e481250-ab48-4e77-aeab-8be45f9233dc,73.65,2026-03-01 04:28:19
a4b703b2-85f6-44c1-9d01-936dd13cd45d,0d934c96-5cda-48a8-8ea7-5bc4683359a9,f32a0e0d-8fd2-4120-9984-294a3940a768,9e481250-ab48-4e77-aeab-8be45f9233dc,100.0,2026-03-02 09:28:19
51615355-d32b-40f9-82ec-1a932334b204,0d94085b-c58f-4685-9d59-995a58c4eccf,25caf53b-8574-445f-8630-7937dceda5e5,90a3d74e-7d45-49c8-8c87-526c528afc9d,407.89,2026-09-22 17:36:04
2733f9a9-4e09-424a-b591-6e7c5120e643,0d94085b-c58f-4685-9d59-995a58c4eccf,0917d1ab-f7ce-4267-af35-c2837005cd4a,9ce660d5-a7ff-4a73-8d8d-815013fde01d,400.0,2027-01-14 01:36:04
e4078cf3-44f4-49fb-8a30-8eef073c6531,0da69bed-c3d2-477c-b581-37febb0ac73d,3c0d6612-8270-40ce-832f-c505e0e49402,90a3d74e-7d45-49c8-8c87-526c528afc9d,500.0,2026-09-28 22:29:29
43f11762-8c63-4108-ac76-26498f68b98c,0da69bed-c3d2-477c-b581-37febb0ac73d,78bd417b-67a8-4e49-8f8b-3b9985cd487c,9e481250-ab48-4e77-aeab-8be45f9233dc,100.0,2026-10-27 23:29:29
65682c6c-a686-490a-93dc-98e4123cba12,0db01c2b-bbe3-45c0-aea8-c707822e77aa,1b97959e-6dac-4958-994e-cd679a6adb51,90a3d74e-7d45-49c8-8c87-526c528afc9d,500.0,2025-10-20 23:48:18
f9aa19bc-8c6c-4d7f-a5e1-2427d400a4e5,0db01c2b-bbe3-45c0-aea8-c707822e77aa,367c3ef3-cd8e-4e9e-aa28-3f0fecb9644d,9e481250-ab48-4e77-aeab-8be45f9233dc,100.0,2026-01-26 13:48:18
8c344e96-d7ba-4779-a397-25b2c7c0f1a4,0db01c2b-bbe3-45c0-aea8-c707822e77aa,5b4e0039-bf66-4db9-a610-20433044efcb,9e481250-ab48-4e77-aeab-8be45f9233dc,100.0,2026-02-15 09:48:18
d827edb0-a2b3-4c08-979c-990458a39965,0dee3e30-d362-4974-b431-40a80801e526,f28eed62-6f65-492b-b2fe-325c93fa0b66,90a3d74e-7d45-49c8-8c87-526c528afc9d,500.0,2026-01-10 17:35:14
30e51ed5-c67b-4573-bd22-60768a334bfd,0dee3e30-d362-4974-b431-40a80801e526,f7f961a8-1034-4758-8077-a89a675c5255,9ce660d5-a7ff-4a73-8d8d-815013fde01d,131.11,2026-05-12 23:35:14
0c1a706f-bb94-4e28-833e-0eeb41416ccb,0dee3e30-d362-4974-b431-40a80801e526,3bae6486-93cc-46ee-b908-48e522f2bbf1,9e481250-ab48-4e77-aeab-8be45f9233dc,100.0,2026-06-24 08:35:14
8a909542-3476-45c0-baf1-74e1cd58b120,0e168091-94ea-499f-90c0-8d71f81c1142,f285bd2c-c606-412c-8bca-87bf3fb7cab4,90a3d74e-7d45-49c8-8c87-526c528afc9d,500.0,2026-05-30 07:02:12
cb516253-5300-40a1-a9f8-a1c6fc9254fa,0e168091-94ea-499f-90c0-8d71f81c1142,3c4145c0-c04c-4bb6-be95-8e75d826bd48,5bf2e261-70cd-47b2-a184-b0f75481fdd5,200.0,2026-09-06 21:02:12
c8a70e23-99c8-4949-9ef4-5d560c86bf1e,0e168091-94ea-499f-90c0-8d71f81c1142,0db02ec1-4923-454a-b6f4-5a07af0eb9ae,9e481250-ab48-4e77-aeab-8be45f9233dc,100.0,2026-09-15 07:02:12
a39ad5ad-dff3-481c-ad1f-3b511e0b7ab2,0e3b88f2-f0db-4165-988a-2e1c6aca7dff,ba1f23bb-6837-4b43-9153-3f810cc3f234,de4ebad1-a920-4ecb-a6c7-3099945ea4e5,287.74,2026-07-18 18:05:23
9fa1e7ac-64f8-4c78-8f1b-0eda296775ea,0e9d4e6e-a3f9-4164-9f42-e7e8ff53af1f,7be7a1d4-da9f-4764-a77c-1bcef547e9d3,90a3d74e-7d45-49c8-8c87-526c528afc9d,500.0,2026-07-24 07:39:45
46c41b75-e277-4f48-9db6-c12a307349ea,0e9d4e6e-a3f9-4164-9f42-e7e8ff53af1f,d2d2f9d7-28aa-477a-866a-e47013ce32b7,9e481250-ab48-4e77-aeab-8be45f9233dc,100.0,2026-10-08 12:39:45
573d8287-2f6c-44c1-a749-e28c67c348d4,0eea4039-8751-4c51-8a4f-f2062f260a59,11275f1a-a492-40ad-bdc1-8fcc366ff51a,de4ebad1-a920-4ecb-a6c7-3099945ea4e5,300.0,2026-08-18 23:08:36
11d0842d-9404-44a1-8a05-dd0fe4b36e14,0f074650-b691-44e2-8f95-6722c608f2ab,8872bda4-1245-40c5-a224-1abc539d08d6,9e481250-ab48-4e77-aeab-8be45f9233dc,100.0,2026-07-28 11:04:37
64a3d1ef-00da-4805-b084-f7b2b889e339,0f0cd157-fc1c-48bf-9f5e-d82e4afeb37e,86fd0357-6616-4de0-95fc-5c8fa2d202e9,90a3d74e-7d45-49c8-8c87-526c528afc9d,500.0,2025-10-28 12:03:14
5d5ac870-cbee-4ca5-bbe6-c9470a98e6c6,0f0cd157-fc1c-48bf-9f5e-d82e4afeb37e,4c138dec-7e3d-4d23-aa1c-d12b4bfe3bf2,1ebcef21-86e5-4387-9edf-681ad1950c1a,300.0,2025-12-10 00:03:14
da453719-e004-4644-99c0-fc376bd9a1f5,0f117b75-0062-4ffd-8d97-5f3be62515ca,356003d9-7d17-4566-bc8e-9f59913d8629,9ce660d5-a7ff-4a73-8d8d-815013fde01d,400.0,2026-12-06 02:07:35
b997703b-1c77-47f0-803e-8f253833b325,0f44fd76-ad20-4b4c-b485-df500323e580,cfbd76e0-8e46-4faf-a269-a368260d0568,90a3d74e-7d45-49c8-8c87-526c528afc9d,500.0,2026-09-08 21:42:03
bdb7f1d3-cb78-4d10-a2bd-1721bc41f418,0f44fd76-ad20-4b4c-b485-df500323e580,d1a9d563-4160-439f-bea5-815ce7144147,9ce660d5-a7ff-4a73-8d8d-815013fde01d,99.72,2027-01-06 09:42:03
74547242-3440-4d03-b953-58f58590efa3,0f44fd76-ad20-4b4c-b485-df500323e580,d1a9d563-4160-439f-bea5-815ce7144147,9e481250-ab48-4e77-aeab-8be45f9233dc,49.86,2027-01-06 09:42:03
43abc5f2-09aa-4cb7-9a8e-7b0bdbc6fe03,0f44fd76-ad20-4b4c-b485-df500323e580,a5f58f3e-64ce-4d32-9177-f501321ee0d8,9e481250-ab48-4e77-aeab-8be45f9233dc,100.0,2027-01-12 04:42:03
b26893ac-e7b2-427b-abff-2dd3980dd261,0f59c7aa-9c6c-4c07-9c39-0d57ebeea5f4,5be1f610-1bb0-4cac-9b79-e8756897cade,90a3d74e-7d45-49c8-8c87-526c528afc9d,255.09,2026-09-07 05:00:04
8be609c5-02f2-435a-9a4d-08b5c1b5e2ed,0f59c7aa-9c6c-4c07-9c39-0d57ebeea5f4,d25b33ef-fbaf-4900-8dc1-5a9d2e2bbe07,9e481250-ab48-4e77-aeab-8be45f9233dc,100.0,2026-10-30 02:00:04
e54ad45c-b6f4-42a5-bc7a-dbdb29a7c298,0f914600-562e-4d4c-b9d8-0d91c9e43ebb,faec68d8-4c0b-4114-bda5-85ab20328b91,90a3d74e-7d45-49c8-8c87-526c528afc9d,500.0,2026-01-06 20:42:48
72b88cd8-3f32-466c-8b0b-5fff5446a545,0f914600-562e-4d4c-b9d8-0d91c9e43ebb,74845ec5-05dc-499e-bce7-408ac2a30945,90a3d74e-7d45-49c8-8c87-526c528afc9d,500.0,2026-03-14 06:42:48
030dbb1b-f1f3-4c16-9cae-ad6af70cf1e8,0f914600-562e-4d4c-b9d8-0d91c9e43ebb,74845ec5-05dc-499e-bce7-408ac2a30945,9e481250-ab48-4e77-aeab-8be45f9233dc,100.0,2026-03-14 06:42:48
82e0728f-b391-4eae-8222-adcfa7ddb47b,0f9316bc-90c9-4ab4-8a52-77445aad7497,8c4f075b-2938-44ba-aa77-436f96716a44,90a3d74e-7d45-49c8-8c87-526c528afc9d,500.0,2026-01-11 11:07:53
9173154d-a7fc-4f7b-95be-8fe3d9961439,0f9316bc-90c9-4ab4-8a52-77445aad7497,802badfb-e71a-4324-a5c7-285bb1b902a0,1ebcef21-86e5-4387-9edf-681ad1950c1a,230.84,2026-02-06 09:07:53
d42daeb9-a435-44ae-bf3c-d7e1ba778a06,0f9316bc-90c9-4ab4-8a52-77445aad7497,802badfb-e71a-4324-a5c7-285bb1b902a0,9e481250-ab48-4e77-aeab-8be45f9233dc,100.0,2026-02-06 09:07:53
32101621-c92a-478e-b3b5-1856cace2fe4,0f9316bc-90c9-4ab4-8a52-77445aad7497,a7f3353a-0d01-4bd5-865f-0b1efa081ba0,07c2e98c-db2a-4e92-8552-8a461b6d2353,600.0,2026-03-22 02:07:53
97ce8a9f-d456-41d3-a977-48af6217f6b4,0fd72df8-6548-4a76-bf79-917519f66d67,5f723853-3fbb-4fd5-bbd1-e456693cda0f,24d8fa0e-5d24-4f3e-bf35-b7cea1b09e56,150.0,2026-12-12 11:54:50
45b8d773-0d2a-4e85-a1ae-00580f57bc32,0fe589ca-9983-466b-ae67-6e58c613583f,102b1263-04c4-43c9-9dfc-535a56323b0c,90a3d74e-7d45-49c8-8c87-526c528afc9d,241.68,2026-08-19 19:04:10
08006f91-f693-4054-9adc-1d5503fd8a7a,10189e19-3a8a-4ffb-a8e5-0d49b33e8527,061f83dc-f407-4917-a46a-7c8146fe6bc2,3970ec98-085d-4cff-ace2-b47ad81d5d9a,1000.0,2025-10-22 11:04:09
03ded083-7566-4a76-8c4a-963597704a37,106ceb5c-bde8-4da2-b570-1016577bad80,a467f5a7-8909-4742-8ab5-b7085fba42d0,90a3d74e-7d45-49c8-8c87-526c528afc9d,500.0,2026-02-22 13:36:39
765ab296-cf74-45cf-b20b-c9291bc907af,106ceb5c-bde8-4da2-b570-1016577bad80,8771d62a-4954-46ac-bcf3-9363d2eb1725,9e481250-ab48-4e77-aeab-8be45f9233dc,100.0,2026-02-24 12:36:39
53474b03-7ac6-45af-a655-341fbe8e9213,106ceb5c-bde8-4da2-b570-1016577bad80,25af38f6-7191-4524-8217-54afe140ab77,3970ec98-085d-4cff-ace2-b47ad81d5d9a,1000.0,2026-03-17 05:36:39
98b250bb-2478-4081-bb90-3c4594d386d4,106ceb5c-bde8-4da2-b570-1016577bad80,ecd9c88a-6e53-4b71-979b-e9261f5f8eb9,9e481250-ab48-4e77-aeab-8be45f9233dc,100.0,2026-04-01 11:36:39
8c2645eb-f5db-4cde-8b15-b034c07f7b61,106ceb5c-bde8-4da2-b570-1016577bad80,be0cf086-5a4d-432d-803a-279ab8ff0a5f,de4ebad1-a920-4ecb-a6c7-3099945ea4e5,300.0,2026-04-20 10:36:39
c234aead-4ccf-4447-87c4-eb7109f8c6cb,106ceb5c-bde8-4da2-b570-1016577bad80,3a31e1db-9917-4c84-9a20-ed85530a7f84,07c2e98c-db2a-4e92-8552-8a461b6d2353,600.0,2026-05-05 04:36:39
186d78f3-5ffe-4a53-a73b-b910295ee53d,106ceb5c-bde8-4da2-b570-1016577bad80,949c1f66-8095-485c-b002-19dd537e5243,1ebcef21-86e5-4387-9edf-681ad1950c1a,300.0,2026-05-12 09:36:39
10e0d36e-a84d-4ad6-a49c-744599a46fdd,106ceb5c-bde8-4da2-b570-1016577bad80,6b66ca70-e18f-4fe9-b3ed-3f65073e93f8,9ce660d5-a7ff-4a73-8d8d-815013fde01d,400.0,2026-05-13 22:36:39
1c2882a9-c41a-404a-933a-e16d5fe4ae74,106ceb5c-bde8-4da2-b570-1016577bad80,6b66ca70-e18f-4fe9-b3ed-3f65073e93f8,9e481250-ab48-4e77-aeab-8be45f9233dc,100.0,2026-05-13 22:36:39
9b1fafae-c037-4923-8259-4461c41e60ea,11bdd3c9-94cd-43ff-b609-d46a04d04461,833c6388-554d-48b6-8814-14c6ba53ae18,90a3d74e-7d45-49c8-8c87-526c528afc9d,500.0,2026-04-08 23:01:36
c37d62d9-54e3-46e0-a88f-2d63b041df65,11bdd3c9-94cd-43ff-b609-d46a04d04461,a273676f-d297-433f-9be5-2820ca36b838,9e481250-ab48-4e77-aeab-8be45f9233dc,83.01,2026-05-17 14:01:36
72c31a96-e3fe-415a-8cd2-ce9cfb1ca7e2,11f86757-32b7-4eb9-9d93-0bb38059edde,4fb249ec-5a5f-4a9a-9206-7d59c64eccec,90a3d74e-7d45-49c8-8c87-526c528afc9d,500.0,2026-08-27 11:10:38
8355274f-f8c9-410c-acac-6d868c6e0475,12566abc-7750-4685-b781-f6d31e182f6e,5dcf2614-cf4c-4b4d-ab52-6968b9a0b931,90a3d74e-7d45-49c8-8c87-526c528afc9d,236.73,2026-03-04 08:11:46
f0b8e2eb-cb61-470b-96b4-0b4d72a72189,125a3c3a-3a89-4333-a8f6-48267f2f1fa9,c3e60196-175a-4e98-aacf-63d17ddaa3af,9e481250-ab48-4e77-aeab-8be45f9233dc,100.0,2026-09-03 13:09:51
07960a48-55e7-4c7c-92cd-3e71ae21dee8,1296cf35-4422-46e9-b2ac-8dfaa1845d80,225c5fb7-2e34-41c4-bc10-141ca645c52f,5bf2e261-70cd-47b2-a184-b0f75481fdd5,200.0,2026-11-11 18:28:17
f52e52fb-e99d-465c-b5a8-7e3cdc29f4fd,1296cf35-4422-46e9-b2ac-8dfaa1845d80,225c5fb7-2e34-41c4-bc10-141ca645c52f,9e481250-ab48-4e77-aeab-8be45f9233dc,100.0,2026-11-11 18:28:17
636f9652-dc07-44af-8e8e-79453e0348bb,12ba6ed2-ba30-4174-8d28-9678c6864eca,6ec2c044-fc38-46dc-9977-9e71c63fd5f4,90a3d74e-7d45-49c8-8c87-526c528afc9d,500.0,2026-02-28 07:39:32
cb4e4811-deb4-44c3-a67b-4fb0cccfbeb4,12ba6ed2-ba30-4174-8d28-9678c6864eca,507cc329-f283-4b0a-9b5c-b813e96170e2,9ce660d5-a7ff-4a73-8d8d-815013fde01d,400.0,2026-03-05 23:39:32
f4da21cf-8f32-4ca7-92be-c1955d1bc1fc,12ba6ed2-ba30-4174-8d28-9678c6864eca,02b0b907-20fb-4f72-be9c-50ffc1bb0b09,3d5d41c8-14bf-49cd-91e6-aa9a36bea6bb,767.46,2026-05-21 19:39:32
c544d46b-1970-4ad3-b378-688ca44bed3b,132617ba-f003-461d-a7bf-81d94b285650,3b2604a0-b700-4111-9a6c-0e070762c0a7,90a3d74e-7d45-49c8-8c87-526c528afc9d,500.0,2026-05-14 01:45:40
404bb3c0-a169-4d3a-b910-867452679294,132617ba-f003-461d-a7bf-81d94b285650,983701bb-12f8-4763-bca7-3c2d694b15cb,9e481250-ab48-4e77-aeab-8be45f9233dc,100.0,2026-05-24 15:45:40
9dcc1576-64b7-4d74-b054-725afebcc5d6,132617ba-f003-461d-a7bf-81d94b285650,3093649d-e616-472c-9cd1-d4ca58af2c12,9e481250-ab48-4e77-aeab-8be45f9233dc,100.0,2026-06-05 17:45:40
d65de34a-349f-4695-9823-74a7d982513b,138ac2e9-8ab7-4c82-8e05-547b13e72811,0bcc6a40-0596-4c41-9951-736dc0fe18a4,90a3d74e-7d45-49c8-8c87-526c528afc9d,500.0,2026-09-26 18:06:19
6d291cac-d6b7-4eb3-becf-9b618ec69959,138ac2e9-8ab7-4c82-8e05-547b13e72811,771768f6-6382-4121-a214-0abda2128f02,9e481250-ab48-4e77-aeab-8be45f9233dc,100.0,2026-10-28 18:06:19
08fc10d2-44b5-4cbf-9c37-81446ff44a72,13e1b69d-023f-4570-a60a-7128519c59da,fca77561-2c62-4f2c-afb9-b3a8342dab1f,90a3d74e-7d45-49c8-8c87-526c528afc9d,500.0,2026-08-09 11:30:39
d2e79569-41a8-4b0d-af7f-1c4a79b79664,13e1b69d-023f-4570-a60a-7128519c59da,fca77561-2c62-4f2c-afb9-b3a8342dab1f,9e481250-ab48-4e77-aeab-8be45f9233dc,100.0,2026-08-09 11:30:39
973f9ee5-0811-43df-b3cd-d7abcab238f6,141b4a3f-25fa-4eca-a825-52b22a77338a,3c380ef5-3561-4e24-83ec-6c674287d8a2,90a3d74e-7d45-49c8-8c87-526c528afc9d,500.0,2026-05-23 08:40:05
f19293aa-c245-402c-84df-3a5f085188d5,141b4a3f-25fa-4eca-a825-52b22a77338a,5def4b3b-b139-4b73-9389-97f61798a2b7,9ce660d5-a7ff-4a73-8d8d-815013fde01d,400.0,2026-07-14 00:40:05
226b3ab8-9687-4055-918c-b68a48d1a487,141b4a3f-25fa-4eca-a825-52b22a77338a,5def4b3b-b139-4b73-9389-97f61798a2b7,9e481250-ab48-4e77-aeab-8be45f9233dc,100.0,2026-07-14 00:40:05
b095dcd5-51fe-4492-8b2d-cdce6960b300,14b4532f-68cd-453e-8875-d1c7d4be31c3,2b7bb4e5-25f1-4b1b-8cbc-50f5c0d94110,9e481250-ab48-4e77-aeab-8be45f9233dc,100.0,2026-06-29 20:00:54
ae5e8a2c-7a8c-4a65-a671-3a53e03961a2,14b4532f-68cd-453e-8875-d1c7d4be31c3,50c90745-7184-498a-bdf3-a8e7658d7302,9e481250-ab48-4e77-aeab-8be45f9233dc,57.37,2026-09-27 10:00:54
64c99471-bb0e-4a60-a6d5-624689bdcb1c,14b4532f-68cd-453e-8875-d1c7d4be31c3,0c407fdf-967c-412f-93ce-09c1d96d77a4,5bf2e261-70cd-47b2-a184-b0f75481fdd5,200.0,2026-09-27 22:00:54
8611d192-976a-445e-938d-5855b3897d2c,15476e60-b0a4-4b54-be36-e3056edc4192,0da1eacd-a387-459b-aeb6-44e2ec5225be,de4ebad1-a920-4ecb-a6c7-3099945ea4e5,179.18,2026-06-20 20:07:18
cc73c934-6984-4b5b-8ea3-3782e84bcf16,15476e60-b0a4-4b54-be36-e3056edc4192,65886802-b340-423d-b5f3-fc549c9274f9,9e481250-ab48-4e77-aeab-8be45f9233dc,79.44,2026-06-25 03:07:18
81805cf9-bb1f-4131-8a28-6eea43454c89,1584fcb9-4db2-45bd-9ed8-a412889f03e3,856e0bea-e229-4ce7-9a6a-3ebd8e5b9adb,90a3d74e-7d45-49c8-8c87-526c528afc9d,500.0,2026-02-14 01:58:05
046518db-7b03-4b02-9572-87a42e2aed41,1584fcb9-4db2-45bd-9ed8-a412889f03e3,8caa25f0-b1d0-433a-9958-426d73de0ebc,9e481250-ab48-4e77-aeab-8be45f9233dc,100.0,2026-02-27 15:58:05
7c50cbc8-b810-4317-963d-3d6955b74582,1584fcb9-4db2-45bd-9ed8-a412889f03e3,324c73d3-fbb7-43c1-ab2a-d99a05cc240a,9e481250-ab48-4e77-aeab-8be45f9233dc,100.0,2026-04-26 10:58:05
21c5c907-9ca4-42c0-98ec-ffa1a08d388d,163917df-7896-4306-8eed-ced4875f3fa9,0b63290c-9cb2-45b4-9c1e-5b4990f3ba58,90a3d74e-7d45-49c8-8c87-526c528afc9d,500.0,2025-11-25 04:01:14
72a97d78-f49b-4c38-81a6-8254000095b5,163917df-7896-4306-8eed-ced4875f3fa9,cf450e7e-791b-4c97-a195-4ead8300ab5e,de4ebad1-a920-4ecb-a6c7-3099945ea4e5,300.0,2025-12-13 20:01:14
d38f4eb3-a95f-46d9-816e-167d629c5ef3,163917df-7896-4306-8eed-ced4875f3fa9,81e455c1-e1f3-439d-a326-af469d6ec4dd,24d8fa0e-5d24-4f3e-bf35-b7cea1b09e56,150.0,2026-03-26 13:01:14
c8400315-9df7-428b-b472-bfda3999576e,163917df-7896-4306-8eed-ced4875f3fa9,a9ba2bba-97b8-4f95-911a-c07b2b1c3c0a,de4ebad1-a920-4ecb-a6c7-3099945ea4e5,300.0,2026-03-30 06:01:14
6c1b88aa-c27f-4a6d-a92f-2cd9b698d5ad,163917df-7896-4306-8eed-ced4875f3fa9,a9ba2bba-97b8-4f95-911a-c07b2b1c3c0a,9e481250-ab48-4e77-aeab-8be45f9233dc,100.0,2026-03-30 06:01:14
51708bc2-0bff-4ace-8f45-75b10b0b3511,1698224d-f775-45c4-9387-4e426c6dd837,38db29e0-06b1-46a3-aed1-ac7d6a5346d5,3970ec98-085d-4cff-ace2-b47ad81d5d9a,247.96,2026-01-21 18:17:12
0f95eb65-1345-4b2c-af99-79f50c0bb523,1698224d-f775-45c4-9387-4e426c6dd837,38db29e0-06b1-46a3-aed1-ac7d6a5346d5,9e481250-ab48-4e77-aeab-8be45f9233dc,100.0,2026-01-21 18:17:12
53749757-7d6c-4977-b804-a3b11c4f2b1c,1698224d-f775-45c4-9387-4e426c6dd837,1f4b861a-e39e-4e23-80df-3b6636a37d01,07c2e98c-db2a-4e92-8552-8a461b6d2353,600.0,2026-02-01 18:17:12
db3c8510-f1eb-4fd9-924b-9eb2a9f52355,1698224d-f775-45c4-9387-4e426c6dd837,1f4b861a-e39e-4e23-80df-3b6636a37d01,9e481250-ab48-4e77-aeab-8be45f9233dc,100.0,2026-02-01 18:17:12
01cfaf4a-3315-4841-a437-868995aac2c9,16b9e28b-b2ee-4cb0-b48f-c4cf9a112024,70038ac9-9ae6-4308-9da4-8ff2e801a597,90a3d74e-7d45-49c8-8c87-526c528afc9d,500.0,2026-04-01 02:25:27
e77992ab-51d1-4e85-9aee-b8557af594a2,16b9e28b-b2ee-4cb0-b48f-c4cf9a112024,70038ac9-9ae6-4308-9da4-8ff2e801a597,9e481250-ab48-4e77-aeab-8be45f9233dc,100.0,2026-04-01 02:25:27
1e497c5e-96e4-4ddb-bd3f-7f8187e240e1,1737e71b-d400-4a5b-9780-2e9482905e7a,3b63e528-4030-402f-aa86-02603ebd7186,90a3d74e-7d45-49c8-8c87-526c528afc9d,500.0,2026-04-27 22:22:16
650b7ac6-07e0-41ad-8418-10398c5ee2e8,1737e71b-d400-4a5b-9780-2e9482905e7a,1f5c46f0-9898-4ebd-855d-d9664437878b,9e481250-ab48-4e77-aeab-8be45f9233dc,100.0,2026-06-05 20:22:16
198afb45-0a70-4137-8fba-03f3a054f74f,1737e71b-d400-4a5b-9780-2e9482905e7a,5a651f4a-bed1-4cdc-8f05-08e7dd87353f,9e481250-ab48-4e77-aeab-8be45f9233dc,100.0,2026-10-05 12:22:16
22b4a1dd-56f4-4271-98bd-eeeafdb2fa56,17fa6b52-d582-452a-b7b7-561819972949,287d53b4-1d04-4686-8640-ccc3b6d185d7,90a3d74e-7d45-49c8-8c87-526c528afc9d,327.86,2025-11-04 10:54:37
47df6e2f-935e-4b39-89f1-6407970f4a0f,17fa6b52-d582-452a-b7b7-561819972949,6f5c8830-558e-4623-b346-a042258a59f1,de4ebad1-a920-4ecb-a6c7-3099945ea4e5,148.06,2026-02-18 07:54:37
35cdf72a-5fca-4c29-99a5-5c29af4a4c62,1813b114-fc96-4ce8-8112-b0151f2760f7,2b00223e-b0f0-4f8b-a331-86f2729d53ad,9e481250-ab48-4e77-aeab-8be45f9233dc,100.0,2025-10-21 17:27:29
a86753c5-0b41-4b29-b019-c47b4ad663a3,1813b114-fc96-4ce8-8112-b0151f2760f7,c7027222-57e1-49d8-a0fe-6fce88636bd7,3d5d41c8-14bf-49cd-91e6-aa9a36bea6bb,800.0,2026-03-29 04:27:29
d1f0ce93-4d47-487c-b9e6-0266c2c3699a,182a786d-8e34-4797-9d0b-122705483d36,bf5bb880-cf13-40a8-8190-216a5c5c93ca,90a3d74e-7d45-49c8-8c87-526c528afc9d,500.0,2026-05-13 22:14:13
1fe48a0d-4195-4ad5-bbde-1a5ea3cd2b00,182a786d-8e34-4797-9d0b-122705483d36,bf5bb880-cf13-40a8-8190-216a5c5c93ca,9e481250-ab48-4e77-aeab-8be45f9233dc,100.0,2026-05-13 22:14:13
0d7c614e-a331-4af0-b0b5-7e9bf47cf487,182a786d-8e34-4797-9d0b-122705483d36,13da3b54-0ced-40d8-8f3f-d90425f2a57a,9e481250-ab48-4e77-aeab-8be45f9233dc,100.0,2026-06-12 21:14:13
94107dde-af47-4622-957e-1ea9712d848b,18a3da56-1f2e-4d2f-b649-af93ea3a587d,e8cbddb9-e23f-4b18-ac1a-451de2acb362,90a3d74e-7d45-49c8-8c87-526c528afc9d,500.0,2026-06-28 07:48:50
9c7a6fe7-4ffd-4892-abe6-2557d7a994f5,18a3da56-1f2e-4d2f-b649-af93ea3a587d,e8cbddb9-e23f-4b18-ac1a-451de2acb362,9e481250-ab48-4e77-aeab-8be45f9233dc,100.0,2026-06-28 07:48:50
f7102655-bdff-42e7-8bc8-55ca498b5ae5,18a3da56-1f2e-4d2f-b649-af93ea3a587d,c64f6be1-d32a-4295-b73d-9220d6910332,9e481250-ab48-4e77-aeab-8be45f9233dc,100.0,2026-07-09 22:48:50
888539c7-11d5-45fb-a6ee-ada9dfbe1df5,18a3da56-1f2e-4d2f-b649-af93ea3a587d,4c8c4735-365a-4982-b548-f9d05a656291,9ce660d5-a7ff-4a73-8d8d-815013fde01d,69.86,2026-08-20 21:48:50
9c9e18ac-7ca3-4b72-8c21-85a4742ffd11,18a3da56-1f2e-4d2f-b649-af93ea3a587d,4c8c4735-365a-4982-b548-f9d05a656291,9e481250-ab48-4e77-aeab-8be45f9233dc,34.93,2026-08-20 21:48:50
6851d90d-4825-420e-a424-7b3829b15ac6,18a3da56-1f2e-4d2f-b649-af93ea3a587d,fca95e16-b418-4977-a2ab-1ec6373659db,24d8fa0e-5d24-4f3e-bf35-b7cea1b09e56,150.0,2026-10-09 18:48:50
503061cf-ffa1-4f04-bf64-a85240fb7400,18a3da56-1f2e-4d2f-b649-af93ea3a587d,28f31b6a-6eb7-4728-ac80-c26212b99ff6,9e481250-ab48-4e77-aeab-8be45f9233dc,100.0,2026-10-11 08:48:50
15576f7b-dc3a-4ab8-9ded-5a12e44326c9,18a3da56-1f2e-4d2f-b649-af93ea3a587d,036e5c77-5f9b-4e95-bffd-7337cab97776,24d8fa0e-5d24-4f3e-bf35-b7cea1b09e56,93.54,2026-10-13 16:48:50
c94fcb63-2ed7-4e98-96c3-fa226fac3d2b,18a3da56-1f2e-4d2f-b649-af93ea3a587d,036e5c77-5f9b-4e95-bffd-7337cab97776,9e481250-ab48-4e77-aeab-8be45f9233dc,46.77,2026-10-13 16:48:50
e898f447-e81c-461a-a807-656de2b93b36,18c66c32-b842-4104-8245-b96160f67a60,54a8daa3-7349-4bb5-b4eb-44d2cc4b4851,90a3d74e-7d45-49c8-8c87-526c528afc9d,500.0,2025-12-04 06:27:42
f738f617-5533-4f5f-a1d6-05e3f0e50e5d,18c66c32-b842-4104-8245-b96160f67a60,54a8daa3-7349-4bb5-b4eb-44d2cc4b4851,9e481250-ab48-4e77-aeab-8be45f9233dc,100.0,2025-12-04 06:27:42
07f59985-4b06-445b-bad8-3f5442be6793,18c66c32-b842-4104-8245-b96160f67a60,589558dd-0916-4348-b9ba-621e30d7e960,5bf2e261-70cd-47b2-a184-b0f75481fdd5,200.0,2026-02-23 12:27:42
8d4cd424-bdec-4e61-8f1d-f21eb5778302,19783c81-34d0-4513-aeb1-fbd3218e949c,aaa405a7-99a3-408c-b21d-a1290540c8e3,90a3d74e-7d45-49c8-8c87-526c528afc9d,500.0,2026-06-10 16:26:05
8d12e10d-a071-4193-8532-3ba715b990cb,19783c81-34d0-4513-aeb1-fbd3218e949c,0c3a39f0-6be9-435c-bc3b-9f3ddd06388b,1ebcef21-86e5-4387-9edf-681ad1950c1a,300.0,2026-06-21 20:26:05
0d5268e0-b52d-415c-912a-91a48cbd446a,197bd775-21c4-41d1-b364-2efe21286dd2,fd1ece46-c90c-4c4c-8d3c-2daf7b8fb32f,9ce660d5-a7ff-4a73-8d8d-815013fde01d,157.65,2026-12-12 07:24:36
3a285424-9c10-4302-80eb-f8fd78585c9e,1a20f2d3-a0e9-4b18-bf04-5a23f01d2fe9,85beaee5-9d0b-4f07-bc23-3fc29858e0e4,90a3d74e-7d45-49c8-8c87-526c528afc9d,500.0,2026-03-30 11:00:18
608387ef-9e33-49cb-a696-84667e17eb0c,1a20f2d3-a0e9-4b18-bf04-5a23f01d2fe9,b20df202-c90a-45da-aecd-21da967f7253,9e481250-ab48-4e77-aeab-8be45f9233dc,100.0,2026-04-12 17:00:18
372e2c0b-005a-4d60-a09a-79c382f69f12,1a8a2c56-8b28-4506-8fd2-a20144cb06da,4a3cd28c-cc13-4d84-94c6-978622d6ba61,9ce660d5-a7ff-4a73-8d8d-815013fde01d,400.0,2026-08-21 06:53:10
4dccf0c3-55ab-4ff7-88cf-e0476a2fa7d5,1ab2a0f2-8c8f-4bb9-b91a-e46e5afc71c4,0bc5bbfb-efe9-48a8-8568-edec5a3519bc,90a3d74e-7d45-49c8-8c87-526c528afc9d,500.0,2026-01-27 11:04:03
8fe5eadc-415c-45cf-90ee-e1ee3fbd931b,1ab2a0f2-8c8f-4bb9-b91a-e46e5afc71c4,0bc5bbfb-efe9-48a8-8568-edec5a3519bc,9e481250-ab48-4e77-aeab-8be45f9233dc,100.0,2026-01-27 11:04:03
631cca64-bc5c-4013-8138-6fdccd326ad6,1acdcbd6-07ff-435b-9b80-b1ab647a5e61,5d413a21-76ed-4747-ac87-444673f02c83,1ebcef21-86e5-4387-9edf-681ad1950c1a,112.69,2025-11-17 09:35:36
62bb6b6c-c058-4bbe-a3eb-674056aa7995,1b286f7b-1052-4551-b00c-adcfa8e98433,fb7a4c1c-9854-44c0-99c6-0eba757c276f,9e481250-ab48-4e77-aeab-8be45f9233dc,100.0,2026-08-03 01:38:36
f7665406-ba53-4161-bb41-1775f8aa15a9,1b68122d-5c3c-45dc-b1de-a32d0d300fba,8a8ac670-5504-48b3-ab4e-6850596f0afc,1ebcef21-86e5-4387-9edf-681ad1950c1a,300.0,2026-02-27 20:09:09
43358f92-08dd-4ab6-b248-db3ad7f53fda,1b755731-dda8-42f9-beda-d25fdbb66771,92c31ac4-dfa6-442f-8d99-2d75dfab58f2,9e481250-ab48-4e77-aeab-8be45f9233dc,100.0,2026-12-12 07:14:34
ec3e46b2-325d-4490-92ce-61e9bb785343,1b78b0cc-80d6-4ff9-bb98-cfae36f0e1ee,0fb42f62-772a-4428-9971-d3c3229c8844,90a3d74e-7d45-49c8-8c87-526c528afc9d,500.0,2026-08-21 18:18:24
fa952866-f77f-4312-b0bc-a3ea49af1bbe,1b80d4ba-911a-4a4c-bd63-97d0c0a3a857,7d3fc44f-0b21-489d-a6d7-969654aca4db,90a3d74e-7d45-49c8-8c87-526c528afc9d,500.0,2026-06-22 21:18:06
78abeaa8-9964-4f14-a53b-15ac3369dcca,1b8a32c8-0618-4588-a24c-ccc1af077a57,b72a10b9-64eb-44b5-a59f-0c2a569bed77,07c2e98c-db2a-4e92-8552-8a461b6d2353,136.74,2026-07-22 13:11:36
f80c4066-865e-4a95-8edc-d6848d6d0729,1b8a32c8-0618-4588-a24c-ccc1af077a57,22cae565-f5e2-42f9-973b-0c2e322ed8f5,3d5d41c8-14bf-49cd-91e6-aa9a36bea6bb,234.71,2027-01-02 00:11:36
a0993d64-fa2d-42e4-b829-3e7afd5b32b2,1bb6bc07-3f69-4f9d-9bca-0d66b2c82e1d,dc6b8b19-caa2-4542-b4fc-a4b40b7a9f08,90a3d74e-7d45-49c8-8c87-526c528afc9d,500.0,2026-02-18 02:59:22
085ae9be-5a83-4086-821b-2bb9c41c45a9,1bf75250-40d0-4435-9df4-fdb313481307,ea034221-4641-4fcf-b72c-792c4f663a05,24d8fa0e-5d24-4f3e-bf35-b7cea1b09e56,150.0,2025-11-27 02:26:08
6ab68dd2-1d46-4092-bf7c-9de5e8175aab,1bf78e7e-bdd5-4606-a3d1-96e6d2eca53a,4fe55b09-301f-47c4-ae7b-c4344d5dc6b9,24d8fa0e-5d24-4f3e-bf35-b7cea1b09e56,150.0,2026-07-01 19:33:34
037d66a3-10f6-4ccf-9bd2-882e4abec24a,1bf78e7e-bdd5-4606-a3d1-96e6d2eca53a,2c0bbac2-4ede-4cec-8882-d1788f132a77,3d5d41c8-14bf-49cd-91e6-aa9a36bea6bb,800.0,2026-10-10 16:33:34
6b37e530-820b-491c-a895-a0f1fbd533bc,1c092572-9cc8-4bd3-9055-56ec5930e431,4fb8252f-518d-40fa-9cba-fb70b8fc730b,90a3d74e-7d45-49c8-8c87-526c528afc9d,500.0,2026-06-28 21:56:43
540c2030-7ecb-4b44-8706-66858734ca36,1c092572-9cc8-4bd3-9055-56ec5930e431,27a88a94-cbed-41e6-bee6-5410a9b7b583,90a3d74e-7d45-49c8-8c87-526c528afc9d,500.0,2026-07-05 10:56:43
e1723e2c-6424-482c-af69-d03fa62ecb45,1e059150-1987-4640-b0d2-2208f46b5a90,9fd830da-5594-403b-bdb1-136b281bc32d,90a3d74e-7d45-49c8-8c87-526c528afc9d,500.0,2026-07-24 13:49:40
509b1d10-b2af-4db8-8b87-373b9a0e3c95,1e059150-1987-4640-b0d2-2208f46b5a90,93db12fc-b427-4988-a183-49b043b53d81,9e481250-ab48-4e77-aeab-8be45f9233dc,100.0,2026-09-29 01:49:40
7a7e4602-9879-4bd9-a690-ed600383da7d,1e068575-924f-44e3-9392-4596ad7ff4d1,950db768-a031-4ff7-80b7-067b3429db11,90a3d74e-7d45-49c8-8c87-526c528afc9d,500.0,2026-09-08 06:42:34
d060f029-1a03-46b2-ab6c-474eb94397b6,1e068575-924f-44e3-9392-4596ad7ff4d1,f9855d67-1ed0-4213-8132-82db3d05d319,9e481250-ab48-4e77-aeab-8be45f9233dc,100.0,2026-10-09 07:42:34
609bd07f-397d-4282-8e3c-ba3e93b513b6,1e75c7ca-5b9a-42e4-ba8f-f6ab3386f724,568eb602-1f43-4518-a143-3ada7ab499f3,90a3d74e-7d45-49c8-8c87-526c528afc9d,500.0,2026-03-31 23:38:14
0cbdcedb-e612-4b42-a20a-9e4d6321ec36,1e75c7ca-5b9a-42e4-ba8f-f6ab3386f724,549cba08-1c1a-4fbb-94e7-1227240eaf67,3970ec98-085d-4cff-ace2-b47ad81d5d9a,1000.0,2026-04-02 20:38:14
6b9d2091-3c6f-49f9-930e-776152977964,1e75c7ca-5b9a-42e4-ba8f-f6ab3386f724,549cba08-1c1a-4fbb-94e7-1227240eaf67,9e481250-ab48-4e77-aeab-8be45f9233dc,100.0,2026-04-02 20:38:14
1d0d20f8-857b-4542-bb0d-9cbaeba4da86,1e75c7ca-5b9a-42e4-ba8f-f6ab3386f724,a90727ba-6b45-4ffa-8bcd-372e71c07822,07c2e98c-db2a-4e92-8552-8a461b6d2353,600.0,2026-04-17 01:38:14
3d860798-5b95-466b-9c58-cf3c1fd8d95c,1e75c7ca-5b9a-42e4-ba8f-f6ab3386f724,2d102564-b515-4b7c-aa22-9cbb9ccf8e66,24d8fa0e-5d24-4f3e-bf35-b7cea1b09e56,150.0,2026-07-29 14:38:14
192aa032-f81c-4f22-a847-6d40a8fc64d2,1e9080e1-da65-4847-bbbd-200129e13497,09732aae-de9d-4206-974f-13a62e284731,90a3d74e-7d45-49c8-8c87-526c528afc9d,500.0,2026-06-23 19:13:43
57c8af83-acbb-4ee7-8d29-67bcf4a58b82,1e9080e1-da65-4847-bbbd-200129e13497,ca9e86de-fc91-4bfc-913f-449352936db9,9e481250-ab48-4e77-aeab-8be45f9233dc,50.64,2026-10-06 11:13:43
6924d30f-e277-4b36-af9d-31fd695de8d2,1e9080e1-da65-4847-bbbd-200129e13497,78eb4dba-3334-4efa-80bc-3da6bdd912db,90a3d74e-7d45-49c8-8c87-526c528afc9d,500.0,2026-10-21 15:13:43
d0f5ad72-3beb-498a-b492-838b6978ad7a,1ecdaa50-3e54-4acb-8683-af86c572c8cc,84ea0840-0855-41c4-be69-00a40602c050,07c2e98c-db2a-4e92-8552-8a461b6d2353,570.95,2025-12-29 08:23:55
985efffd-cd46-494c-a811-382528007ff3,1edceec6-8635-4a39-911c-8a8aaedb55e7,13f1060e-ed88-412d-aa91-830157e857b3,90a3d74e-7d45-49c8-8c87-526c528afc9d,500.0,2026-04-03 05:30:49
c539c73c-d14b-4dc5-bd93-08fd01a948bc,1edceec6-8635-4a39-911c-8a8aaedb55e7,ad3b9e4b-3fe7-4022-8861-0fa58fa4bb37,de4ebad1-a920-4ecb-a6c7-3099945ea4e5,122.9,2026-09-03 16:30:49
ea708e63-53e4-446b-b3d7-a06c7ba65183,1ef48cbd-260d-40c5-9fcb-69291a24fd74,c090a85d-291b-465d-a481-907eb39c14f6,5bf2e261-70cd-47b2-a184-b0f75481fdd5,200.0,2026-09-18 01:08:17
82d50fbd-7122-4ccb-a3b7-c49bbfa3cd74,1f33c85c-dd65-44ef-bc5f-83d2fadd5b54,06e256b9-7f7d-4544-819c-72e81454e95d,90a3d74e-7d45-49c8-8c87-526c528afc9d,500.0,2026-03-04 16:18:57
fd6ef5d2-70f6-4a2d-add7-c809d0c4f49c,1f41772c-482d-4918-b21d-233bd6efc765,34000c3e-5082-4d01-b143-ed2094c50933,90a3d74e-7d45-49c8-8c87-526c528afc9d,500.0,2026-09-29 15:55:22
eee5d951-eb29-4330-aa50-e5123185200f,1f41772c-482d-4918-b21d-233bd6efc765,b843f05a-6790-45f0-a799-5cfc971cee95,3d5d41c8-14bf-49cd-91e6-aa9a36bea6bb,800.0,2026-10-23 20:55:22
8a774a68-1218-49dc-b1d0-7f1c57e948f1,1f41772c-482d-4918-b21d-233bd6efc765,e78955ea-2268-4494-afbc-2f4038d300e5,9e481250-ab48-4e77-aeab-8be45f9233dc,100.0,2027-01-03 15:55:22
8880cbd9-aaf4-44cf-98b9-1dbc0638406b,1f6eb987-c696-4780-ad71-b6d5ca7365f4,5c5d05d7-0caa-49c6-bd94-6413b1171e30,90a3d74e-7d45-49c8-8c87-526c528afc9d,500.0,2025-10-21 09:32:18
fdf43ce4-9af5-472d-9491-393df3b8e6b3,2044de29-be3d-42ac-b3f5-f7e6acbfa6fb,c98ec3d0-3dba-4418-ad37-6b2fbdbb9111,9e481250-ab48-4e77-aeab-8be45f9233dc,100.0,2025-11-07 06:42:30
c945404e-05a2-42d9-901c-3cb3feb9369a,208c2e4d-c42d-4592-8016-5fb54052632b,8f0ac200-2b7c-421d-8a37-17e7a82b33a4,90a3d74e-7d45-49c8-8c87-526c528afc9d,500.0,2026-06-07 07:29:03
04669a79-f5ce-45f4-a966-cb5e56f6d44f,209ca68c-34c8-473a-8362-a2b2353cb043,8caa805e-c54a-40cc-b7b1-b24a8235d34c,90a3d74e-7d45-49c8-8c87-526c528afc9d,500.0,2026-04-10 04:02:05
b247081c-6032-4380-b0b5-898a2606ba70,20ced432-ffea-4be6-b27e-114f98c97d99,e11e651e-ad9d-4b55-bce8-7d87b043dc9b,90a3d74e-7d45-49c8-8c87-526c528afc9d,500.0,2025-12-09 20:34:50
5c9f2bc3-8da0-4ac4-8b88-e250aef8448e,20ced432-ffea-4be6-b27e-114f98c97d99,c0b0e4e9-b2f2-44bd-840b-5dc6da5a2725,3970ec98-085d-4cff-ace2-b47ad81d5d9a,297.11,2026-04-08 00:34:50
12cc78b7-eb87-47ae-a843-9a5f80a6a9bd,20f8a76b-80dd-4b2c-9b68-8a9d5a92551a,46e96f70-9e3e-4fd6-8f23-fdfd00da7231,90a3d74e-7d45-49c8-8c87-526c528afc9d,500.0,2026-06-19 11:00:19
f50eb5af-444e-419d-98ea-2b1cc4637b8a,20f8a76b-80dd-4b2c-9b68-8a9d5a92551a,fe6273b5-bb18-42f2-8189-374f4f479e70,90a3d74e-7d45-49c8-8c87-526c528afc9d,500.0,2026-07-23 22:00:19
805788b0-99fb-4fe1-b496-7308e685a7dd,2290b270-a95a-497d-bb2e-faee6df34db7,4d5b9d9e-c7f9-4a8e-8df9-8692bb31d050,90a3d74e-7d45-49c8-8c87-526c528afc9d,500.0,2026-04-11 02:44:22
3cabf923-952e-4ddb-8098-0031f5febbbc,2296991d-954c-4a06-9174-976203d68bd9,1a332c8f-3988-4d00-aaeb-a63003f6769d,90a3d74e-7d45-49c8-8c87-526c528afc9d,500.0,2026-04-05 09:40:57
2491d9f5-e20d-490c-ba01-fa1eed79a710,2296991d-954c-4a06-9174-976203d68bd9,ba853f50-1529-4304-b55e-30d303445c98,9e481250-ab48-4e77-aeab-8be45f9233dc,100.0,2026-04-16 16:40:57
f086926e-c739-47a3-b86e-8f4f2302dc2e,2296991d-954c-4a06-9174-976203d68bd9,508bdc04-faf4-4b8a-8600-48711f8d2e8c,5bf2e261-70cd-47b2-a184-b0f75481fdd5,200.0,2026-04-20 03:40:57
7d0690d0-61dd-4d81-9e11-e85504b80c82,2296991d-954c-4a06-9174-976203d68bd9,42c270f1-d2e8-44f0-aeae-44d38c6bef73,9e481250-ab48-4e77-aeab-8be45f9233dc,100.0,2026-08-27 08:40:57
028b1937-1ef7-40a7-9c39-da4ca397b1d2,23561640-1f60-4ccb-85a3-64d32b80a753,5fb76da1-ad41-44db-aeee-d7fd556e2c16,1ebcef21-86e5-4387-9edf-681ad1950c1a,300.0,2026-08-14 11:42:02
3ffb746d-6e8a-4c80-8dae-024538695dce,246b1679-88b8-4081-a3f8-3d623a0a42ce,20819598-9e7a-44a3-9cc6-d1786165eb69,90a3d74e-7d45-49c8-8c87-526c528afc9d,500.0,2026-11-09 07:05:48
853ceae4-6653-45f4-9409-bcb3b7a898d2,246b1679-88b8-4081-a3f8-3d623a0a42ce,07120307-f32f-444f-9e7f-fd5b26e13290,24d8fa0e-5d24-4f3e-bf35-b7cea1b09e56,150.0,2026-11-23 09:05:48
feb8bd74-7d17-4a9e-9996-519e5ddec72a,24de580c-96ca-4227-a718-2a34885f7f76,64062e80-7b1e-4324-9918-0e8dbc171348,90a3d74e-7d45-49c8-8c87-526c528afc9d,500.0,2026-05-19 13:01:46
7d22c726-ff59-4507-8b78-e84b2db00156,24de580c-96ca-4227-a718-2a34885f7f76,a6c1f8cf-e25b-43d5-a4eb-2e258c047f66,9e481250-ab48-4e77-aeab-8be45f9233dc,100.0,2026-05-21 07:01:46
2e473e78-2085-4889-a9da-39f652809a1d,24de580c-96ca-4227-a718-2a34885f7f76,83f002c2-2b51-4555-a424-86b886d6ac37,9ce660d5-a7ff-4a73-8d8d-815013fde01d,400.0,2026-05-29 21:01:46
4afaa7e5-cc94-4561-b6f8-6506969c0124,258e0061-65d9-46d1-b312-2bc5eae1bca5,11c2fa07-fef8-4cf9-a54e-d542979e8aee,5bf2e261-70cd-47b2-a184-b0f75481fdd5,200.0,2026-11-24 11:26:33
84d5913b-ad43-4ef7-bdc9-c356e7560c4d,258e0061-65d9-46d1-b312-2bc5eae1bca5,11c2fa07-fef8-4cf9-a54e-d542979e8aee,9e481250-ab48-4e77-aeab-8be45f9233dc,100.0,2026-11-24 11:26:33
daa1dc98-2f60-42f1-bcfa-0d51f31bbc03,258e0061-65d9-46d1-b312-2bc5eae1bca5,d788e907-848c-4e6f-ad46-f84bb5dd76c6,9e481250-ab48-4e77-aeab-8be45f9233dc,100.0,2026-12-26 04:26:33
9185c10f-a867-4a36-bf4e-38854760e2f5,258e0061-65d9-46d1-b312-2bc5eae1bca5,fb19c2ee-aaf0-48db-98cd-4d5280d2eeb9,9e481250-ab48-4e77-aeab-8be45f9233dc,55.97,2027-01-15 19:26:33
2ad8e040-0035-4c8e-a80d-34da01cf6f56,25eeeb6b-24dc-421d-9a6b-d3040ac44ed9,2df23c59-44ce-482b-a326-faf9a492454e,90a3d74e-7d45-49c8-8c87-526c528afc9d,313.78,2026-03-03 20:59:59
881952bb-0328-49b3-8661-7e4abc4a4084,25eeeb6b-24dc-421d-9a6b-d3040ac44ed9,1fa05b5f-9315-4bbc-ad16-178b500134bf,9ce660d5-a7ff-4a73-8d8d-815013fde01d,102.5,2026-08-25 06:59:59
8b746185-67a6-4555-981a-56938fbf3bc4,25fd37f8-6a21-446f-8ab4-0965564d2a34,1b3337fa-02fb-46c4-8b88-cd22a4bbf784,90a3d74e-7d45-49c8-8c87-526c528afc9d,431.26,2026-03-02 14:45:36
d6ea4b29-46a2-4640-a6b8-06a9d6dbe7d9,25fd37f8-6a21-446f-8ab4-0965564d2a34,52bb2620-b724-40d4-aeff-f017864de961,3d5d41c8-14bf-49cd-91e6-aa9a36bea6bb,211.34,2026-07-16 22:45:36
2171ee56-4992-4908-8545-9351368c8e18,25fd37f8-6a21-446f-8ab4-0965564d2a34,52bb2620-b724-40d4-aeff-f017864de961,9e481250-ab48-4e77-aeab-8be45f9233dc,100.0,2026-07-16 22:45:36
71b5e253-91e5-4357-9031-6470afcfded8,2668def3-e998-43a5-9847-8de59701b02c,90a3cc9c-e102-4b66-aba2-3f2f096090cb,90a3d74e-7d45-49c8-8c87-526c528afc9d,500.0,2026-08-02 13:10:51
5a0512bf-8f06-4c45-a415-60d1602f4af9,26984644-f433-4a03-b4f4-583ea8bb644e,efd62425-5232-4b47-b326-80ae0886da78,90a3d74e-7d45-49c8-8c87-526c528afc9d,500.0,2025-11-18 16:49:24
df996a6e-34cd-4939-9230-b663872c10b6,26f13b1c-e008-4851-b6c4-d6fa513fe910,8d21fe53-400f-4ab6-a22b-62e89c667acb,90a3d74e-7d45-49c8-8c87-526c528afc9d,500.0,2025-11-23 20:52:57
7eab6760-bbad-4396-96bf-5670f9007160,26f7f158-3e71-4b96-aecb-ccb5006aeb29,46cecd8d-9632-47d8-bf23-69e5463bcc36,90a3d74e-7d45-49c8-8c87-526c528afc9d,500.0,2026-11-17 01:31:32
560849bc-699b-4925-b01c-ed72e0c1721b,27515eff-e41a-41d8-963a-54609c64c21b,fce06b7c-f272-400b-83d2-ddcca346a470,9e481250-ab48-4e77-aeab-8be45f9233dc,100.0,2026-04-30 18:21:54
84220d69-57fa-4ce7-b42c-04fd80fe2ad4,27515eff-e41a-41d8-963a-54609c64c21b,4e294725-13fa-4001-949c-df1f70fb83f4,3970ec98-085d-4cff-ace2-b47ad81d5d9a,669.92,2026-05-28 00:21:54
e0020a1a-28b6-4a9e-9499-1f155ebc5180,27515eff-e41a-41d8-963a-54609c64c21b,25b6b745-1576-4d04-892d-585e5ccc498f,5bf2e261-70cd-47b2-a184-b0f75481fdd5,200.0,2026-07-18 18:21:54
d33f7225-118f-4713-a291-1105d26785fe,278ae343-8566-4545-943d-39df34e41ee4,cfec50cf-3e25-4173-8f03-a0859405f782,90a3d74e-7d45-49c8-8c87-526c528afc9d,500.0,2026-07-26 15:25:59
0ca74375-374f-4d74-8d9f-92334658654b,27c2ddd3-8927-48ad-bb3c-c3cf7008fc1b,c7d6bde6-ecfc-4bbb-bf6a-38a03542ee1f,90a3d74e-7d45-49c8-8c87-526c528afc9d,369.24,2026-01-08 03:47:13
6db676f7-7a2b-4ba9-8f4e-5ade91243c48,2806d883-103b-41ba-96dd-4815c2863d65,ecd9e674-cb14-4e51-b361-46c1c15e1cd0,9e481250-ab48-4e77-aeab-8be45f9233dc,45.11,2026-08-20 21:21:49
68671efc-260e-4b7c-9594-3cad2677e209,2806d883-103b-41ba-96dd-4815c2863d65,3f89b471-5faf-44c1-8362-3fb3bfa7c7d7,90a3d74e-7d45-49c8-8c87-526c528afc9d,110.25,2026-10-05 23:21:49
945321ce-30be-4bb6-96b6-d76cc8e094de,2806d883-103b-41ba-96dd-4815c2863d65,346d7604-453e-486e-a47d-8480908f6c84,de4ebad1-a920-4ecb-a6c7-3099945ea4e5,107.35,2027-01-27 19:21:49
4d0b8cd7-0372-42fd-a5b5-526a451b9d00,2806d883-103b-41ba-96dd-4815c2863d65,346d7604-453e-486e-a47d-8480908f6c84,9e481250-ab48-4e77-aeab-8be45f9233dc,53.67,2027-01-27 19:21:49
46be0293-9c46-4a70-b985-828baf6e88f3,281e0e70-bba0-4a26-bf37-7c8a7b165a1c,8a159167-f1b8-442c-9006-ff3c1a9c04a0,90a3d74e-7d45-49c8-8c87-526c528afc9d,500.0,2025-10-15 14:57:57
c8884810-7c38-4714-ac02-55b3cde449de,290518e5-84f4-44d9-9df6-0e70e09190da,6d6177e1-85ff-4928-b9ba-a3a02f419461,90a3d74e-7d45-49c8-8c87-526c528afc9d,500.0,2026-07-19 09:20:04
21af176d-3b86-47a4-ba0e-8cd061dc38d2,290518e5-84f4-44d9-9df6-0e70e09190da,ee771b4b-5906-43e7-afbe-1ec62855a1d3,1ebcef21-86e5-4387-9edf-681ad1950c1a,300.0,2026-07-27 11:20:04
7e8de94a-a174-4dc5-a2f1-41129cbe8f42,297c6796-5998-4570-9b40-a49275bd94ca,16e14ddb-e99d-4642-9699-db023e10edaf,90a3d74e-7d45-49c8-8c87-526c528afc9d,309.54,2025-10-31 16:56:06
4bfb1349-a361-433a-a191-473e5aba4049,29c2170f-d24d-4b5e-8afa-5c79223236fe,cda2ea3a-8ce3-47a7-8f56-ce9f893e9682,90a3d74e-7d45-49c8-8c87-526c528afc9d,500.0,2026-07-06 06:37:26
dc83ab92-61ba-4dd0-ad0b-fe601311ffce,29c2170f-d24d-4b5e-8afa-5c79223236fe,9b8e4983-4982-49da-9ad6-c7662bcf2421,9e481250-ab48-4e77-aeab-8be45f9233dc,100.0,2026-07-29 19:37:26
c2d2c104-767a-417d-b3fc-85bc4de9b560,29c2170f-d24d-4b5e-8afa-5c79223236fe,cb18b338-03b7-4fe0-9a54-d2d4b4733132,9e481250-ab48-4e77-aeab-8be45f9233dc,100.0,2026-10-15 09:37:26
1704cb20-f8ac-4c5f-8348-4e7a2bf9ef90,2af704ce-a0b3-4b07-a654-bb9203f6db2e,773a0a7a-1ad6-465c-af6a-8ab469a77e0b,90a3d74e-7d45-49c8-8c87-526c528afc9d,500.0,2026-08-23 07:00:32
2009d797-66de-4b38-9383-7015496396e2,2af704ce-a0b3-4b07-a654-bb9203f6db2e,501a48ea-9735-4e9f-9d46-10a96d20b39f,07c2e98c-db2a-4e92-8552-8a461b6d2353,403.31,2026-10-20 15:00:32
74ccfe1f-2510-4b6a-b658-4a08443e6243,2af704ce-a0b3-4b07-a654-bb9203f6db2e,501a48ea-9735-4e9f-9d46-10a96d20b39f,9e481250-ab48-4e77-aeab-8be45f9233dc,100.0,2026-10-20 15:00:32
2073063c-14c3-46a6-90c7-5bced412bc7a,2b4d6e5d-477c-4d22-a4f5-f1059ac23801,c576e2ee-577f-49f4-a660-0698618d01ac,de4ebad1-a920-4ecb-a6c7-3099945ea4e5,300.0,2026-04-17 00:43:56
39861d5a-f83d-48fc-9455-8918940cc108,2b4d6e5d-477c-4d22-a4f5-f1059ac23801,7bf09f8a-014e-4d2d-9457-876d93749c48,90a3d74e-7d45-49c8-8c87-526c528afc9d,500.0,2026-05-15 00:43:56
bd9dc3ff-2230-433c-9589-fbb7c42ccab8,2b4d6e5d-477c-4d22-a4f5-f1059ac23801,6561ac08-419f-462e-b1a6-326b0952ebf4,de4ebad1-a920-4ecb-a6c7-3099945ea4e5,193.07,2026-06-22 10:43:56
cdcddc3f-ff61-4d99-894a-49450e1d9fb7,2b4d6e5d-477c-4d22-a4f5-f1059ac23801,6561ac08-419f-462e-b1a6-326b0952ebf4,9e481250-ab48-4e77-aeab-8be45f9233dc,96.54,2026-06-22 10:43:56
4bf51adf-228d-4a07-954d-974cf24ad1a5,2b4d6e5d-477c-4d22-a4f5-f1059ac23801,42044c3d-3ba6-4d38-a3ca-90b78dd3ce64,9e481250-ab48-4e77-aeab-8be45f9233dc,100.0,2026-08-08 21:43:56
d3df7b2c-7cf3-473d-a6d7-40aaf299f454,2b7ca332-6285-4671-a553-9f1853f52814,0535e730-c9be-4f11-9794-5242ef3699ef,9e481250-ab48-4e77-aeab-8be45f9233dc,100.0,2026-05-02 23:33:55
182ca442-b335-4c2f-9b4b-1490991460e4,2b82bc86-2efb-455d-9894-f2cd59e09a40,b2432b3f-e860-4d16-860f-03b3bcdd92a7,90a3d74e-7d45-49c8-8c87-526c528afc9d,500.0,2026-09-01 02:37:29
fe6dbb25-5f3e-4a80-93a1-cce8ce6460c0,2b82bc86-2efb-455d-9894-f2cd59e09a40,b2432b3f-e860-4d16-860f-03b3bcdd92a7,9e481250-ab48-4e77-aeab-8be45f9233dc,100.0,2026-09-01 02:37:29
c9d5bb39-57ac-4243-a1d2-ce110fb15d5c,2b82bc86-2efb-455d-9894-f2cd59e09a40,359c6a06-c254-44ae-9a41-63f7bd95d5c3,9e481250-ab48-4e77-aeab-8be45f9233dc,73.65,2026-12-06 07:37:29
104b0aee-9f47-482e-83a5-b12504cd9f14,2b937475-bb8a-429d-8963-867111cb4ae9,09582983-91c2-400b-bfc0-9de0cdd38c53,24d8fa0e-5d24-4f3e-bf35-b7cea1b09e56,150.0,2025-12-02 11:36:57
23d50c47-0e82-4381-b538-3d77e78b431f,2b937475-bb8a-429d-8963-867111cb4ae9,cfde9829-80ce-4105-8b91-dd77616c5692,9e481250-ab48-4e77-aeab-8be45f9233dc,100.0,2026-01-29 05:36:57
e2908715-f083-4c92-aea7-9274928af9cf,2b937475-bb8a-429d-8963-867111cb4ae9,d676d911-c28b-4553-8c7d-dd2ded6b6124,90a3d74e-7d45-49c8-8c87-526c528afc9d,242.4,2026-02-09 01:36:57
cc9aa71d-3a3e-4fdb-8c67-57aad8986ff2,2b937475-bb8a-429d-8963-867111cb4ae9,d676d911-c28b-4553-8c7d-dd2ded6b6124,9e481250-ab48-4e77-aeab-8be45f9233dc,100.0,2026-02-09 01:36:57
bd9efb9f-c1e5-42ee-851e-52a576a690f9,2b937475-bb8a-429d-8963-867111cb4ae9,99f3b893-380c-4112-9971-84ca5a3a3a49,9e481250-ab48-4e77-aeab-8be45f9233dc,100.0,2026-02-27 20:36:57
c956d4d7-8a19-4110-a055-834b36d3ef1d,2b937475-bb8a-429d-8963-867111cb4ae9,061de66c-770e-46cd-8ee9-7fa11245bc05,90a3d74e-7d45-49c8-8c87-526c528afc9d,500.0,2026-05-04 12:36:57
85772797-55dc-4e63-8f08-8beaae61308b,2b937475-bb8a-429d-8963-867111cb4ae9,2590b29f-fe54-4901-859a-a8fc85a02087,9e481250-ab48-4e77-aeab-8be45f9233dc,100.0,2026-05-16 14:36:57
cb669a81-c1ff-4d68-8315-e0ce3f70df85,2ba53adb-4e17-4cdd-b5d8-f40426bf9b55,86a1aed7-8627-4b8c-a1cf-ebb7bf05ab5d,90a3d74e-7d45-49c8-8c87-526c528afc9d,500.0,2026-03-09 04:56:24
da681193-2a47-48ae-8cd4-492fa5196b02,2ba53adb-4e17-4cdd-b5d8-f40426bf9b55,2cb6c263-4c37-437f-aee2-c397570598f0,1ebcef21-86e5-4387-9edf-681ad1950c1a,300.0,2026-04-13 16:56:24
34bd6266-4d9e-44a6-8c61-dee02a3587d3,2ba53adb-4e17-4cdd-b5d8-f40426bf9b55,5eb785b9-9321-4b66-a982-94c7a4794e68,24d8fa0e-5d24-4f3e-bf35-b7cea1b09e56,150.0,2026-04-15 12:56:24
b3c58515-424e-4e17-a78b-a48faee323ee,2ba53adb-4e17-4cdd-b5d8-f40426bf9b55,15a7be07-75b9-49f3-aec5-4d9ca041eb0d,9e481250-ab48-4e77-aeab-8be45f9233dc,100.0,2026-06-19 08:56:24
0f50f91f-bd70-44c2-87f7-0359f4e90447,2ba53adb-4e17-4cdd-b5d8-f40426bf9b55,682b4fe4-2459-41ba-88a3-8598224252f4,3d5d41c8-14bf-49cd-91e6-aa9a36bea6bb,614.79,2026-06-19 14:56:24
1fad9f00-9fd5-409c-826c-e5359d30971d,2ba53adb-4e17-4cdd-b5d8-f40426bf9b55,172c4f9b-7ed3-4ce8-aa35-15e1d8184547,90a3d74e-7d45-49c8-8c87-526c528afc9d,500.0,2026-06-23 06:56:24
c08758cc-e3c7-4707-9d2c-72a7f40dc282,2ba53adb-4e17-4cdd-b5d8-f40426bf9b55,3ab11c18-4d27-4a33-a025-6f3aaf9a00cd,de4ebad1-a920-4ecb-a6c7-3099945ea4e5,300.0,2026-07-01 21:56:24
31cef072-96fa-4cd2-95d6-97a5af471882,2ba53adb-4e17-4cdd-b5d8-f40426bf9b55,6f47ee52-6bd4-4c80-93cd-3262061ce039,9e481250-ab48-4e77-aeab-8be45f9233dc,100.0,2026-07-03 20:56:24
8c9ae897-fc01-4829-9c75-a95b2301e827,2ba53adb-4e17-4cdd-b5d8-f40426bf9b55,4cb489b0-186b-4000-a4f6-bc12a3a16c71,9e481250-ab48-4e77-aeab-8be45f9233dc,100.0,2026-07-05 21:56:24
d37a8895-43d5-4ad8-8833-8d266586e411,2ba53adb-4e17-4cdd-b5d8-f40426bf9b55,4449988e-ad16-4afc-af77-8a29c9ab7c9f,9e481250-ab48-4e77-aeab-8be45f9233dc,100.0,2026-07-14 11:56:24
8da5526b-bc89-43c2-a8df-1998681ad145,2bb877b4-5e1a-4294-91a3-da9a5ca4f05a,92ca1e5f-4f9a-41a9-8c39-4716983c0f8a,90a3d74e-7d45-49c8-8c87-526c528afc9d,500.0,2025-09-13 21:00:21
8980e4e3-d076-42a3-a599-0eee27a74fac,2bb877b4-5e1a-4294-91a3-da9a5ca4f05a,316922f2-cec7-47af-9adb-174210029d49,3970ec98-085d-4cff-ace2-b47ad81d5d9a,1000.0,2025-12-19 13:00:21
f3c9871c-8863-4a35-9e5f-8321a35aa7b0,2bc9442a-5ffa-49b4-a95e-870e12fd9928,13136c3e-aec3-4f9f-887c-45f7d7812f6f,de4ebad1-a920-4ecb-a6c7-3099945ea4e5,300.0,2026-02-13 21:33:38
f8645569-6ca6-40da-934d-5c799b09f7cc,2bc9442a-5ffa-49b4-a95e-870e12fd9928,617fe7ac-8062-4b96-8e4f-dddaf9f91d30,3970ec98-085d-4cff-ace2-b47ad81d5d9a,1000.0,2026-04-04 09:33:38
b0405e84-44a9-4f31-9988-25603d132986,2be2afaa-ed76-485a-87c3-711973db083e,9340b3ea-cdf8-45b2-865e-4845ee78a529,90a3d74e-7d45-49c8-8c87-526c528afc9d,500.0,2026-01-16 15:35:27
f8460fbd-a715-4aff-99a6-474965deb7be,2be2afaa-ed76-485a-87c3-711973db083e,5a042a6e-1f09-451f-9f3d-54d6b205e538,9e481250-ab48-4e77-aeab-8be45f9233dc,100.0,2026-02-14 02:35:27
c544dd30-ef4a-4c6d-859f-0a2e56924d10,2be2afaa-ed76-485a-87c3-711973db083e,ce45afcb-2af3-4fb7-a7dd-ac3b82579e79,24d8fa0e-5d24-4f3e-bf35-b7cea1b09e56,150.0,2026-03-23 16:35:27
896990fa-2200-41c8-967e-aa83d723d765,2be2afaa-ed76-485a-87c3-711973db083e,0f60c57e-7441-438d-afe9-d151775e4d6e,9ce660d5-a7ff-4a73-8d8d-815013fde01d,125.12,2026-05-22 02:35:27
ed6f4451-34a4-4096-a2ee-92eccca78a5f,2be2afaa-ed76-485a-87c3-711973db083e,0f60c57e-7441-438d-afe9-d151775e4d6e,9e481250-ab48-4e77-aeab-8be45f9233dc,62.56,2026-05-22 02:35:27
7ed788af-c036-4420-a59e-a7fdf55d5b57,2be7071b-ecac-453b-ad11-27de2ca118d7,d9ae71e7-26de-4c86-8a78-21e0ea29aebf,90a3d74e-7d45-49c8-8c87-526c528afc9d,500.0,2026-06-28 23:20:06
f425ea75-0ed7-4f02-855a-cf79250608e2,2c9a22d1-1122-4064-9004-cec19b99350d,6543965e-5cb5-4d9a-b99c-9f75074c9153,90a3d74e-7d45-49c8-8c87-526c528afc9d,500.0,2026-01-10 05:14:31
8b76b58d-392d-4670-bfbc-f4fad49297e3,2c9a22d1-1122-4064-9004-cec19b99350d,256e114c-41c6-41ec-87c4-1b2f3964f1f8,9e481250-ab48-4e77-aeab-8be45f9233dc,100.0,2026-01-14 09:14:31
2a962e43-406a-490e-bb61-cbf38ff0c3b9,2ce53dfd-3113-4935-9fd0-5c0132069edb,5d7d1d37-d4d0-4b51-9221-e1c7f4a792d0,90a3d74e-7d45-49c8-8c87-526c528afc9d,500.0,2026-09-27 06:24:38
70ff51ae-9dc8-4f8f-b0b7-2f57de2e0382,2ce53dfd-3113-4935-9fd0-5c0132069edb,28a4c675-4cf3-484e-b6dd-c75d9203e9cc,1ebcef21-86e5-4387-9edf-681ad1950c1a,300.0,2026-09-29 22:24:38
547908c3-947e-4d9e-a16b-5e22f6c4b40d,2ce53dfd-3113-4935-9fd0-5c0132069edb,28a4c675-4cf3-484e-b6dd-c75d9203e9cc,9e481250-ab48-4e77-aeab-8be45f9233dc,100.0,2026-09-29 22:24:38
b9536b9d-5743-48fb-bc41-405294fdfd70,2d783df9-cc1e-422e-8709-ee0e30f566d8,065ff545-29a2-4fff-921e-635453a8301e,90a3d74e-7d45-49c8-8c87-526c528afc9d,500.0,2026-04-12 08:25:27
67eb9838-17c6-43df-98bf-b49f4879a709,2d783df9-cc1e-422e-8709-ee0e30f566d8,065ff545-29a2-4fff-921e-635453a8301e,9e481250-ab48-4e77-aeab-8be45f9233dc,100.0,2026-04-12 08:25:27
b27fcc29-d7df-459c-bdbf-4d03123204fc,2d78c6eb-a486-4f9a-b82d-b50843270e36,adaaba2b-eeeb-44ac-867c-98c3b01897c8,90a3d74e-7d45-49c8-8c87-526c528afc9d,500.0,2026-02-06 17:29:55
74079f66-7fb5-49a4-a908-1d58daf539a9,2d78c6eb-a486-4f9a-b82d-b50843270e36,4122aa94-554c-40f5-a402-6ae5bb15386b,3970ec98-085d-4cff-ace2-b47ad81d5d9a,184.84,2026-03-04 17:29:55
47961b21-a9dd-4057-90d9-3848b05f3a88,2d78c6eb-a486-4f9a-b82d-b50843270e36,4122aa94-554c-40f5-a402-6ae5bb15386b,9e481250-ab48-4e77-aeab-8be45f9233dc,92.42,2026-03-04 17:29:55
f3bcbab9-627e-45bb-8280-a87224cdc86a,2d78c6eb-a486-4f9a-b82d-b50843270e36,43e3757f-4393-49d9-8ae7-70ee53b0d105,3970ec98-085d-4cff-ace2-b47ad81d5d9a,1000.0,2026-05-18 15:29:55
848cb0cc-c4f9-4d9f-9979-7e75fc7b1375,2d873a6a-2311-4c03-8196-beb01336fe82,2e4b21d7-07a4-4347-ba6a-6b6401298860,90a3d74e-7d45-49c8-8c87-526c528afc9d,500.0,2026-08-31 06:47:17
bad746e2-8525-432e-a403-334bd88a1e40,2d873a6a-2311-4c03-8196-beb01336fe82,fcf29450-b286-4cf6-9e1d-e11757e45f6d,3970ec98-085d-4cff-ace2-b47ad81d5d9a,612.2,2026-09-13 23:47:17
5cde87ca-6b3f-4516-b97b-6a2c3e612c02,2d873a6a-2311-4c03-8196-beb01336fe82,bfaa79c1-18aa-4489-8a56-3dbac448daaa,5bf2e261-70cd-47b2-a184-b0f75481fdd5,120.19,2026-10-16 10:47:17
9112d4b0-9161-4087-8f95-6db87d0a619d,2d873a6a-2311-4c03-8196-beb01336fe82,4419edfb-43df-46f7-babf-bcd7f97fd08a,1ebcef21-86e5-4387-9edf-681ad1950c1a,87.84,2026-11-25 01:47:17
915dd0f3-0ec2-4758-ba16-760355bcac83,2db9e543-059d-41be-a66b-4ad59e1a29ea,7a357dc5-5dcd-468b-b68d-2d848606f1cb,9e481250-ab48-4e77-aeab-8be45f9233dc,100.0,2027-01-19 11:34:59
ebcd993f-c1e6-4a51-8875-6c4dc7dbb046,2e0a4b20-b463-4681-a9a0-de76eaf5aa6e,03a483fa-28b8-4b8b-bce4-5fa3422e77a6,90a3d74e-7d45-49c8-8c87-526c528afc9d,442.51,2025-11-14 07:20:04
7b652ff7-3bb4-433f-bc7d-8b5373f6ead7,2e0a4b20-b463-4681-a9a0-de76eaf5aa6e,03a483fa-28b8-4b8b-bce4-5fa3422e77a6,9e481250-ab48-4e77-aeab-8be45f9233dc,88.5,2025-11-14 07:20:04
3c511df0-2fb6-474b-ba00-3582bc9a044f,2e0a4b20-b463-4681-a9a0-de76eaf5aa6e,9b7744c6-df8b-427d-bd64-08b606d72d91,3d5d41c8-14bf-49cd-91e6-aa9a36bea6bb,140.08,2025-11-19 10:20:04
c770b4f8-4257-4e26-8d3a-bc898f2aa32d,2e0a4b20-b463-4681-a9a0-de76eaf5aa6e,cb23a806-9d24-42e6-8082-663e324a5ff6,3970ec98-085d-4cff-ace2-b47ad81d5d9a,191.12,2025-12-07 22:20:04
5e49adf4-a5f5-4f23-91c6-9d907fe53376,2e0a4b20-b463-4681-a9a0-de76eaf5aa6e,69f81fa7-624f-4687-b1c4-dc9f9be4cfab,9e481250-ab48-4e77-aeab-8be45f9233dc,83.12,2025-12-18 05:20:04
f40a34a4-dc33-4042-8fdf-50daf74df900,2e11ec20-0d16-4de3-a46f-ef993bd25394,dbbe4cab-7548-4090-b226-fbe72b9be1fb,de4ebad1-a920-4ecb-a6c7-3099945ea4e5,300.0,2026-04-26 00:37:33
bcb0fb20-28c7-46cf-88c4-2e6e72c256f6,2ef92813-97a6-4d07-b47b-12a88e93aa65,2722abc2-9385-4ee0-aaa4-5b6d7601f25a,90a3d74e-7d45-49c8-8c87-526c528afc9d,500.0,2026-04-16 09:40:01
61c49f2b-9eb0-4574-9fe7-4c30a2ad4b6d,2ef92813-97a6-4d07-b47b-12a88e93aa65,b7513aeb-7a24-429d-8235-25eaa20abccf,1ebcef21-86e5-4387-9edf-681ad1950c1a,300.0,2026-05-10 09:40:01
28c83456-3e83-48d1-b8b3-5f32bd968821,2ef92813-97a6-4d07-b47b-12a88e93aa65,35d391d1-341a-45e8-8b2d-0e82116ba862,24d8fa0e-5d24-4f3e-bf35-b7cea1b09e56,150.0,2026-06-24 21:40:01
65cb0822-92f7-4209-a8ce-e2953503202c,2ef92813-97a6-4d07-b47b-12a88e93aa65,2cc8f9ec-48ff-48f6-854f-395015baf2eb,9e481250-ab48-4e77-aeab-8be45f9233dc,100.0,2026-07-30 21:40:01
1d509acf-6d4f-4af1-9190-2b7d18ee3ec7,2ef92813-97a6-4d07-b47b-12a88e93aa65,28450661-332b-45d1-8409-e4dc64958a8b,3d5d41c8-14bf-49cd-91e6-aa9a36bea6bb,206.48,2026-09-17 06:40:01
b7749100-6046-4826-bb10-653d62ad9a0e,2f11980a-bf1f-4786-9019-11ffa269a3f0,275d1621-652f-4015-926f-6c01ab20dcfe,90a3d74e-7d45-49c8-8c87-526c528afc9d,500.0,2026-03-07 10:57:21
fc35e1c0-7cb4-452c-990f-5dc6494028dd,2f11980a-bf1f-4786-9019-11ffa269a3f0,56431638-ce5f-4e99-9c57-5df16ea7df76,5bf2e261-70cd-47b2-a184-b0f75481fdd5,200.0,2026-05-10 02:57:21
c18f357a-f445-4e00-8dfe-41f85cb70585,2f11980a-bf1f-4786-9019-11ffa269a3f0,5ae2e64d-4ff4-4994-a058-11fb6e98f82f,9e481250-ab48-4e77-aeab-8be45f9233dc,100.0,2026-06-06 02:57:21
bc6141a7-f000-4966-b242-67c4067384c5,2f4718b2-66e1-46e5-9681-cdb0b83f7b72,875e5d06-ac57-41bb-9c96-90365f3c0800,90a3d74e-7d45-49c8-8c87-526c528afc9d,417.47,2025-11-04 15:44:03
50816e39-b72d-4451-8df3-e07766e09a81,2fac8141-966f-4f6c-bb38-bea76e19bed3,27018fbf-2458-47b7-8aa5-c6ec1f3c8aee,90a3d74e-7d45-49c8-8c87-526c528afc9d,500.0,2026-04-01 05:03:08
4e6dfe21-d19d-4547-82c6-8b9e8ea05971,2fac8141-966f-4f6c-bb38-bea76e19bed3,d3e92c57-abc1-4762-baeb-ad3d7171a96f,de4ebad1-a920-4ecb-a6c7-3099945ea4e5,300.0,2026-08-31 22:03:08
74f95129-3a5a-4ba3-a254-640029921f3d,2febbe1d-a5b1-4665-a834-aee8b1a7ee06,b5197eb2-b38b-40e7-b2c4-975ba08572c2,90a3d74e-7d45-49c8-8c87-526c528afc9d,500.0,2026-07-17 08:22:00
9b347874-ab4d-4364-8155-8e64ee522e9b,2fedec08-ef74-4ed1-8b9d-e608a9396a23,3673d7fb-35a1-48a6-97e7-76d775ce8a07,07c2e98c-db2a-4e92-8552-8a461b6d2353,600.0,2026-12-04 20:15:12
c264f99e-fd75-4e30-9d6a-19109a65a6b2,2fedec08-ef74-4ed1-8b9d-e608a9396a23,3673d7fb-35a1-48a6-97e7-76d775ce8a07,9e481250-ab48-4e77-aeab-8be45f9233dc,100.0,2026-12-04 20:15:12
12b193ae-2db1-479c-b3c3-977988efbb48,300a6909-48a7-4379-9399-dbf17affe65c,4d8f18ef-762b-4601-af93-fab001bd9ced,90a3d74e-7d45-49c8-8c87-526c528afc9d,405.59,2025-11-19 20:59:58
b3f0c5a0-e942-49ef-b906-f4969c6f04c4,300a6909-48a7-4379-9399-dbf17affe65c,089f929f-f13c-42b5-a821-4e8f42797f5e,3d5d41c8-14bf-49cd-91e6-aa9a36bea6bb,115.24,2026-04-26 04:59:58
61dcf879-7cdb-48ff-9f30-a86ccdc7847e,300a6909-48a7-4379-9399-dbf17affe65c,8e6acd8a-776f-4bbd-ab15-33b24b145426,3970ec98-085d-4cff-ace2-b47ad81d5d9a,201.94,2026-05-01 00:59:58
adb80b2a-c9ce-41b9-8346-205a98c08572,3079d3cc-c116-4f11-b9fd-0c4da51ecfdb,9af37c7b-deb6-4a85-8263-6c76ee3a8cf6,90a3d74e-7d45-49c8-8c87-526c528afc9d,500.0,2026-05-18 01:05:05
0018921c-d9e0-4ba6-af4b-b2985d820288,307b545b-421e-41e9-b54e-90cc8d543fb1,c7508d52-3a21-41fd-8ed4-30675fb3a135,90a3d74e-7d45-49c8-8c87-526c528afc9d,500.0,2025-09-10 05:03:59
47ad0568-5547-42e0-b93f-c4b39dbccf42,30c210d6-0b1a-4f6a-8c8d-02660447293f,0d5394bd-2b4d-4c24-a01f-d7550937ed78,24d8fa0e-5d24-4f3e-bf35-b7cea1b09e56,150.0,2026-07-04 03:27:31
25979bc3-fcb1-4d82-a038-77e68536528e,30c210d6-0b1a-4f6a-8c8d-02660447293f,d064bee0-ae6c-4203-8385-2a1a134d134e,9ce660d5-a7ff-4a73-8d8d-815013fde01d,400.0,2026-08-10 14:27:31
a7b4b585-2a79-461b-9b66-97a95b4d22e4,30caa9f3-7c31-4456-9cf8-461741ea1c3e,d8b8bb35-dfd9-48d0-9f1c-2025dae917e9,9e481250-ab48-4e77-aeab-8be45f9233dc,88.03,2026-10-30 16:42:03
d2a993f2-8885-4e09-a2f8-7418565573b0,30caa9f3-7c31-4456-9cf8-461741ea1c3e,375e3dd4-130a-49c5-a6dd-ee7a6859cd3a,3970ec98-085d-4cff-ace2-b47ad81d5d9a,1000.0,2026-11-09 17:42:03
3135d46b-6047-45a6-ad0a-07aba4fec555,3102edad-dfc4-422f-8000-4bdaa7b78a5b,dcc974a6-a201-4991-913a-e8b85af70581,90a3d74e-7d45-49c8-8c87-526c528afc9d,310.96,2026-06-13 08:21:10
b9d7a3cb-ee64-461b-82f4-d5912253c0c4,3102edad-dfc4-422f-8000-4bdaa7b78a5b,dcc974a6-a201-4991-913a-e8b85af70581,9e481250-ab48-4e77-aeab-8be45f9233dc,62.19,2026-06-13 08:21:10
d46a2d73-6b6c-457d-b39b-6b3a6b3a4ba2,3102edad-dfc4-422f-8000-4bdaa7b78a5b,3d9846c6-2a23-46be-99e6-e9cf447e6c7c,9e481250-ab48-4e77-aeab-8be45f9233dc,97.16,2026-11-23 04:21:10
0a56d3db-df37-46d1-835d-078e590a51c2,3102edad-dfc4-422f-8000-4bdaa7b78a5b,3555ead4-3f42-44a2-92fa-92d1f579301f,1ebcef21-86e5-4387-9edf-681ad1950c1a,147.15,2026-11-25 22:21:10
47783100-4c01-4817-a01d-bef36f7bce9a,310e7c21-1d8b-467c-8936-f2d9a820b70c,75fc0520-106d-471e-98f0-622b341da8c3,9ce660d5-a7ff-4a73-8d8d-815013fde01d,400.0,2025-10-16 07:08:47
40e56320-96c4-4901-834c-3bbe05b234f6,310e7c21-1d8b-467c-8936-f2d9a820b70c,1373d755-4d40-420f-8be3-b7a8f3cc8598,07c2e98c-db2a-4e92-8552-8a461b6d2353,600.0,2025-11-18 09:08:47
b94ea929-2fca-47f8-82d8-f8fba1156cc0,310e7c21-1d8b-467c-8936-f2d9a820b70c,5419606f-6b49-49da-a46d-cc756c59dfe5,9e481250-ab48-4e77-aeab-8be45f9233dc,90.78,2026-01-09 08:08:47
83c65386-1681-4f67-b0e2-d8512acbcc16,310e7c21-1d8b-467c-8936-f2d9a820b70c,dcfda8ad-3e83-4f25-8bab-b5de301a8bc0,9e481250-ab48-4e77-aeab-8be45f9233dc,100.0,2026-01-31 22:08:47
39117d83-07a2-453e-aad9-d53a767f77b8,310e7c21-1d8b-467c-8936-f2d9a820b70c,7306aaeb-f9f3-4958-881d-5d41978c128d,9e481250-ab48-4e77-aeab-8be45f9233dc,100.0,2026-03-11 07:08:47
14059db8-bd61-4bdb-a2c5-3a1aeafb10b3,31541bd6-4ca0-4085-ae9f-95567e06a116,ac60635a-bd1e-4044-b3fa-908916b59e79,90a3d74e-7d45-49c8-8c87-526c528afc9d,500.0,2025-12-13 18:45:02
e87a7b86-79d9-4ef3-8a23-9ed7a8956abf,31541bd6-4ca0-4085-ae9f-95567e06a116,d7cd85dc-381b-46d3-b62f-dabece47b8c3,9e481250-ab48-4e77-aeab-8be45f9233dc,100.0,2025-12-31 08:45:02
1f5142f6-3ef2-4ee5-a9d3-6982e7b71307,31541bd6-4ca0-4085-ae9f-95567e06a116,f27d89bf-3d85-4926-8274-81215f510840,9e481250-ab48-4e77-aeab-8be45f9233dc,100.0,2026-01-26 17:45:02
48aea02b-a4b6-4151-98a1-1cefdd62809a,31a1ce93-9130-4dba-9522-095c0568de1c,599c7c48-dc06-4ab5-9ac6-7d2c1a1a2eab,90a3d74e-7d45-49c8-8c87-526c528afc9d,251.15,2025-11-16 08:02:26
cb7a08c3-2d1f-4ed6-b9db-29de5c686b6e,31a1ce93-9130-4dba-9522-095c0568de1c,599c7c48-dc06-4ab5-9ac6-7d2c1a1a2eab,9e481250-ab48-4e77-aeab-8be45f9233dc,50.23,2025-11-16 08:02:26
f5bb64d3-1646-4aa5-9347-905754bdb449,31a89b23-bc35-48de-9242-f1d250dc637b,dcbd0b43-fa28-4edc-9b6f-19af12126229,90a3d74e-7d45-49c8-8c87-526c528afc9d,500.0,2026-03-13 08:37:50
a5cbdc03-6391-405a-b986-5be29e59c59e,3226b0d8-7546-44dd-883f-3ccaa215aa2a,8a8a9b79-0fd8-498d-a089-984cda2af84b,9e481250-ab48-4e77-aeab-8be45f9233dc,82.75,2025-09-08 20:58:22
048fcfeb-9e03-41e5-a2c9-0e84b2a0fe0a,3226b0d8-7546-44dd-883f-3ccaa215aa2a,64a90b09-1c77-49f5-9257-9d0cbfd58bf0,9e481250-ab48-4e77-aeab-8be45f9233dc,94.14,2026-01-12 14:58:22
6eb54418-a920-42ca-9956-0e6fcb6d7434,32447a47-35a2-48d7-b13f-59e3fdc1125d,e3d02868-bd73-45ad-8070-c2bb6653d008,90a3d74e-7d45-49c8-8c87-526c528afc9d,500.0,2026-08-19 00:16:24
52c7d12f-f650-466c-97c1-b096b3571777,324c42ac-6c8d-4e00-8379-b5cc6a33a1cd,9834d4e9-8665-4a07-8ad3-e70778decb0f,90a3d74e-7d45-49c8-8c87-526c528afc9d,446.61,2026-06-07 13:57:28
08141206-4818-47f2-afc3-a028e66de270,324c42ac-6c8d-4e00-8379-b5cc6a33a1cd,2e9750f9-5c01-44b7-862f-fd76ac02f90f,3d5d41c8-14bf-49cd-91e6-aa9a36bea6bb,800.0,2026-06-30 01:57:28
f7df87ba-3384-4374-bd2c-03615155976d,324c42ac-6c8d-4e00-8379-b5cc6a33a1cd,b22a3d48-f99b-4ba1-a76d-890ba26a1ca9,5bf2e261-70cd-47b2-a184-b0f75481fdd5,200.0,2026-08-31 09:57:28
2e33c383-f6d5-45bb-aa6e-dc1b4c4f393d,329ca97d-c1b3-460f-95c5-9242762dec7d,df785b9b-d0e9-43fe-a93b-bd282a7ff192,90a3d74e-7d45-49c8-8c87-526c528afc9d,500.0,2026-01-16 16:48:48
211df655-1c3c-4cfc-bf32-1163eadef141,33052fb6-f8c5-4e8a-921d-06a034e6ee28,cd724e83-03bd-49ca-bed7-22e8062e4bf1,90a3d74e-7d45-49c8-8c87-526c528afc9d,500.0,2026-03-22 21:42:08
77aade83-56af-42f3-a596-6945113ce57a,33052fb6-f8c5-4e8a-921d-06a034e6ee28,c7675515-85dc-4f54-9555-026821724dc5,3970ec98-085d-4cff-ace2-b47ad81d5d9a,947.99,2026-04-29 05:42:08
39ff6f86-c2a4-41b7-bfba-fed42462c09a,33082bf1-cbc9-485c-b9b8-fb2a54961912,44c55e76-5f55-498c-a143-307e94f8740a,90a3d74e-7d45-49c8-8c87-526c528afc9d,500.0,2026-08-28 20:03:40
1a5d7689-7782-4f15-9c35-85b53f6ddb84,33082bf1-cbc9-485c-b9b8-fb2a54961912,be214d84-ba6d-48da-afd7-def710cb59ac,90a3d74e-7d45-49c8-8c87-526c528afc9d,500.0,2026-10-25 19:03:40
4cba0b5c-360f-4136-a670-2ee5a1cae782,33082bf1-cbc9-485c-b9b8-fb2a54961912,be214d84-ba6d-48da-afd7-def710cb59ac,9e481250-ab48-4e77-aeab-8be45f9233dc,100.0,2026-10-25 19:03:40
c09b732c-1706-4ccc-9412-1e9b7e3e0303,33cea350-02f3-4adf-8bf6-f76bc14ab10e,4e95d309-6bb9-4d44-aa9b-da3fb7cedf74,9e481250-ab48-4e77-aeab-8be45f9233dc,58.85,2026-07-24 14:09:36
328261d8-e669-4703-afec-9cdff4d2cb37,33cea350-02f3-4adf-8bf6-f76bc14ab10e,3dcaf865-0d99-431c-93a0-2b5fabfbed8c,3d5d41c8-14bf-49cd-91e6-aa9a36bea6bb,452.93,2026-09-01 01:09:36
f4203942-04cd-4182-9b68-6d2d8c717f29,33cea350-02f3-4adf-8bf6-f76bc14ab10e,804f386b-7f3f-4326-a72e-fc3355a3c6fc,5bf2e261-70cd-47b2-a184-b0f75481fdd5,200.0,2026-11-27 15:09:36
d2a743b6-6ec8-4dc2-9f32-03bb0f55ed7b,3441e299-ecd4-4e41-bbfc-d7210af2a0e2,8467da3f-4e25-4846-86db-531885178bbe,90a3d74e-7d45-49c8-8c87-526c528afc9d,500.0,2026-09-17 08:45:51
2722eb82-065d-4df7-a556-df6ffb7d6560,349a5c2d-bb73-484f-b845-c096e1cfc701,06b305f4-37e9-427e-812c-20d3f4adedcf,90a3d74e-7d45-49c8-8c87-526c528afc9d,500.0,2026-04-14 01:28:00
aef70d93-e111-4e76-8259-981364977e49,349a5c2d-bb73-484f-b845-c096e1cfc701,da760087-9eab-48e2-a887-c923b554c969,3970ec98-085d-4cff-ace2-b47ad81d5d9a,129.78,2026-05-27 08:28:00
ad39ef8e-1d30-43cc-9c86-f5a40dbaca98,349a5c2d-bb73-484f-b845-c096e1cfc701,82ddf514-f5c7-42e5-a582-f349f94596cc,de4ebad1-a920-4ecb-a6c7-3099945ea4e5,300.0,2026-07-09 14:28:00
2d371784-fd60-49a8-a896-14998d1e41a7,35425507-710f-4cc5-9ef9-886c8cc7a12f,1b9e9476-2b73-4e06-8917-8af6bae94263,90a3d74e-7d45-49c8-8c87-526c528afc9d,500.0,2025-11-22 01:55:44
db8a1b9d-0e3a-4717-8e2b-8fdd96b02ddf,35425507-710f-4cc5-9ef9-886c8cc7a12f,1c140cd8-54f8-462e-a20b-cf3fd8953b57,90a3d74e-7d45-49c8-8c87-526c528afc9d,500.0,2026-03-07 00:55:44
d084e832-8684-4370-8650-33837a7f50b3,355b7715-ca58-4325-b768-8163afacc03b,9474ebd6-e5ec-42fc-9ae8-27090fa40b45,90a3d74e-7d45-49c8-8c87-526c528afc9d,500.0,2026-08-26 11:32:01
672b0f52-6c62-4ac1-a10c-db6f79a16a41,355b7715-ca58-4325-b768-8163afacc03b,bb3ffa63-454a-4e81-8645-60eddfef1598,9e481250-ab48-4e77-aeab-8be45f9233dc,100.0,2026-10-04 17:32:01
a13d1018-ccc8-4e4d-aa6d-c0ce2100c918,355b7715-ca58-4325-b768-8163afacc03b,36d590ab-7652-4c92-ad69-5b7382eb41c7,3d5d41c8-14bf-49cd-91e6-aa9a36bea6bb,800.0,2026-10-13 23:32:01
1388a42d-541a-4e76-9e26-13dee8e27a8c,35911ba3-d49a-4aa4-b595-7e9fe7c408b4,fc1b22e2-90c0-4e1a-8748-c4f70ef83da3,3970ec98-085d-4cff-ace2-b47ad81d5d9a,179.95,2025-09-12 09:34:16
6a495325-4c64-4aa3-adb1-cb7aba723ebc,35911ba3-d49a-4aa4-b595-7e9fe7c408b4,144ce8eb-f39d-4f5d-988c-c5f32044b489,de4ebad1-a920-4ecb-a6c7-3099945ea4e5,130.22,2026-01-03 18:34:16
94d28be9-0034-47f6-9d86-665de0a59611,35d50af4-ed5e-428a-8736-665c60a77757,24434d9c-6bff-48f9-9370-75289c698d9f,90a3d74e-7d45-49c8-8c87-526c528afc9d,500.0,2026-01-11 20:00:33
b5d6b3fa-21e4-4330-889c-9bb4f3443a6a,35d50af4-ed5e-428a-8736-665c60a77757,8fe22897-d595-4492-8f15-0bd61c3bc8ba,9e481250-ab48-4e77-aeab-8be45f9233dc,55.01,2026-01-17 16:00:33
559b50e2-4b7d-4d4c-b118-52eec09c7fd5,3600a5e4-675d-47f2-be8b-65559bee0ee7,eaeb02a1-97f5-42b0-b38d-51137fb980fe,9e481250-ab48-4e77-aeab-8be45f9233dc,100.0,2026-01-21 17:21:31
d6972a91-38da-49f0-9daf-8e0131bb5a3d,36154eeb-9e3f-45f8-87a0-a3f3190b41aa,86f3c900-3978-4dae-bc93-8483d0659193,9e481250-ab48-4e77-aeab-8be45f9233dc,100.0,2026-04-10 12:52:55
146d0dc7-f31e-408f-b9e6-7d0114a8cc14,36154eeb-9e3f-45f8-87a0-a3f3190b41aa,056d75b8-e0bf-4ed4-b1db-641953be2bfe,3d5d41c8-14bf-49cd-91e6-aa9a36bea6bb,800.0,2026-08-28 23:52:55
2c95e22e-c158-4901-b28b-b3ec1862a7f5,362346db-0df2-4b51-ba33-fbbba292d71d,c58a9b31-bf93-4e46-aec2-400e3e4b620c,9e481250-ab48-4e77-aeab-8be45f9233dc,100.0,2026-09-21 22:00:34
e1a74d28-6bca-42e1-830e-6e0e0d7ffeb2,3644b0ff-82a8-4ae7-80f5-a6d7aa368ae8,666319f7-4e60-4e15-a1eb-f1e3a797293d,07c2e98c-db2a-4e92-8552-8a461b6d2353,600.0,2026-03-05 09:39:52
ed44fcfc-413b-4d31-a3a3-372cea5a321b,3644b0ff-82a8-4ae7-80f5-a6d7aa368ae8,666319f7-4e60-4e15-a1eb-f1e3a797293d,9e481250-ab48-4e77-aeab-8be45f9233dc,100.0,2026-03-05 09:39:52
ff9a03d7-ca15-48d9-a905-b9da92a58d85,3644b0ff-82a8-4ae7-80f5-a6d7aa368ae8,bbcbbee4-54f3-4cb2-a18b-93d3e0bcea11,90a3d74e-7d45-49c8-8c87-526c528afc9d,500.0,2026-05-25 15:39:52
092bf60b-8ffa-46a3-b4cd-120b06fe380f,3644b0ff-82a8-4ae7-80f5-a6d7aa368ae8,bbcbbee4-54f3-4cb2-a18b-93d3e0bcea11,9e481250-ab48-4e77-aeab-8be45f9233dc,100.0,2026-05-25 15:39:52
6f3cfaaf-9d52-45df-b82a-3b30b6cdd6f8,365546b7-287d-4e0f-bb65-2a1cb5ce1843,28fee65c-1de9-4751-863c-55917881872c,de4ebad1-a920-4ecb-a6c7-3099945ea4e5,170.86,2026-09-24 14:13:28
5d770bee-2b96-4c15-bcd5-b411c0d2e432,365546b7-287d-4e0f-bb65-2a1cb5ce1843,177ead75-40e6-4fc3-861b-d6d7cedfbf37,9e481250-ab48-4e77-aeab-8be45f9233dc,100.0,2026-09-30 19:13:28
22fbc447-7bf7-4a22-9b48-f926b9adb45f,365546b7-287d-4e0f-bb65-2a1cb5ce1843,52056657-68e5-4509-b791-8e49a8e947ec,5bf2e261-70cd-47b2-a184-b0f75481fdd5,200.0,2026-10-27 13:13:28
88b4e43f-63e7-4aeb-855f-ce6947e84d8e,365546b7-287d-4e0f-bb65-2a1cb5ce1843,7c1a0558-8c90-45b0-8318-ff0a2c455f81,9e481250-ab48-4e77-aeab-8be45f9233dc,100.0,2027-01-14 21:13:28
d9cb2de8-b621-426e-ad42-f4aab313626a,36562bbf-70ac-42d8-9d44-5692f231e7d2,4324f3b8-37fc-4c25-962f-cd4d4ce41135,90a3d74e-7d45-49c8-8c87-526c528afc9d,500.0,2026-07-21 06:27:22
ff0100aa-53cc-4343-8bec-8cb7a9520828,36562bbf-70ac-42d8-9d44-5692f231e7d2,4b9d34cb-b947-4b9d-b20b-08bb8a82a988,9e481250-ab48-4e77-aeab-8be45f9233dc,100.0,2026-08-20 09:27:22
5d4d28c2-fb81-4bfb-96d4-cd24ad25f26f,37103d67-071a-4947-a96c-269b70d768db,47a311f5-7480-43c9-a7dd-a5e374926c65,90a3d74e-7d45-49c8-8c87-526c528afc9d,288.15,2026-01-22 18:13:07
c8b340cb-60ca-4ea2-9f17-a93d332c564e,37103d67-071a-4947-a96c-269b70d768db,6fc7b4df-3256-4d14-a892-df0d62d0683e,07c2e98c-db2a-4e92-8552-8a461b6d2353,169.9,2026-04-30 10:13:07
0bcd11e3-b20d-415c-926e-93856c23396c,37103d67-071a-4947-a96c-269b70d768db,8387c22e-b086-482e-98b6-622c065b813a,de4ebad1-a920-4ecb-a6c7-3099945ea4e5,134.92,2026-06-19 09:13:07
7b6bbe1a-2f58-4f91-bcc4-eb343f58571f,3740e258-9797-4a75-af21-1a9746cb4509,8d8a7a8d-3d78-4ff1-a667-d97caccbb041,9e481250-ab48-4e77-aeab-8be45f9233dc,100.0,2025-12-16 01:16:08
13a42052-2958-4fd4-be38-eec73dd9e685,376553c8-6d43-4949-935d-6802281ffec0,c192e3cc-4bd1-4799-89b3-c80c1d39ca56,90a3d74e-7d45-49c8-8c87-526c528afc9d,157.35,2026-08-05 08:17:49
55a1527c-4c56-4b4e-806e-64ef3466a091,376553c8-6d43-4949-935d-6802281ffec0,eddd25a8-df4f-409d-9b8e-b0762cd17cdb,9ce660d5-a7ff-4a73-8d8d-815013fde01d,400.0,2026-08-06 23:17:49
d3db1fc1-fa60-4564-bc9d-077008b2fa50,376553c8-6d43-4949-935d-6802281ffec0,4e54d90c-6710-4c00-8140-b367bcd2ba01,3970ec98-085d-4cff-ace2-b47ad81d5d9a,156.17,2026-09-07 19:17:49
a35f8289-143a-4839-af90-f99be53b91c8,376553c8-6d43-4949-935d-6802281ffec0,70589c14-7822-4fdb-9f9b-d61e2a508d4b,5bf2e261-70cd-47b2-a184-b0f75481fdd5,200.0,2026-09-15 06:17:49
01f09300-0b11-480f-ad2b-f5dd22610e60,37a8dae5-dab5-4874-bd45-a7906f1640c3,83af4491-c12e-4651-a3c3-1814e979691b,90a3d74e-7d45-49c8-8c87-526c528afc9d,500.0,2026-02-28 14:44:43
734158e7-5b6f-4457-8d5a-cd49c9056ef0,37da2c51-e403-4c98-81d7-c8bd7ea4e583,bdd7ea46-e6b5-480c-bf9b-aa90865f5b5f,9e481250-ab48-4e77-aeab-8be45f9233dc,100.0,2026-05-09 03:02:28
08c499b8-6849-4ae2-a6ff-cbcf2ad93bbe,37da2c51-e403-4c98-81d7-c8bd7ea4e583,dc5583cf-bf22-49d4-b9c4-32e15da301e4,07c2e98c-db2a-4e92-8552-8a461b6d2353,600.0,2026-07-18 11:02:28
595a3b37-b3f0-439e-80d4-9100eaeb5fa7,3826f58f-a5fc-4dff-97b0-1725bf3869f4,917928d0-7419-43cb-8e57-cb8b1db9bcdf,24d8fa0e-5d24-4f3e-bf35-b7cea1b09e56,150.0,2025-12-05 14:12:18
e0a6af0e-4932-46a8-83d3-32809c05bd15,3826f58f-a5fc-4dff-97b0-1725bf3869f4,466f6969-e944-475c-a7ff-e73b5a3ee7a1,3d5d41c8-14bf-49cd-91e6-aa9a36bea6bb,800.0,2026-04-23 14:12:18
cb3e194c-ea4d-4f68-9dd7-caa30179166b,3826f58f-a5fc-4dff-97b0-1725bf3869f4,83595ae1-4def-4cd3-9699-174867ab3473,9ce660d5-a7ff-4a73-8d8d-815013fde01d,400.0,2026-05-07 01:12:18
35e3d185-960a-4639-87c2-537e42638625,3826f58f-a5fc-4dff-97b0-1725bf3869f4,bfa11747-c1de-4482-8506-a6c979f2c117,9ce660d5-a7ff-4a73-8d8d-815013fde01d,400.0,2026-05-27 05:12:18
37661004-b0ce-459b-b8cc-ea4444ee52aa,3851f228-d18e-4ca5-a5ea-bd0aa61f2372,106ea82a-e399-4182-9180-cf098df101b8,90a3d74e-7d45-49c8-8c87-526c528afc9d,256.51,2026-08-05 18:48:04
5c3f8415-fb5f-42c1-8d15-6c0f65cb7007,3851f228-d18e-4ca5-a5ea-bd0aa61f2372,0073cc25-7e27-4595-8074-e4a1575e3616,24d8fa0e-5d24-4f3e-bf35-b7cea1b09e56,150.0,2027-01-20 01:48:04
8de74fde-45fb-4639-b726-eb92195dc8b3,38c76db9-188e-4dc6-87ff-0e1c3159324e,3db10f1c-5481-470e-995f-b7ec2453d531,90a3d74e-7d45-49c8-8c87-526c528afc9d,500.0,2025-12-19 10:46:31
47c5d0f3-2645-45bb-bb28-cc179d81fbf0,38c76db9-188e-4dc6-87ff-0e1c3159324e,3db10f1c-5481-470e-995f-b7ec2453d531,9e481250-ab48-4e77-aeab-8be45f9233dc,100.0,2025-12-19 10:46:31
d4ddc9c6-5939-40ae-bfa5-dbc6d7b314b0,3910774a-3076-4f02-a72f-3ed41e06c2e0,5c9df72d-f11a-49ea-ad8a-1cfcfae43843,90a3d74e-7d45-49c8-8c87-526c528afc9d,500.0,2026-08-03 07:44:50
2ff8f777-f7d2-4f30-ba71-832619cad6ec,3910774a-3076-4f02-a72f-3ed41e06c2e0,5c9df72d-f11a-49ea-ad8a-1cfcfae43843,9e481250-ab48-4e77-aeab-8be45f9233dc,100.0,2026-08-03 07:44:50
02dbbd1d-25f5-4504-b2b2-0f17d5d292fd,39966dfa-3395-4135-8eb9-7e140641a0e8,5fbb1da4-db1f-4628-8e66-09e22cf99f9d,9e481250-ab48-4e77-aeab-8be45f9233dc,100.0,2026-02-17 01:04:54
02c31808-fd9c-4988-8452-6f7cf82f9198,399f4c0e-8d42-4a62-8e87-56e48b80a25d,0931c96b-048b-4d21-b8b8-86de5bb214c5,90a3d74e-7d45-49c8-8c87-526c528afc9d,500.0,2026-01-02 03:54:41
fb7a6149-53a2-49dd-a159-dc25111dafce,399f4c0e-8d42-4a62-8e87-56e48b80a25d,89e61308-e810-41f7-ad5c-b230d121cdfa,de4ebad1-a920-4ecb-a6c7-3099945ea4e5,300.0,2026-02-25 23:54:41
e5f34a3f-5fbb-48f2-b9e5-080bfc3efcc5,39acf534-01fe-49a2-a6e1-a6d0dd98ec93,8021cc88-a31f-4ffe-a5fd-71a915c25f15,90a3d74e-7d45-49c8-8c87-526c528afc9d,500.0,2026-12-03 17:53:32
638722e4-19d1-4b0a-8c6b-1af347369279,3a27edc7-3ffd-4592-98c7-32bc2dd25666,430648be-4c3a-47ca-9574-0a1da655ccb9,90a3d74e-7d45-49c8-8c87-526c528afc9d,459.57,2026-03-24 21:14:24
2c54dc28-1b12-4192-9ecc-68b1be513eb4,3a27edc7-3ffd-4592-98c7-32bc2dd25666,d68a1058-908b-45b1-933d-b712067361bd,9e481250-ab48-4e77-aeab-8be45f9233dc,100.0,2026-04-06 04:14:24
7509ca89-ca41-447d-a793-e0635a54eebb,3a27edc7-3ffd-4592-98c7-32bc2dd25666,118f2b00-09f0-4ebe-80d3-582c95b36852,9e481250-ab48-4e77-aeab-8be45f9233dc,63.21,2026-09-09 09:14:24
9f3e60e8-fc89-49f9-af81-3b46c5e96971,3a5962c7-5952-4a8b-9d2b-7b7639e163ae,e19d58a5-eefb-4c4b-b939-a0e4b1f78f78,90a3d74e-7d45-49c8-8c87-526c528afc9d,500.0,2026-04-15 10:41:46
324808c3-de4a-4d89-a6b3-4197fbdeb5e6,3a5962c7-5952-4a8b-9d2b-7b7639e163ae,2e8d78ef-16f4-4fd7-b94e-747f3979db71,07c2e98c-db2a-4e92-8552-8a461b6d2353,600.0,2026-05-27 09:41:46
b1865374-55ad-42ff-99d1-56fd7a4e4521,3a5962c7-5952-4a8b-9d2b-7b7639e163ae,3d4f7d8d-89c0-4279-a546-c2767edd398b,1ebcef21-86e5-4387-9edf-681ad1950c1a,300.0,2026-06-13 16:41:46
5bcc797a-ae80-4fe7-82ed-4433de341d9e,3a5962c7-5952-4a8b-9d2b-7b7639e163ae,bda6820c-3914-44e8-81d3-09986bd0175b,07c2e98c-db2a-4e92-8552-8a461b6d2353,600.0,2026-09-01 04:41:46
d0971f5e-2669-4bde-9673-34cc7e5b001b,3a625918-6a26-47f6-8b7d-0bd7e9d1709a,ac101b21-4b3b-4a31-81ea-987289b257bb,90a3d74e-7d45-49c8-8c87-526c528afc9d,444.14,2026-01-26 20:18:51
59760f37-981d-479e-85b0-a4f9a7354e6f,3a625918-6a26-47f6-8b7d-0bd7e9d1709a,47fda64d-e2df-40c2-96e4-7814fe4068b6,3d5d41c8-14bf-49cd-91e6-aa9a36bea6bb,493.38,2026-02-02 07:18:51
69e0c924-1d2a-46ab-b301-a936a3dca8fd,3a625918-6a26-47f6-8b7d-0bd7e9d1709a,f4e6e4bc-b5ff-4e7d-a519-475c6279759e,3d5d41c8-14bf-49cd-91e6-aa9a36bea6bb,800.0,2026-06-06 12:18:51
0f1f6064-cb41-42cc-ae19-56d7500df9dd,3a795bb5-fda1-4ccc-8105-ff5e1814adc8,73e17d35-bcc7-41a5-a012-80c64640527b,90a3d74e-7d45-49c8-8c87-526c528afc9d,207.03,2026-03-23 05:19:32
172b54c6-79c1-4b1f-9f57-ffd849f39a33,3a90c8a0-cbef-42fa-b820-1933f8d25947,c3e95bcb-dbbb-47d1-9a76-8b865154da8a,90a3d74e-7d45-49c8-8c87-526c528afc9d,500.0,2025-12-13 03:21:57
22514d08-811d-451e-9597-b92e29392fef,3a90c8a0-cbef-42fa-b820-1933f8d25947,8378a1c2-c03c-4fb3-b1f1-0b9ae68ef872,90a3d74e-7d45-49c8-8c87-526c528afc9d,500.0,2026-01-13 18:21:57
ed906ef2-e536-4af4-bbc7-d91c9ed8239c,3a90c8a0-cbef-42fa-b820-1933f8d25947,7551e4b5-add4-4660-b65f-557ea201894b,9e481250-ab48-4e77-aeab-8be45f9233dc,100.0,2026-01-20 11:21:57
5e9a16a5-154b-43aa-972c-19702825d7df,3a90c8a0-cbef-42fa-b820-1933f8d25947,cce843a5-a8c4-4462-83ba-66716c5f0a5c,9e481250-ab48-4e77-aeab-8be45f9233dc,100.0,2026-04-24 22:21:57
4fca8038-9abd-44f2-bdca-33e632a7d023,3a919c6e-159e-4fd6-ab9b-1011c7773f9a,e79d1b3a-8547-4c88-bc86-56f886a377dd,90a3d74e-7d45-49c8-8c87-526c528afc9d,500.0,2025-12-10 00:09:56
358edb92-2162-432a-add0-e05c3dc26434,3a919c6e-159e-4fd6-ab9b-1011c7773f9a,e79d1b3a-8547-4c88-bc86-56f886a377dd,9e481250-ab48-4e77-aeab-8be45f9233dc,100.0,2025-12-10 00:09:56
45df9dba-7e9b-460b-80f7-0dfe7a5d4171,3b2415f5-3e2c-46b7-957e-36ff2271633a,826f7537-89bc-48f4-948f-d8987a74c374,9e481250-ab48-4e77-aeab-8be45f9233dc,100.0,2026-06-17 03:10:35
92c23056-3e39-4ebf-ae2f-243c4513a511,3b808959-bf93-48fa-8cc2-1e83075a0d9a,75b4ebc4-d0d2-4ecf-871e-55fdd61ae49a,90a3d74e-7d45-49c8-8c87-526c528afc9d,214.95,2026-02-27 04:36:05
4d8137b3-5377-4545-ac09-dae562658a97,3be28e48-b3e1-4638-a58b-11627f4becc8,2282b225-2f2d-43a7-a423-7d18d6f58265,90a3d74e-7d45-49c8-8c87-526c528afc9d,334.8,2025-12-10 07:00:50
53319aad-c163-4a00-9d18-89f892f9f8e8,3be28e48-b3e1-4638-a58b-11627f4becc8,2282b225-2f2d-43a7-a423-7d18d6f58265,9e481250-ab48-4e77-aeab-8be45f9233dc,66.96,2025-12-10 07:00:50
b93f8c06-ae04-453b-bd31-41ae5523639d,3be28e48-b3e1-4638-a58b-11627f4becc8,e43b6383-0355-43a3-8716-122143f1e6e4,9e481250-ab48-4e77-aeab-8be45f9233dc,54.9,2025-12-23 04:00:50
ae89de6e-73d8-4ae5-a4be-0be6778eac57,3c3bd2d3-079d-4bd8-a14f-9c19a7e58a1f,b2f128e2-a2a6-4a99-aeae-2333fa0fcb3b,90a3d74e-7d45-49c8-8c87-526c528afc9d,500.0,2026-05-18 11:15:31
fb60ca25-648b-4a87-8070-6bdc37d46df0,3c3bd2d3-079d-4bd8-a14f-9c19a7e58a1f,0c81fcbc-2276-43ec-bd74-572de9be978d,de4ebad1-a920-4ecb-a6c7-3099945ea4e5,300.0,2026-08-09 14:15:31
0188661f-39a2-4646-9f8d-da813f74f20c,3c3bd2d3-079d-4bd8-a14f-9c19a7e58a1f,07fbb8ad-6679-49b9-b135-2a3df0d67228,3970ec98-085d-4cff-ace2-b47ad81d5d9a,737.55,2026-09-29 03:15:31
ed09b13f-b364-42d3-8caf-1553ad6d6f8a,3c3bd2d3-079d-4bd8-a14f-9c19a7e58a1f,a604de29-e646-4b6f-b624-c96ba986378a,3970ec98-085d-4cff-ace2-b47ad81d5d9a,1000.0,2026-09-29 22:15:31
efd631bd-9fa1-4a29-8973-d0be3879d055,3cff04dc-8409-42ea-baa9-4bc6f5dd310a,89056974-8d1d-4d3a-9c56-574cc8e6fd08,90a3d74e-7d45-49c8-8c87-526c528afc9d,500.0,2026-02-21 05:39:36
ab2ec041-4b8c-4ae7-8b09-0977b9c17b81,3cff04dc-8409-42ea-baa9-4bc6f5dd310a,54717189-a1a4-42f3-a237-e6bdbf85b92f,de4ebad1-a920-4ecb-a6c7-3099945ea4e5,300.0,2026-05-04 17:39:36
bc2b2931-0bd3-464d-8c67-35e4f710331f,3d1930a9-db90-435f-8ce3-e45e00bd3d9b,1040812a-c22f-4592-9207-947dd7dcee88,3d5d41c8-14bf-49cd-91e6-aa9a36bea6bb,800.0,2026-01-22 13:42:57
6b0878f5-22ce-4bc3-b4fd-c7a2078c3843,3d1930a9-db90-435f-8ce3-e45e00bd3d9b,1040812a-c22f-4592-9207-947dd7dcee88,9e481250-ab48-4e77-aeab-8be45f9233dc,100.0,2026-01-22 13:42:57
73b82f29-04b0-4aaf-bc02-504180751d4f,3d1930a9-db90-435f-8ce3-e45e00bd3d9b,b25a2428-07da-4596-8311-8ff559d672b2,9e481250-ab48-4e77-aeab-8be45f9233dc,100.0,2026-02-13 23:42:57
6be9efc3-a380-4101-9133-a8735d70e2c1,3d1930a9-db90-435f-8ce3-e45e00bd3d9b,d09a2252-3b9c-42c5-8647-b79482b53b01,3970ec98-085d-4cff-ace2-b47ad81d5d9a,1000.0,2026-03-12 06:42:57
a2dc8445-acdb-4e71-835f-0701fa28486f,3d8524b9-36c4-4254-9374-9767c5d753fb,a56068aa-c303-46de-af0c-d995da04be68,3d5d41c8-14bf-49cd-91e6-aa9a36bea6bb,686.21,2026-04-09 21:03:24
4d5b83f6-91ff-4cf7-9a81-1cdb52146b31,3d8524b9-36c4-4254-9374-9767c5d753fb,e50b9ba3-f954-4feb-afd7-765b5168e23b,3d5d41c8-14bf-49cd-91e6-aa9a36bea6bb,271.69,2026-04-18 15:03:24
12542a33-e4e0-4d53-bdca-284ea8b8f21e,3e32137d-05cd-4329-a46f-e88129cbb69f,9067bf9f-9d0b-44c7-93b7-0a66a9f7d70a,1ebcef21-86e5-4387-9edf-681ad1950c1a,300.0,2026-02-14 08:41:31
9b086868-24b0-4131-a5e1-dbead223161d,3e4d8315-3c25-40fa-8f65-067c80a4e095,e09ed40a-8856-4186-a507-441198190552,90a3d74e-7d45-49c8-8c87-526c528afc9d,321.16,2026-06-27 13:23:27
0744fd48-8362-45e8-821c-7286c51ccbc0,3e4d8315-3c25-40fa-8f65-067c80a4e095,39c30e03-ddf5-4b29-afdf-0e9f1a6d49e3,5bf2e261-70cd-47b2-a184-b0f75481fdd5,200.0,2026-08-28 08:23:27
7fb2d2cc-09f4-45ac-b987-4e83fa72a456,3e59edf2-9634-4ac7-ae68-5456bd668955,ab3c288a-9eec-44b5-ba8b-81a95bca8935,90a3d74e-7d45-49c8-8c87-526c528afc9d,500.0,2026-08-24 12:08:43
d838f770-6e2f-45dd-b5bc-b477d70422de,3e59edf2-9634-4ac7-ae68-5456bd668955,e453ff8b-b457-415e-812a-26487b00cb99,24d8fa0e-5d24-4f3e-bf35-b7cea1b09e56,150.0,2026-11-17 14:08:43
e6be4999-e6b4-42bd-94a6-4cf42a6bce90,3e59edf2-9634-4ac7-ae68-5456bd668955,e6fc2c88-cf96-4112-8aa3-7906a99a10e9,9e481250-ab48-4e77-aeab-8be45f9233dc,100.0,2026-12-09 16:08:43
4a4c0a3e-8205-4717-bdd9-e64ba8b125f2,3e942aa1-d460-48ea-9467-4d7e21f9c05e,c895ce88-bf61-446b-a371-3b92e69697f7,90a3d74e-7d45-49c8-8c87-526c528afc9d,500.0,2026-01-09 17:25:08
436546d0-447d-4a06-a422-15941d49972f,3e942aa1-d460-48ea-9467-4d7e21f9c05e,da1fa985-21f6-4308-888f-3684c7aa7bb3,9e481250-ab48-4e77-aeab-8be45f9233dc,100.0,2026-02-06 00:25:08
b7feaf0c-ff32-4c51-9372-95e3d4714646,3e942aa1-d460-48ea-9467-4d7e21f9c05e,d4bb34a0-9efc-478e-8562-bb29612cef18,9e481250-ab48-4e77-aeab-8be45f9233dc,100.0,2026-03-11 03:25:08
ef46e253-0fa6-42d6-8b14-82ba2f5d00b6,3e942aa1-d460-48ea-9467-4d7e21f9c05e,7a3d2aec-249c-4220-bccb-4a9e957698a8,24d8fa0e-5d24-4f3e-bf35-b7cea1b09e56,150.0,2026-03-11 23:25:08
15d56208-c495-4efc-9460-56b289c1d297,3e942aa1-d460-48ea-9467-4d7e21f9c05e,bb5440af-f19f-4fa2-a91a-e24b3636c112,24d8fa0e-5d24-4f3e-bf35-b7cea1b09e56,150.0,2026-04-27 23:25:08
74235467-b0c3-40d0-8589-1e6fd8815132,3e942aa1-d460-48ea-9467-4d7e21f9c05e,9b0a32d3-d501-4431-ae39-b22fbded1338,5bf2e261-70cd-47b2-a184-b0f75481fdd5,103.39,2026-05-08 12:25:08
eac63156-59d6-40be-9fd2-dc63852322ea,3ed8fb14-aa4c-4fe1-8686-47bbc672aaa9,81811dcd-7b8a-4315-86f3-89d3390460f7,90a3d74e-7d45-49c8-8c87-526c528afc9d,500.0,2026-05-21 15:18:33
9595f8c4-019f-4150-9508-63be4b02b178,3ed8fb14-aa4c-4fe1-8686-47bbc672aaa9,39a405d7-2fd9-45e6-ac2b-be835cd28c85,9e481250-ab48-4e77-aeab-8be45f9233dc,100.0,2026-07-03 18:18:33
475b407b-a66b-41e4-9173-72a182f40271,3ed8fb14-aa4c-4fe1-8686-47bbc672aaa9,0e7a0633-0889-4e1a-a48b-7bb2771fea14,de4ebad1-a920-4ecb-a6c7-3099945ea4e5,300.0,2026-10-22 14:18:33
333112bf-214b-4ced-bf88-7ccb32dbe5a6,3ef9e2e0-969d-4f26-a1cc-0bfcb767500c,46e40297-1cb6-468c-80b8-20f03d02518c,de4ebad1-a920-4ecb-a6c7-3099945ea4e5,300.0,2026-10-06 20:37:53
3df367fe-7fa0-475a-840e-d42ba7a190de,3ef9e2e0-969d-4f26-a1cc-0bfcb767500c,205615a2-d8d9-4f74-9ffc-07a16eb25cf1,24d8fa0e-5d24-4f3e-bf35-b7cea1b09e56,150.0,2026-10-20 11:37:53
16afa915-5341-4a74-905d-27c8a9619200,3ef9e2e0-969d-4f26-a1cc-0bfcb767500c,fa3945d7-fcc4-4e72-b610-62d4768032d3,de4ebad1-a920-4ecb-a6c7-3099945ea4e5,300.0,2026-11-21 20:37:53
6c8ec21f-4307-4b27-b583-0bcf63ffc84c,3f69d1f2-840a-426b-a5f7-615d8057d771,e2cacf24-89ae-485b-914e-38a639424bad,de4ebad1-a920-4ecb-a6c7-3099945ea4e5,300.0,2026-04-09 21:54:57
8453b9d3-6b5d-4510-947f-8af15f2cf3d4,3f7aad77-4e20-4e1d-9213-184135be2d9a,74778276-e96a-4ce3-b311-de38c48e133e,90a3d74e-7d45-49c8-8c87-526c528afc9d,500.0,2026-09-22 22:02:13
14f90383-faa1-429f-892c-c2b95161ec76,3f7aad77-4e20-4e1d-9213-184135be2d9a,4fa640dd-583f-4bcc-a55c-24e8e6161e3b,3970ec98-085d-4cff-ace2-b47ad81d5d9a,1000.0,2026-11-19 03:02:13
4c9c6c36-aecd-4820-a1cd-816451911203,3f7aad77-4e20-4e1d-9213-184135be2d9a,4fa640dd-583f-4bcc-a55c-24e8e6161e3b,9e481250-ab48-4e77-aeab-8be45f9233dc,100.0,2026-11-19 03:02:13
7397977b-18c1-42ed-aec4-e1630dacd93f,3f7aad77-4e20-4e1d-9213-184135be2d9a,ef71061b-7cc7-4f99-8b3a-7439adf63ca9,de4ebad1-a920-4ecb-a6c7-3099945ea4e5,300.0,2026-12-27 01:02:13
16500b99-f8af-426f-ada9-416de8a763cd,3fc61c9b-1e95-4538-8884-eb6333a32342,e4f23595-0146-4ac3-ad05-2f8aec84b698,90a3d74e-7d45-49c8-8c87-526c528afc9d,500.0,2026-10-07 18:12:53
5d0c5674-9334-4b88-9941-4bc1303d28de,3fc61c9b-1e95-4538-8884-eb6333a32342,83c1a6ad-7bc9-4042-a5d5-d1fb1463e292,07c2e98c-db2a-4e92-8552-8a461b6d2353,600.0,2027-01-10 00:12:53
61f93005-649d-4408-8103-bed253574ce0,3fc61c9b-1e95-4538-8884-eb6333a32342,83c1a6ad-7bc9-4042-a5d5-d1fb1463e292,9e481250-ab48-4e77-aeab-8be45f9233dc,100.0,2027-01-10 00:12:53
f30466ab-a59e-4517-afad-f28b2edbf472,40a0bc30-c1ee-49e6-8d9c-7249282e27da,248bf351-7c27-46da-9cd7-c286bda03411,90a3d74e-7d45-49c8-8c87-526c528afc9d,500.0,2026-01-16 01:06:17
c45e05fd-5086-423b-b039-84adc10a77c2,40a0bc30-c1ee-49e6-8d9c-7249282e27da,0d38658b-187e-4100-bb77-55b4b1374ca2,de4ebad1-a920-4ecb-a6c7-3099945ea4e5,300.0,2026-03-21 05:06:17
efae0dd8-4a97-48bd-a6b9-ea6fb953df2d,40ba762d-ad65-4a17-bcf3-bdfbe39b50d1,61780183-e8a1-443b-912b-98bc0fca59a3,90a3d74e-7d45-49c8-8c87-526c528afc9d,500.0,2026-03-30 11:14:51
d7d1e11e-ff8f-4c04-be0d-292a842e2fc0,40e5c843-a845-4f79-8b94-c87ea81efcbd,792f90b0-f09f-4dfc-a2f2-0d5dbfc7f7a1,90a3d74e-7d45-49c8-8c87-526c528afc9d,500.0,2026-02-19 05:17:33
8c3dbb7d-e4d0-4346-ae91-72c523867147,40e62498-2bf3-4528-ad24-942e1232de91,7298e009-b97e-4c33-8f4b-098d363ccc9f,90a3d74e-7d45-49c8-8c87-526c528afc9d,500.0,2026-06-27 15:04:26
4e2364c9-9a16-4401-b2ff-3be5072f16aa,40e62498-2bf3-4528-ad24-942e1232de91,1d6772ce-28f3-4320-b10d-c905b6d12677,5bf2e261-70cd-47b2-a184-b0f75481fdd5,200.0,2026-07-09 14:04:26
e111481c-add7-48af-8ac2-4091d9343c28,40e62498-2bf3-4528-ad24-942e1232de91,1d177dad-02b5-4b62-a002-ad3aa35f7812,90a3d74e-7d45-49c8-8c87-526c528afc9d,500.0,2026-10-21 23:04:26
a4083080-6adc-4ad2-87fb-8f5530a2dbf5,40e62498-2bf3-4528-ad24-942e1232de91,1d177dad-02b5-4b62-a002-ad3aa35f7812,9e481250-ab48-4e77-aeab-8be45f9233dc,100.0,2026-10-21 23:04:26
e02bfb44-3902-4ac6-94c6-0646f32fa003,40e62498-2bf3-4528-ad24-942e1232de91,1663d883-1157-4024-a394-f57c535ee72f,de4ebad1-a920-4ecb-a6c7-3099945ea4e5,300.0,2026-10-28 06:04:26
69ac1d38-0c2b-4a50-9d1b-9ce4b131a7e7,413b5896-d69c-4430-9203-bdc372599f17,5afc3fad-a6c3-46cd-a237-578161b32a13,07c2e98c-db2a-4e92-8552-8a461b6d2353,87.59,2026-04-17 07:18:14
397a1a35-6b99-4c5d-83e6-aa8400935c8e,414287c0-a2eb-4ab8-9d0f-94e1e1733f8b,fa4a41d3-f46d-4c57-8048-b0f7cd13487a,90a3d74e-7d45-49c8-8c87-526c528afc9d,71.44,2026-06-14 18:24:55
984a8442-54ad-4563-af52-161f576c40f8,414287c0-a2eb-4ab8-9d0f-94e1e1733f8b,7f96f2d3-68dc-4815-a476-d341c23ceea2,07c2e98c-db2a-4e92-8552-8a461b6d2353,600.0,2026-07-20 14:24:55
746d9f99-5b4e-412e-ad3d-3160a3024d6a,41ae6a72-2a5e-477e-bb27-648f564a1d52,ba5b46b2-45dc-415a-9113-430764a6384d,90a3d74e-7d45-49c8-8c87-526c528afc9d,500.0,2026-05-06 13:46:13
7db75d8c-bc50-4a7b-af6d-8af43acd22aa,41ae6a72-2a5e-477e-bb27-648f564a1d52,ba5b46b2-45dc-415a-9113-430764a6384d,9e481250-ab48-4e77-aeab-8be45f9233dc,100.0,2026-05-06 13:46:13
64ff4957-b3cd-4251-a68b-6bd4232cc20d,4236ff51-c78b-4446-99b5-ffa0df8dd79a,72a9597d-e938-4d50-a71f-5aa4e2e195ba,9e481250-ab48-4e77-aeab-8be45f9233dc,100.0,2026-05-09 20:42:16
7d5887a1-a06d-44ce-a468-34452cd1e705,423cfb0d-fe98-4e08-af90-caca234b4bad,b6404907-60c1-4ac3-a1c4-79454d5163b2,5bf2e261-70cd-47b2-a184-b0f75481fdd5,200.0,2026-06-25 04:59:11
5c89f07e-5fab-4ccd-a5a8-4fddc342680f,423cfb0d-fe98-4e08-af90-caca234b4bad,05763175-2151-4676-b869-0f21a32b4c2a,9e481250-ab48-4e77-aeab-8be45f9233dc,100.0,2026-08-29 06:59:11
87b3fedb-7be6-4843-bedb-b9e5ff61191e,423cfb0d-fe98-4e08-af90-caca234b4bad,cf11a2c8-91b7-4f6a-9f4c-4526c7525953,9e481250-ab48-4e77-aeab-8be45f9233dc,100.0,2026-10-09 22:59:11
995c643d-2624-47c6-b150-92b6749576c0,42a9498d-51e7-4787-8406-2eb17d1e66f9,c8c39b80-c7a6-4ea1-99e6-3358b9b27e75,90a3d74e-7d45-49c8-8c87-526c528afc9d,500.0,2026-08-28 18:08:14
b2a06993-9e09-4958-a0c9-e22b3e519bdf,42b30d1b-d44f-40f2-8672-229291daf96c,16df0ab5-85f1-459f-a796-72f109f399e2,90a3d74e-7d45-49c8-8c87-526c528afc9d,500.0,2025-09-08 10:47:33
eaf270bf-8b62-40bd-bd2c-b088b97a35d1,42b30d1b-d44f-40f2-8672-229291daf96c,fbc7d5c8-0844-40dd-9fd9-8e46793b1330,24d8fa0e-5d24-4f3e-bf35-b7cea1b09e56,150.0,2026-02-24 11:47:33
80686c6d-5326-4162-be6a-9bc0c0a6fea5,44141aa9-124d-4312-bf14-77bd8dec1bb7,703dbfa2-0913-449b-a084-90ff7ec9c0a4,90a3d74e-7d45-49c8-8c87-526c528afc9d,500.0,2026-05-30 13:51:06
c2795550-b28c-451b-be27-5c6621a6d93a,44141aa9-124d-4312-bf14-77bd8dec1bb7,703dbfa2-0913-449b-a084-90ff7ec9c0a4,9e481250-ab48-4e77-aeab-8be45f9233dc,100.0,2026-05-30 13:51:06
b22571ed-98ba-4802-b784-effd84292bb2,4416a647-761c-4649-8073-5a2ec925bad9,b75fc17d-0da7-4d0d-9f81-c5da9a846929,90a3d74e-7d45-49c8-8c87-526c528afc9d,500.0,2025-09-23 15:39:12
ed332686-ea3a-4476-a2c4-322a57830c1b,446304f3-f1c6-47de-8097-f1d8ffa299e4,67cec7eb-95c3-4773-9690-a4fc4d84cfa3,90a3d74e-7d45-49c8-8c87-526c528afc9d,500.0,2026-09-08 14:24:52
af8eb243-a8e4-42a4-8e6e-eb59719455f9,446304f3-f1c6-47de-8097-f1d8ffa299e4,a0d9ee55-e07c-4890-9b15-2d78226649fc,3970ec98-085d-4cff-ace2-b47ad81d5d9a,689.53,2026-10-01 10:24:52
166c1ae1-e10c-478d-ad7d-410d8e8c7e6a,446304f3-f1c6-47de-8097-f1d8ffa299e4,a0d9ee55-e07c-4890-9b15-2d78226649fc,9e481250-ab48-4e77-aeab-8be45f9233dc,100.0,2026-10-01 10:24:52
6752529d-9f09-447e-a3c0-bf5072b9a032,446304f3-f1c6-47de-8097-f1d8ffa299e4,6fa7f0dd-f5e5-4a90-832a-45ba5dbbbdf0,9e481250-ab48-4e77-aeab-8be45f9233dc,43.59,2026-10-02 05:24:52
c81ee978-033b-4f64-ae48-1d56fd27919c,446304f3-f1c6-47de-8097-f1d8ffa299e4,da8e3590-5cfd-4bef-b88d-8821393ec860,24d8fa0e-5d24-4f3e-bf35-b7cea1b09e56,150.0,2026-10-28 10:24:52
27ff8d7c-ee35-44fc-95d5-091fc5144ef1,44982fc8-634e-4f7c-b583-b2ba0ba4eced,2f39b348-77ba-4b3a-9f53-9f4219c14213,90a3d74e-7d45-49c8-8c87-526c528afc9d,500.0,2026-10-31 11:00:54
7beb454e-6212-4603-b37b-6af3a335cc61,44982fc8-634e-4f7c-b583-b2ba0ba4eced,df31e855-876b-4c25-9a1d-a44a6380889c,9e481250-ab48-4e77-aeab-8be45f9233dc,100.0,2026-11-18 01:00:54
72d79b54-12eb-4e0a-92ac-e60c424073b9,44982fc8-634e-4f7c-b583-b2ba0ba4eced,2185d99c-435d-4c82-a8a3-d4096aeecd57,24d8fa0e-5d24-4f3e-bf35-b7cea1b09e56,150.0,2027-02-19 09:00:54
cf521eea-2a51-4e6f-9841-670a5f626b73,449dbd0f-0c84-4f02-aaa8-9f66282f2c37,1e2d485b-f7dc-477c-a887-e07c828229cb,de4ebad1-a920-4ecb-a6c7-3099945ea4e5,291.12,2026-10-27 14:25:01
e938f90d-a0af-45b4-882e-552d249327dc,44ab63cd-7ea0-4e19-aa3b-902cf2b6227b,77ad8634-9e76-425e-bbc1-ca185fcb1a0c,90a3d74e-7d45-49c8-8c87-526c528afc9d,500.0,2026-06-24 12:57:33
ff737e60-49dd-49f2-9bbd-353ad6e894d1,44ab63cd-7ea0-4e19-aa3b-902cf2b6227b,77ad8634-9e76-425e-bbc1-ca185fcb1a0c,9e481250-ab48-4e77-aeab-8be45f9233dc,100.0,2026-06-24 12:57:33
b01c2f89-a955-435c-8ef3-cc85a00f44ad,4530eed9-3568-4d39-9a10-5bc382258bb3,65edd802-916b-49ce-ae2c-56fc807711d0,9e481250-ab48-4e77-aeab-8be45f9233dc,72.17,2026-08-06 19:39:15
6ce07f19-c171-4805-b8f0-a74a192050ae,4544eb4f-4e62-4209-8222-424b237af573,521aec2d-5527-44f6-b5ea-a8e75440a677,90a3d74e-7d45-49c8-8c87-526c528afc9d,500.0,2025-12-22 18:56:27
bcbfcfab-9b1d-4b9a-82e9-a631266cbcc3,4544eb4f-4e62-4209-8222-424b237af573,d81aa61e-b51d-4720-8b7e-e6c896d59346,3d5d41c8-14bf-49cd-91e6-aa9a36bea6bb,217.25,2026-02-24 09:56:27
b5f1c6cb-282e-49a6-9115-5191ba044e5b,4549ab75-7641-4173-8b3a-40f2232a45ec,32a7a34e-d29c-42f1-a9c1-6b2d83746cc6,90a3d74e-7d45-49c8-8c87-526c528afc9d,500.0,2026-04-02 19:08:22
da0d9cd7-76dd-4b16-8a58-cd3706e51292,4549ab75-7641-4173-8b3a-40f2232a45ec,6e933a39-f3ce-4506-b394-5aabf9936aa8,9e481250-ab48-4e77-aeab-8be45f9233dc,100.0,2026-05-23 20:08:22
c949a5ef-1b23-4e6f-8caa-93aea363d424,466b804b-55d8-4b70-939f-f467fae5746e,2541d20e-ae02-4fab-ba79-2e3a91293b9b,9e481250-ab48-4e77-aeab-8be45f9233dc,100.0,2026-08-20 20:46:01
dfedc8d3-1b06-4f64-8c5b-5a2e21a28ef6,46841bda-866a-4895-adfe-8528ce9c7bd7,52bd99bf-43de-4e15-8c10-2d1a76f53cb6,9e481250-ab48-4e77-aeab-8be45f9233dc,100.0,2025-10-14 23:12:16
53bc82cb-523e-4ce7-a120-846d02362110,46841bda-866a-4895-adfe-8528ce9c7bd7,7ff634e6-35b1-48d7-9fae-028a41c2f3fe,9e481250-ab48-4e77-aeab-8be45f9233dc,100.0,2026-01-13 08:12:16
6f7d68a6-85b3-4f7d-880f-53122058e89a,46841bda-866a-4895-adfe-8528ce9c7bd7,414e1ba7-d47e-413e-b752-a14b25625895,de4ebad1-a920-4ecb-a6c7-3099945ea4e5,300.0,2026-02-19 11:12:16
4c5b62d5-dec5-4102-8574-dd824d6bdfbb,46841bda-866a-4895-adfe-8528ce9c7bd7,e0967718-8a48-4c6d-bcde-8d223c4d9272,1ebcef21-86e5-4387-9edf-681ad1950c1a,300.0,2026-03-13 20:12:16
f83a6a2c-0600-47b8-b9a5-6f682128d6e4,46841bda-866a-4895-adfe-8528ce9c7bd7,e0967718-8a48-4c6d-bcde-8d223c4d9272,9e481250-ab48-4e77-aeab-8be45f9233dc,100.0,2026-03-13 20:12:16
26670a51-c7d6-4c87-82cf-a55949a8f4a5,46841bda-866a-4895-adfe-8528ce9c7bd7,09aac5ab-e05b-491d-8da8-8051ee7a4aed,3d5d41c8-14bf-49cd-91e6-aa9a36bea6bb,800.0,2026-03-16 12:12:16
83faa0af-1202-4c95-8bd0-02130b0fd5c4,46841bda-866a-4895-adfe-8528ce9c7bd7,09aac5ab-e05b-491d-8da8-8051ee7a4aed,9e481250-ab48-4e77-aeab-8be45f9233dc,100.0,2026-03-16 12:12:16
36cf906a-26a6-4410-beaf-6ebbdd2d2541,46841bda-866a-4895-adfe-8528ce9c7bd7,8c29cbbc-c051-4692-9f67-5f7325b87aa4,9ce660d5-a7ff-4a73-8d8d-815013fde01d,400.0,2026-03-16 17:12:16
5a6b0995-24ba-4768-8ec4-49d5fe710d24,46841bda-866a-4895-adfe-8528ce9c7bd7,8c29cbbc-c051-4692-9f67-5f7325b87aa4,9e481250-ab48-4e77-aeab-8be45f9233dc,100.0,2026-03-16 17:12:16
9f907dfa-80d6-4716-a967-2bb5138383ef,46c9fb8c-5350-465e-9232-9d06a075ef19,97d5b1aa-5d03-4e04-a78c-ff6f7552f1cf,90a3d74e-7d45-49c8-8c87-526c528afc9d,500.0,2026-06-19 10:49:20
44e75b01-fe64-4e23-9acc-94eab3d636ac,46c9fb8c-5350-465e-9232-9d06a075ef19,97d5b1aa-5d03-4e04-a78c-ff6f7552f1cf,9e481250-ab48-4e77-aeab-8be45f9233dc,100.0,2026-06-19 10:49:20
3989d3b1-87ce-4de4-a65f-62a700c992d9,46c9fb8c-5350-465e-9232-9d06a075ef19,069d4dec-6bd0-46fe-8ae5-ec339cf285df,de4ebad1-a920-4ecb-a6c7-3099945ea4e5,300.0,2026-08-07 00:49:20
49b8e3fa-2d03-4d9c-a070-7163571fa4e2,46c9fb8c-5350-465e-9232-9d06a075ef19,2ae0056d-690c-42bf-a43e-c85dbb98628e,3970ec98-085d-4cff-ace2-b47ad81d5d9a,695.71,2026-08-25 02:49:20
e424a5bc-fd11-40e7-aeb0-ada9b2c30dbf,46c9fb8c-5350-465e-9232-9d06a075ef19,2ae0056d-690c-42bf-a43e-c85dbb98628e,9e481250-ab48-4e77-aeab-8be45f9233dc,100.0,2026-08-25 02:49:20
2cfa96fa-7918-410d-ae61-3baf91fa1845,46c9fb8c-5350-465e-9232-9d06a075ef19,72f61acc-3b87-44f6-82a7-e15e3aedb274,3d5d41c8-14bf-49cd-91e6-aa9a36bea6bb,800.0,2026-08-26 05:49:20
d564026f-f899-4c84-a8a9-0ada31acd4a3,46c9fb8c-5350-465e-9232-9d06a075ef19,5c04596b-a57f-43d6-88f4-46f3b64385c3,3970ec98-085d-4cff-ace2-b47ad81d5d9a,1000.0,2026-10-12 16:49:20
80755396-7a9f-455a-93c3-5517cdcb3d6b,46c9fb8c-5350-465e-9232-9d06a075ef19,76d4f700-74ab-4a53-88b4-b7b05dbff9e0,24d8fa0e-5d24-4f3e-bf35-b7cea1b09e56,150.0,2026-10-24 00:49:20
87c9fe81-1453-4531-ba40-dabb85c51fdc,46c9fb8c-5350-465e-9232-9d06a075ef19,76d4f700-74ab-4a53-88b4-b7b05dbff9e0,9e481250-ab48-4e77-aeab-8be45f9233dc,100.0,2026-10-24 00:49:20
aca78412-1ffe-43ef-a069-729f4cd983d7,46c9fb8c-5350-465e-9232-9d06a075ef19,969f6184-8c27-45cd-85b5-07e7e2c8e427,07c2e98c-db2a-4e92-8552-8a461b6d2353,596.97,2026-11-04 16:49:20
f3635558-a476-4867-9e90-6cd2d7aa2d7d,46c9fb8c-5350-465e-9232-9d06a075ef19,0459adf6-5bd7-40ac-b66e-e707a6272086,de4ebad1-a920-4ecb-a6c7-3099945ea4e5,253.52,2026-11-08 10:49:20
cea64b16-83de-4464-bc33-1f9d327f0341,46c9fb8c-5350-465e-9232-9d06a075ef19,0459adf6-5bd7-40ac-b66e-e707a6272086,9e481250-ab48-4e77-aeab-8be45f9233dc,100.0,2026-11-08 10:49:20
c8d9833a-06f1-47d5-bf82-88758bce2ffb,46d8a29c-d1da-4dff-9164-9110e82bd2e9,85bc012f-1415-4f5b-a3b1-069cb39245e7,90a3d74e-7d45-49c8-8c87-526c528afc9d,500.0,2026-06-08 10:54:25
be1bec02-3680-459b-ac47-e4eecd001a37,46d8a29c-d1da-4dff-9164-9110e82bd2e9,85bc012f-1415-4f5b-a3b1-069cb39245e7,9e481250-ab48-4e77-aeab-8be45f9233dc,100.0,2026-06-08 10:54:25
28aed8eb-6883-42f7-9a8d-4e9e199580b7,46d8a29c-d1da-4dff-9164-9110e82bd2e9,1c5c7be2-2783-4279-a872-069a2884d140,3970ec98-085d-4cff-ace2-b47ad81d5d9a,1000.0,2026-07-22 00:54:25
765a5a77-ddd7-4f2a-a2e5-78477f09d30f,46e038a2-bd34-428a-aeff-19744d5d833b,00990870-2e3b-4ed4-8b23-4ce305fe582c,07c2e98c-db2a-4e92-8552-8a461b6d2353,539.15,2026-04-12 08:31:03
329b2a1d-5108-46c3-a65d-d1e5a958632c,46e038a2-bd34-428a-aeff-19744d5d833b,d7356acd-1321-4107-b421-42e09624fd04,9e481250-ab48-4e77-aeab-8be45f9233dc,100.0,2026-06-08 06:31:03
99f0f82d-1519-4791-bd90-907c5a082e7d,46e038a2-bd34-428a-aeff-19744d5d833b,47560f17-2ee3-41b3-acfc-1852a7c700d2,9e481250-ab48-4e77-aeab-8be45f9233dc,100.0,2026-06-19 15:31:03
42fd3e6b-7ff6-4168-9bd5-69260becdacb,46e038a2-bd34-428a-aeff-19744d5d833b,7fd533e6-64fd-4407-a8f3-80f7f615fd31,9e481250-ab48-4e77-aeab-8be45f9233dc,100.0,2026-07-23 06:31:03
2eb3ce17-76b9-498e-8cf6-ce164a6a8930,46e038a2-bd34-428a-aeff-19744d5d833b,ac2f5383-dd03-4f82-b274-967278c2177b,9e481250-ab48-4e77-aeab-8be45f9233dc,100.0,2026-08-10 21:31:03
e0870615-5a0b-450e-86c0-e030d7cf8441,470ce5b7-92af-4b93-ba95-29d71f5b3741,8f873225-de31-4bc7-8e5f-25d2f19e6a0c,90a3d74e-7d45-49c8-8c87-526c528afc9d,500.0,2026-04-23 11:22:37
0a6de70a-a70d-4a84-978a-7a4a53f3c365,471ae19f-ca69-491f-a21b-01df1a03ee90,303fe686-61d6-4fe3-a565-71d1ffb96386,90a3d74e-7d45-49c8-8c87-526c528afc9d,500.0,2026-10-31 07:12:56
4383b4e7-cc05-47f0-b523-fe27c79ce5ee,47a32687-b771-49b9-9461-4ef14fba674d,7984e509-05b3-41df-8ac3-921975d73378,90a3d74e-7d45-49c8-8c87-526c528afc9d,500.0,2026-09-02 20:29:10
c93cce41-fe10-4721-b2e9-e3242d774f38,47a32687-b771-49b9-9461-4ef14fba674d,c42e541c-d810-4a87-8453-1ef8e8967157,3d5d41c8-14bf-49cd-91e6-aa9a36bea6bb,294.85,2027-01-04 03:29:10
4b4aebaa-4ddf-440c-9e8f-1dcad0d88c4b,47b724ed-d9e2-4392-bcd1-6142f3f663c9,7c81f845-a7db-41fe-ac0d-493d86c48401,9e481250-ab48-4e77-aeab-8be45f9233dc,100.0,2026-04-06 18:36:16
a2c27ed7-ddbb-4cd4-a070-4f00ffac4384,4893af6b-cecb-4d04-9bc6-214f1e28395f,b1cf769c-af86-4d21-9707-089b6e27760b,90a3d74e-7d45-49c8-8c87-526c528afc9d,500.0,2026-07-26 16:37:59
3fe8d6a8-f89d-4072-adf8-6081d14e1fc6,4893af6b-cecb-4d04-9bc6-214f1e28395f,d61a8c65-3ca3-43dc-b400-4caad1b35914,9e481250-ab48-4e77-aeab-8be45f9233dc,100.0,2026-10-21 08:37:59
970edd16-2be7-4d7f-b657-c5e25edfa54e,4893af6b-cecb-4d04-9bc6-214f1e28395f,9f95d7f1-62f6-4e43-b97d-ad0872945859,1ebcef21-86e5-4387-9edf-681ad1950c1a,300.0,2026-12-20 15:37:59
1102cc79-fef6-4e0b-9204-72514ba0478d,489ab4c1-8356-41ce-81c4-0a60784f381b,4e8f16d0-8f2f-4c4a-be5f-c1d44356b4b5,90a3d74e-7d45-49c8-8c87-526c528afc9d,360.96,2026-04-12 14:26:41
5fc80912-61dd-4dcc-8501-bdfa26ac0625,489ab4c1-8356-41ce-81c4-0a60784f381b,5ceb30d6-6208-4bd4-bae2-555c439aba76,9e481250-ab48-4e77-aeab-8be45f9233dc,68.72,2026-07-01 09:26:41
2ec0b55c-f8bd-4356-ac4d-4ba6a3801b20,4925189e-0f59-4e80-8e77-552689b77e6b,f2b256c2-3598-4861-802e-34222d69cb49,1ebcef21-86e5-4387-9edf-681ad1950c1a,300.0,2026-04-15 18:19:23
87f3585a-d3a9-4ff2-8b4c-90cc42804a76,4925189e-0f59-4e80-8e77-552689b77e6b,0c3bca98-6655-4749-b902-dd55f37585fb,1ebcef21-86e5-4387-9edf-681ad1950c1a,300.0,2026-08-06 08:19:23
211897d6-2d71-4c92-bf1e-9a28c7c6c3d8,4925189e-0f59-4e80-8e77-552689b77e6b,0c3bca98-6655-4749-b902-dd55f37585fb,9e481250-ab48-4e77-aeab-8be45f9233dc,100.0,2026-08-06 08:19:23
b1670479-1518-4ddc-bf83-f109f1e6bc36,4a0edb97-e48b-4e0d-94b1-f561ef16f9c0,836a34a1-e674-4381-b633-e615387d7ca0,9e481250-ab48-4e77-aeab-8be45f9233dc,100.0,2026-05-03 04:02:05
9d56230f-a522-4ccd-9ad3-5bbe188e2496,4a8d3e86-6823-4337-aa4e-cca025639341,b1576ef1-d541-4db0-bbac-0197af722a8d,90a3d74e-7d45-49c8-8c87-526c528afc9d,500.0,2026-05-30 21:48:22
ab8ce52d-4ca2-4f21-8b8a-7e8e24db2ff1,4aa9958c-78b9-4ffa-b61e-4f11b9f7fd88,db915e59-d06d-4471-b5f8-a26e52c05e1e,9e481250-ab48-4e77-aeab-8be45f9233dc,100.0,2026-04-04 00:46:01
270e4e8d-19dc-47c1-802f-82d5093b6e2f,4aad059e-a968-465c-a5c6-408f1a35b4b9,0969d32a-ce3f-4e63-80f2-d0feae074b7c,90a3d74e-7d45-49c8-8c87-526c528afc9d,500.0,2026-12-01 03:24:31
dc94b215-a502-45c0-b4ae-1e83b0bf52d4,4aad059e-a968-465c-a5c6-408f1a35b4b9,0969d32a-ce3f-4e63-80f2-d0feae074b7c,9e481250-ab48-4e77-aeab-8be45f9233dc,100.0,2026-12-01 03:24:31
f7fd45aa-a378-472d-8db9-b867816ba07d,4aad059e-a968-465c-a5c6-408f1a35b4b9,a7dcb899-3c81-4515-99f9-4af11ec8ebc3,9e481250-ab48-4e77-aeab-8be45f9233dc,100.0,2027-01-14 15:24:31
b7e6cc1e-59e1-4a0a-85cb-0f68ad2074d3,4b133ed4-b84d-40a6-8ffb-2cfda97e6de5,b4e30d22-bdd7-483e-b5cd-5f0ca6b9ca32,90a3d74e-7d45-49c8-8c87-526c528afc9d,500.0,2025-10-15 22:43:33
1fa93cf6-7c2c-48af-a3a6-64de5c46d24e,4b133ed4-b84d-40a6-8ffb-2cfda97e6de5,f0288c06-39d9-409c-b2fa-0a576b148a11,9e481250-ab48-4e77-aeab-8be45f9233dc,78.83,2025-11-08 08:43:33
0c6ed5a4-6a5a-494c-aa4e-99647cb7975b,4c16021c-acd3-4c7b-87f8-55cc02388053,7bcf7771-7287-4095-9b65-da4e6f26c8d3,90a3d74e-7d45-49c8-8c87-526c528afc9d,500.0,2025-11-28 00:43:21
eb3a9b57-90d3-4e7c-9219-95b6ca36e3ba,4c16021c-acd3-4c7b-87f8-55cc02388053,e4b8bd65-59e0-445f-bcff-429fd099efb5,9e481250-ab48-4e77-aeab-8be45f9233dc,100.0,2026-01-28 10:43:21
e4b52d55-3c1a-4dc5-aa5c-666b350ab9c1,4c44b2e2-3e14-4df7-8c41-589ae659b67c,d16f76a0-b2ce-4fcf-b429-b614aefbddd6,9e481250-ab48-4e77-aeab-8be45f9233dc,100.0,2026-03-13 08:18:37
33565b13-6fb7-4d1f-a0fd-51fcaa12395d,4c8bba3b-3542-4b6c-b1b1-5c66ce03cfac,40c665de-084f-4373-85b6-1eff00722d40,90a3d74e-7d45-49c8-8c87-526c528afc9d,314.02,2026-01-10 14:14:48
867887d3-3a7a-4cf8-a0ec-b259d8dd4f60,4c8bba3b-3542-4b6c-b1b1-5c66ce03cfac,67759d82-fd3b-404f-b41e-f9983adcc374,9e481250-ab48-4e77-aeab-8be45f9233dc,100.0,2026-04-06 08:14:48
1aae0b76-29bb-4ef7-83ff-94b73b4af1f8,4d8198e3-00ee-4038-bd76-7c1db94e6917,817d3091-e3b8-49ec-894e-a182cd82612c,90a3d74e-7d45-49c8-8c87-526c528afc9d,423.96,2026-03-08 22:05:04
1045ec0c-44ae-48b7-8c2a-e4b7336dcef9,4d8198e3-00ee-4038-bd76-7c1db94e6917,ec34d261-3b71-4043-9fe1-f73f4f6081e5,9e481250-ab48-4e77-aeab-8be45f9233dc,100.0,2026-04-27 00:05:04
65357019-539e-4f18-87a9-66f59ccd63e5,4d8d66e4-65b3-4b8a-b71c-8cdb96a35f07,4bf59bc7-df5b-40f3-b72a-94006faa04eb,24d8fa0e-5d24-4f3e-bf35-b7cea1b09e56,150.0,2026-01-26 18:46:41
82fdcf79-0219-49e2-850a-6695b91ab1e3,4d8d66e4-65b3-4b8a-b71c-8cdb96a35f07,302526f8-07dd-45a3-96cc-f3602c18082c,1ebcef21-86e5-4387-9edf-681ad1950c1a,198.56,2026-03-27 06:46:41
3f8443cf-da90-4af6-bdb9-975f30059c05,4e156256-7a77-41ce-8a72-12e1029a5420,e2290836-fae5-4bc0-aa91-ee9bc0db050e,90a3d74e-7d45-49c8-8c87-526c528afc9d,500.0,2026-03-13 00:39:59
cfa0de49-a9fa-4f02-93e8-0708fc8ed3ba,4e156256-7a77-41ce-8a72-12e1029a5420,d0435aa9-2326-4c14-968d-ca70532c989e,1ebcef21-86e5-4387-9edf-681ad1950c1a,300.0,2026-05-18 04:39:59
1f3a9ee7-cc33-42d5-88a4-dd8caab9937a,4e156256-7a77-41ce-8a72-12e1029a5420,08e383ca-93c9-469b-8041-d4ee4fa859eb,9e481250-ab48-4e77-aeab-8be45f9233dc,100.0,2026-06-17 02:39:59
6afcc998-0857-4b85-9976-bf1c3e51245d,4e3c3a0d-c735-4b2c-979f-b0be3e1bf983,61978c69-6fd0-416a-bf75-fd3689aa3b4e,90a3d74e-7d45-49c8-8c87-526c528afc9d,500.0,2026-08-25 00:44:03
5d8c96b4-6954-4bf3-aece-3b7bcf351194,4e8f7ac2-16c2-48e0-a597-98506a3e9023,28b8ba73-69b8-4664-aa76-5980667d1b5d,90a3d74e-7d45-49c8-8c87-526c528afc9d,500.0,2026-10-21 10:28:18
b7577ee1-872c-47f6-96b5-81651fa8635c,4f197b71-ae18-44c0-8df2-f1b8f25e9a22,d16974cc-d8bb-4ebe-9ca9-926181782a09,9e481250-ab48-4e77-aeab-8be45f9233dc,100.0,2026-04-07 13:45:58
dc1cc885-9d44-4aaa-a148-d2980791feec,4f197b71-ae18-44c0-8df2-f1b8f25e9a22,27b3b03b-efda-46de-977c-a381c76cefcc,9e481250-ab48-4e77-aeab-8be45f9233dc,100.0,2026-04-18 03:45:58
50d85eb5-3da3-4337-9817-93f65e3e76b3,4f197b71-ae18-44c0-8df2-f1b8f25e9a22,947e90eb-8963-463c-ae11-c630a0da82ca,de4ebad1-a920-4ecb-a6c7-3099945ea4e5,128.77,2026-05-16 17:45:58
98b49e9c-c8d5-40aa-bd85-253b68a77b31,4f197b71-ae18-44c0-8df2-f1b8f25e9a22,5acc64f6-1037-4740-ba12-9cefb23a0a2a,9e481250-ab48-4e77-aeab-8be45f9233dc,32.25,2026-06-16 09:45:58
27b54ffd-7512-4dc0-8298-90bc3e175fb1,4f197b71-ae18-44c0-8df2-f1b8f25e9a22,337315aa-9729-4f6b-b6a1-f906d9f51297,5bf2e261-70cd-47b2-a184-b0f75481fdd5,200.0,2026-06-17 21:45:58
c3175a03-6506-489a-9e13-f0304e537439,5023b4f5-7f0c-4188-b50e-0eabd11489aa,75be7fa6-9ebc-410a-91e4-a174714382d7,9e481250-ab48-4e77-aeab-8be45f9233dc,100.0,2026-08-12 10:42:45
12a60501-8c96-433c-b83e-c7e518c8cbdd,50a9d092-ea54-4b29-bfa1-a911b0fc95fd,cc9a1812-4a2e-4008-a45f-5e6d5003c668,90a3d74e-7d45-49c8-8c87-526c528afc9d,500.0,2026-03-12 18:50:07
bf2c160e-2a01-4260-b416-197b5a624217,50a9d092-ea54-4b29-bfa1-a911b0fc95fd,7983b72e-a3c0-4035-bb09-79f72edb1c5e,9e481250-ab48-4e77-aeab-8be45f9233dc,100.0,2026-04-04 12:50:07
f502b143-885c-410d-b30d-3b9b9dcefd6a,50a9d092-ea54-4b29-bfa1-a911b0fc95fd,044e11ea-cd2a-4712-951b-9d8efce89aa1,9e481250-ab48-4e77-aeab-8be45f9233dc,100.0,2026-06-04 01:50:07
e016a9a8-8aec-41c9-a5e0-89df8f2be552,5134b6d9-a3d9-43c4-86fa-43b236d1559a,8cf02188-be17-4832-9640-28ad1bee86e9,90a3d74e-7d45-49c8-8c87-526c528afc9d,500.0,2026-07-25 12:18:36
d8793787-c845-404b-bdbf-bd684f95e0f4,51f10cf7-73fa-48d5-926d-363ee82355d5,67cc8909-2806-4851-97b2-f645e66763c9,90a3d74e-7d45-49c8-8c87-526c528afc9d,500.0,2026-02-25 02:57:52
9aec3c4e-bda4-4a62-9ec7-48534291a7e6,51f10cf7-73fa-48d5-926d-363ee82355d5,4c7ada25-e41e-4286-b1d4-4c4bb377b466,9e481250-ab48-4e77-aeab-8be45f9233dc,100.0,2026-04-08 03:57:52
8d5a0bfd-afaa-4e93-918b-ea3a657e4724,51f10cf7-73fa-48d5-926d-363ee82355d5,888279bf-9aaa-4710-a92d-6ab0663941f1,9ce660d5-a7ff-4a73-8d8d-815013fde01d,400.0,2026-05-27 00:57:52
1c03bd45-9328-476e-9d09-daebad737764,51fd9e20-b826-47d5-81f0-1b576174c416,8d3f8cc4-e507-4b92-993b-b2c99cc86b26,90a3d74e-7d45-49c8-8c87-526c528afc9d,500.0,2026-07-15 13:43:52
d394ccca-bd90-4bae-bed6-a3a3452a8fb0,51fd9e20-b826-47d5-81f0-1b576174c416,8d3f8cc4-e507-4b92-993b-b2c99cc86b26,9e481250-ab48-4e77-aeab-8be45f9233dc,100.0,2026-07-15 13:43:52
13498c75-e678-41fa-825b-8627caa583a4,51fd9e20-b826-47d5-81f0-1b576174c416,3e538c87-ccdb-401c-9126-30c1893f80c1,9e481250-ab48-4e77-aeab-8be45f9233dc,93.34,2026-08-24 05:43:52
ddeddc2a-edfd-4d28-9cee-11d0842b7b8e,5219d444-afab-4bbe-89d8-b555c9d683aa,6d0a3fde-eece-499d-87d3-f6f5cb338229,90a3d74e-7d45-49c8-8c87-526c528afc9d,500.0,2026-09-06 21:35:40
94e8b804-2ab3-449d-b384-2c61aa04ee21,5219d444-afab-4bbe-89d8-b555c9d683aa,853dbacb-b611-4ca8-bb4c-5433756357e5,5bf2e261-70cd-47b2-a184-b0f75481fdd5,200.0,2026-10-29 09:35:40
f7616e89-0be7-4609-9739-9f00585687ee,5219d444-afab-4bbe-89d8-b555c9d683aa,4f5b78ea-e02c-4ea8-8c15-8e7d6e90bab6,9e481250-ab48-4e77-aeab-8be45f9233dc,100.0,2027-01-11 02:35:40
94133779-1459-44aa-8770-e3af68568ec7,5228b4bd-b286-438f-bf47-5c9d74eedc59,f21357fb-7563-4ded-8aee-9d8ded2e7238,90a3d74e-7d45-49c8-8c87-526c528afc9d,439.78,2027-01-04 07:17:02
c20b54af-1883-4bcb-84cd-729e990d7b61,527bb21a-c871-495c-a348-8890717cb40c,24dfd406-c12c-4fe0-a662-51e0f9579fe3,90a3d74e-7d45-49c8-8c87-526c528afc9d,500.0,2026-01-30 05:28:26
e83f1297-c28b-489c-a4dc-dc6d548c772f,528df083-ffe7-4e34-8d3d-efa3bb0a7ad1,768aafc3-cd70-458a-ab67-cd6a28955b7d,90a3d74e-7d45-49c8-8c87-526c528afc9d,255.6,2025-11-09 20:26:07
c1481075-69dd-4dda-88e6-944c65318dff,5290900d-f91e-4438-b0e2-606e8f052f2d,a257cd5b-b956-4397-84cc-01f09d270c25,90a3d74e-7d45-49c8-8c87-526c528afc9d,158.13,2026-08-03 10:00:11
72c5ea76-be69-4fa7-a005-6ddf0ccbd90c,5290900d-f91e-4438-b0e2-606e8f052f2d,6b0247d5-b360-4601-8b29-f518dcb2ee84,9e481250-ab48-4e77-aeab-8be45f9233dc,100.0,2026-10-27 19:00:11
4269ee9e-5708-4386-981f-ff19abd7a707,52931545-ea70-49c7-b2bf-4ea2915ead5d,751f3644-4d94-4195-b079-565b10a6ae24,90a3d74e-7d45-49c8-8c87-526c528afc9d,500.0,2025-11-26 16:17:22
1fcae59a-0092-40c5-86ce-5a5f0b259710,52c5c9e3-c5db-4311-becd-8acfc37a36fb,fcb44d16-4d61-48db-8ba2-689637b10c89,90a3d74e-7d45-49c8-8c87-526c528afc9d,500.0,2026-02-19 22:46:10
fa7aedb8-ceae-42eb-a423-fceadaaf7d58,52df7deb-6e83-49c6-829a-5788082102d0,68832329-37cc-4f94-aaa7-f32810074c08,90a3d74e-7d45-49c8-8c87-526c528afc9d,500.0,2026-10-24 22:46:16
e226a595-af92-4f65-8324-55eb2c520f4e,531c0339-6d81-49bb-9721-c8f79fa191a6,4cf2875b-d5fb-4402-bdf3-d1f1034e6432,90a3d74e-7d45-49c8-8c87-526c528afc9d,500.0,2026-08-03 22:22:33
4615cc29-d955-4f50-9e73-75b3722ff492,531c0339-6d81-49bb-9721-c8f79fa191a6,d8cbb33a-5b1e-41d5-a689-08816a78c866,90a3d74e-7d45-49c8-8c87-526c528afc9d,178.38,2026-08-24 08:22:33
7b33a7ae-ee0c-4c6e-a9a5-ffe54d3c9741,531c0339-6d81-49bb-9721-c8f79fa191a6,d8cbb33a-5b1e-41d5-a689-08816a78c866,9e481250-ab48-4e77-aeab-8be45f9233dc,89.19,2026-08-24 08:22:33
5660f198-d130-4915-9078-70ef97bd4ce0,531c0339-6d81-49bb-9721-c8f79fa191a6,2307f071-30d7-4183-a4c6-9578d2c024a2,07c2e98c-db2a-4e92-8552-8a461b6d2353,221.73,2026-09-05 09:22:33
7b88a28a-1f8a-485d-9593-19079d7f609a,532bb49e-0359-4c45-ae10-58fffeed8410,606b74f8-4efe-4add-a0c2-8f4593ba8aa1,90a3d74e-7d45-49c8-8c87-526c528afc9d,500.0,2026-01-16 07:57:50
b9e6a8a1-b8fb-4764-b7eb-fca107979700,532bb49e-0359-4c45-ae10-58fffeed8410,606b74f8-4efe-4add-a0c2-8f4593ba8aa1,9e481250-ab48-4e77-aeab-8be45f9233dc,100.0,2026-01-16 07:57:50
b3d989fa-58a0-4ee8-aed3-f3c68cc203b5,532bb49e-0359-4c45-ae10-58fffeed8410,ac37e3ec-6a74-453f-a0c0-741f4c89af51,9e481250-ab48-4e77-aeab-8be45f9233dc,100.0,2026-03-13 12:57:50
6985104d-3fca-4b6b-b61c-d1157f0118ee,53b95434-a556-4e03-a153-ef7550e799c5,0baa83a1-9c35-49d8-b025-b5cf15227c50,3d5d41c8-14bf-49cd-91e6-aa9a36bea6bb,800.0,2025-11-19 17:38:45
eeebb606-6300-407f-bddb-846435602410,53b95434-a556-4e03-a153-ef7550e799c5,e587fb59-9333-43d0-b8d0-a6915cb7b343,9e481250-ab48-4e77-aeab-8be45f9233dc,100.0,2026-03-08 12:38:45
60b7a99a-dd31-4a11-bc90-3216f6c7d9a1,53b95434-a556-4e03-a153-ef7550e799c5,182eba36-aeb4-4698-98d0-617045acba37,9e481250-ab48-4e77-aeab-8be45f9233dc,100.0,2026-04-18 15:38:45
348e3a7e-1992-4dbc-9b71-1022ee64f77d,53b95434-a556-4e03-a153-ef7550e799c5,213edd9d-3e51-4165-babb-78576f548e81,3d5d41c8-14bf-49cd-91e6-aa9a36bea6bb,800.0,2026-04-23 02:38:45
319db3ef-c60a-4798-94df-dabc2091248c,53b95434-a556-4e03-a153-ef7550e799c5,213edd9d-3e51-4165-babb-78576f548e81,9e481250-ab48-4e77-aeab-8be45f9233dc,100.0,2026-04-23 02:38:45
8d7fb559-55b8-4460-bc63-6cd02a9aabcc,546306dd-44a2-497c-a22a-d0b1581dcbaf,47e2a1e8-1667-439f-aee2-8e5b48f6015a,07c2e98c-db2a-4e92-8552-8a461b6d2353,600.0,2026-05-15 17:57:49
42c598ec-b60b-495a-9c56-4335f91d9e29,54c3fc2b-7834-4824-9b2c-b9409a6106be,0ab91203-ee11-4845-aaca-58f4a2dd66af,90a3d74e-7d45-49c8-8c87-526c528afc9d,500.0,2026-02-10 13:55:43
6d301759-8968-4dc4-9592-54c05109fda3,54c3fc2b-7834-4824-9b2c-b9409a6106be,dc63443e-ee49-4316-a950-a3ceb9990966,9e481250-ab48-4e77-aeab-8be45f9233dc,100.0,2026-04-15 15:55:43
285f576b-4203-4f39-84e5-8c9d96cf1cf2,54cff7b3-0b48-433b-a91b-35a34622d56c,f21d5231-5c76-428a-b29b-f8ad3a631244,90a3d74e-7d45-49c8-8c87-526c528afc9d,500.0,2026-05-07 14:58:49
a1369f36-b6cb-4fc9-9b19-7739ba25c172,55506b01-5e27-4cec-99bc-18a07994b5ec,9c4ed281-2f79-443b-865b-8a91bf17a733,90a3d74e-7d45-49c8-8c87-526c528afc9d,500.0,2026-04-23 18:42:06
19f91f3f-4bcf-4bfd-8a3c-7f04b599aa1f,55506b01-5e27-4cec-99bc-18a07994b5ec,9c4ed281-2f79-443b-865b-8a91bf17a733,9e481250-ab48-4e77-aeab-8be45f9233dc,100.0,2026-04-23 18:42:06
45abaa43-3e29-45fe-b65c-3eafb29d844e,55506b01-5e27-4cec-99bc-18a07994b5ec,291f7e2c-13c6-4fad-b474-3bba22aee1b9,3970ec98-085d-4cff-ace2-b47ad81d5d9a,1000.0,2026-05-03 19:42:06
fb9be806-cf3d-4c42-b489-cb92843d3638,55f0b529-6bec-4724-92da-fc85f5782f8b,aa5c5c61-02c3-4f48-b2d9-13335f8b1978,07c2e98c-db2a-4e92-8552-8a461b6d2353,600.0,2025-10-26 08:12:11
83eacf93-5952-4058-ac1e-d3ab325174c5,55f0b529-6bec-4724-92da-fc85f5782f8b,9c5cfd0c-0ec0-4b89-b256-5392c04bbb03,9e481250-ab48-4e77-aeab-8be45f9233dc,100.0,2025-12-29 06:12:11
acc27db7-3352-4f5a-94c3-4a07bdb53412,55f0b529-6bec-4724-92da-fc85f5782f8b,b4edf568-e28a-4741-9317-228fe869e488,1ebcef21-86e5-4387-9edf-681ad1950c1a,300.0,2026-01-03 19:12:11
017bf393-d176-4ffb-971b-e52c09e3bfe3,5642384c-b353-451e-ba9e-7c7f229e467a,40cd9a11-56cc-4718-9bbf-d3196c1dc586,3970ec98-085d-4cff-ace2-b47ad81d5d9a,900.65,2026-03-30 16:44:14
d2efe563-ba04-4b6b-9395-7fb5e9858c07,5642384c-b353-451e-ba9e-7c7f229e467a,9a51ec0d-3907-45d9-b9ee-cbad7425547f,07c2e98c-db2a-4e92-8552-8a461b6d2353,600.0,2026-05-31 23:44:14
bdb0fd34-a812-4d1a-8449-4bb80e0673e9,56c928a8-5bc1-4756-9726-f1c9703bf393,9ef275f0-74b0-415a-965a-7cde9b73b0b0,90a3d74e-7d45-49c8-8c87-526c528afc9d,500.0,2026-02-01 16:57:21
cf762bb7-a1fc-424c-bbe8-64fe032bba23,56c928a8-5bc1-4756-9726-f1c9703bf393,9d570fc1-3a09-42c0-87f5-a91496a51f31,9ce660d5-a7ff-4a73-8d8d-815013fde01d,400.0,2026-06-12 19:57:21
11ae8b80-48ed-41cc-8e8f-683f0f1465c6,56f6c9a8-624a-4494-b36d-637e6f9ae58a,7b028edd-dc57-43fd-89f0-94c34c96ce3d,90a3d74e-7d45-49c8-8c87-526c528afc9d,500.0,2026-08-29 20:16:32
aaf48777-20b1-4048-ae3d-0dcdcccf11ca,56f6c9a8-624a-4494-b36d-637e6f9ae58a,b18dfe21-e325-41d9-89bd-b61c31760591,3970ec98-085d-4cff-ace2-b47ad81d5d9a,174.93,2027-01-31 03:16:32
a92c99ca-1e42-4aae-88fe-c3e54f933237,57874035-8e13-4746-97d2-6e7301d19616,dfabce8a-8aff-46b5-bc27-3cc22f16363f,90a3d74e-7d45-49c8-8c87-526c528afc9d,500.0,2025-12-02 10:24:10
ccf0493b-2f72-4d11-809a-9106e83a2847,57874035-8e13-4746-97d2-6e7301d19616,817efa17-e293-43de-8e10-e8b8d19cc217,9e481250-ab48-4e77-aeab-8be45f9233dc,100.0,2026-05-28 16:24:10
58b4bc95-1aac-463d-bda1-6cb6a09b0a12,57ec9ff4-0d26-4bc4-bad0-8e2551ebe1ec,b02b4d65-9c22-4392-975d-7d3b9e1ce4fa,90a3d74e-7d45-49c8-8c87-526c528afc9d,500.0,2026-08-21 01:59:06
eb99a5ee-d16e-4496-ad78-b92090a6ebad,57ec9ff4-0d26-4bc4-bad0-8e2551ebe1ec,b8654ded-9887-450c-ab33-e7bf73b38905,de4ebad1-a920-4ecb-a6c7-3099945ea4e5,300.0,2026-10-28 22:59:06
5f176269-906e-4762-89b6-fdb32fba3900,57ec9ff4-0d26-4bc4-bad0-8e2551ebe1ec,62e33545-19d5-4758-8170-3fdc293952a0,9e481250-ab48-4e77-aeab-8be45f9233dc,100.0,2026-12-12 09:59:06
26c0e036-83c0-4dcc-95c2-afa3307dce3c,582f7808-c9db-4229-8449-dd87d9e47f62,3a2ef0bf-992f-4bf7-8127-cada56fb7da6,90a3d74e-7d45-49c8-8c87-526c528afc9d,500.0,2025-10-15 11:59:24
1a01687b-d660-4520-9c7a-b7bc1ba7adb3,582f7808-c9db-4229-8449-dd87d9e47f62,3a2ef0bf-992f-4bf7-8127-cada56fb7da6,9e481250-ab48-4e77-aeab-8be45f9233dc,100.0,2025-10-15 11:59:24
4e75545f-d92c-42d8-9f88-b3fc426d08db,58334bd3-20d3-4708-8b3d-264131f603bd,4893f810-2a29-4985-a00a-2d012450984c,90a3d74e-7d45-49c8-8c87-526c528afc9d,500.0,2025-10-29 01:53:04
1793fef1-003e-451a-b1cc-534d2ed24ff5,584f62d1-704a-4787-a61d-f96b7b064277,89567352-411b-4f2d-a9de-e39678c97cc6,9e481250-ab48-4e77-aeab-8be45f9233dc,48.09,2026-06-22 17:39:36
60acbf5f-cd12-46af-98e1-8bb5ec69944c,589495f6-089c-47b2-ae4e-ad720cf31a96,619e6f77-fe2f-45cb-a9e5-686a646f9f4f,90a3d74e-7d45-49c8-8c87-526c528afc9d,500.0,2026-01-21 01:19:51
435d6653-f47d-4c2b-ae30-49115a2eb6bd,589495f6-089c-47b2-ae4e-ad720cf31a96,63c303cb-71c7-454c-b4e5-ef2615df3258,24d8fa0e-5d24-4f3e-bf35-b7cea1b09e56,150.0,2026-02-05 06:19:51
045607f6-a950-4935-9f6a-9340d88b58a3,589495f6-089c-47b2-ae4e-ad720cf31a96,35db4097-34d6-4fb1-a7b8-8faf6a6e82a3,9e481250-ab48-4e77-aeab-8be45f9233dc,100.0,2026-05-25 21:19:51
5128b045-bffc-4f88-ba1a-c27ae6b09a03,589495f6-089c-47b2-ae4e-ad720cf31a96,0afbab89-f69d-4f28-985a-5c933472d330,24d8fa0e-5d24-4f3e-bf35-b7cea1b09e56,150.0,2026-06-04 15:19:51
f393bf8d-7722-44e3-ad3b-6d77d1068ce4,5899406a-2c78-41b3-b1d8-043de46b0706,9a4b49a2-bd21-49bf-b6ef-485917bf1c4d,90a3d74e-7d45-49c8-8c87-526c528afc9d,500.0,2026-02-08 13:04:03
0fcad780-0b2e-45da-b8c1-502cfae8c80c,5899406a-2c78-41b3-b1d8-043de46b0706,26cf77e7-5512-4444-b977-79589a53abac,90a3d74e-7d45-49c8-8c87-526c528afc9d,270.7,2026-04-04 20:04:03
6c603224-9c33-4120-8b46-0935dcf49e02,5934dc4e-684b-404b-8c97-88bab11da2a6,c1350709-70e4-42dd-956e-f22a12f69c00,07c2e98c-db2a-4e92-8552-8a461b6d2353,579.8,2026-01-24 08:51:01
e965b5bb-0b27-4279-be40-18bdbec1ac32,5997bd1b-6a09-4fa2-8487-59d6ac467cbd,65697c2b-4720-4167-b49b-d567c2930f98,90a3d74e-7d45-49c8-8c87-526c528afc9d,500.0,2026-05-10 15:21:18
673382b1-8a9f-46fe-ae77-f830f80a03ae,5997bd1b-6a09-4fa2-8487-59d6ac467cbd,8e746a5b-4939-4bec-9b38-322f3dd242a8,9ce660d5-a7ff-4a73-8d8d-815013fde01d,400.0,2026-07-09 03:21:18
fbb1cdbe-64ec-4c5a-ba4f-4e57c15b8e10,5997bd1b-6a09-4fa2-8487-59d6ac467cbd,c23cd0f8-66ee-409e-92d0-1d954e310ff4,9e481250-ab48-4e77-aeab-8be45f9233dc,100.0,2026-08-23 01:21:18
4e6914a0-915e-483d-b5b9-d66bec708767,59daa555-872a-4dc4-ac08-f0886e9e64f6,56e0b066-851f-45db-abbb-011c6e3c6c27,9e481250-ab48-4e77-aeab-8be45f9233dc,100.0,2026-06-27 15:27:30
09280ad5-995e-4ee7-9ecf-61c67a43d3ac,5a302b2a-1dec-4506-b106-ed835972eefe,a15932a0-9a14-4396-830f-b351d6679722,90a3d74e-7d45-49c8-8c87-526c528afc9d,500.0,2026-07-28 15:04:22
bc6ceaa1-d737-4d58-a0df-fde4283e7168,5a5db99e-ac3a-4784-930e-f74e17ecfdf5,d0c16f6f-01f7-4dae-9bad-e20cca1a589a,90a3d74e-7d45-49c8-8c87-526c528afc9d,500.0,2026-10-10 09:06:28
720316d2-53bd-49f7-afbc-5bf3dcdc4002,5a5db99e-ac3a-4784-930e-f74e17ecfdf5,1156bb0b-e499-4ca7-b0e3-87557c38d886,5bf2e261-70cd-47b2-a184-b0f75481fdd5,200.0,2026-11-19 06:06:28
cf4f7f82-a03c-4531-a028-63ef255841c3,5a839c4c-9c08-436e-848e-3feec61e7665,34561a2c-b500-47f3-9efa-058f1d669137,3d5d41c8-14bf-49cd-91e6-aa9a36bea6bb,388.66,2025-12-29 19:49:36
27d939ff-8ce5-4cf0-b014-d6eab5675aaa,5a969431-5210-4683-a052-711533a2caa4,1476e649-81e2-4fed-9793-763e374c4da0,90a3d74e-7d45-49c8-8c87-526c528afc9d,500.0,2026-05-11 12:56:02
d6cd8296-b2fd-4bb8-9458-3beef961f263,5a969431-5210-4683-a052-711533a2caa4,e393d8ac-ed80-4c74-869f-426438e62c7d,9ce660d5-a7ff-4a73-8d8d-815013fde01d,277.78,2026-07-28 15:56:02
5f0a5092-0772-46cb-9f61-ed11538be442,5adcd087-1beb-48b9-8d08-528e90e9e705,9593f044-da7e-423f-86b9-af142893cca4,90a3d74e-7d45-49c8-8c87-526c528afc9d,500.0,2025-10-17 04:47:42
5db33eae-03d8-48f9-aaf1-6c7ec7b3e7e0,5adcd087-1beb-48b9-8d08-528e90e9e705,fdef23fc-b7a1-4cd7-9ffb-a1c7a2dcf1af,24d8fa0e-5d24-4f3e-bf35-b7cea1b09e56,150.0,2025-12-16 23:47:42
49649de5-9310-42ce-a27a-fed955105d39,5b2cc0ac-a28b-47cc-b63f-f408dd465024,cd8b3ab7-d26e-4f8d-b965-b906c63e428b,5bf2e261-70cd-47b2-a184-b0f75481fdd5,200.0,2026-11-20 07:54:51
951a5964-a0a3-4b1a-ac73-81414adec3d2,5b38cb16-0044-4cba-ba66-d302e9ca8eef,6609aa6f-8248-4c40-a09b-ada96156547e,90a3d74e-7d45-49c8-8c87-526c528afc9d,500.0,2026-04-04 21:13:07
32967571-ef17-489a-941d-223b61a19a82,5b38cb16-0044-4cba-ba66-d302e9ca8eef,af16acbd-d280-43d5-aa15-9aeb678adede,9e481250-ab48-4e77-aeab-8be45f9233dc,100.0,2026-08-23 03:13:07
d6a27fb5-1898-4bfa-bc55-69deb0d04128,5b6483dd-ffcc-4793-9bb9-fc8ef3f9d0b6,8b8349d8-ff3a-4387-a267-a8313cb37e12,90a3d74e-7d45-49c8-8c87-526c528afc9d,500.0,2025-12-11 03:44:15
32c16f18-74a9-42c0-b67e-98d5fe1134fd,5b67cb45-b91e-42af-b0ad-ecea2ad1e6c5,36258133-7abc-4d27-8f94-9f939b957624,90a3d74e-7d45-49c8-8c87-526c528afc9d,500.0,2025-11-23 13:24:01
40f01aee-3419-4667-b885-9310915afbf5,5b67cb45-b91e-42af-b0ad-ecea2ad1e6c5,61bd8f4c-9f05-448e-857e-26c585853e3c,de4ebad1-a920-4ecb-a6c7-3099945ea4e5,300.0,2025-12-06 06:24:01
d831f2c3-d282-4d71-8d83-3701e3c3ae6a,5b67cb45-b91e-42af-b0ad-ecea2ad1e6c5,e4db6cf9-6ef8-4354-acc2-b0c10648692a,5bf2e261-70cd-47b2-a184-b0f75481fdd5,200.0,2025-12-15 21:24:01
d636a724-d45b-4741-b403-bf8626b8f694,5b67cb45-b91e-42af-b0ad-ecea2ad1e6c5,94b90cc2-ba82-40f0-99c7-0c27743e2381,90a3d74e-7d45-49c8-8c87-526c528afc9d,500.0,2026-01-28 17:24:01
a25db06f-17de-4c55-9ea7-955542f97b0d,5ba8551b-c47b-4092-87b8-6243e77231ba,88bd78cc-05d5-4c9a-945f-005c0b3e58db,90a3d74e-7d45-49c8-8c87-526c528afc9d,500.0,2026-08-09 02:30:50
f56bdcaf-5a94-44ce-a6dc-6588fb7218f8,5ba8551b-c47b-4092-87b8-6243e77231ba,88bd78cc-05d5-4c9a-945f-005c0b3e58db,9e481250-ab48-4e77-aeab-8be45f9233dc,100.0,2026-08-09 02:30:50
48faf9ec-28d7-4ea7-ad3d-388ae6db92b7,5be97563-f055-48e1-9d1c-c38b85f0abe6,937dad70-a7c5-48f8-bd7d-6b5b0be2b59b,90a3d74e-7d45-49c8-8c87-526c528afc9d,500.0,2025-10-23 21:07:54
4a70a023-097b-44ca-9717-97bf4b5f53a0,5c39e5a5-5cc2-4ffc-ae90-392d9af3d5d9,cdc1e8d3-7a70-43e8-820d-7bd38631070d,90a3d74e-7d45-49c8-8c87-526c528afc9d,500.0,2025-11-11 03:29:44
1023523b-3d47-417d-a1c0-153e73084c6e,5cd30bdf-67b2-4b9f-95ed-9308ba5bbd99,36a0d537-2b31-422f-bb76-bee0a480213b,90a3d74e-7d45-49c8-8c87-526c528afc9d,217.45,2026-06-08 11:55:19
3480db9c-fe44-49e1-95a8-3a69b20a5f8a,5cd30bdf-67b2-4b9f-95ed-9308ba5bbd99,a02f3b4c-c575-44ca-9d5b-7e2c7c01fa5a,9e481250-ab48-4e77-aeab-8be45f9233dc,100.0,2026-10-03 03:55:19
de57dd21-a039-402f-8781-d3ff0eb578d0,5cfd546e-5740-4204-a079-fd45cf1b202d,9bda12b3-479f-4628-ad8d-7d54aeb7e81a,9e481250-ab48-4e77-aeab-8be45f9233dc,41.31,2026-02-03 01:17:52
2668ca63-7dbe-4ddb-9370-b0275078c3d9,5d1349b2-fb44-4b25-8068-7bd7821d4f99,34df5e42-65df-41d3-9c8c-ec093f7a20d5,3970ec98-085d-4cff-ace2-b47ad81d5d9a,285.98,2026-07-15 12:50:31
00c70717-190a-432d-8c15-9f25f17a295d,5d4156d9-c69c-4297-adc5-52256220f5d7,88792318-21a4-4afc-91d7-e03939689e2e,90a3d74e-7d45-49c8-8c87-526c528afc9d,500.0,2026-05-16 23:40:13
864466cf-bd5d-4cbc-9773-843fe8e8d5e7,5d4156d9-c69c-4297-adc5-52256220f5d7,3137a566-c3df-4bcd-aa11-31acbaf9ca23,9e481250-ab48-4e77-aeab-8be45f9233dc,100.0,2026-06-02 10:40:13
2a7c7358-09a0-4d7b-8aa2-0abcb27fe8ee,5d4156d9-c69c-4297-adc5-52256220f5d7,b320c598-a8a6-46ac-bd7a-045a76e5244a,24d8fa0e-5d24-4f3e-bf35-b7cea1b09e56,119.21,2026-06-27 18:40:13
79013e45-7d42-4c6e-b925-ab1e9ae82cc0,5d4156d9-c69c-4297-adc5-52256220f5d7,b320c598-a8a6-46ac-bd7a-045a76e5244a,9e481250-ab48-4e77-aeab-8be45f9233dc,59.61,2026-06-27 18:40:13
f4585493-7c74-4ffa-a241-d3fd5af93bde,5d4156d9-c69c-4297-adc5-52256220f5d7,954ecdf5-a8be-4492-aea6-15286bcebadb,3970ec98-085d-4cff-ace2-b47ad81d5d9a,1000.0,2026-07-10 08:40:13
d3908cd7-af3e-4e61-ba87-353645d8b6a8,5d4156d9-c69c-4297-adc5-52256220f5d7,d8cc0ece-f3e4-40e4-919e-5357624de1dc,9e481250-ab48-4e77-aeab-8be45f9233dc,100.0,2026-08-16 17:40:13
0979e496-1716-4a9d-aeb0-335290583d62,5d4156d9-c69c-4297-adc5-52256220f5d7,93bc68c2-5c85-4035-9956-bb67e1524a96,24d8fa0e-5d24-4f3e-bf35-b7cea1b09e56,150.0,2026-08-23 16:40:13
8c15c8af-4167-42e3-9c7e-85a5c4d2794b,5d4156d9-c69c-4297-adc5-52256220f5d7,0ff79987-7bc1-4df8-9d77-fedf30d910b9,de4ebad1-a920-4ecb-a6c7-3099945ea4e5,300.0,2026-10-25 12:40:13
b323fe93-7926-4626-8734-3a13448dfef3,5d4156d9-c69c-4297-adc5-52256220f5d7,0ff79987-7bc1-4df8-9d77-fedf30d910b9,9e481250-ab48-4e77-aeab-8be45f9233dc,100.0,2026-10-25 12:40:13
3b91cadc-9882-4d78-862f-1082a564042a,5d5c346a-63c3-4056-9f3c-07256089b802,3c6dc1c5-9f32-4c89-9aa5-e520047fe2d4,de4ebad1-a920-4ecb-a6c7-3099945ea4e5,300.0,2026-04-27 09:54:53
e7b88e51-5215-4c65-ade6-ccaab00f069f,5d5c346a-63c3-4056-9f3c-07256089b802,30643e47-cade-48bb-ad9b-ed8289f8c3dc,24d8fa0e-5d24-4f3e-bf35-b7cea1b09e56,150.0,2026-05-13 18:54:53
07cdddef-c5b7-40df-bfab-fff72f245ad2,5e65b42f-be16-4ac0-acc0-697b1836186d,622ec831-77da-4b3d-abbf-37066d6f6aac,de4ebad1-a920-4ecb-a6c7-3099945ea4e5,300.0,2026-08-15 08:39:06
cfc1553f-94a3-450c-9e12-7909fae390ef,5e65b42f-be16-4ac0-acc0-697b1836186d,b02225c4-7d3d-426e-9de0-7abd24457a40,9e481250-ab48-4e77-aeab-8be45f9233dc,100.0,2026-09-01 04:39:06
3b07839f-ec5a-4614-8083-816d86a049f0,5e65b42f-be16-4ac0-acc0-697b1836186d,b61582a4-4d5f-40c9-9d4d-810b7296694b,9e481250-ab48-4e77-aeab-8be45f9233dc,100.0,2026-09-02 19:39:06
6cc71b88-d61b-4cbb-94a1-0f09d60e8dfa,5e65b42f-be16-4ac0-acc0-697b1836186d,e2be498d-a876-4d61-84d3-9e4633f47eab,9e481250-ab48-4e77-aeab-8be45f9233dc,100.0,2026-10-18 21:39:06
425a9f5d-a952-4f93-a617-9d46e6c96a33,5e968870-484a-457b-8ca4-9e67a1d38559,696219f3-3b9a-430e-8c18-a876163c8c69,90a3d74e-7d45-49c8-8c87-526c528afc9d,500.0,2026-10-17 06:44:28
ee19fcc5-1153-40e1-b90f-34e7493f94f6,5eaf6c32-61d5-43b8-a497-78038f3aaece,11933d8c-dc83-4152-9106-cb803f44e2a6,90a3d74e-7d45-49c8-8c87-526c528afc9d,500.0,2026-10-08 21:16:39
553a79a9-b509-4382-8ff2-cbfeb8faa946,5eaf6c32-61d5-43b8-a497-78038f3aaece,3676876a-f667-44d5-b784-2bf10832a68d,de4ebad1-a920-4ecb-a6c7-3099945ea4e5,300.0,2026-12-07 09:16:39
729cb0bc-baed-4451-9ff3-35843b816ef4,5eaf6c32-61d5-43b8-a497-78038f3aaece,b8a0a03c-ccb7-4e3c-81be-1eb09c160081,9e481250-ab48-4e77-aeab-8be45f9233dc,100.0,2026-12-07 10:16:39
4b69dde0-2e95-40ab-8f3a-dbf41b5b4b39,5ef1164d-7289-49c1-9476-a7bb853f8ffb,7270a057-9de1-4b3d-8157-6db42a3c3e52,90a3d74e-7d45-49c8-8c87-526c528afc9d,313.83,2026-10-09 10:36:37
081f5690-54c3-49e5-a15a-52966c0d6f22,5fd40bab-b769-44ae-85b4-c6834993fa01,e782c03f-a51c-4209-a3d4-6eb7a1efd125,90a3d74e-7d45-49c8-8c87-526c528afc9d,500.0,2026-03-11 21:30:14
95f0ab4d-852c-4301-bb26-c895c64850ff,60613718-905c-45ac-96df-927229556699,ab627fce-ccf5-4be0-8d0b-f5add5554a0c,90a3d74e-7d45-49c8-8c87-526c528afc9d,500.0,2026-02-28 05:56:24
cd8c555f-6964-46dc-b305-86dbd258a46c,61410639-4330-47a3-8038-2ffbab5bd4b7,29e29712-57c1-43d0-8e55-0eda8c30b1c1,90a3d74e-7d45-49c8-8c87-526c528afc9d,500.0,2026-02-14 22:09:38
d7d65139-497c-498a-a38c-2895826929a6,61410639-4330-47a3-8038-2ffbab5bd4b7,30039003-369d-4497-a83b-5d252d3134ee,9e481250-ab48-4e77-aeab-8be45f9233dc,100.0,2026-03-15 00:09:38
112ff30b-d189-4cb4-8a7b-cd86f76e3e11,61410639-4330-47a3-8038-2ffbab5bd4b7,ea0c9593-0d09-4f21-820a-016b84d33cb4,9e481250-ab48-4e77-aeab-8be45f9233dc,100.0,2026-05-08 07:09:38
5c990a13-0bb5-4fdc-8a5e-45570c6c77d8,61496233-677d-466b-8100-ae9fb607426d,59ca6056-f9eb-41c8-ae50-3d45a07438ca,9ce660d5-a7ff-4a73-8d8d-815013fde01d,125.77,2026-09-16 08:24:07
4738d7ff-0109-4aac-b5e8-07803230645d,61496233-677d-466b-8100-ae9fb607426d,daf641cb-d4ba-41ab-975c-fa805974bd5a,1ebcef21-86e5-4387-9edf-681ad1950c1a,300.0,2026-12-30 05:24:07
98f3e428-1d09-4277-8822-93e212b57c19,61496233-677d-466b-8100-ae9fb607426d,d2b9e880-0415-4732-a78a-9c6055d15153,1ebcef21-86e5-4387-9edf-681ad1950c1a,300.0,2027-01-14 06:24:07
ec9b1e8e-c154-45af-bc75-14437498bead,61520554-3885-42bb-8302-0897662f44f8,3f270167-b4b3-4931-8eaf-ad3e1d7482fe,90a3d74e-7d45-49c8-8c87-526c528afc9d,500.0,2026-07-24 07:38:15
00d3700c-87b4-4c92-ba95-f36e4e149e17,61520554-3885-42bb-8302-0897662f44f8,7856b026-957d-42f8-a159-c13b8d95d663,3d5d41c8-14bf-49cd-91e6-aa9a36bea6bb,276.56,2026-09-29 03:38:15
12767fb5-6b3e-4d92-a5d2-bb42197864bc,61520554-3885-42bb-8302-0897662f44f8,dfb12abb-556e-4898-acb1-1cd653965520,9e481250-ab48-4e77-aeab-8be45f9233dc,100.0,2026-10-18 19:38:15
55f1011a-892a-4877-bd0d-5f63e5483992,6171a84f-997c-4b88-a01b-e44a7786d86e,d1904d8b-bc28-49f4-b935-6a45b9773e12,90a3d74e-7d45-49c8-8c87-526c528afc9d,500.0,2025-12-13 05:11:37
7266b967-26b6-4980-9592-8063f3e505d9,6171a84f-997c-4b88-a01b-e44a7786d86e,40ec2f89-f105-4e29-926d-47e43db8d520,24d8fa0e-5d24-4f3e-bf35-b7cea1b09e56,150.0,2026-01-30 06:11:37
52a5494c-8761-4fef-b481-01ae3471b503,6171a84f-997c-4b88-a01b-e44a7786d86e,40ec2f89-f105-4e29-926d-47e43db8d520,9e481250-ab48-4e77-aeab-8be45f9233dc,100.0,2026-01-30 06:11:37
4d6e9d72-19a8-4089-b9e1-7327e202508f,61e62d79-df8c-46e1-ba16-885a44d2b243,2568507d-d6c9-4fd1-9315-f7265cda8907,90a3d74e-7d45-49c8-8c87-526c528afc9d,500.0,2026-07-19 09:05:04
609e3c89-83f6-4f6d-8e44-b0d53a81025c,61e62d79-df8c-46e1-ba16-885a44d2b243,252a1755-e01a-44d1-9e3e-e34a2ed97a83,9e481250-ab48-4e77-aeab-8be45f9233dc,100.0,2026-08-12 20:05:04
6eacbbb8-e2d9-44c4-b29e-bdefc67739eb,6220555f-7231-4f6d-b61c-96b27ebebf60,624c1aeb-0a2a-4e9f-ad04-f918fee61920,3970ec98-085d-4cff-ace2-b47ad81d5d9a,1000.0,2025-10-04 18:34:13
aab9f1ca-feed-42a4-882c-6068ab0e0908,6220555f-7231-4f6d-b61c-96b27ebebf60,f03d0679-f9f7-43af-b85e-7fe94bce19a9,9e481250-ab48-4e77-aeab-8be45f9233dc,100.0,2026-01-31 23:34:13
b424dfa2-9ac0-47c4-83e9-c58e6aa5a693,62344eb1-e2f2-4a68-a0d3-f3ec756bab09,7f49a328-38db-41ca-8839-e5d00a8bb496,90a3d74e-7d45-49c8-8c87-526c528afc9d,500.0,2026-04-21 04:24:46
e8acc224-7600-4760-b496-d91cd18db1db,62344eb1-e2f2-4a68-a0d3-f3ec756bab09,5dcb6c7c-9018-4300-9852-c077feb0488b,9ce660d5-a7ff-4a73-8d8d-815013fde01d,400.0,2026-04-27 06:24:46
bec6e229-362d-44ec-ad20-81f3cc4da158,62344eb1-e2f2-4a68-a0d3-f3ec756bab09,0ae66507-60be-4aa7-903d-31fc546bdfe0,24d8fa0e-5d24-4f3e-bf35-b7cea1b09e56,150.0,2026-06-29 21:24:46
568f5a52-711f-49d6-9f77-9bc466b24c86,62344eb1-e2f2-4a68-a0d3-f3ec756bab09,4488ae98-2ec3-4df7-966e-2a1751f965b6,24d8fa0e-5d24-4f3e-bf35-b7cea1b09e56,150.0,2026-07-01 04:24:46
e009e255-fe66-46c1-b51f-b075ceea379f,62fa0733-1ffc-47d1-88f7-f11e915c6fb5,d79023de-90b6-4207-abaa-28fbf08902cf,9e481250-ab48-4e77-aeab-8be45f9233dc,100.0,2025-10-07 07:49:08
59f5731b-bb6a-4967-87fd-83200eab0565,62fa0733-1ffc-47d1-88f7-f11e915c6fb5,7307f90c-5710-4b8e-88df-2ea30de6b6d2,24d8fa0e-5d24-4f3e-bf35-b7cea1b09e56,150.0,2025-10-11 19:49:08
7a1c8dec-3e59-46b7-aaba-77811c4d971f,635c21e8-cf7c-44d6-a3ce-056716b4f764,4cbdae69-ace4-4fc6-b112-6f83d1f6cbe5,90a3d74e-7d45-49c8-8c87-526c528afc9d,500.0,2026-08-17 08:16:02
f3d0b404-4b43-4ee1-a6ce-6c2172133f3b,635c21e8-cf7c-44d6-a3ce-056716b4f764,f99e5a70-bfb1-4c67-9f95-dab16983cc33,9e481250-ab48-4e77-aeab-8be45f9233dc,100.0,2026-11-24 16:16:02
7b376b4c-e0c8-4044-a3ba-2087b23355e2,64644ea0-bc1a-48b2-a1ae-6afbd465b2be,fd1033ce-3829-4f23-a4f3-286a776f7674,90a3d74e-7d45-49c8-8c87-526c528afc9d,500.0,2026-09-06 22:27:15
de2db1c2-317d-4e23-abbc-38bdf4f96d42,648aeb01-7353-4043-9b70-836a199e3230,3943835c-675f-4769-b012-080d889319ae,90a3d74e-7d45-49c8-8c87-526c528afc9d,385.49,2026-09-03 11:40:49
7a58da44-e2d0-4264-9f53-0c0e9fea79ef,649d23ec-7d85-4fff-8eee-719987c53cd2,e2da64a8-da3f-4819-874c-0e8ec492cb6b,90a3d74e-7d45-49c8-8c87-526c528afc9d,500.0,2026-07-07 15:23:08
aef3869f-2ff9-458d-8d1a-952fce9b4c03,649d23ec-7d85-4fff-8eee-719987c53cd2,5c93b246-f94c-40d0-960d-b6b25cc0bc53,9e481250-ab48-4e77-aeab-8be45f9233dc,79.86,2026-10-05 09:23:08
7aa65a63-69b6-44cb-8ef9-3f2ac887f626,649d23ec-7d85-4fff-8eee-719987c53cd2,2418209b-16a2-41bd-90c3-ae9829654b86,9e481250-ab48-4e77-aeab-8be45f9233dc,100.0,2026-10-31 04:23:08
9f08de7c-af30-4bf6-b39a-e45eaf07bc2d,649d23ec-7d85-4fff-8eee-719987c53cd2,fcea9b04-2d83-4f9a-ae0e-c7b8de765ffe,9e481250-ab48-4e77-aeab-8be45f9233dc,100.0,2026-11-28 01:23:08
ca292cf7-e030-43a1-9113-86b340a458dd,64c3f4e0-51de-41f5-b0c9-230a3eac9576,302811d9-977a-4a95-ae53-d3809cd9f3e0,90a3d74e-7d45-49c8-8c87-526c528afc9d,500.0,2026-08-01 23:29:45
0805ea73-4c27-496c-bad4-f69d140a06ce,64c3f4e0-51de-41f5-b0c9-230a3eac9576,385520d7-6966-44bf-aa1d-736ab15830ea,9e481250-ab48-4e77-aeab-8be45f9233dc,100.0,2026-11-27 20:29:45
5bb86818-a52e-439d-a4e3-395c906614b7,64e647dd-653d-4448-a478-6e7c359979b9,c68fb596-3874-4425-8b26-36909b7c8ba6,90a3d74e-7d45-49c8-8c87-526c528afc9d,500.0,2026-08-26 20:32:44
784c148b-fc58-479e-96c7-66a56fb311d5,64e647dd-653d-4448-a478-6e7c359979b9,c68fb596-3874-4425-8b26-36909b7c8ba6,9e481250-ab48-4e77-aeab-8be45f9233dc,100.0,2026-08-26 20:32:44
c98d50f8-f8f5-4c5e-a646-dca8c075109f,64f2aa1b-5ea4-43b5-a422-5b88466bd906,dbadbf20-2d9c-42ae-9852-ba2d5ce40f4a,90a3d74e-7d45-49c8-8c87-526c528afc9d,500.0,2026-02-24 23:50:43
f1d23f9f-543c-40f3-923c-57353b2cc3d9,64f2aa1b-5ea4-43b5-a422-5b88466bd906,d93f3b3c-4607-40a1-97f5-cc3fda6194ab,3d5d41c8-14bf-49cd-91e6-aa9a36bea6bb,367.26,2026-03-07 19:50:43
05a20bd5-c3a9-491e-8779-3b684ce4fefb,64f2aa1b-5ea4-43b5-a422-5b88466bd906,d93f3b3c-4607-40a1-97f5-cc3fda6194ab,9e481250-ab48-4e77-aeab-8be45f9233dc,100.0,2026-03-07 19:50:43
1b2a4734-cafc-4f29-8857-17677bb0349c,64f2aa1b-5ea4-43b5-a422-5b88466bd906,c7736cca-c1b3-4cab-85f9-a8effbc82969,de4ebad1-a920-4ecb-a6c7-3099945ea4e5,300.0,2026-06-11 13:50:43
3675d2e4-4b54-4722-ac91-fb87907ebe3e,64f2aa1b-5ea4-43b5-a422-5b88466bd906,cd454c3b-5589-4af7-95b2-cac750fad452,5bf2e261-70cd-47b2-a184-b0f75481fdd5,200.0,2026-07-05 19:50:43
39f95a33-ad29-42ea-9c96-0479ffbbd9b7,64f2aa1b-5ea4-43b5-a422-5b88466bd906,cd454c3b-5589-4af7-95b2-cac750fad452,9e481250-ab48-4e77-aeab-8be45f9233dc,100.0,2026-07-05 19:50:43
86aca8ab-2ee4-4d87-9395-6705db7d2dda,64f2aa1b-5ea4-43b5-a422-5b88466bd906,58611077-6067-4258-80fe-85f3c635543f,de4ebad1-a920-4ecb-a6c7-3099945ea4e5,300.0,2026-07-08 07:50:43
c3234be6-976b-471a-b03f-f092b3bc66c3,64f2aa1b-5ea4-43b5-a422-5b88466bd906,6583f36a-c33e-4c1e-a26e-0b3a32f66f46,3970ec98-085d-4cff-ace2-b47ad81d5d9a,1000.0,2026-07-30 01:50:43
ea9529fc-1079-4264-b68b-ba0fb9a091b4,64f2aa1b-5ea4-43b5-a422-5b88466bd906,6583f36a-c33e-4c1e-a26e-0b3a32f66f46,9e481250-ab48-4e77-aeab-8be45f9233dc,100.0,2026-07-30 01:50:43
69da58f0-02c7-4c65-82e1-85766fda00f4,65515005-1e11-4eca-b0b4-7b06163eb20f,7cf91e68-0261-4b9c-bbd9-3a7b9ed91bfe,1ebcef21-86e5-4387-9edf-681ad1950c1a,148.6,2026-09-13 07:22:09
82979f1a-b614-4f7a-8520-4fbd4ce6afec,65515005-1e11-4eca-b0b4-7b06163eb20f,ca19d001-4f1c-4ea1-b1a0-5844ce8e7d2c,07c2e98c-db2a-4e92-8552-8a461b6d2353,412.0,2026-09-20 16:22:09
c180956c-28fc-434e-9d55-149cbd206740,65515005-1e11-4eca-b0b4-7b06163eb20f,ca19d001-4f1c-4ea1-b1a0-5844ce8e7d2c,9e481250-ab48-4e77-aeab-8be45f9233dc,100.0,2026-09-20 16:22:09
605ce6de-1646-48a3-a47c-13147ea223ee,65515005-1e11-4eca-b0b4-7b06163eb20f,4a8d0d13-2850-45f0-b744-4b58f6fb277d,9e481250-ab48-4e77-aeab-8be45f9233dc,100.0,2026-11-09 06:22:09
50fbd9ca-986c-49aa-b2b5-ccc0314864d6,65515005-1e11-4eca-b0b4-7b06163eb20f,d2cd3e5a-8213-4456-9ba0-218171591420,9e481250-ab48-4e77-aeab-8be45f9233dc,100.0,2026-11-17 20:22:09
e6ccb544-8a74-4d61-a17c-9cc18d857114,65515005-1e11-4eca-b0b4-7b06163eb20f,674ffcd5-05fa-43f3-af1e-60ab84c6e78f,9e481250-ab48-4e77-aeab-8be45f9233dc,100.0,2027-01-16 18:22:09
8ce3fad4-d4f1-4985-9b38-cca04d66084c,65515005-1e11-4eca-b0b4-7b06163eb20f,60d4cf15-c6c7-47cf-aa3b-d76ac306e1f5,07c2e98c-db2a-4e92-8552-8a461b6d2353,600.0,2027-01-21 14:22:09
fd8a3e6c-9863-4082-9585-b84cfdba0f02,65791fec-5cfd-4e99-8506-f35d46af6407,d8b659db-a9e4-43e3-8837-48529145706b,90a3d74e-7d45-49c8-8c87-526c528afc9d,500.0,2026-08-28 04:09:23
587ab400-e069-46b9-943b-a99a34866b7f,65791fec-5cfd-4e99-8506-f35d46af6407,b2f9f90e-36fc-42aa-b4ef-bf98f334278e,90a3d74e-7d45-49c8-8c87-526c528afc9d,500.0,2026-09-14 13:09:23
93ece074-96a5-4777-a56d-daa23934a977,65791fec-5cfd-4e99-8506-f35d46af6407,b2f9f90e-36fc-42aa-b4ef-bf98f334278e,9e481250-ab48-4e77-aeab-8be45f9233dc,100.0,2026-09-14 13:09:23
f470661f-0b30-46b6-9bf4-eb7a32cadb89,65791fec-5cfd-4e99-8506-f35d46af6407,6adcc366-dfe5-45c0-b35e-d7b995314dda,9e481250-ab48-4e77-aeab-8be45f9233dc,100.0,2027-01-22 07:09:23
a2768ae2-b7fc-4fba-bdd2-35e87d77cbaf,65791fec-5cfd-4e99-8506-f35d46af6407,27a3a8ad-e71d-4adc-b69c-d5455e73d216,de4ebad1-a920-4ecb-a6c7-3099945ea4e5,300.0,2027-02-08 06:09:23
804dead5-53e2-4b75-8146-3a03de117148,659c683f-e117-4150-9436-7b627fd8eb26,58472754-2aa0-4c5a-97eb-7d90d4633c5a,90a3d74e-7d45-49c8-8c87-526c528afc9d,500.0,2026-05-16 16:09:42
820a8490-81f3-43ac-808a-cfd65fe4da0e,659c683f-e117-4150-9436-7b627fd8eb26,4e7775b4-13c3-49c7-be86-7ce98a77753e,de4ebad1-a920-4ecb-a6c7-3099945ea4e5,300.0,2026-09-18 05:09:42
b47ce81a-e961-4367-b725-06711baca542,659c683f-e117-4150-9436-7b627fd8eb26,4e7775b4-13c3-49c7-be86-7ce98a77753e,9e481250-ab48-4e77-aeab-8be45f9233dc,100.0,2026-09-18 05:09:42
ffa2829f-35fa-47e7-ac67-8aea5479d9a4,65b5a801-b1e8-42b6-a3de-532c416ce91e,5e784439-83a9-45eb-a290-4577111c31be,90a3d74e-7d45-49c8-8c87-526c528afc9d,500.0,2026-09-17 07:21:50
eb0d1ace-4b02-4b2a-bd0a-b46b5dead873,65bf584c-6eb6-44cb-b61a-c84731b87b29,3204b7de-c5a1-4e0e-afe0-1982e09fa032,9e481250-ab48-4e77-aeab-8be45f9233dc,93.28,2026-08-30 08:09:28
cb85b686-13e6-4c64-b2ea-b180c99f519a,65bf584c-6eb6-44cb-b61a-c84731b87b29,c055791d-9c3d-419c-82e9-75d0fad4e28d,1ebcef21-86e5-4387-9edf-681ad1950c1a,214.08,2027-01-16 15:09:28
539757dc-6ffa-45ed-81ff-37d91749e77b,664165ac-69e8-4e04-a65b-ab71b5d46333,204aefee-e4c2-41cd-a068-6f27b92e1f55,90a3d74e-7d45-49c8-8c87-526c528afc9d,500.0,2025-12-01 11:00:44
b8aa02e2-7c63-44a1-a06e-1f00e172f940,664165ac-69e8-4e04-a65b-ab71b5d46333,a8c21408-d888-4ebf-bf64-1beb1f76c30e,90a3d74e-7d45-49c8-8c87-526c528afc9d,129.43,2026-01-20 19:00:44
53b8541e-4ec8-47c9-9018-28b6411081dc,6649e0eb-dbda-4dda-98a9-8be41ebba61a,f66deeca-10ff-4a78-8916-a2dace35fd67,90a3d74e-7d45-49c8-8c87-526c528afc9d,500.0,2025-10-11 18:47:12
730e2512-d425-4c3b-b658-bc60129f7fb7,66ad2ab9-0831-4750-9ac0-7a273a094cff,7025c804-bf36-4b83-a4d8-7c80ce5a6c10,90a3d74e-7d45-49c8-8c87-526c528afc9d,404.03,2025-09-29 10:13:11
e104187b-9150-45bc-b4af-ff9afae13c68,66ad2ab9-0831-4750-9ac0-7a273a094cff,b99de2a7-81aa-445b-b17b-ab0f6a1a9598,5bf2e261-70cd-47b2-a184-b0f75481fdd5,200.0,2025-11-06 15:13:11
04781d09-c827-4e1c-bf46-fa78433fd41b,66ad2ab9-0831-4750-9ac0-7a273a094cff,b764aec0-3d96-449b-9434-582930155883,9e481250-ab48-4e77-aeab-8be45f9233dc,100.0,2026-01-13 00:13:11
433cea08-e2ba-46d1-b4c4-08a208bf53ff,67628539-ea46-41e9-b107-7352a02398c9,b01acf66-900f-4e91-a84d-cd8c6da2d6d5,90a3d74e-7d45-49c8-8c87-526c528afc9d,500.0,2026-07-28 03:10:53
28570a95-7f73-4600-aca7-db06e08cc08a,67628539-ea46-41e9-b107-7352a02398c9,9f4fc35f-145b-4028-9db6-aa26fd0e0f4f,90a3d74e-7d45-49c8-8c87-526c528afc9d,500.0,2026-07-31 06:10:53
7e6f9e3d-e94b-4034-82c1-9c7944904001,6794140a-f105-4afb-89ad-f8a78e7aeed8,a31624ae-b86c-4cac-a09c-3098815ebda0,90a3d74e-7d45-49c8-8c87-526c528afc9d,500.0,2026-07-22 11:16:20
898cba15-40b2-43e6-baf1-5c0ca83b1f4b,6794140a-f105-4afb-89ad-f8a78e7aeed8,c1fd7aed-664f-4128-ab92-d61b6f6cf3e7,9e481250-ab48-4e77-aeab-8be45f9233dc,100.0,2026-09-06 12:16:20
fd8bfa9f-eeb4-4537-9c40-e8adaa3b1971,67ae148a-431d-457d-832c-0dd7efa42d0f,aa2ecddb-0a66-4a24-8a36-997f418f5dcb,90a3d74e-7d45-49c8-8c87-526c528afc9d,495.4,2026-04-15 11:13:15
667a4b17-5f68-4977-b579-88504aec52a0,67ae148a-431d-457d-832c-0dd7efa42d0f,577e7b65-565c-4d28-ad52-61886619486d,3d5d41c8-14bf-49cd-91e6-aa9a36bea6bb,645.44,2026-05-02 01:13:15
ae42da6e-8b99-4921-970c-f0c99bbc5478,67ae148a-431d-457d-832c-0dd7efa42d0f,577e7b65-565c-4d28-ad52-61886619486d,9e481250-ab48-4e77-aeab-8be45f9233dc,100.0,2026-05-02 01:13:15
47af1686-444a-4d7f-a0bc-72afcda01fb9,67ae148a-431d-457d-832c-0dd7efa42d0f,87823088-2772-4772-88f4-4e2413edcf5d,24d8fa0e-5d24-4f3e-bf35-b7cea1b09e56,150.0,2026-05-09 23:13:15
575b9c0a-564b-4f24-9d9f-87f9d0364b84,67ae148a-431d-457d-832c-0dd7efa42d0f,87823088-2772-4772-88f4-4e2413edcf5d,9e481250-ab48-4e77-aeab-8be45f9233dc,100.0,2026-05-09 23:13:15
2372d429-973b-4361-bb1b-56021e0a76b6,680325cd-e728-4184-815b-213f81ed27d1,26cca1a0-d549-4a67-9a26-b3e7efea8cca,90a3d74e-7d45-49c8-8c87-526c528afc9d,500.0,2026-04-29 22:37:33
85bdca39-6eeb-4ed0-a3a4-5ae2ed38acb0,680325cd-e728-4184-815b-213f81ed27d1,bdaa2761-1f57-4966-95aa-ce503443c339,90a3d74e-7d45-49c8-8c87-526c528afc9d,500.0,2026-05-05 20:37:33
bbd3c596-9cd6-4d7b-a292-471c2f46da10,68948aaa-e88a-4cfe-99a2-6e13eae4b202,ee2a4523-d534-4658-8d12-049f45e883a8,90a3d74e-7d45-49c8-8c87-526c528afc9d,500.0,2025-12-16 19:20:37
6e4f932b-841f-4b99-8a88-36bf6f27187a,68948aaa-e88a-4cfe-99a2-6e13eae4b202,d6e3549b-a1ce-4738-9510-7202d13c17a4,9e481250-ab48-4e77-aeab-8be45f9233dc,100.0,2026-01-26 15:20:37
ea3bb1a8-03f7-4ed4-b0e8-346861c52fc3,68948aaa-e88a-4cfe-99a2-6e13eae4b202,f239894e-79b9-4bee-afc0-482f2013200c,24d8fa0e-5d24-4f3e-bf35-b7cea1b09e56,150.0,2026-01-30 20:20:37
4198a8ba-a762-45a9-9aea-824df9c6340e,68ed95e4-1004-4b05-a924-5e5b214b3ad0,2c7ec7b0-b6a1-485b-82fd-18be8dce56bf,90a3d74e-7d45-49c8-8c87-526c528afc9d,255.17,2026-01-17 13:51:47
67b1f746-c66e-4ec2-94e1-78850f3df785,68ed95e4-1004-4b05-a924-5e5b214b3ad0,2c7ec7b0-b6a1-485b-82fd-18be8dce56bf,9e481250-ab48-4e77-aeab-8be45f9233dc,51.03,2026-01-17 13:51:47
5742bbcb-00c0-42bd-82f4-d176466ef15f,6959b0ee-53b7-47c7-871a-b413278d3e4e,84c5ba14-f95e-4d09-b1dd-7649be58ab1e,de4ebad1-a920-4ecb-a6c7-3099945ea4e5,300.0,2025-11-08 19:55:56
29bcfeb5-92f7-49f4-9b88-ffec201aa462,6959b0ee-53b7-47c7-871a-b413278d3e4e,ed6dadbc-0547-4ab4-a56b-7eedfad3758c,9e481250-ab48-4e77-aeab-8be45f9233dc,100.0,2025-11-30 04:55:56
26444852-06ee-48cb-b585-603e9b33965a,6959b0ee-53b7-47c7-871a-b413278d3e4e,a2824656-64cd-4829-ba15-9634da3bdf46,9e481250-ab48-4e77-aeab-8be45f9233dc,100.0,2026-01-09 02:55:56
862dc8fb-0106-4d6f-a8b5-559a931db825,6959b0ee-53b7-47c7-871a-b413278d3e4e,8b1e0d6e-0630-42ce-9a02-9aa7e4e129d8,9e481250-ab48-4e77-aeab-8be45f9233dc,100.0,2026-02-02 09:55:56
abaf417c-10a1-46e9-b82b-f42daa2a42ed,6959b0ee-53b7-47c7-871a-b413278d3e4e,242ca1ed-1366-49d8-bc73-71881f627516,9e481250-ab48-4e77-aeab-8be45f9233dc,100.0,2026-03-30 17:55:56
001feaf4-12d5-4ee2-b1dc-4a12977012bb,69669f55-6c6a-41e4-8fbd-7b60efa70faf,4dbe8941-2639-4d84-a7d1-e4aaea68c207,1ebcef21-86e5-4387-9edf-681ad1950c1a,300.0,2026-12-10 13:50:30
6d1853bb-0e2c-47cb-bdaa-0c62ed6cb1a6,69991c45-20de-42cc-857e-5a250bc0c4af,bf951691-8aa9-4c99-a8f9-541d2cdeb846,90a3d74e-7d45-49c8-8c87-526c528afc9d,500.0,2026-05-09 06:57:48
118991d1-d4b3-4d3b-880b-3ca115afd2e0,69c240d9-5414-4f4e-be17-ece24aedc865,eae148ae-d75a-416b-8e11-d67447a59cbb,90a3d74e-7d45-49c8-8c87-526c528afc9d,500.0,2026-03-13 01:22:27
44b43898-1687-4b20-a720-f8b8cd5d79ea,6a07ca77-b19e-4123-a8a6-7ac456a729e9,c4313358-1c4e-42a4-9a9e-241c7e5585d3,90a3d74e-7d45-49c8-8c87-526c528afc9d,500.0,2026-03-21 10:33:57
38bffabc-24c2-46d7-a002-4e8daf066d02,6a33659c-8149-437d-8803-68a4a5d6d796,08bff16f-edc7-4b22-8f37-946596bf81ad,9e481250-ab48-4e77-aeab-8be45f9233dc,100.0,2026-01-30 15:01:39
d48b8783-87f9-419f-b934-ac7fa07620a0,6a33659c-8149-437d-8803-68a4a5d6d796,d9dc18a9-e8a3-4e8d-9cbd-c5bf74e435c8,3970ec98-085d-4cff-ace2-b47ad81d5d9a,268.82,2026-02-28 16:01:39
5a3cb0a1-1cdf-4870-8f5b-a7d3fa415d4e,6a33659c-8149-437d-8803-68a4a5d6d796,debc0b6a-c64d-4b56-a6c8-f2ffb675ba15,90a3d74e-7d45-49c8-8c87-526c528afc9d,500.0,2026-05-02 20:01:39
38dc44dc-328b-4107-9354-2dd98b7693f7,6a4c1ff9-995e-40d2-a9bd-1e6b5bdb0996,f7b45689-f43c-42d0-8e31-ae6894f5ee6a,1ebcef21-86e5-4387-9edf-681ad1950c1a,300.0,2025-11-04 22:41:22
9a60e2c2-f3ba-4bea-a213-3a431407bdcd,6ac3b762-8b20-4d93-8077-69f30cb7857b,1b315704-8e83-4ff9-a0c2-63d725eca17b,90a3d74e-7d45-49c8-8c87-526c528afc9d,500.0,2025-12-21 04:14:24
c1076af7-611c-4be7-b4a6-d7e368fb6219,6c7bb133-dd61-4227-9d21-d720af91d2dc,34fdcc15-a233-4860-9eae-c7469bd7d7f9,90a3d74e-7d45-49c8-8c87-526c528afc9d,500.0,2026-04-20 16:56:37
f74d918d-5c67-4742-a457-d18648bcf164,6c9d60a4-6942-4c52-8f41-c39ca3af8414,a1355c63-5269-4dc3-9500-5cde881d0bfa,90a3d74e-7d45-49c8-8c87-526c528afc9d,491.56,2026-04-18 21:02:05
17dc2de4-5ad1-439f-8a03-111d0aa08616,6c9d60a4-6942-4c52-8f41-c39ca3af8414,87027872-7b74-42fc-afc7-7cb3c08a6ea8,1ebcef21-86e5-4387-9edf-681ad1950c1a,130.6,2026-06-29 08:02:05
d059083a-d021-4a30-b2a5-041665b9aa6e,6c9d60a4-6942-4c52-8f41-c39ca3af8414,87027872-7b74-42fc-afc7-7cb3c08a6ea8,9e481250-ab48-4e77-aeab-8be45f9233dc,65.3,2026-06-29 08:02:05
bf34c2a0-055a-47a2-bbff-703ba8367e48,6c9d60a4-6942-4c52-8f41-c39ca3af8414,b6dff60f-0b20-4be9-9ba9-5c8f3e741c96,9e481250-ab48-4e77-aeab-8be45f9233dc,94.41,2026-08-07 08:02:05
d4797755-3404-4d7d-9f85-1a705d0807f1,6c9d60a4-6942-4c52-8f41-c39ca3af8414,6b1339a2-ceda-4a78-a3a0-74213b205f50,3d5d41c8-14bf-49cd-91e6-aa9a36bea6bb,88.3,2026-09-30 16:02:05
ef5f6431-c38d-4a50-872f-9136ffa019a0,6cf57c06-2ce5-4e2e-9650-9ba31df24e54,309b9816-2c0b-487e-b414-6fa3dd656ecf,90a3d74e-7d45-49c8-8c87-526c528afc9d,500.0,2025-12-15 20:33:42
1616e1ae-44ce-4971-90b8-800379e1aad2,6cf57c06-2ce5-4e2e-9650-9ba31df24e54,198d4008-3544-4281-ab73-c159e48b95d5,1ebcef21-86e5-4387-9edf-681ad1950c1a,300.0,2026-02-25 18:33:42
16f1d037-6f29-4a10-966f-1a7d79dca311,6d83e00b-a4b0-4ac8-8bd4-b4f2cbccaacc,5e3668d9-33c5-4ccd-9ec2-e15952c67ad9,90a3d74e-7d45-49c8-8c87-526c528afc9d,500.0,2026-07-03 03:15:14
194a8b1f-0053-4eb0-baec-701b5de0cf1c,6d83e00b-a4b0-4ac8-8bd4-b4f2cbccaacc,1c0f2b8e-9cbb-4108-bb31-7f098fc6fbcc,9e481250-ab48-4e77-aeab-8be45f9233dc,100.0,2026-09-03 01:15:14
a1e3c9c0-c24c-4d8d-ada6-8ae35896b2b1,6dfb93fd-1806-422e-ac16-7fba6cec92f8,196a2cbc-ddcc-40b6-9ce9-261faa52ccad,90a3d74e-7d45-49c8-8c87-526c528afc9d,500.0,2026-07-18 05:48:21
a08ec40e-5f31-4a69-bb11-70ff9787da6f,6dfb93fd-1806-422e-ac16-7fba6cec92f8,9f49c8a9-def3-4689-8601-bd2568f29ee1,1ebcef21-86e5-4387-9edf-681ad1950c1a,300.0,2026-08-02 23:48:21
ae4edba8-de67-4442-84b4-a4aedd5eb61a,6dfb93fd-1806-422e-ac16-7fba6cec92f8,64547ae5-fe06-4e6b-bdf1-bc8953d552a4,9e481250-ab48-4e77-aeab-8be45f9233dc,100.0,2026-08-30 23:48:21
f11dd87c-d7ab-4497-a31e-b3f7e12597fe,6dfb93fd-1806-422e-ac16-7fba6cec92f8,b3afe11a-f60c-45c3-92c5-dee06b44106e,3d5d41c8-14bf-49cd-91e6-aa9a36bea6bb,276.26,2027-01-09 09:48:21
5d958c94-0601-4b1d-b0eb-c2b47e30e7a1,6e0f3c45-63cc-4a2f-b556-66fd3fa352b8,748cb228-e47a-445c-8fe4-496b8adf904a,de4ebad1-a920-4ecb-a6c7-3099945ea4e5,300.0,2025-12-30 16:32:33
bb5d1c46-d8a2-4a9d-8157-0e37fb5aa4b9,6e0f3c45-63cc-4a2f-b556-66fd3fa352b8,5edc3382-4880-4b89-af49-760186a8cba9,9e481250-ab48-4e77-aeab-8be45f9233dc,32.6,2026-02-06 01:32:33
3fdbe94c-5131-49bc-8a74-fcded3edb6c2,6e93039b-ccd9-4cbb-bb74-e21bd16fc8c2,c1e28f81-a283-404c-878b-6fec33112df0,90a3d74e-7d45-49c8-8c87-526c528afc9d,500.0,2026-08-25 01:00:45
2ae53860-2535-4188-a38b-67e3e399136d,6e93039b-ccd9-4cbb-bb74-e21bd16fc8c2,36822775-eeb2-49de-9e2f-64b97bf52f5e,07c2e98c-db2a-4e92-8552-8a461b6d2353,600.0,2026-10-11 20:00:45
7e063391-6a69-404e-b1a7-905c915822df,6e93039b-ccd9-4cbb-bb74-e21bd16fc8c2,668dad0e-630e-4670-8113-5797f323ba36,de4ebad1-a920-4ecb-a6c7-3099945ea4e5,300.0,2026-11-25 18:00:45
749bf283-d88c-4442-8d07-d428deb5dc7c,6e93039b-ccd9-4cbb-bb74-e21bd16fc8c2,668dad0e-630e-4670-8113-5797f323ba36,9e481250-ab48-4e77-aeab-8be45f9233dc,100.0,2026-11-25 18:00:45
1d09c2c2-b8f3-4802-b637-5c5295dc80d7,6ea1e4ff-1394-490f-9386-7ab026820b26,08eece70-be39-4ba8-a4ba-ac224cc0ae13,9e481250-ab48-4e77-aeab-8be45f9233dc,100.0,2026-04-07 00:37:58
8bb0cf81-5719-4ed6-9492-de531c7a2882,6ea1e4ff-1394-490f-9386-7ab026820b26,df443e45-3848-4c19-8a07-f1633c0b03f5,07c2e98c-db2a-4e92-8552-8a461b6d2353,155.23,2026-06-11 03:37:58
040aced0-cf99-4cd0-866b-2eb87a29f8eb,6ecc7e6f-c6f2-4671-b3c0-2f0f785c14c5,f2b88aaa-8f5a-4d4f-a481-34813cbf29c5,3970ec98-085d-4cff-ace2-b47ad81d5d9a,814.01,2026-04-12 01:11:09
d4c4892e-7b6e-4fdd-b559-a24247b2bb91,6f9037c6-725d-401f-b1dd-006364f44b50,9c25bab6-5201-44ab-b16b-30f954f68bdf,90a3d74e-7d45-49c8-8c87-526c528afc9d,500.0,2026-03-22 06:55:10
1e4e9f14-4b4c-466d-a9e3-c5d94601687b,6fd47d28-0d88-42ca-b124-c6056a94170b,38a8c445-a327-40ff-82aa-636a2dca4993,90a3d74e-7d45-49c8-8c87-526c528afc9d,481.28,2026-08-06 02:39:00
9bcc8230-8928-40bb-be88-4910c3a53170,6fd47d28-0d88-42ca-b124-c6056a94170b,9f9caa22-dbfd-4b7e-9295-2fe5ab8ac4f3,3d5d41c8-14bf-49cd-91e6-aa9a36bea6bb,222.32,2026-12-11 06:39:00
5da4e5f1-7620-4fed-8dc7-b24bb9842eae,6fe34e6f-ae63-4440-a478-23efc8792f63,4657f3c2-93fb-4da9-8896-3cdcbfacc5dd,90a3d74e-7d45-49c8-8c87-526c528afc9d,487.57,2025-10-30 09:22:28
7d4934b0-ebfe-4ac4-bc92-b4d9f11cda0b,6fe34e6f-ae63-4440-a478-23efc8792f63,82909f4b-00db-443e-b27f-b0b3db660467,90a3d74e-7d45-49c8-8c87-526c528afc9d,254.51,2025-12-05 22:22:28
849f993d-14a6-4617-8515-104107d92f23,6fe34e6f-ae63-4440-a478-23efc8792f63,e4cfae9e-9eb6-4fdf-a1eb-3cf475e4bb8e,24d8fa0e-5d24-4f3e-bf35-b7cea1b09e56,150.0,2026-01-18 07:22:28
4d23bfd3-de40-449a-9952-942217454499,6fe34e6f-ae63-4440-a478-23efc8792f63,23967406-5c91-45db-b06e-7a0d717fd3e5,9e481250-ab48-4e77-aeab-8be45f9233dc,100.0,2026-02-01 07:22:28
e4fe07e4-e3df-4fc3-a926-c9868ce59e39,703c97dc-7dd6-47db-91aa-f706deee2f23,abef6455-108e-43aa-8072-4c6fb2ca12df,90a3d74e-7d45-49c8-8c87-526c528afc9d,500.0,2026-05-27 21:45:20
c80ae761-ab23-4cfe-98ae-f9c2866e9d06,703c97dc-7dd6-47db-91aa-f706deee2f23,abef6455-108e-43aa-8072-4c6fb2ca12df,9e481250-ab48-4e77-aeab-8be45f9233dc,100.0,2026-05-27 21:45:20
380b6661-6140-4c70-b57f-acffc86a79fd,703c97dc-7dd6-47db-91aa-f706deee2f23,24269dea-c282-4e6d-ba83-e18932a56a27,9e481250-ab48-4e77-aeab-8be45f9233dc,100.0,2026-07-31 13:45:20
f216179e-6615-4c34-8258-4515b0dfe970,70818f63-c505-40f0-bf19-50dc27bf9b18,c06963c8-5027-44ab-95d3-9a173eb00909,90a3d74e-7d45-49c8-8c87-526c528afc9d,500.0,2025-12-24 05:21:59
7c520ca0-b718-4862-a2d4-1802e2829f7f,70818f63-c505-40f0-bf19-50dc27bf9b18,2f8b175b-e0f5-4176-8d9d-2659e048a4dc,9e481250-ab48-4e77-aeab-8be45f9233dc,100.0,2026-01-10 07:21:59
5b6b85b4-69ce-433b-88eb-bb0c082303c5,70818f63-c505-40f0-bf19-50dc27bf9b18,08ea92e4-c974-4a03-b402-8c5e41349222,9e481250-ab48-4e77-aeab-8be45f9233dc,100.0,2026-03-13 19:21:59
212804a1-8e40-45c3-8099-bb4550dce670,70c645e8-b5f0-45da-aa01-86e1d74304da,c7069de6-1a10-4300-bd14-7c2bdaddf25d,90a3d74e-7d45-49c8-8c87-526c528afc9d,500.0,2026-04-13 11:52:45
5483db4d-14f1-49ff-8890-a9c2ed5f4a96,70c645e8-b5f0-45da-aa01-86e1d74304da,518a9c07-1962-49d3-8926-9cca84090b16,9e481250-ab48-4e77-aeab-8be45f9233dc,100.0,2026-04-24 04:52:45
9cd1b331-1da5-410e-898e-45aaf65fc654,70c645e8-b5f0-45da-aa01-86e1d74304da,309bf802-4faa-41c6-83b7-2d29217fe7f0,9ce660d5-a7ff-4a73-8d8d-815013fde01d,400.0,2026-08-12 11:52:45
871a657d-72b2-4e1c-91a9-9bf7d1692c05,70c645e8-b5f0-45da-aa01-86e1d74304da,5b076d07-d5bd-4129-9b4a-6360cea90350,9e481250-ab48-4e77-aeab-8be45f9233dc,100.0,2026-08-13 15:52:45
cff90ae1-7f88-45cc-acb4-e814249d51fd,70c645e8-b5f0-45da-aa01-86e1d74304da,d7c158c4-cf18-45cb-be31-276d98019793,de4ebad1-a920-4ecb-a6c7-3099945ea4e5,300.0,2026-08-14 05:52:45
617cca09-7bdb-42d8-959f-9cf553a29ae8,7134f3f0-6103-4e1c-adb5-3564b009a4fe,c90002d9-e3d4-4390-b119-3a69818a5bbc,90a3d74e-7d45-49c8-8c87-526c528afc9d,325.58,2025-11-25 00:33:47
fddd5978-5f98-4cbe-b05f-94307d774e40,71d097c8-ece2-4c25-8ed4-40aee61ab466,1103e10c-6bd2-4277-8539-745342ab4829,90a3d74e-7d45-49c8-8c87-526c528afc9d,342.75,2025-11-26 21:50:36
f844029c-2bf3-4402-a9f9-58439162e601,71d097c8-ece2-4c25-8ed4-40aee61ab466,540dda6f-3b51-40f9-a636-03aa9f36fe12,de4ebad1-a920-4ecb-a6c7-3099945ea4e5,278.12,2026-01-07 16:50:36
22862611-a8e9-4833-9c61-c1f1ba49ee62,722df010-c966-4aee-8cf7-e14ce57f8198,af6367d4-6c00-4148-a1ee-d7430d57d33f,9e481250-ab48-4e77-aeab-8be45f9233dc,100.0,2026-02-06 07:44:23
a295e52a-27aa-4aa5-a910-5f3b72c62bf5,722df010-c966-4aee-8cf7-e14ce57f8198,323ea27c-7dcd-4ac6-a9a1-9b7dec1c00dd,de4ebad1-a920-4ecb-a6c7-3099945ea4e5,206.63,2026-04-08 02:44:23
49c527b5-12b2-4e06-83d0-8a6d909fdc5b,722df010-c966-4aee-8cf7-e14ce57f8198,a240210f-39cf-41f7-8ae2-8b1989a4147b,5bf2e261-70cd-47b2-a184-b0f75481fdd5,138.88,2026-05-26 20:44:23
cc04f012-5952-4818-9bf0-b9134bbdcc49,722df010-c966-4aee-8cf7-e14ce57f8198,b7ee5620-2d9e-444f-b2c4-f4c5a0020277,3970ec98-085d-4cff-ace2-b47ad81d5d9a,166.13,2026-06-02 09:44:23
38811398-9f7d-45cb-a87d-e62c7c7a5de1,7267ae5b-9c62-484c-a6a6-ecf97f372411,fe25d180-2d63-49ca-a6fb-06223d45eb0a,90a3d74e-7d45-49c8-8c87-526c528afc9d,500.0,2025-12-11 05:15:18
3209fc9e-aa98-4c6f-ab88-7357aec999c6,727084c0-46cf-416b-a211-19c97dd2a435,90e56d4d-d01d-44b3-be38-215fc00ae1c3,90a3d74e-7d45-49c8-8c87-526c528afc9d,500.0,2026-07-22 06:45:42
3c4462d2-d429-4743-a0a1-042891383d58,727084c0-46cf-416b-a211-19c97dd2a435,90e56d4d-d01d-44b3-be38-215fc00ae1c3,9e481250-ab48-4e77-aeab-8be45f9233dc,100.0,2026-07-22 06:45:42
f898380c-0111-4f13-88cf-ed33a141158a,727084c0-46cf-416b-a211-19c97dd2a435,53e926fa-e933-4909-a6b2-91b968f42a81,9e481250-ab48-4e77-aeab-8be45f9233dc,100.0,2026-08-24 23:45:42
a19728c4-5393-4905-ae34-fecccbbe25ca,727084c0-46cf-416b-a211-19c97dd2a435,69dce856-b1f8-4085-ba6a-9f3fd855c050,9e481250-ab48-4e77-aeab-8be45f9233dc,100.0,2026-11-03 09:45:42
76b3fa67-bfc0-4beb-b9cb-1bcd47f24f32,728071b8-92e1-4743-94e3-34cf55c772bf,aa541933-2f6b-4bde-b082-993384796029,90a3d74e-7d45-49c8-8c87-526c528afc9d,500.0,2025-11-16 10:20:01
c3a60b35-3860-4c00-8638-fd42681583c1,728071b8-92e1-4743-94e3-34cf55c772bf,b7d7b788-b6c5-4ad3-810e-bdcbca7c952d,9ce660d5-a7ff-4a73-8d8d-815013fde01d,400.0,2026-01-21 11:20:01
bd62f8fe-7b4e-4eb5-870e-ed3d8a58c505,729b6260-8f34-4658-9959-30c63229c085,3f3bb1ae-b7e8-4782-80d6-1bfc186dc2df,90a3d74e-7d45-49c8-8c87-526c528afc9d,500.0,2026-05-27 12:34:41
c745739c-2157-4769-b773-0cc03c1a7874,72e2d77f-5525-4844-ba7e-f70c7aa66084,4e49d565-815b-4daf-9d32-8af370e91961,90a3d74e-7d45-49c8-8c87-526c528afc9d,500.0,2026-11-07 16:49:24
960dae9d-697c-4bc8-8f32-0aa135d7e640,72e2d77f-5525-4844-ba7e-f70c7aa66084,4e49d565-815b-4daf-9d32-8af370e91961,9e481250-ab48-4e77-aeab-8be45f9233dc,100.0,2026-11-07 16:49:24
1981051e-f8c5-45cd-9dfe-cfd6ea708c3f,72e2d77f-5525-4844-ba7e-f70c7aa66084,0f7bf699-48ce-41e8-b03d-e72650296ad5,24d8fa0e-5d24-4f3e-bf35-b7cea1b09e56,150.0,2026-11-12 15:49:24
354a7d33-6861-425d-ae1c-bf830c2fb010,72e2d77f-5525-4844-ba7e-f70c7aa66084,36119dfd-4c3c-41cf-9f20-884a8f65a967,9e481250-ab48-4e77-aeab-8be45f9233dc,100.0,2027-01-20 06:49:24
576ea511-3938-4686-bbba-7574ed9e0157,73ea84dd-ecfe-4930-a016-c19db112fff0,8c9d7fc0-559b-4c5f-9131-b9029f4befcf,90a3d74e-7d45-49c8-8c87-526c528afc9d,500.0,2026-09-16 22:05:16
355dbe7d-2bd3-409c-ac4e-5f02c2e2348c,73ea84dd-ecfe-4930-a016-c19db112fff0,8c9d7fc0-559b-4c5f-9131-b9029f4befcf,9e481250-ab48-4e77-aeab-8be45f9233dc,100.0,2026-09-16 22:05:16
27f2a140-6584-47c4-a704-5fab4c79b4b5,73f26bdf-8e38-4063-9981-023bdf98283b,58acb5d9-5981-423d-adc8-b0ddde2643c2,90a3d74e-7d45-49c8-8c87-526c528afc9d,500.0,2026-01-31 12:54:40
fdaf6cc3-cf86-4fa6-b6b6-3bc6c2e093d3,73f26bdf-8e38-4063-9981-023bdf98283b,77c7f084-37c3-47d0-95c0-48840339c30d,9e481250-ab48-4e77-aeab-8be45f9233dc,100.0,2026-04-30 21:54:40
8db915c1-7f10-4d92-ad87-8ffb806e2606,73f26bdf-8e38-4063-9981-023bdf98283b,61047db7-3faa-4121-af75-d5365899f911,3970ec98-085d-4cff-ace2-b47ad81d5d9a,1000.0,2026-07-20 12:54:40
ab8c49c6-fe7a-44ed-b913-6e65019eb7fe,73f26bdf-8e38-4063-9981-023bdf98283b,61047db7-3faa-4121-af75-d5365899f911,9e481250-ab48-4e77-aeab-8be45f9233dc,100.0,2026-07-20 12:54:40
69d4953d-fe1a-4ba1-b7bf-016e027be2ee,74253f7d-9626-4c77-ae38-56982e2a5745,2982ae9a-cf5e-4e6a-a81c-80e1c118178c,90a3d74e-7d45-49c8-8c87-526c528afc9d,500.0,2026-07-13 20:34:10
52fa5886-96b6-4fbd-b66b-2ea854e29a0a,74253f7d-9626-4c77-ae38-56982e2a5745,2982ae9a-cf5e-4e6a-a81c-80e1c118178c,9e481250-ab48-4e77-aeab-8be45f9233dc,100.0,2026-07-13 20:34:10
d544b47c-857f-4aa1-99f9-ea11ec9d71c0,74253f7d-9626-4c77-ae38-56982e2a5745,cba67be8-39fb-4132-8d2c-1a68c79e2b93,9e481250-ab48-4e77-aeab-8be45f9233dc,100.0,2026-07-23 16:34:10
d7895d9f-309e-43e4-b607-97c5073b550e,74253f7d-9626-4c77-ae38-56982e2a5745,050b679e-b979-4587-aa13-342264eeb323,24d8fa0e-5d24-4f3e-bf35-b7cea1b09e56,150.0,2026-07-31 15:34:10
27e14b5d-afa4-43ec-81e2-73dbfffa9d42,74253f7d-9626-4c77-ae38-56982e2a5745,050b679e-b979-4587-aa13-342264eeb323,9e481250-ab48-4e77-aeab-8be45f9233dc,100.0,2026-07-31 15:34:10
0b8530a4-85d4-4c7e-94ac-6361b4811a60,74253f7d-9626-4c77-ae38-56982e2a5745,15a6f478-8864-470e-b82e-2178bb0b1188,9e481250-ab48-4e77-aeab-8be45f9233dc,100.0,2026-08-21 14:34:10
1417a736-34d1-45e6-9694-512ff7f94f8e,74253f7d-9626-4c77-ae38-56982e2a5745,90181f3d-a486-42d5-b3c3-0a70ef77c9c0,9e481250-ab48-4e77-aeab-8be45f9233dc,100.0,2026-09-06 13:34:10
c09b8cb3-3213-4e98-88b6-1a7b65871172,74253f7d-9626-4c77-ae38-56982e2a5745,3a754fff-a39f-472d-8abd-d6ee90a11549,90a3d74e-7d45-49c8-8c87-526c528afc9d,430.51,2026-09-14 16:34:10
06bd9518-bb49-438f-aba4-9012922ed4e3,74253f7d-9626-4c77-ae38-56982e2a5745,555abcd7-eb05-4a81-a793-944710b44584,9e481250-ab48-4e77-aeab-8be45f9233dc,100.0,2026-09-18 01:34:10
af4d4991-972c-4eff-ad6c-692e15c9f9dd,74253f7d-9626-4c77-ae38-56982e2a5745,84157c67-06fb-4d4e-aed8-a9d88b6dd4e5,9e481250-ab48-4e77-aeab-8be45f9233dc,100.0,2026-11-26 11:34:10
e9b84bdb-b1d2-4f71-b50f-d78ef6fdb38a,74f39d36-f3f6-437b-a6b8-d90883f5703b,17633478-0108-4890-aafd-41d577ea18a0,90a3d74e-7d45-49c8-8c87-526c528afc9d,500.0,2025-10-03 16:53:22
b63fc742-7cb9-4042-a7bf-bf4f56ffe628,74f39d36-f3f6-437b-a6b8-d90883f5703b,17633478-0108-4890-aafd-41d577ea18a0,9e481250-ab48-4e77-aeab-8be45f9233dc,100.0,2025-10-03 16:53:22
a0998944-374f-4306-9558-cbe3bd38284c,750c378d-296f-4cf7-90ce-37f505445c0b,b0e7ca0a-b198-4806-bd3e-04003d480b28,90a3d74e-7d45-49c8-8c87-526c528afc9d,500.0,2026-08-01 02:17:07
0ee8403e-79a5-4b47-92c1-100b703610e6,75c9f1e2-0fb9-463c-81f0-5f3be879707e,edcf3b1a-9895-4fe5-96bc-76c971757121,9e481250-ab48-4e77-aeab-8be45f9233dc,100.0,2026-04-06 01:31:32
bd8a0e73-3f84-4012-b3ce-70b45633b042,7681b327-4555-4527-b4f3-fa91197a7bc6,8c791c90-d8a3-47d3-bb09-ae3742fd9a27,1ebcef21-86e5-4387-9edf-681ad1950c1a,300.0,2025-10-19 03:38:17
c1e9fd30-9419-4966-a589-2b97e0ae6dc3,76a5bd9f-7795-428f-aaab-0f1fcec8325d,f4893577-c415-45fd-abce-b4b35ae21a88,90a3d74e-7d45-49c8-8c87-526c528afc9d,500.0,2026-06-21 20:07:50
1fc84877-62a4-4fbf-98fd-d92a1dd6890b,76a5bd9f-7795-428f-aaab-0f1fcec8325d,29bfb230-d655-4926-8873-6fd9033f6a1f,9e481250-ab48-4e77-aeab-8be45f9233dc,100.0,2026-09-17 15:07:50
d79eb6d0-61d3-49ec-a21a-94377691911e,76a5bd9f-7795-428f-aaab-0f1fcec8325d,390feac6-e266-4a41-82ca-94cb0b6ed366,24d8fa0e-5d24-4f3e-bf35-b7cea1b09e56,150.0,2026-11-09 21:07:50
573a1606-f75a-4597-810e-4b67fda3d7ee,76a5bd9f-7795-428f-aaab-0f1fcec8325d,390feac6-e266-4a41-82ca-94cb0b6ed366,9e481250-ab48-4e77-aeab-8be45f9233dc,100.0,2026-11-09 21:07:50
cd044860-eb51-411d-b293-e0882a175a69,76c890ad-a937-4308-b221-6a406c4c070c,62f136fb-e1c8-49bf-a31e-44d936caa1c0,90a3d74e-7d45-49c8-8c87-526c528afc9d,490.88,2026-11-07 10:33:14
960575b6-526a-4e2d-8eab-d9f1b37879b7,76c922f8-f576-4e1f-bc7b-aa66fee4e710,3a438831-8f53-4e04-b4be-678d0678c8f8,3d5d41c8-14bf-49cd-91e6-aa9a36bea6bb,121.8,2026-05-01 17:15:17
8f932b1d-1e8a-4065-9245-bc981afaaef0,7718b348-c34b-4ff4-9b91-7e7408a55022,2ae64381-4409-49ca-9793-dc16c631794b,90a3d74e-7d45-49c8-8c87-526c528afc9d,500.0,2026-06-21 19:35:42
019d6b25-1512-490a-8e7b-f1d9ae798640,7718b348-c34b-4ff4-9b91-7e7408a55022,c125c6e6-e520-4397-ba61-8d02e89c1230,9e481250-ab48-4e77-aeab-8be45f9233dc,100.0,2026-10-23 08:35:42
68307917-0b45-4bbb-bfa4-ede5a2db1581,7718b348-c34b-4ff4-9b91-7e7408a55022,c21fb455-8581-418d-8cd9-0397e26ad51f,3970ec98-085d-4cff-ace2-b47ad81d5d9a,748.7,2026-11-30 02:35:42
a93ab412-e3cd-41c5-9463-54458d538e57,7718b348-c34b-4ff4-9b91-7e7408a55022,752d0c4f-0a5d-4aa0-81e6-875c678a3934,de4ebad1-a920-4ecb-a6c7-3099945ea4e5,300.0,2026-11-30 21:35:42
c861c6fb-16ed-4726-8d93-f88c36f3dcb5,77bd8d08-58ec-4f2c-99c6-baa0464ef7a8,78772e9c-db28-49e9-aae2-1d8a28f42f3d,90a3d74e-7d45-49c8-8c87-526c528afc9d,500.0,2026-04-29 22:58:16
65a158e4-06c1-4e4b-98fa-1e4feed07df6,77bd8d08-58ec-4f2c-99c6-baa0464ef7a8,4e977f23-6427-4b3c-b1ea-eb9b6303289b,3d5d41c8-14bf-49cd-91e6-aa9a36bea6bb,424.0,2026-07-07 08:58:16
6977fd7b-b917-4016-80d1-7c7a358a89ec,77bd8d08-58ec-4f2c-99c6-baa0464ef7a8,24a51734-5ee6-42c7-95a7-e01248cfb748,1ebcef21-86e5-4387-9edf-681ad1950c1a,300.0,2026-07-09 18:58:16
05dc5002-3f4b-463e-b87c-79bb2e2ebc93,77bd8d08-58ec-4f2c-99c6-baa0464ef7a8,fb572038-0dec-4a35-8efd-cce4771c0e36,9e481250-ab48-4e77-aeab-8be45f9233dc,43.43,2026-08-05 21:58:16
6ea722d0-bea3-434a-8f98-5222afbd3aa0,784f0bde-b428-403c-9d5d-103cff936109,57488184-c005-4c34-811c-d26a41494987,90a3d74e-7d45-49c8-8c87-526c528afc9d,500.0,2026-08-07 15:09:33
2ec88da2-e8e3-4c9c-a21e-f87fb1fe7a59,784f0bde-b428-403c-9d5d-103cff936109,8dd2746b-d731-43b2-af88-1f429d6ba117,24d8fa0e-5d24-4f3e-bf35-b7cea1b09e56,150.0,2026-08-24 05:09:33
cb1b163e-f412-4fb1-bca6-7c4c533599ec,784f0bde-b428-403c-9d5d-103cff936109,cbf0899b-8297-41e9-a7e2-2eb63a6aa609,90a3d74e-7d45-49c8-8c87-526c528afc9d,500.0,2026-12-28 21:09:33
8b1f0950-a0c6-40de-8987-16e98722cba9,785446ef-9cf9-4441-9773-347432ae47f8,ac131080-cf0d-4fd5-9996-9a70628f2604,90a3d74e-7d45-49c8-8c87-526c528afc9d,500.0,2025-12-03 23:54:23
4479feae-68b1-4384-aa58-1ce95a43fdf5,785446ef-9cf9-4441-9773-347432ae47f8,ac131080-cf0d-4fd5-9996-9a70628f2604,9e481250-ab48-4e77-aeab-8be45f9233dc,100.0,2025-12-03 23:54:23
3586854c-acfd-4989-ac2d-d4caf0216b72,785446ef-9cf9-4441-9773-347432ae47f8,9744ab06-295f-426f-915e-3e9655884581,3d5d41c8-14bf-49cd-91e6-aa9a36bea6bb,468.82,2025-12-15 11:54:23
a3181ea8-d4e9-42a1-b1aa-843ba1066a62,785446ef-9cf9-4441-9773-347432ae47f8,bb5b1d53-89a2-4d6a-8539-8e7438b00780,07c2e98c-db2a-4e92-8552-8a461b6d2353,600.0,2026-04-01 08:54:23
4deaee8f-2651-4d01-a92b-83592e361277,785a22b8-cae0-4277-b7d2-dce8f4f0d61f,a0faa642-e3c5-45d2-87d0-33e2eb676834,90a3d74e-7d45-49c8-8c87-526c528afc9d,500.0,2026-08-19 17:21:56
c5018bbe-afff-4a33-b75f-7598bf82c675,791deff1-3d7c-4898-9f58-25487b9882ca,2c040f71-8b86-4856-87ae-2e9c50f85b5e,90a3d74e-7d45-49c8-8c87-526c528afc9d,500.0,2026-01-04 17:12:31
040a522d-b7d6-4656-8008-9c67fcf4e952,791deff1-3d7c-4898-9f58-25487b9882ca,c9b0771c-2b41-4714-b7b6-98d5dbef02d9,5bf2e261-70cd-47b2-a184-b0f75481fdd5,200.0,2026-01-30 17:12:31
1c72ab5c-ea2d-4e03-868e-106176d41e7c,794c19ec-5036-4626-91f2-085e2cc8fdd4,1d3b40ed-0185-424d-8231-47ada3786a89,90a3d74e-7d45-49c8-8c87-526c528afc9d,220.41,2026-10-12 21:04:04
4a6a931e-154b-48e1-94c7-66e943f73110,795df36d-d50e-407b-85a9-eab244de925b,01e38ab3-9eab-4b0a-ba29-d91dcd4068f1,5bf2e261-70cd-47b2-a184-b0f75481fdd5,200.0,2026-09-07 10:17:01
ebbf9949-0903-4773-a61a-5008e5b726d1,797d6989-6da4-46bb-8499-15a05efbfca1,f1a86285-3e26-42f7-81e1-5a9f6ba1f62f,90a3d74e-7d45-49c8-8c87-526c528afc9d,500.0,2026-03-16 01:22:51
3a6fca9d-6131-4abd-a81e-887f40ca21c8,79c65869-078d-49fa-9a63-73fd220665ef,7b1e54a0-ba74-450d-ba85-1a25876bd06e,9e481250-ab48-4e77-aeab-8be45f9233dc,100.0,2026-08-20 14:53:22
98df9695-e545-4654-9a00-b77e5f4f6594,79c65869-078d-49fa-9a63-73fd220665ef,2fd347d9-0591-4dbf-b9c4-1d85fb07824b,9e481250-ab48-4e77-aeab-8be45f9233dc,52.36,2026-08-24 03:53:22
2cd7ea1c-02f7-4478-a9d7-a2d2483acd08,7a9e0f92-1028-4ca4-ae68-a5cfc8c2c60e,06b4f64e-d11d-4087-be7c-61f0fb8476e5,90a3d74e-7d45-49c8-8c87-526c528afc9d,500.0,2026-08-05 00:31:26
53699826-5bf2-4ca0-b30a-d1a9da7682ff,7afa0fbf-bf3e-4671-8d06-9c6234080b0d,6c0d7040-8561-45ef-89a7-84e9009d7b56,90a3d74e-7d45-49c8-8c87-526c528afc9d,500.0,2025-10-14 00:19:21
2f13879d-618b-4a25-9b6b-1e06996972ff,7b8d7f8a-1a26-49e8-ae81-b5a4222db3c8,633c23af-9f5e-44cc-9476-6bc1d6513730,3d5d41c8-14bf-49cd-91e6-aa9a36bea6bb,798.91,2026-04-08 02:05:27
be70e271-2df8-4891-9db6-9a53a807554a,7b8d7f8a-1a26-49e8-ae81-b5a4222db3c8,8ee248f8-8481-4a2f-acb0-7e7e07712f55,90a3d74e-7d45-49c8-8c87-526c528afc9d,500.0,2026-04-13 08:05:27
64089951-a395-4af5-ad3c-3d618fe7c1b1,7b8d7f8a-1a26-49e8-ae81-b5a4222db3c8,e44fd344-6a02-4098-ab5f-c0d28830584d,9e481250-ab48-4e77-aeab-8be45f9233dc,100.0,2026-04-18 01:05:27
156be7e8-2f53-4e15-8622-d07cc7f030a9,7bf6019d-c74e-4a65-835a-5374451d5a59,2afca0a0-7ed9-4cec-a4cf-5444125c9e38,9e481250-ab48-4e77-aeab-8be45f9233dc,100.0,2026-06-29 04:12:03
11138ffb-37af-4b56-b841-913bd4fa93f7,7c21b1c2-c550-4297-915e-973313aafb88,9a9008e9-773d-48ab-a199-b3ecbe90b3bc,90a3d74e-7d45-49c8-8c87-526c528afc9d,500.0,2026-10-16 14:50:07
bc73bae8-e5d6-4774-bb59-c6819224344b,7c21b1c2-c550-4297-915e-973313aafb88,d2bfd77e-fe5c-49c5-a131-bd4bd46d793b,de4ebad1-a920-4ecb-a6c7-3099945ea4e5,300.0,2026-11-24 02:50:07
48fc0951-b13a-4655-bf90-955c4eebd657,7cd9e007-22a1-4e6e-be77-23b9d96cb87f,f84551d4-d26a-4eee-a052-3ad83b4a5fe5,90a3d74e-7d45-49c8-8c87-526c528afc9d,500.0,2025-12-13 03:34:02
19e2d096-44d6-4fce-a5cb-8e6a370f8933,7d4808a6-6f99-4676-a678-cd3d2d52ef76,06d2c2ba-8aaf-4121-8c2a-afc9b37bd6f1,90a3d74e-7d45-49c8-8c87-526c528afc9d,500.0,2026-07-23 17:07:20
b5c52839-9a79-42d1-886c-6d48324aa975,7d4808a6-6f99-4676-a678-cd3d2d52ef76,27f10670-74e2-4a2b-b594-35780da7cda3,3970ec98-085d-4cff-ace2-b47ad81d5d9a,498.15,2026-08-02 16:07:20
72dba83b-d2e5-4d8d-87bd-a30e64f63c0d,7d9c497f-60b7-4e52-bde1-685f4eccbdb6,5aa83674-edcc-4111-b419-869a18fcb2bb,90a3d74e-7d45-49c8-8c87-526c528afc9d,500.0,2026-06-09 14:05:55
e5aac84a-750b-4ee4-a3ce-da996e0b4dc4,7d9c497f-60b7-4e52-bde1-685f4eccbdb6,5aa83674-edcc-4111-b419-869a18fcb2bb,9e481250-ab48-4e77-aeab-8be45f9233dc,100.0,2026-06-09 14:05:55
1b1a7430-4e4a-4fbf-8319-59e48c2bb04e,7d9c497f-60b7-4e52-bde1-685f4eccbdb6,ae61943b-60f3-4d7e-bafe-cc9880e677e4,9e481250-ab48-4e77-aeab-8be45f9233dc,100.0,2026-08-25 19:05:55
700f2beb-fdd3-47e9-81b2-c4c559e9aae7,7d9c497f-60b7-4e52-bde1-685f4eccbdb6,3824be50-c348-4e8a-beef-fd3af11e07c6,9e481250-ab48-4e77-aeab-8be45f9233dc,100.0,2026-09-20 11:05:55
449a71ea-f9c8-4c6f-85b0-4a23f75451a3,7e400764-207e-49db-a5c3-deab951d8d77,ad1b77c6-0e4e-4b19-9cc8-07b94f643f84,90a3d74e-7d45-49c8-8c87-526c528afc9d,224.31,2026-03-29 11:58:21
28eafd9e-4f61-4aa2-ba32-9c36fe906cf2,7e400764-207e-49db-a5c3-deab951d8d77,cca445b0-3772-42cc-a93e-b9d26b4967c7,24d8fa0e-5d24-4f3e-bf35-b7cea1b09e56,150.0,2026-04-15 12:58:21
13da8776-657a-4617-a666-5efc049b9c09,7e400764-207e-49db-a5c3-deab951d8d77,0a6f0dc0-441d-4f09-aff0-ab52cc02554f,3970ec98-085d-4cff-ace2-b47ad81d5d9a,204.3,2026-05-25 06:58:21
59fb15c4-5c7b-46ec-b6b3-d40b45e5a6da,7e5ff832-ee3c-4255-afc7-a76728018904,99045e76-67b5-41b0-95f8-3c803851b168,90a3d74e-7d45-49c8-8c87-526c528afc9d,500.0,2026-08-11 15:38:34
c3f0ee3c-3989-4822-8289-39ec105b5776,7f051190-f771-4fb7-9094-b4432f74f4cc,7dc047ad-5fa0-4b92-b19d-8da2eb5e9b39,9e481250-ab48-4e77-aeab-8be45f9233dc,100.0,2026-07-02 22:45:09
b25cb57b-b441-4360-b20f-0aad20038f77,7fa3179b-e071-4141-a0b3-a795b206d6e1,13db6b66-d683-434f-9b4b-c727c9b2c894,90a3d74e-7d45-49c8-8c87-526c528afc9d,500.0,2026-09-13 15:27:43
da8d4357-98b0-4967-b741-25e7d86ddd2e,7fa3179b-e071-4141-a0b3-a795b206d6e1,665fbaff-709c-43d3-ab7e-30de7b94b085,24d8fa0e-5d24-4f3e-bf35-b7cea1b09e56,150.0,2026-09-28 20:27:43
024dec32-60c6-42c4-be9b-286597a80422,8083ddd5-aeb1-46e2-95e7-ada0e0822de1,7eca3f70-bf58-4b27-9996-98153ec3a2a3,90a3d74e-7d45-49c8-8c87-526c528afc9d,500.0,2026-07-27 17:33:21
3f827e7e-5eab-40f1-aca0-69a8993cf479,8083ddd5-aeb1-46e2-95e7-ada0e0822de1,a61ff9d5-52d3-4c8a-aaad-47ed007351ed,9ce660d5-a7ff-4a73-8d8d-815013fde01d,145.71,2026-08-03 14:33:21
129ae449-5133-4767-9579-fd585ab13228,81c975d8-c1f1-4b2b-92d3-b0f6262877cc,f2f0e431-003a-4a3f-b323-236da416b159,24d8fa0e-5d24-4f3e-bf35-b7cea1b09e56,150.0,2026-07-06 18:33:54
998caa64-ecbb-4d87-8c74-f249414a7981,81c975d8-c1f1-4b2b-92d3-b0f6262877cc,327322d4-83ca-4667-b736-6a34d24a9a11,9e481250-ab48-4e77-aeab-8be45f9233dc,100.0,2026-09-22 04:33:54
f2eae2d8-1bed-4223-8175-d94363ec2837,823676d6-7162-416f-a247-f4e14a851389,8db7f8ad-256f-4075-8a4c-45b7db2baf39,90a3d74e-7d45-49c8-8c87-526c528afc9d,500.0,2026-01-10 09:15:35
ad2b2ea0-691b-4a50-9e9e-3c2686c7d6e9,82684608-2c7f-4ba9-92ae-8a458a6d71e8,1709b81f-12cb-439b-9a23-e0eff8c447ed,90a3d74e-7d45-49c8-8c87-526c528afc9d,500.0,2025-12-07 11:47:31
98c907de-8158-4d63-b35c-4f392c0d6ede,82e8be0e-590d-4c8d-ba92-0e47f6ec6274,e9489a2f-1111-41a4-9225-d56b1e8769d7,90a3d74e-7d45-49c8-8c87-526c528afc9d,500.0,2026-05-02 11:57:18
445418f9-3759-4b85-b27d-466eab6d3f7c,83039c06-7fb9-4402-a765-413421433b7d,5ed34562-1313-4fca-b7ec-75aafe845ae6,90a3d74e-7d45-49c8-8c87-526c528afc9d,500.0,2026-04-23 04:54:21
7ab4a0fd-f4b0-42f7-b8e8-a07380ed91f6,83039c06-7fb9-4402-a765-413421433b7d,5ed34562-1313-4fca-b7ec-75aafe845ae6,9e481250-ab48-4e77-aeab-8be45f9233dc,100.0,2026-04-23 04:54:21
b29140ae-0d88-4d79-8a10-a775216783b5,83039c06-7fb9-4402-a765-413421433b7d,459f7e55-86de-4bc0-81e9-666971a70a5b,9e481250-ab48-4e77-aeab-8be45f9233dc,100.0,2026-06-07 00:54:21
8da629c5-66c1-4e92-8ede-7e8b3b9058f7,83039c06-7fb9-4402-a765-413421433b7d,b50c88b9-112d-44bc-ad9b-dfc09beae997,07c2e98c-db2a-4e92-8552-8a461b6d2353,600.0,2026-07-16 15:54:21
e623ae76-2eba-4850-8cfb-6af2ec04e08c,836c33e3-a576-46d0-b85f-4ea51eadc932,ac0516ff-34e6-4274-a924-35a109641189,90a3d74e-7d45-49c8-8c87-526c528afc9d,500.0,2026-08-16 00:01:39
0b7ff155-f4be-4fdb-9ac4-fc3948c7d288,836c33e3-a576-46d0-b85f-4ea51eadc932,50c16a6d-d5a6-45e9-948c-20d40d8439b8,9e481250-ab48-4e77-aeab-8be45f9233dc,100.0,2026-11-24 17:01:39
e78caa82-2583-430b-9473-3730c3a06853,845ca132-a88d-47ef-91bb-8ed6b319ede9,088f57a0-79d9-4a9a-bbd4-e9002655c49c,1ebcef21-86e5-4387-9edf-681ad1950c1a,300.0,2026-08-21 10:58:34
04097d66-6c38-49c0-b826-6c48c7fa3f91,8484dbfa-a7bb-43a7-a12e-3626a256327d,aac4cb45-b1e9-4104-93ec-46acfff31941,9e481250-ab48-4e77-aeab-8be45f9233dc,50.6,2026-06-08 14:11:05
c8e38954-fa2f-4fc2-ac2b-b069c395b071,84bc9403-4f17-42bc-b592-ba110b7e07ad,5f0d6a1f-932e-4a9f-8641-f0546d8f2a31,90a3d74e-7d45-49c8-8c87-526c528afc9d,500.0,2026-04-29 19:59:40
ced390e7-8e47-439c-a0cf-f006f7f165c5,84e63cc3-9d32-499f-bb68-adf355f61a45,992de7e9-71ee-40a8-ae25-bb59d9871f49,90a3d74e-7d45-49c8-8c87-526c528afc9d,500.0,2026-05-28 20:12:46
3949ca0c-486b-4db1-9894-7e515cb7f52a,84e63cc3-9d32-499f-bb68-adf355f61a45,978374b8-d393-47d6-ac1e-a7a346afd340,07c2e98c-db2a-4e92-8552-8a461b6d2353,426.82,2026-08-29 08:12:46
3c10d595-20ce-4e15-8436-b1fb87068c14,84e63cc3-9d32-499f-bb68-adf355f61a45,655e4e04-89ca-4f21-bde2-bb800d207148,24d8fa0e-5d24-4f3e-bf35-b7cea1b09e56,150.0,2026-11-02 17:12:46
24df022e-c52d-4937-8dd6-30383433076a,84e63cc3-9d32-499f-bb68-adf355f61a45,655e4e04-89ca-4f21-bde2-bb800d207148,9e481250-ab48-4e77-aeab-8be45f9233dc,100.0,2026-11-02 17:12:46
c219b544-c895-418d-80b4-6e03e7edec81,84f18450-b034-4c8e-9588-e28f7f007bad,9ca15a4a-44d4-4b6f-9c42-22e888d58924,90a3d74e-7d45-49c8-8c87-526c528afc9d,499.38,2025-10-18 06:11:31
b5e277c9-f077-41e7-a597-4a8621f75e41,85296aeb-45c6-4227-a428-15a28f612b86,26774074-f3be-499a-9999-aa1f9e9ea774,90a3d74e-7d45-49c8-8c87-526c528afc9d,443.99,2026-07-23 01:25:38
f4f9b276-6b19-431b-8d89-5cab6fbe6ef3,85296aeb-45c6-4227-a428-15a28f612b86,dee79e87-b0ab-4e53-bfe6-d66af59e5bcb,5bf2e261-70cd-47b2-a184-b0f75481fdd5,200.0,2026-10-29 07:25:38
89553d03-06af-45c8-952e-9eff4a5eb0ad,85395302-7c4c-4969-92b6-1feea8e63495,7c8c7ede-4394-4042-96a7-8944460762e1,9e481250-ab48-4e77-aeab-8be45f9233dc,100.0,2026-01-03 03:27:47
6d3adcd1-6b95-435d-839d-8f8ddc5c7d9d,85395302-7c4c-4969-92b6-1feea8e63495,8e4c216b-fe2d-4174-b995-e3c91d901624,07c2e98c-db2a-4e92-8552-8a461b6d2353,269.31,2026-01-04 09:27:47
b168db7c-63d0-4f94-a748-8e7c795fb86f,85395302-7c4c-4969-92b6-1feea8e63495,9678ce8b-9092-4506-871b-e16428625eb1,07c2e98c-db2a-4e92-8552-8a461b6d2353,199.8,2026-01-20 16:27:47
63e530bf-5d66-45ee-9475-08a69f63bf75,85395302-7c4c-4969-92b6-1feea8e63495,d21764a8-eba0-4fac-8a77-90cc8c8635ec,de4ebad1-a920-4ecb-a6c7-3099945ea4e5,300.0,2026-04-12 17:27:47
1555a0e4-140f-4420-80a2-d436a3c1821c,85d2dde0-0f67-4149-a79f-ad31b2966b18,749f2b79-0eac-49a2-b801-d680e42cceb3,5bf2e261-70cd-47b2-a184-b0f75481fdd5,200.0,2026-06-01 17:54:54
b5425b3a-7930-4426-9fee-6c6aa9604503,85d2dde0-0f67-4149-a79f-ad31b2966b18,24c6c8e9-0e96-463e-bb12-c8f807703776,9e481250-ab48-4e77-aeab-8be45f9233dc,100.0,2026-06-26 01:54:54
3a77245c-f706-4ebe-b7da-8bd328803bc1,85d2dde0-0f67-4149-a79f-ad31b2966b18,89c72a01-67d1-4844-8ff7-613b346fcbf1,1ebcef21-86e5-4387-9edf-681ad1950c1a,217.09,2026-07-22 22:54:54
e14f9060-19f5-4fd7-acfb-1e5ab12b6175,85d2dde0-0f67-4149-a79f-ad31b2966b18,d779db51-a7d3-4ece-837e-3e989d5400d5,9e481250-ab48-4e77-aeab-8be45f9233dc,100.0,2026-07-29 22:54:54
26cbd8a4-0af3-4364-be93-53d0bd28d894,86f195d2-5338-4e9c-b71e-db965f68a96e,e294e967-e1fd-4553-ab90-c47ffb5ca841,90a3d74e-7d45-49c8-8c87-526c528afc9d,500.0,2026-01-15 17:46:46
74ba4ca2-f747-4036-9565-7eec34b9238b,86f195d2-5338-4e9c-b71e-db965f68a96e,e294e967-e1fd-4553-ab90-c47ffb5ca841,9e481250-ab48-4e77-aeab-8be45f9233dc,100.0,2026-01-15 17:46:46
cef6beb1-b4a9-41e9-8029-ffbff5a72e40,87574d68-e3b8-44d5-b0a9-814abf9dccf3,3034f083-f384-4b83-a36b-956e906d12d1,90a3d74e-7d45-49c8-8c87-526c528afc9d,500.0,2026-10-22 17:58:13
8f814504-28e5-44c2-9951-96bcdaf61aaa,8775e237-6579-44b1-aaf8-b522f6fb6961,fe5e31d9-0a3d-4c1b-8487-ff32161d34c4,1ebcef21-86e5-4387-9edf-681ad1950c1a,117.84,2026-04-17 00:20:29
1b5a2ab6-daff-49a8-99ac-9ca7359120c7,87b26679-bba3-4d1e-9a50-f07fe35965f9,5b122d50-811e-4f1a-b729-31641d4b70c0,90a3d74e-7d45-49c8-8c87-526c528afc9d,500.0,2026-03-08 03:12:39
5c2eb5d2-7a38-42c2-b140-26457c3d329c,88307155-ff99-48f9-8306-9def226b98ed,23e01708-9ce2-4059-88ea-853f21d55550,90a3d74e-7d45-49c8-8c87-526c528afc9d,500.0,2026-02-27 12:13:34
8aa5266f-a083-44c7-828b-d4f8ab49ea7a,889d264f-4ca8-4809-8bf4-5a7aed8d5381,ec69d856-ebc3-4df6-a0f8-f42dd3ef8b99,07c2e98c-db2a-4e92-8552-8a461b6d2353,600.0,2026-01-17 02:57:41
8ffbc351-8bc1-497c-af9a-20694c38bcd7,889d264f-4ca8-4809-8bf4-5a7aed8d5381,ec69d856-ebc3-4df6-a0f8-f42dd3ef8b99,9e481250-ab48-4e77-aeab-8be45f9233dc,100.0,2026-01-17 02:57:41
07a26264-3b4d-4196-9c32-e6e7596f01bd,889eb604-7805-4085-b640-047c57db41eb,e5ef2fe6-0232-44b3-ac53-7f7fbd401a32,90a3d74e-7d45-49c8-8c87-526c528afc9d,500.0,2026-04-24 23:02:29
5811936d-b530-4c17-9401-9563dc735bc6,889eb604-7805-4085-b640-047c57db41eb,710e9e84-4ac2-4cdd-ad7a-1521c205ab22,9e481250-ab48-4e77-aeab-8be45f9233dc,69.07,2026-09-07 06:02:29
438a73f9-e876-481b-ae3c-a90d57308a29,88a86ec3-5819-4ffb-9156-0ecf3bcf22e1,398750c8-7382-44ef-b2d6-6c9b5b949b42,24d8fa0e-5d24-4f3e-bf35-b7cea1b09e56,150.0,2026-02-27 16:13:35
943ed4c0-5d11-4455-baf9-7989cbd51732,88a86ec3-5819-4ffb-9156-0ecf3bcf22e1,040a34cc-eaf8-4c60-ba40-437000545420,9e481250-ab48-4e77-aeab-8be45f9233dc,100.0,2026-03-03 06:13:35
778aa648-a12b-49c3-9348-4268b31762be,88a86ec3-5819-4ffb-9156-0ecf3bcf22e1,ad3b5efe-9520-4995-a220-4cd7c6e60695,9e481250-ab48-4e77-aeab-8be45f9233dc,100.0,2026-06-05 03:13:35
f60afdbb-1736-4884-a0c3-4fa783289827,88a86ec3-5819-4ffb-9156-0ecf3bcf22e1,ac3beb92-24ad-435c-a59e-440126f3a8c2,90a3d74e-7d45-49c8-8c87-526c528afc9d,500.0,2026-07-07 19:13:35
a4ac2c16-c47c-4104-a438-e620579c542e,88a86ec3-5819-4ffb-9156-0ecf3bcf22e1,c3219646-ca7c-4ea2-a68d-26863a979513,1ebcef21-86e5-4387-9edf-681ad1950c1a,95.79,2026-07-12 10:13:35
30f96486-6a5a-456c-8743-af143c48617a,88a86ec3-5819-4ffb-9156-0ecf3bcf22e1,ac3232f2-a7d7-47de-b47a-063176fcff73,9e481250-ab48-4e77-aeab-8be45f9233dc,100.0,2026-07-29 20:13:35
8c85a1c2-7027-4100-8f45-487510d7a2f7,88bf0cd8-5211-4ae8-88db-a57541205965,901dee9c-a373-4b93-a0b9-ba69c09f2066,90a3d74e-7d45-49c8-8c87-526c528afc9d,500.0,2026-03-26 10:18:57
954c4e97-1842-40c7-a760-3deb23f91683,88d8478e-d089-4cfc-b6ae-2e722962114e,1df47ad0-8d57-4205-b275-8eca841b550e,90a3d74e-7d45-49c8-8c87-526c528afc9d,467.15,2026-06-08 00:41:23
b732add8-031a-4580-a2d2-5f8dad77b081,88d8478e-d089-4cfc-b6ae-2e722962114e,1df47ad0-8d57-4205-b275-8eca841b550e,9e481250-ab48-4e77-aeab-8be45f9233dc,93.43,2026-06-08 00:41:23
fcacd210-0347-40f7-9d53-b969fbbfd286,88d8478e-d089-4cfc-b6ae-2e722962114e,d2a6e9a1-8a5a-4230-8fdf-c3ec0b97f043,9e481250-ab48-4e77-aeab-8be45f9233dc,100.0,2026-07-02 09:41:23
fd05f39a-4fec-479a-863b-120e2be415e5,8944cc68-1da8-4d82-929e-6783c0d821a7,cbb152de-b5ca-4c68-8baf-e4e052ff0247,5bf2e261-70cd-47b2-a184-b0f75481fdd5,183.63,2026-07-13 00:07:42
6532f8fd-daa1-414f-8e79-609bda704414,8955ea25-dc54-4c86-ab4f-31c3bbe5db96,8a709dbd-e202-4740-98e0-a342596cbd40,90a3d74e-7d45-49c8-8c87-526c528afc9d,500.0,2026-10-16 03:55:00
bafb6b88-19a3-45d3-8702-eaf833343a38,896c3675-2273-48a4-bbf4-577c5eb90bf2,4ca7a7fe-b3a3-4394-aead-862326329777,90a3d74e-7d45-49c8-8c87-526c528afc9d,359.86,2025-11-30 07:10:49
7caf378f-2d8c-484f-8c5a-2f28e2dac807,896c3675-2273-48a4-bbf4-577c5eb90bf2,ae75c21b-d654-4e87-901e-2a93cd126fc2,9e481250-ab48-4e77-aeab-8be45f9233dc,100.0,2026-01-28 23:10:49
7e8e7a7f-d8cf-4dd9-bdef-3877ce270d31,899417e4-6faf-4fea-ade0-7b81d9030bba,ccf0be33-70e3-4749-883a-023422366d57,90a3d74e-7d45-49c8-8c87-526c528afc9d,230.12,2026-04-18 10:13:28
12770bcc-0717-4876-a556-91aa8e65f23f,89943a14-3e6f-4345-bb33-45de747a59ba,8a7523d8-2431-458d-81ec-b0b32d0950a1,90a3d74e-7d45-49c8-8c87-526c528afc9d,500.0,2026-08-10 21:18:18
5edae97c-442d-4edb-bd52-de34b82fb92c,89a75de0-4585-447d-a7a7-bda0e69cfafc,89804a02-3ac5-47af-9f5c-d594930bb532,90a3d74e-7d45-49c8-8c87-526c528afc9d,500.0,2025-12-04 13:02:31
235c6760-f295-473b-8413-05c8a644a12c,89ad63ac-2f10-4bac-947d-276d39aa523f,93c8fcfc-11ae-46a6-965a-bf3fef0512d7,90a3d74e-7d45-49c8-8c87-526c528afc9d,500.0,2026-03-17 23:01:30
a20b27b6-2ae5-417e-be3d-00c2d549e63d,8a16ced4-846f-4992-af18-8f168313631e,b411ea3b-3e91-45af-bc43-c56511e67264,de4ebad1-a920-4ecb-a6c7-3099945ea4e5,300.0,2026-06-13 23:58:50
50fd2679-1143-4700-8936-c6596434ea50,8a16ced4-846f-4992-af18-8f168313631e,5f50a386-4110-494c-a304-4f5faaa1ee69,90a3d74e-7d45-49c8-8c87-526c528afc9d,500.0,2026-07-05 20:58:50
3d4873e7-b14d-46eb-8fb2-7b18c3d3b7a3,8a16ced4-846f-4992-af18-8f168313631e,78846913-b17e-42ea-9c81-ffaf3d5555f5,1ebcef21-86e5-4387-9edf-681ad1950c1a,300.0,2026-09-02 13:58:50
71502bdb-be94-4f56-b3ef-9b6085b09c1a,8a16ced4-846f-4992-af18-8f168313631e,78846913-b17e-42ea-9c81-ffaf3d5555f5,9e481250-ab48-4e77-aeab-8be45f9233dc,100.0,2026-09-02 13:58:50
bab54ca7-5de1-4425-833d-97b1855a99bb,8a16ced4-846f-4992-af18-8f168313631e,f90d221d-3681-4856-9b88-aae985075885,3970ec98-085d-4cff-ace2-b47ad81d5d9a,198.67,2026-10-04 15:58:50
1903fa83-c850-45be-9db2-f2da7e72bc61,8a16ced4-846f-4992-af18-8f168313631e,3bc26b90-d599-4551-870e-9584309866a5,3d5d41c8-14bf-49cd-91e6-aa9a36bea6bb,311.17,2026-11-03 19:58:50
abf742f8-0e62-497d-b7d5-1115110bb875,8a48eb42-454a-4aaf-b176-f01ec06e4193,bdd20679-f2e6-43a8-ab6d-fb3c7f9b33da,9e481250-ab48-4e77-aeab-8be45f9233dc,100.0,2025-11-29 07:46:44
751f706a-467f-4aea-a217-200e6aae07cf,8a48eb42-454a-4aaf-b176-f01ec06e4193,56d1904b-a158-47e2-aef8-edf4eaea4138,1ebcef21-86e5-4387-9edf-681ad1950c1a,300.0,2026-02-07 15:46:44
06f3e472-dcea-45ac-9512-66a8bd82933b,8ab968c5-72f4-44c8-b024-bfc55ca4ac4b,935b4bfe-d71f-4f81-8839-a55a8ea5dac4,90a3d74e-7d45-49c8-8c87-526c528afc9d,500.0,2026-05-18 23:29:40
706b9e20-2794-4da3-b23e-d1e1c19280cc,8ab968c5-72f4-44c8-b024-bfc55ca4ac4b,935b4bfe-d71f-4f81-8839-a55a8ea5dac4,9e481250-ab48-4e77-aeab-8be45f9233dc,100.0,2026-05-18 23:29:40
262c6d48-ff84-432d-9b99-135f0122f800,8ab968c5-72f4-44c8-b024-bfc55ca4ac4b,63c296fe-8296-495d-8126-703cd79754d8,9e481250-ab48-4e77-aeab-8be45f9233dc,100.0,2026-06-30 01:29:40
298532e4-d9f0-43a3-80b3-02059ff17fb2,8b58ee85-f76d-472f-b598-5d2c08b04269,c55a3641-7fb6-420e-a485-c546989b2d26,90a3d74e-7d45-49c8-8c87-526c528afc9d,500.0,2026-03-12 19:49:57
fbcef4f1-0eeb-4090-9c43-b743560d01ca,8b58ee85-f76d-472f-b598-5d2c08b04269,c55a3641-7fb6-420e-a485-c546989b2d26,9e481250-ab48-4e77-aeab-8be45f9233dc,100.0,2026-03-12 19:49:57
3a4e2d04-3261-443d-88f1-a33d3571e3f6,8b67a4c7-cc5a-4316-a0e1-922168762c54,e4cbda23-a3d7-4778-bc04-f0831470e517,90a3d74e-7d45-49c8-8c87-526c528afc9d,500.0,2026-05-10 19:32:39
a244b2f9-959b-45e7-bddc-cd14b3014e2a,8b67a4c7-cc5a-4316-a0e1-922168762c54,6ecb8e63-7096-4085-864f-f2b5250bb0b8,9e481250-ab48-4e77-aeab-8be45f9233dc,100.0,2026-06-13 23:32:39
50077185-a122-4191-9440-810a7171e8c3,8b67a4c7-cc5a-4316-a0e1-922168762c54,b8fd453d-2f75-4d35-a92f-07403ed01f13,1ebcef21-86e5-4387-9edf-681ad1950c1a,300.0,2026-10-26 12:32:39
5a250858-ba82-442e-a9ee-f5f82f124d8e,8b67a4c7-cc5a-4316-a0e1-922168762c54,b8fd453d-2f75-4d35-a92f-07403ed01f13,9e481250-ab48-4e77-aeab-8be45f9233dc,100.0,2026-10-26 12:32:39
f6679b5b-6f36-4e5b-907b-27cd7fabcff7,8bb72d81-21a5-4480-ae44-7099d5714a51,87c6ca65-793c-40fc-aca6-be8b91050f12,90a3d74e-7d45-49c8-8c87-526c528afc9d,500.0,2025-10-07 10:35:55
ad5ab8f4-c8b8-4ee2-857a-91df0c931269,8bb72d81-21a5-4480-ae44-7099d5714a51,fca73381-c9fe-447c-a907-af3c6d552434,9e481250-ab48-4e77-aeab-8be45f9233dc,100.0,2025-10-28 18:35:55
b98b8914-5685-47f1-b729-e63cd9028f55,8bb72d81-21a5-4480-ae44-7099d5714a51,883866b9-b07b-46d6-8d1e-eaeb35a86c17,de4ebad1-a920-4ecb-a6c7-3099945ea4e5,300.0,2026-01-04 15:35:55
7a2ed22a-ffe5-4292-86c8-26da977ec765,8c196e36-5f1d-4998-beb7-ebb507292f79,19353d6d-45ba-498f-8d6a-29ff7d859cfe,90a3d74e-7d45-49c8-8c87-526c528afc9d,500.0,2026-08-13 12:35:44
b7495fd3-6709-4d52-9b8b-5a670dea2dfd,8c196e36-5f1d-4998-beb7-ebb507292f79,e4f5f177-445f-40ee-8720-2ce1792f88d4,90a3d74e-7d45-49c8-8c87-526c528afc9d,500.0,2026-10-17 15:35:44
29cae788-4515-4a17-821b-d77e29ccd312,8c4ecd9e-5c5e-490e-92d5-38b4c32df5f8,8673b087-b980-4418-a472-e68c3b1d973c,90a3d74e-7d45-49c8-8c87-526c528afc9d,500.0,2026-05-09 17:21:45
bae0cf0d-0393-46ad-8a66-c2fe7f19ba8b,8c75fc61-1597-4de4-962e-4dc5d3496d3f,5cec7c84-46b9-4826-aa98-cdcb2aea7594,9e481250-ab48-4e77-aeab-8be45f9233dc,100.0,2025-11-03 23:50:11
ce060d64-0b56-483c-8594-cbd39806beb6,8c75fc61-1597-4de4-962e-4dc5d3496d3f,e5687346-7ab0-4764-8a24-b878120e04f7,5bf2e261-70cd-47b2-a184-b0f75481fdd5,200.0,2025-11-16 02:50:11
c790a007-0b6f-4108-a90c-7e7d891dde32,8c75fc61-1597-4de4-962e-4dc5d3496d3f,e5687346-7ab0-4764-8a24-b878120e04f7,9e481250-ab48-4e77-aeab-8be45f9233dc,100.0,2025-11-16 02:50:11
de9b4785-4484-4d1e-8481-d20665bbc8e8,8c75fc61-1597-4de4-962e-4dc5d3496d3f,ee027cf8-e390-4336-b742-c3124ec0ad29,de4ebad1-a920-4ecb-a6c7-3099945ea4e5,300.0,2025-12-19 21:50:11
f125c467-30c8-49e1-a675-fd4303ed25a0,8c75fc61-1597-4de4-962e-4dc5d3496d3f,b842415b-fb75-498b-af77-930ebc37e0ad,90a3d74e-7d45-49c8-8c87-526c528afc9d,279.64,2026-01-28 10:50:11
3124bba0-5f6a-45d7-809d-cbe511354834,8ccf42ef-d1d4-4421-bd38-549a66e9a798,40cffd94-35d7-4d99-b5af-157a1fcb04bb,07c2e98c-db2a-4e92-8552-8a461b6d2353,470.26,2026-02-04 04:06:40
ac17acd6-7262-4d3e-85cb-fedf3faff7d6,8ccf42ef-d1d4-4421-bd38-549a66e9a798,52171a4c-c6d0-4060-a48b-0268ab630655,1ebcef21-86e5-4387-9edf-681ad1950c1a,300.0,2026-02-21 21:06:40
661c752e-9a94-4b0b-9a64-1d59e44e24f5,8ccf42ef-d1d4-4421-bd38-549a66e9a798,52171a4c-c6d0-4060-a48b-0268ab630655,9e481250-ab48-4e77-aeab-8be45f9233dc,100.0,2026-02-21 21:06:40
a5e69bd4-cf01-4813-86cf-9abdabc0dbcf,8ccf42ef-d1d4-4421-bd38-549a66e9a798,442cbc06-c5e2-4b04-a6c8-5ae798038eac,3d5d41c8-14bf-49cd-91e6-aa9a36bea6bb,634.19,2026-04-18 16:06:40
ac64cf3f-6400-467e-8ae8-f80b7938b851,8d373237-82f5-41e5-9353-e32d25f7f44f,07c88fba-5668-4a3b-b15a-84755e3e7d47,90a3d74e-7d45-49c8-8c87-526c528afc9d,500.0,2025-11-16 06:38:10
3f70d1c9-032c-436e-99bf-da0f54a69c15,8d373237-82f5-41e5-9353-e32d25f7f44f,447c3cff-10f4-497f-88a2-9d7736826587,9e481250-ab48-4e77-aeab-8be45f9233dc,100.0,2025-12-13 06:38:10
18588aca-96f4-497c-bc2b-d059fe6a479d,8d373237-82f5-41e5-9353-e32d25f7f44f,52fbc617-2832-433c-beab-4356b7a9ffa8,9e481250-ab48-4e77-aeab-8be45f9233dc,100.0,2025-12-26 05:38:10
f4f7dfb0-0c15-4837-8d7f-417a2432a58c,8d373237-82f5-41e5-9353-e32d25f7f44f,66f324a4-b79c-4dcd-a374-f1c4dd6af38f,9e481250-ab48-4e77-aeab-8be45f9233dc,100.0,2026-01-10 13:38:10
91845308-cb11-4585-be7c-2279e7459940,8d373237-82f5-41e5-9353-e32d25f7f44f,ba4563a2-0811-4173-b74f-bcb8e3450f65,90a3d74e-7d45-49c8-8c87-526c528afc9d,500.0,2026-02-17 09:38:10
3540e4ba-b2cf-44e0-86e6-74e1395214f8,8d373237-82f5-41e5-9353-e32d25f7f44f,d52306e4-e47f-4575-ac38-494ceefae166,5bf2e261-70cd-47b2-a184-b0f75481fdd5,101.43,2026-02-20 05:38:10
1974f121-edf8-47c0-ad83-d9bafad83b89,8d373237-82f5-41e5-9353-e32d25f7f44f,76e7581d-f6de-414d-b148-9569d5be64ef,3d5d41c8-14bf-49cd-91e6-aa9a36bea6bb,641.43,2026-03-06 05:38:10
20d219a2-3989-4ab5-b28d-0566b1684592,8d373237-82f5-41e5-9353-e32d25f7f44f,1179908d-86e6-4c71-9954-7bd8597ce798,24d8fa0e-5d24-4f3e-bf35-b7cea1b09e56,150.0,2026-04-01 08:38:10
1c63f38f-9a80-45ce-8be2-58f3a7fa93d0,8e0d392f-5c4f-4ecc-85d9-bf62ceb5d4a9,d4786fec-6590-487b-9d5a-a31016383dd6,5bf2e261-70cd-47b2-a184-b0f75481fdd5,200.0,2026-08-30 18:27:04
e869b303-8f46-46ac-b18c-2dcc152f26ad,8e0d392f-5c4f-4ecc-85d9-bf62ceb5d4a9,d4786fec-6590-487b-9d5a-a31016383dd6,9e481250-ab48-4e77-aeab-8be45f9233dc,100.0,2026-08-30 18:27:04
60987dc4-9521-41af-9291-bc3422031512,8e470ec8-ace1-40ee-961e-8033550cfc2e,5af2bea2-1b98-48a4-ac8b-26e63d82ccba,07c2e98c-db2a-4e92-8552-8a461b6d2353,155.4,2025-09-14 19:29:41
cf55add4-1601-4970-9490-1acaa18673f4,8e470ec8-ace1-40ee-961e-8033550cfc2e,cfa0a8c1-9634-4cb5-a864-b2d1a4062116,24d8fa0e-5d24-4f3e-bf35-b7cea1b09e56,150.0,2025-10-21 23:29:41
cfd7df70-4ed3-4837-b9cd-77606b1b5e94,8e717f13-4740-456e-a267-d2dd2c61fdc8,808cf42c-2580-4e0f-8cbc-37f91d20dc70,3d5d41c8-14bf-49cd-91e6-aa9a36bea6bb,800.0,2026-09-08 04:59:14
3daa6dd4-6442-44db-9c22-cf450b9b982d,8e717f13-4740-456e-a267-d2dd2c61fdc8,5a133401-53ac-4570-89cc-6ae1e7cffe3a,1ebcef21-86e5-4387-9edf-681ad1950c1a,300.0,2026-10-29 17:59:14
f57cca3b-7af6-4cff-896e-aec71a8188d6,8f0eaae1-3645-47db-8cb5-12f188612861,924bc8ca-ca52-478e-a68e-b15356c511d1,5bf2e261-70cd-47b2-a184-b0f75481fdd5,200.0,2026-09-01 12:00:01
253f852b-c956-41ea-a0f6-cb801c245127,8f0eaae1-3645-47db-8cb5-12f188612861,924bc8ca-ca52-478e-a68e-b15356c511d1,9e481250-ab48-4e77-aeab-8be45f9233dc,100.0,2026-09-01 12:00:01
f1e7b582-4971-44ad-9459-2e0782549259,8f784b1e-3c7f-41de-bc02-aa9d9b15d4e0,5e0c4311-9f1c-4ac4-8cc5-14868dc8cb3e,90a3d74e-7d45-49c8-8c87-526c528afc9d,500.0,2026-06-07 00:26:19
af45f95d-ed5e-4934-a5fe-f886261a00fc,8f784b1e-3c7f-41de-bc02-aa9d9b15d4e0,55f6ea32-cd7e-4fbf-8cdf-739a1a1d7258,90a3d74e-7d45-49c8-8c87-526c528afc9d,500.0,2026-06-18 07:26:19
222c1ef9-e627-4c00-bf75-a872742369af,8fe983b9-05d8-4bd5-8d74-fdb9f8d93975,48fb4717-9a22-48e9-b0ad-ec377fd6e7fb,90a3d74e-7d45-49c8-8c87-526c528afc9d,500.0,2025-09-07 06:26:48
fb0aa9b7-75c6-426f-9fa2-da10cb3151c4,8fe983b9-05d8-4bd5-8d74-fdb9f8d93975,3972ba6f-d11f-41ce-b9bb-ede689d3d959,07c2e98c-db2a-4e92-8552-8a461b6d2353,600.0,2025-09-11 09:26:48
3edfcff5-5cfd-45ea-bfed-f9d9ed21ada5,8fe983b9-05d8-4bd5-8d74-fdb9f8d93975,3972ba6f-d11f-41ce-b9bb-ede689d3d959,9e481250-ab48-4e77-aeab-8be45f9233dc,100.0,2025-09-11 09:26:48
17995337-3004-4be7-b2fa-47bd2df7d61f,8fe983b9-05d8-4bd5-8d74-fdb9f8d93975,f4ab507c-e17e-439b-b78d-2e3e1e17b569,9ce660d5-a7ff-4a73-8d8d-815013fde01d,400.0,2025-10-21 18:26:48
c298f4da-c703-4797-8673-1dabb15dc9cc,8fe983b9-05d8-4bd5-8d74-fdb9f8d93975,c709b07c-1170-4b4f-86f4-bb11fb15d366,de4ebad1-a920-4ecb-a6c7-3099945ea4e5,300.0,2025-12-25 09:26:48
fa6d0adc-0a9c-43f2-a042-88fefa0dc8f6,8fe983b9-05d8-4bd5-8d74-fdb9f8d93975,df519aa0-1dd4-4a4e-b910-5851f23b2c4d,3d5d41c8-14bf-49cd-91e6-aa9a36bea6bb,80.43,2025-12-28 04:26:48
3d6da200-53fb-4a6d-8f13-48fe62cd7883,90861eea-d33e-49f4-a801-b6aeb07bc4ab,2eead7ed-563e-4792-ba7b-15f9593903be,5bf2e261-70cd-47b2-a184-b0f75481fdd5,200.0,2026-02-06 14:41:26
fa1c05ec-6372-4cce-a408-1670c2fd7b10,90cafcef-1d05-41f9-a4f6-347235a6a84f,15704b8b-a5e6-4574-9e63-e9ea21a4f92b,90a3d74e-7d45-49c8-8c87-526c528afc9d,500.0,2026-05-13 20:09:42
6788dbc6-1d40-488e-85c7-52cfb437044f,91ba2d5f-b6e9-44b7-a834-bda1d5c1c6ec,456b0d41-8af1-421e-9195-94fe283a0450,de4ebad1-a920-4ecb-a6c7-3099945ea4e5,300.0,2026-07-25 06:11:03
dfeba28a-c5e2-4c2d-8299-7b537b8eab8d,91ba2d5f-b6e9-44b7-a834-bda1d5c1c6ec,e8887499-fb97-4180-a28b-d36ab22ce4be,1ebcef21-86e5-4387-9edf-681ad1950c1a,300.0,2026-10-26 10:11:03
8ea3a690-a52c-4e64-8b26-050807997143,91e14dd5-2877-4b8e-928b-55ecf794032b,a5741a4d-6f56-4ff0-a468-22d0240ebca5,9ce660d5-a7ff-4a73-8d8d-815013fde01d,400.0,2025-10-18 17:53:38
0a1e301d-b3d2-4f24-9074-e5b0945b83d1,91e14dd5-2877-4b8e-928b-55ecf794032b,f3e741fc-bb76-48a1-9f5f-1addf68f8b66,9e481250-ab48-4e77-aeab-8be45f9233dc,100.0,2025-10-27 07:53:38
800e12f5-48cf-408e-abfb-bc45ea20aede,91e14dd5-2877-4b8e-928b-55ecf794032b,0c3a56d2-cc10-4e82-acb0-a4c4ecc30fdf,9e481250-ab48-4e77-aeab-8be45f9233dc,100.0,2025-11-26 14:53:38
00bb67d7-cd80-48ce-9899-0827bb1265fe,91e14dd5-2877-4b8e-928b-55ecf794032b,7ea80ca8-7707-4fad-a18c-9c49a06e4a64,9e481250-ab48-4e77-aeab-8be45f9233dc,100.0,2025-11-27 16:53:38
1f620c4a-5c1b-4b20-a906-b85483064770,91e14dd5-2877-4b8e-928b-55ecf794032b,32a6d616-c4d4-4b8f-8232-2e8c6018ab67,9e481250-ab48-4e77-aeab-8be45f9233dc,100.0,2025-12-11 21:53:38
e0e5af0c-b14c-4534-87b9-8db45f710539,91e14dd5-2877-4b8e-928b-55ecf794032b,db7bc4a6-504f-43ad-8bc9-29a85eddf58f,9e481250-ab48-4e77-aeab-8be45f9233dc,100.0,2026-01-13 15:53:38
b96b250f-cf8f-4367-a026-568fa96219f6,91e14dd5-2877-4b8e-928b-55ecf794032b,99f060da-ad95-4a86-9479-0ff97dafc8fd,3970ec98-085d-4cff-ace2-b47ad81d5d9a,1000.0,2026-02-04 00:53:38
1ea5aff6-eef1-43e7-ad20-ddaf37db8d0e,91e14dd5-2877-4b8e-928b-55ecf794032b,99f060da-ad95-4a86-9479-0ff97dafc8fd,9e481250-ab48-4e77-aeab-8be45f9233dc,100.0,2026-02-04 00:53:38
403c329f-5652-42d9-8269-a8bfd987161d,924cb4a5-1775-4a0f-8392-dc16d1a9a0fc,c2b8b635-a682-4fd6-aeb2-e74028821827,90a3d74e-7d45-49c8-8c87-526c528afc9d,500.0,2026-04-05 21:39:13
752a4ff4-a8eb-43fc-8968-e5e16f775ad3,924cb4a5-1775-4a0f-8392-dc16d1a9a0fc,4311cac4-b11e-4222-83b7-cbc1414c02be,24d8fa0e-5d24-4f3e-bf35-b7cea1b09e56,150.0,2026-04-06 21:39:13
cee10ae2-c69a-4b83-b9b8-e55cb765a00f,9256e274-cb71-4e54-a0cd-080638737674,015114be-9f50-451d-a671-d03037e29c24,90a3d74e-7d45-49c8-8c87-526c528afc9d,500.0,2025-12-03 19:42:47
13980c5e-01ce-4e0f-9a04-44094e36e578,9256e274-cb71-4e54-a0cd-080638737674,9e3ddcf8-1360-4c99-83ed-e096ea78e6d8,3d5d41c8-14bf-49cd-91e6-aa9a36bea6bb,709.75,2026-01-07 03:42:47
b1a410e1-cec9-4ea7-80f4-43d3386bafaa,926aae49-5e3d-443a-b8e4-51a43a16f36d,5c62508f-00ec-42de-aae4-8bfa4e50e98e,90a3d74e-7d45-49c8-8c87-526c528afc9d,500.0,2026-10-01 20:45:02
fc788125-09b0-40b5-bbfe-eed1656c19f9,926aae49-5e3d-443a-b8e4-51a43a16f36d,b85a9c4f-9c81-4ceb-998d-8ca2c126bf1b,9e481250-ab48-4e77-aeab-8be45f9233dc,34.01,2026-11-24 06:45:02
b078cc5c-9b6c-4c51-aaad-178e0254f7cc,93e4b463-3a65-4b49-a4c4-105ebaf12c13,1192d0b1-4cca-40b2-9c61-883ef541cc84,3970ec98-085d-4cff-ace2-b47ad81d5d9a,111.18,2026-08-01 15:58:56
26f14486-a960-4d11-b21a-a44b51dd7908,93e4b463-3a65-4b49-a4c4-105ebaf12c13,e4d3459d-cfde-4ee9-a73d-2d6c689d68cc,07c2e98c-db2a-4e92-8552-8a461b6d2353,84.05,2026-10-01 21:58:56
e8cad0cc-4116-44c0-8943-e660084fcdef,93e4b463-3a65-4b49-a4c4-105ebaf12c13,9ed33fe8-648a-45ba-a249-08fcb10a09b9,5bf2e261-70cd-47b2-a184-b0f75481fdd5,189.66,2026-10-15 23:58:56
6a11fe6a-c2a5-4482-b9c9-5878cf87c66e,93e4bf0f-9554-4cb3-aa36-9c8672d29cff,d6bf34bb-dce5-491e-b59a-81455d21557d,90a3d74e-7d45-49c8-8c87-526c528afc9d,500.0,2025-10-09 19:53:51
20fc6d83-f479-40b4-b0c2-69b7f5e87a75,9415a229-a0be-4ac0-a4f4-7469a60064e3,115dd36e-732f-4d19-a767-48c07a1865c7,90a3d74e-7d45-49c8-8c87-526c528afc9d,500.0,2026-05-24 15:26:02
edbff55b-c2c2-45ac-98b1-d41938283971,9415a229-a0be-4ac0-a4f4-7469a60064e3,d82cc5cb-d481-4f37-9885-1d4cd432d80e,07c2e98c-db2a-4e92-8552-8a461b6d2353,600.0,2026-07-07 02:26:02
3d0fcba1-a8ef-4e66-8b92-ab5ada6561e2,9415a229-a0be-4ac0-a4f4-7469a60064e3,d82cc5cb-d481-4f37-9885-1d4cd432d80e,9e481250-ab48-4e77-aeab-8be45f9233dc,100.0,2026-07-07 02:26:02
3e39ceed-7559-4717-b543-04d9f478e16e,9415a229-a0be-4ac0-a4f4-7469a60064e3,2471634a-e3b1-4d63-a74d-66632757056d,9e481250-ab48-4e77-aeab-8be45f9233dc,56.32,2026-07-16 10:26:02
3f450aca-67b3-4496-ab82-b7dbf1809463,9415a229-a0be-4ac0-a4f4-7469a60064e3,0ded908c-89ff-4eed-a508-ebb66b3b1267,9e481250-ab48-4e77-aeab-8be45f9233dc,100.0,2026-07-24 00:26:02
a40f7611-4cd5-4877-bdc6-693ef562fd5b,94ccf48d-3c7c-419a-b3f4-c8d885539cd8,11eaf13c-fef5-4035-88dc-246d9da9f09c,24d8fa0e-5d24-4f3e-bf35-b7cea1b09e56,150.0,2026-09-12 15:36:40
77563cdf-cb7c-4039-855f-5c6aeab7da16,94ccf48d-3c7c-419a-b3f4-c8d885539cd8,f66ee99d-7e6d-4ca7-9c38-8e4d562c09dd,9ce660d5-a7ff-4a73-8d8d-815013fde01d,400.0,2026-09-29 10:36:40
7acf1252-84fc-4793-ba5a-8252ed69687c,94ea1781-2f21-4092-b5c9-1b1ed8942837,64217670-ec32-4aeb-bf7c-24033760c14b,9e481250-ab48-4e77-aeab-8be45f9233dc,41.24,2026-05-01 23:42:40
8788ed0d-a60c-4a5d-8f4c-69c9d2ef2642,94ea1781-2f21-4092-b5c9-1b1ed8942837,9d16f116-5e92-44f2-a4c8-7acf3a62da3c,90a3d74e-7d45-49c8-8c87-526c528afc9d,191.51,2026-06-29 05:42:40
ad4db715-bbd6-4ad0-a815-5ba32a902ef1,950e98d9-a84a-4f4b-9d06-926641d2d51d,cd6d929a-d307-4119-9592-ddb11d8ac273,90a3d74e-7d45-49c8-8c87-526c528afc9d,500.0,2026-02-11 15:27:57
b2f42210-6760-4693-862c-dfc26b64e88a,951bb5d3-419f-4733-8c4e-1e382f149e72,520250fd-64a4-44a9-a1af-e3af6fc5423b,90a3d74e-7d45-49c8-8c87-526c528afc9d,500.0,2026-07-02 14:34:54
79c1d039-ed6d-4bd4-a5d3-a79d334cb3af,95d974a3-9386-49f0-ae7c-4fd9d1406849,7eefe283-c17f-4a6b-8057-42ce794f7544,90a3d74e-7d45-49c8-8c87-526c528afc9d,500.0,2025-10-14 16:46:38
06ed3a73-d4af-44b8-b1f0-92d0866f6805,95d974a3-9386-49f0-ae7c-4fd9d1406849,0f4b2f18-22c5-4cda-b0fe-d74c2b53b14a,9e481250-ab48-4e77-aeab-8be45f9233dc,100.0,2025-11-28 00:46:38
224e2f8c-1515-4775-b2dd-0abba59a6f0a,95e2f44f-3431-457f-9473-e918c7ea3f4f,f95e11e0-8288-4a65-81d1-75ee78ba0997,90a3d74e-7d45-49c8-8c87-526c528afc9d,500.0,2025-12-24 04:58:02
3e7e84db-ec44-4ae9-a8b0-9f984a3ac592,95e2f44f-3431-457f-9473-e918c7ea3f4f,ef3103b9-6930-4880-85e8-abfee39ab4e4,5bf2e261-70cd-47b2-a184-b0f75481fdd5,149.61,2026-02-03 11:58:02
bf4c128f-ac93-4323-b8d5-c6ed8281d243,963ff90c-5b9c-4964-a041-38ce7d6049c7,00e56e1f-c46e-4935-866c-ee75e7af3a89,90a3d74e-7d45-49c8-8c87-526c528afc9d,500.0,2025-12-04 10:58:10
3780a4f2-ed7b-4159-aab4-73dca332b3d4,963ff90c-5b9c-4964-a041-38ce7d6049c7,9a6c8e9e-8f54-49a6-8bc5-0f87dfa1330e,9e481250-ab48-4e77-aeab-8be45f9233dc,100.0,2026-01-25 00:58:10
6c660c4f-73e0-4208-b7fe-442a7d9b7474,9679a00b-7d26-4827-a34b-f2223426e8b2,b7247349-a0bc-4063-8179-71e9ae8f3d0b,90a3d74e-7d45-49c8-8c87-526c528afc9d,500.0,2026-04-05 07:27:11
919fc145-1269-4c9d-8736-c76c1125cead,9689e036-3ede-4d3f-a017-14fb1e148e5b,315bfc70-de6b-4ea0-9cf3-1724fe7c9d6d,de4ebad1-a920-4ecb-a6c7-3099945ea4e5,300.0,2026-02-24 03:58:10
9e39b7ca-700e-41cc-ad0e-b54751d5456e,96933578-35db-43b2-97b4-a647d71bc899,73abe58b-3989-4aa2-8fcc-7a2f05ca91bd,90a3d74e-7d45-49c8-8c87-526c528afc9d,500.0,2026-01-19 01:12:34
dcfeab24-c647-461f-a4b3-42666d181bee,96a91757-1700-482d-a605-3de7469d9a67,4021a5a7-151c-4b29-a67c-60e5087b29e6,07c2e98c-db2a-4e92-8552-8a461b6d2353,561.56,2026-06-23 06:00:35
3a42800e-6bbf-401e-9dcc-320f23387a91,96a91757-1700-482d-a605-3de7469d9a67,4021a5a7-151c-4b29-a67c-60e5087b29e6,9e481250-ab48-4e77-aeab-8be45f9233dc,100.0,2026-06-23 06:00:35
9b17c66e-caff-439f-a694-8b5353d71c5d,96af08d0-5b70-4791-b677-0cc025ab4d8e,7d62b191-5271-4770-8913-0571c0b751c9,90a3d74e-7d45-49c8-8c87-526c528afc9d,500.0,2026-06-07 15:22:05
55f3f86d-c279-4658-86a1-6cc6370c12de,96af08d0-5b70-4791-b677-0cc025ab4d8e,7d62b191-5271-4770-8913-0571c0b751c9,9e481250-ab48-4e77-aeab-8be45f9233dc,100.0,2026-06-07 15:22:05
7778db74-db40-4efc-858d-2b1a7ec63ed4,96af08d0-5b70-4791-b677-0cc025ab4d8e,53106386-7837-4868-ac1f-93bee0cce82f,07c2e98c-db2a-4e92-8552-8a461b6d2353,296.7,2026-07-22 14:22:05
779224a4-d3b9-4cd7-a52c-11eb3e409a0b,96c447e9-9349-4674-b1e1-4e95b16bd41c,a2dba6cf-3bd1-4870-bc10-3876d07e0766,1ebcef21-86e5-4387-9edf-681ad1950c1a,300.0,2026-09-23 17:50:41
1e4b5716-75ce-41f7-82b8-cb5eed22d4f8,96c447e9-9349-4674-b1e1-4e95b16bd41c,a2dba6cf-3bd1-4870-bc10-3876d07e0766,9e481250-ab48-4e77-aeab-8be45f9233dc,100.0,2026-09-23 17:50:41
a7e99cd1-4362-4f8e-8674-ce0147f4ac62,96e9aa88-ae18-499d-b0e4-f4d4b658c9b1,131d582a-37be-4a54-837a-061b9619e41d,9e481250-ab48-4e77-aeab-8be45f9233dc,100.0,2026-07-16 12:57:50
21d152c5-5d23-42fa-8faa-0200f6be79c2,971fdb95-0e59-4e85-8ca8-547f3e3e54e0,32986232-5ccf-41ea-906d-8827f03bd533,90a3d74e-7d45-49c8-8c87-526c528afc9d,500.0,2026-07-12 06:54:16
4c6de424-cf31-4ab2-b57b-09ae41934ce0,97559d83-f4d6-487e-8e9c-51bdec5d3d6c,dda5a4b2-9b8a-4d01-bb6b-e86649ad331c,90a3d74e-7d45-49c8-8c87-526c528afc9d,440.17,2026-07-01 15:27:41
084ba5cd-dbc3-4fe0-981a-0d4c455bad1b,97559d83-f4d6-487e-8e9c-51bdec5d3d6c,12d65dfb-fba6-4a0a-a9c2-15b73d0d7dec,de4ebad1-a920-4ecb-a6c7-3099945ea4e5,300.0,2026-08-18 23:27:41
d8e898c4-3b7f-470b-81e4-d7a15c1b1ec3,97559d83-f4d6-487e-8e9c-51bdec5d3d6c,efa65e51-1650-41b2-b72f-5decffce88a7,9e481250-ab48-4e77-aeab-8be45f9233dc,100.0,2026-08-24 23:27:41
245ffe91-c7e1-440e-b96b-521b28b1aadb,97559d83-f4d6-487e-8e9c-51bdec5d3d6c,c0e4312b-05c2-41e3-8040-1ff48b02bc8d,24d8fa0e-5d24-4f3e-bf35-b7cea1b09e56,150.0,2026-10-27 10:27:41
06798b1b-6d33-4800-8278-d5c157c76ca5,97b47cfb-3ec5-4b2a-9baa-0dda8ae0cddb,34f8e4dc-c972-4a06-8d8c-4e3af6983391,90a3d74e-7d45-49c8-8c87-526c528afc9d,500.0,2026-01-16 15:35:30
c99ffdd9-8969-499e-96fb-61da56541300,980b79f3-de8b-49ec-b8c6-c1c915a4585f,169ee297-f153-41aa-9f96-979cd6c923c6,90a3d74e-7d45-49c8-8c87-526c528afc9d,500.0,2025-12-02 08:48:17
8dc3b966-a173-442f-bf82-a0d41e888267,98365509-d45e-4c85-a99a-f63fe25ac3b2,dceab105-2fc6-47cf-9ef4-be5f3f5d1100,90a3d74e-7d45-49c8-8c87-526c528afc9d,500.0,2025-11-18 10:39:19
6bd02391-553e-44d3-84d0-03da92d34fb6,98365509-d45e-4c85-a99a-f63fe25ac3b2,0edcc0cc-0941-49fe-afaa-816bfd85eafd,3d5d41c8-14bf-49cd-91e6-aa9a36bea6bb,800.0,2026-03-17 07:39:19
b401408d-e0ec-4850-bf1e-2ef40dbb3161,9868b451-add2-47c7-9555-4873abb1c17e,5728a626-5df1-4be2-8dd0-b29d3bc3c7e2,9e481250-ab48-4e77-aeab-8be45f9233dc,100.0,2026-08-23 16:32:25
dbc08cd8-529f-4bfe-b6f0-38fe37d32715,986fb7a2-243c-4cf1-ab9a-476c77f64372,663a2608-c28d-4438-a393-f1880c05ea55,9e481250-ab48-4e77-aeab-8be45f9233dc,100.0,2026-08-26 05:24:19
e23776f8-2ec9-4cc8-b388-4a3d2a7e5252,9874cf34-6108-4e11-a51a-b91b3ddb2114,2386d43a-a40a-4acf-8ddf-bdeb67f35312,90a3d74e-7d45-49c8-8c87-526c528afc9d,500.0,2026-09-10 07:18:06
dbaedf89-a372-4ea2-9424-29ab5c6adcc1,98e6a4a5-3f87-40ed-8a9c-64f7c018cb6b,59a96fd1-35d2-431a-a321-d2780d345bd9,90a3d74e-7d45-49c8-8c87-526c528afc9d,500.0,2026-11-28 18:40:20
985426a5-0daf-4c3f-ace5-90e87739ef74,98e6a4a5-3f87-40ed-8a9c-64f7c018cb6b,59a96fd1-35d2-431a-a321-d2780d345bd9,9e481250-ab48-4e77-aeab-8be45f9233dc,100.0,2026-11-28 18:40:20
e5885e6d-25c6-4784-9443-b607cb745ff3,990efcdd-2930-44e4-91b1-34047ab95a35,dbd035dc-cb4f-46cc-b690-6eecd7752481,3970ec98-085d-4cff-ace2-b47ad81d5d9a,439.53,2026-03-04 08:15:28
acedf226-7eb2-4809-b985-389348fbe126,991b4536-a22d-4cda-b67b-9c050900ab90,b434881a-d495-4c7d-98e4-c7c6c84b84a8,90a3d74e-7d45-49c8-8c87-526c528afc9d,214.37,2026-02-24 20:51:57
324f613d-8e68-4d62-9cd6-882f871d172b,991b4536-a22d-4cda-b67b-9c050900ab90,8c6903ce-d01f-410f-a2ca-7b87d4a00ba4,9e481250-ab48-4e77-aeab-8be45f9233dc,100.0,2026-06-03 04:51:57
ec668de9-08f9-40b5-9f5a-6e2b1e68ca6d,991b4536-a22d-4cda-b67b-9c050900ab90,c7b12535-b1a1-4031-b67b-9da16fa3b39d,5bf2e261-70cd-47b2-a184-b0f75481fdd5,200.0,2026-06-06 18:51:57
91f9d872-26f5-4a04-a9c5-2f29ae73f45f,9932a9c6-6129-4e2c-9b2a-a2d364f84698,a2ddceab-6774-45a2-ae43-c0a9c0ba7ab8,5bf2e261-70cd-47b2-a184-b0f75481fdd5,200.0,2026-09-08 05:02:02
16603ef9-82a3-4792-95b2-7707fff66220,99600903-6ca9-41ca-863f-11395809ee2e,ca555109-655d-4a98-9f65-8d6b3136135a,90a3d74e-7d45-49c8-8c87-526c528afc9d,500.0,2025-10-12 00:30:10
11c85fdb-fd41-4ccd-9fed-cd7dc555df66,9b238c53-f828-4c33-8bd9-42839dc601b2,cdd46569-2b26-4934-bf5d-4e66ebc1b75f,90a3d74e-7d45-49c8-8c87-526c528afc9d,500.0,2026-04-24 10:13:52
ebdc58df-1fd7-4394-86a5-0813b40011e4,9b55adc7-4261-4030-8528-8403475e87de,fa066ca0-ec18-4b51-99bf-bd58eb405bf9,1ebcef21-86e5-4387-9edf-681ad1950c1a,109.39,2026-03-19 18:56:28
76a61b5a-6b9f-4259-bede-c834d72468a8,9b55adc7-4261-4030-8528-8403475e87de,6edf355e-6e1c-46f6-89ff-0c355fdbd099,9e481250-ab48-4e77-aeab-8be45f9233dc,100.0,2026-04-04 10:56:28
1f28c23b-2dbb-4884-82ce-e7c1ae22eee5,9b5a52a2-502c-4fdd-b200-f1bde9ea3b78,abf76aa0-c880-463a-b3f8-bac30670ff9d,90a3d74e-7d45-49c8-8c87-526c528afc9d,500.0,2026-07-21 13:17:23
e4cd7232-1619-449b-b9e9-c1ab1ab9720f,9b5a52a2-502c-4fdd-b200-f1bde9ea3b78,757ec00b-a273-4365-a3e4-e2dc9299319a,9ce660d5-a7ff-4a73-8d8d-815013fde01d,400.0,2026-08-01 05:17:23
454b06ff-d1c9-41f0-8bf6-1198cc84972d,9b8e0123-b3db-400c-b508-b2bb05c22a09,c6c9a982-aec4-4763-87c5-bcfef2574642,07c2e98c-db2a-4e92-8552-8a461b6d2353,600.0,2026-05-15 06:19:14
f04665d2-ee63-4b0d-8e95-2d2420097bc1,9b8e0123-b3db-400c-b508-b2bb05c22a09,17d6a592-58b6-48c1-bd9a-8683764e2390,3d5d41c8-14bf-49cd-91e6-aa9a36bea6bb,531.93,2026-05-18 18:19:14
386e2143-4e25-4a68-ac6f-cae29769d46b,9b8e0123-b3db-400c-b508-b2bb05c22a09,da1a326d-78e1-43ec-9d24-6ce7e0c86a82,9e481250-ab48-4e77-aeab-8be45f9233dc,100.0,2026-06-08 02:19:14
09df42dc-11d3-419a-b6c3-40a27e88e5cc,9b8e0123-b3db-400c-b508-b2bb05c22a09,9d61dcba-7a87-41d4-82b2-7048bd629280,1ebcef21-86e5-4387-9edf-681ad1950c1a,300.0,2026-07-03 13:19:14
59504d33-8963-4f9f-b18c-0107011cd533,9b8e0123-b3db-400c-b508-b2bb05c22a09,3e590145-b441-4c3c-83ea-8acec377fb11,9e481250-ab48-4e77-aeab-8be45f9233dc,100.0,2026-10-18 14:19:14
3d4926bd-9b72-4c93-8b69-25b5b807e906,9b8e0123-b3db-400c-b508-b2bb05c22a09,9d03ce7b-a106-43a5-b078-ea9e9eb7e66e,de4ebad1-a920-4ecb-a6c7-3099945ea4e5,300.0,2026-10-19 12:19:14
dc3a4279-045d-4df2-9c2d-0009c36f4c97,9b8e0123-b3db-400c-b508-b2bb05c22a09,e341f919-2659-4b61-8018-c09b27064e24,9e481250-ab48-4e77-aeab-8be45f9233dc,100.0,2026-10-26 23:19:14
fc6cb700-c30e-469e-918b-4c7c02f7263e,9bca8ca1-8b50-403f-a798-0fce0964a56b,a00d18ac-af15-4ea9-9302-17b31a13be68,3970ec98-085d-4cff-ace2-b47ad81d5d9a,182.33,2026-04-05 13:27:15
5c2cea7d-af10-4f4e-89d5-d480d9556dbc,9bd0e6f9-b478-467d-9f4b-fd2e57addf6b,d767617a-f11f-413a-9c52-b5b656a2c2cf,3970ec98-085d-4cff-ace2-b47ad81d5d9a,699.87,2025-11-15 03:11:09
7e467f20-4ec4-4f7c-9d77-217ac3d5add5,9bd0e6f9-b478-467d-9f4b-fd2e57addf6b,c376907e-f5a9-47ea-94fd-bbe91249b766,24d8fa0e-5d24-4f3e-bf35-b7cea1b09e56,94.86,2026-01-30 18:11:09
3e5d706b-8fcb-4296-8c0a-5abd250c94c3,9bd0e6f9-b478-467d-9f4b-fd2e57addf6b,0301291b-d275-4a1f-98b9-7347b6a2840d,9e481250-ab48-4e77-aeab-8be45f9233dc,100.0,2026-02-06 11:11:09
ac77e765-9a82-4e81-9c96-c0dc66b00c14,9bd0e6f9-b478-467d-9f4b-fd2e57addf6b,8e070708-b48a-4464-8a1f-3b6485c8720a,de4ebad1-a920-4ecb-a6c7-3099945ea4e5,300.0,2026-02-07 05:11:09
1f03ef67-9f4a-4ada-b06a-5835bf138ffb,9bddb5c9-14e6-47c2-8980-ceadc021d141,b4038006-0918-48a1-b6b9-0f00a2d723c0,9e481250-ab48-4e77-aeab-8be45f9233dc,100.0,2026-06-27 11:59:17
251a2f6c-a6ad-46eb-85d7-23ac973c8fe6,9bf0c541-ded1-44ae-84f7-5ec93734bdc6,a046f359-0761-4069-a796-96b5822746ca,90a3d74e-7d45-49c8-8c87-526c528afc9d,500.0,2025-10-12 15:38:12
ca3e9d12-f711-48e0-b4e2-52a19ffed407,9bf0c541-ded1-44ae-84f7-5ec93734bdc6,61ed7e0b-f378-4650-b700-35051c0139d3,9e481250-ab48-4e77-aeab-8be45f9233dc,100.0,2026-03-05 06:38:12
a7a6d207-c9be-4901-aac0-9326dcb151e7,9bf0c541-ded1-44ae-84f7-5ec93734bdc6,5483dd83-8ffd-491b-aa92-da4eb9a57b9e,3d5d41c8-14bf-49cd-91e6-aa9a36bea6bb,643.0,2026-03-08 23:38:12
e252d9fe-4b04-4cc1-a7d7-f16b6f91bec7,9c413fb0-8874-4b66-b058-bc4df23cec8f,bc41e930-4b6d-4848-8d35-05f9bb01e205,90a3d74e-7d45-49c8-8c87-526c528afc9d,214.05,2025-10-05 11:33:54
c828b147-88b0-4f7b-b0bc-6f127e11deb3,9c413fb0-8874-4b66-b058-bc4df23cec8f,c239788c-6c59-43bb-8a43-58205edb4a28,1ebcef21-86e5-4387-9edf-681ad1950c1a,188.34,2026-02-16 08:33:54
55f5ef18-7759-432c-86f7-4fed913c29a4,9e72d3f2-672f-4588-81fc-5999a1232275,ebe10d07-30f2-4920-b8c6-30338658bc42,90a3d74e-7d45-49c8-8c87-526c528afc9d,500.0,2026-06-14 13:19:43
42b2af00-18aa-4af2-b7c0-871c88df1091,9e7db6dd-f5a0-44a9-9fae-ff583f5835d8,fe11d9b8-d5b3-4256-8c31-2d35dac85b26,07c2e98c-db2a-4e92-8552-8a461b6d2353,348.61,2026-11-12 22:31:58
ea265b00-0753-45a2-9c6e-9760f29962dc,9e7db6dd-f5a0-44a9-9fae-ff583f5835d8,c828d30f-2fb4-412e-b8de-7f9cd4566fe3,1ebcef21-86e5-4387-9edf-681ad1950c1a,300.0,2026-11-16 20:31:58
d79667fe-c422-420a-bd5d-992c2f6b425a,9ed2ce3f-e2ee-45dc-a887-e64f122e4b64,6cbd3b39-a652-46aa-897b-d98a541faa4d,90a3d74e-7d45-49c8-8c87-526c528afc9d,500.0,2026-04-06 18:42:09
74befc54-ffe2-4b35-88e5-bb242bd7f47b,9ed2ce3f-e2ee-45dc-a887-e64f122e4b64,b46d27b1-a9af-4f3c-978d-e5cfad642a08,9e481250-ab48-4e77-aeab-8be45f9233dc,52.06,2026-05-08 15:42:09
ec3ea8c4-6078-4477-8ae6-ccb693afa9d2,9ed2ce3f-e2ee-45dc-a887-e64f122e4b64,c78ec284-a94d-4048-b708-c34902d3f450,9e481250-ab48-4e77-aeab-8be45f9233dc,79.49,2026-08-24 01:42:09
15f9488a-33e7-4299-b1d0-c1ae3b2ac11d,9ed2ce3f-e2ee-45dc-a887-e64f122e4b64,8b70958f-47dd-4ef4-ac29-5aac0883ffce,9e481250-ab48-4e77-aeab-8be45f9233dc,54.07,2026-09-29 07:42:09
55be09b3-5a11-48ae-aa1f-6b4540b16af2,9f067012-e9ef-4246-a234-203def6c9339,c6e222cf-9ad5-4898-ae1e-dc9b75f089ca,90a3d74e-7d45-49c8-8c87-526c528afc9d,500.0,2026-06-24 23:50:38
8110be96-4b03-4f09-90c8-82b685a6ab6b,9f3693cd-e44d-4147-b0dc-2e4203a7f3a0,d2ba195f-854c-4524-b52f-205aee0764b5,90a3d74e-7d45-49c8-8c87-526c528afc9d,500.0,2025-09-14 19:11:00
1aa92a4a-fde3-438c-a70c-51f76d318c7c,9f3693cd-e44d-4147-b0dc-2e4203a7f3a0,d2ba195f-854c-4524-b52f-205aee0764b5,9e481250-ab48-4e77-aeab-8be45f9233dc,100.0,2025-09-14 19:11:00
04048c3c-9c46-4fb7-861f-24c03d5a5a8a,9f50a14d-4850-4bf8-913c-ae6275e7fde5,d34ceba6-1bbc-465d-baf4-982789c0c648,90a3d74e-7d45-49c8-8c87-526c528afc9d,451.02,2026-02-11 11:21:09
acc389bd-c615-4d70-af28-dc2791a85447,9f50a14d-4850-4bf8-913c-ae6275e7fde5,59a21b4b-acbb-490a-ab82-a83e7fc72525,3970ec98-085d-4cff-ace2-b47ad81d5d9a,232.6,2026-05-31 07:21:09
1177dc75-ffa4-4a0d-8f6b-83bce28e730d,9f50a14d-4850-4bf8-913c-ae6275e7fde5,4dc10884-ad1b-4659-94bc-3cc3e72774fa,5bf2e261-70cd-47b2-a184-b0f75481fdd5,150.27,2026-08-11 05:21:09
c2b7e734-92c4-46a2-b5dc-917cca8972e4,9f51f172-b74a-49f8-8b29-b76dc5a7c7fa,5694ddbd-2f48-4b58-83fd-c6722646735d,90a3d74e-7d45-49c8-8c87-526c528afc9d,500.0,2025-09-21 14:56:40
16e12e5f-e53c-445e-b945-0dbbe91dc1c7,9f51f172-b74a-49f8-8b29-b76dc5a7c7fa,4154e21c-e195-4d03-b73a-a6c3171b5793,9e481250-ab48-4e77-aeab-8be45f9233dc,100.0,2025-10-04 05:56:40
7effa953-27c9-4b2b-a412-79aa701e6f9e,9f51f172-b74a-49f8-8b29-b76dc5a7c7fa,337ec17d-c3cd-4479-a19d-9fcb1ff2157a,9e481250-ab48-4e77-aeab-8be45f9233dc,100.0,2025-10-14 12:56:40
6c3dcd25-a538-4985-aeff-f7526ebf77c1,9f51f172-b74a-49f8-8b29-b76dc5a7c7fa,1f395f6f-dd2c-48a0-80b8-07f73c6f9337,9e481250-ab48-4e77-aeab-8be45f9233dc,70.6,2025-12-08 04:56:40
865f50a4-9a9c-474a-a235-293fd4bd804e,9f51f172-b74a-49f8-8b29-b76dc5a7c7fa,3f2f9fb4-f3fa-4ade-9abc-3d5625804758,9ce660d5-a7ff-4a73-8d8d-815013fde01d,82.2,2026-01-08 02:56:40
09da633a-39df-48ff-9bfa-071637370627,9f51f172-b74a-49f8-8b29-b76dc5a7c7fa,cf2f945b-b429-4bb9-a4c5-46f82725d754,90a3d74e-7d45-49c8-8c87-526c528afc9d,500.0,2026-03-15 00:56:40
86c28f6a-eb9f-40bd-8c14-291fa22b0c1d,9f7c22da-d107-427b-84f2-292b5765d303,c75ccad8-21ea-47c6-82ea-bae8bbadafaf,07c2e98c-db2a-4e92-8552-8a461b6d2353,328.75,2025-10-26 16:02:08
9ea1c47d-4940-4a23-bf8c-487c40e9fe8d,9f7c22da-d107-427b-84f2-292b5765d303,62c36309-6b05-4c68-b99f-644681e6e6ac,24d8fa0e-5d24-4f3e-bf35-b7cea1b09e56,150.0,2026-02-15 18:02:08
e24e04d5-7ebb-4cae-bf87-d1b030bad741,9fce0c6c-ce8a-472f-99e4-a41c524b7807,daa9b95f-8467-4ee9-a938-697ce90ed333,9ce660d5-a7ff-4a73-8d8d-815013fde01d,400.0,2026-01-13 14:43:10
dee33ed8-4bb2-4b8e-9db9-048e2b134dc6,9fce0c6c-ce8a-472f-99e4-a41c524b7807,f2891d3c-ed2b-49c9-b520-137ba036c9b8,9e481250-ab48-4e77-aeab-8be45f9233dc,100.0,2026-01-25 02:43:10
df2d75a0-00ce-4224-92d9-e85d15d0b9de,9fce0c6c-ce8a-472f-99e4-a41c524b7807,b86f512f-8551-4aae-bdab-09d9c5d7c9f2,de4ebad1-a920-4ecb-a6c7-3099945ea4e5,300.0,2026-05-15 10:43:10
bede6313-ccc0-4ba8-a45e-03b5ee763617,9fce0c6c-ce8a-472f-99e4-a41c524b7807,b86f512f-8551-4aae-bdab-09d9c5d7c9f2,9e481250-ab48-4e77-aeab-8be45f9233dc,100.0,2026-05-15 10:43:10
30c22be8-3dfc-45ad-9934-a9cfd330e931,9fdeac58-b1af-4f77-a01a-4a9ac4e61eaf,526171da-6fe4-46f6-8bee-dca35f9f4cd4,90a3d74e-7d45-49c8-8c87-526c528afc9d,500.0,2026-04-20 13:43:06
37c63ebf-23a8-422d-9bf9-d26df995b7c1,a06f9744-ca41-4e0f-bea2-e573508ffed6,23c813cc-5bf1-4810-8471-1dd1bbcb58f6,90a3d74e-7d45-49c8-8c87-526c528afc9d,500.0,2026-06-10 03:47:59
33461f28-4784-4b7b-8b2f-92e6307fab63,a0d137cb-4add-41f5-a2dd-3b22492cb8e1,faffcd08-69d9-4278-a386-cebdf5334974,90a3d74e-7d45-49c8-8c87-526c528afc9d,500.0,2026-02-27 00:16:01
3bf675f7-8bc0-4072-8de7-1a899019b595,a0d137cb-4add-41f5-a2dd-3b22492cb8e1,6d4544d2-6511-4a57-aa8d-c83f576c601c,9e481250-ab48-4e77-aeab-8be45f9233dc,100.0,2026-05-01 05:16:01
40aaa0a8-e795-4185-9459-25d1af509963,a0f9ec8a-cbd1-4005-8b91-260f55ca35ac,c709e6dc-58d6-4789-bbd5-c59d6c7aee2b,90a3d74e-7d45-49c8-8c87-526c528afc9d,500.0,2026-07-15 05:48:48
a3541c22-0eb9-45c8-9d9f-b39f5893fa12,a0f9ec8a-cbd1-4005-8b91-260f55ca35ac,97bb0200-941e-46e3-b9a4-f70aecefb1a2,1ebcef21-86e5-4387-9edf-681ad1950c1a,300.0,2026-08-03 21:48:48
3e027c49-e700-4e5a-b672-72da06d76bca,a116ebe4-b11c-4033-b223-451a930eb113,8ab07bc3-6fb9-4867-85b7-2671ff2167dc,3d5d41c8-14bf-49cd-91e6-aa9a36bea6bb,800.0,2026-01-22 12:35:51
2fb70992-eb5e-489b-b329-b6ee8f85e724,a116ebe4-b11c-4033-b223-451a930eb113,0bb435ba-23b3-4177-bf5c-967fe7e2419f,9e481250-ab48-4e77-aeab-8be45f9233dc,78.76,2026-01-26 20:35:51
c9fc1a88-ade0-4344-93e0-09d8fc999980,a116ebe4-b11c-4033-b223-451a930eb113,50d7c318-e1b4-4111-a586-cb21889c86ad,5bf2e261-70cd-47b2-a184-b0f75481fdd5,200.0,2026-06-05 08:35:51
f122a34c-53bd-410b-aa43-5606cce70beb,a116ebe4-b11c-4033-b223-451a930eb113,c8a55b87-5c6b-4bbc-bd14-b39b0d9c9548,9e481250-ab48-4e77-aeab-8be45f9233dc,100.0,2026-06-16 23:35:51
8ffd4a83-1fa0-4db8-86b1-567ef2f20134,a11e7197-cc62-4c75-b994-10b7a6a08f52,570a31b7-5480-4bdc-b2a9-1b683758fd6e,90a3d74e-7d45-49c8-8c87-526c528afc9d,500.0,2025-10-28 23:46:33
380227dd-22b1-4c52-beac-9616b6be18bf,a15baf90-8410-4f86-8ac8-2b93118c5e45,8b0a8226-40a0-4ec0-86fd-effd32fb095d,90a3d74e-7d45-49c8-8c87-526c528afc9d,500.0,2026-03-07 03:47:07
95901223-a148-416f-9ff6-81ff3156ce3f,a15baf90-8410-4f86-8ac8-2b93118c5e45,e43bb4ce-64b2-4c57-9c11-3c5acf421218,9e481250-ab48-4e77-aeab-8be45f9233dc,100.0,2026-03-25 05:47:07
9833f812-0f6e-4074-adfb-75828019de8a,a15baf90-8410-4f86-8ac8-2b93118c5e45,5add3b9a-3f99-4553-89cb-dce3af3b712d,24d8fa0e-5d24-4f3e-bf35-b7cea1b09e56,150.0,2026-06-30 13:47:07
a0d7cbc7-af6e-4755-b5ad-2cef4477372a,a15baf90-8410-4f86-8ac8-2b93118c5e45,777b7bc2-4fea-457a-b02a-e76b52ab57b6,3d5d41c8-14bf-49cd-91e6-aa9a36bea6bb,309.95,2026-08-08 17:47:07
1db7f2f2-0cb4-45e4-8c30-fc9519c7ca5e,a15baf90-8410-4f86-8ac8-2b93118c5e45,777b7bc2-4fea-457a-b02a-e76b52ab57b6,9e481250-ab48-4e77-aeab-8be45f9233dc,100.0,2026-08-08 17:47:07
4d6cbf90-78f8-4136-97ba-8d057dbf8b52,a15baf90-8410-4f86-8ac8-2b93118c5e45,00448133-b851-4dcd-9f1a-34af378f6149,07c2e98c-db2a-4e92-8552-8a461b6d2353,600.0,2026-08-15 05:47:07
5031b259-a89b-4886-8058-a99f18634921,a15baf90-8410-4f86-8ac8-2b93118c5e45,00448133-b851-4dcd-9f1a-34af378f6149,9e481250-ab48-4e77-aeab-8be45f9233dc,100.0,2026-08-15 05:47:07
845e8575-9cb4-4249-bc47-0ee242dffe4e,a1807106-4867-48ef-846e-2f4ee906606d,5cbf0bfb-81f7-4303-b2b7-8ac6ef88da9e,90a3d74e-7d45-49c8-8c87-526c528afc9d,500.0,2025-12-14 01:00:43
5daa1f87-413d-4004-acba-cc569beca5b1,a1807106-4867-48ef-846e-2f4ee906606d,7568ce26-ae38-421a-9748-ea44a15c78c0,9e481250-ab48-4e77-aeab-8be45f9233dc,100.0,2026-01-09 12:00:43
43ecfa8a-f92d-4f22-81e9-1ef0b00f58e9,a1807106-4867-48ef-846e-2f4ee906606d,eb8b5a2d-e6d8-47f4-9a3e-0243617aad5d,9e481250-ab48-4e77-aeab-8be45f9233dc,100.0,2026-03-26 21:00:43
fe765fa2-4369-4bd2-a9c7-5c25e7faca00,a1985851-d753-4aa9-a92d-d9db11761446,0490741d-5052-4982-88ab-0545c249c3e5,90a3d74e-7d45-49c8-8c87-526c528afc9d,500.0,2026-05-21 11:59:48
009bd516-cdca-452a-a435-8b0ea455910a,a1985851-d753-4aa9-a92d-d9db11761446,e65e47c0-2369-48ab-8c9c-bb6f70ace0ac,24d8fa0e-5d24-4f3e-bf35-b7cea1b09e56,150.0,2026-07-23 10:59:48
e7c57a0d-adf2-4cab-b26c-182dfe401dc0,a1985851-d753-4aa9-a92d-d9db11761446,543a8c90-631b-4bc6-ac2f-64d6528f4af0,9e481250-ab48-4e77-aeab-8be45f9233dc,100.0,2026-08-28 04:59:48
d7b73f8b-b27a-4c54-b2f6-388a522d51c4,a24ef3c2-be71-4d7d-aedf-42c606b70fd4,21e14bd9-0a0f-4426-958a-4d6a0a94ffe1,9e481250-ab48-4e77-aeab-8be45f9233dc,100.0,2026-03-27 21:09:33
50b898ff-de4e-4ad0-92b2-0193c53508bb,a24ef3c2-be71-4d7d-aedf-42c606b70fd4,fae6aad6-eea6-4953-8d21-c9d4e790e083,9e481250-ab48-4e77-aeab-8be45f9233dc,100.0,2026-03-28 18:09:33
66824aa9-9e86-41c3-b58b-8ee97cacfc95,a24ef3c2-be71-4d7d-aedf-42c606b70fd4,fb7fcf87-6711-4a60-b81e-572f2bd0d9b0,1ebcef21-86e5-4387-9edf-681ad1950c1a,204.22,2026-04-24 12:09:33
a1dc4261-7c03-4ab4-a555-446f6cbf6484,a24ef3c2-be71-4d7d-aedf-42c606b70fd4,dca2051d-db7d-4e6e-a1b7-86b76adb6e17,3970ec98-085d-4cff-ace2-b47ad81d5d9a,1000.0,2026-05-09 15:09:33
5c676ca0-b4fb-4e97-8bd0-e4ce6861501b,a24ef3c2-be71-4d7d-aedf-42c606b70fd4,f324b2e3-4247-4e60-85eb-116ae8b9c316,3970ec98-085d-4cff-ace2-b47ad81d5d9a,1000.0,2026-06-24 11:09:33
24803f90-630e-4873-8a67-6b3c288be8c3,a267d139-94f8-4481-99e8-40aa848421ef,714ecbc0-c61d-4cee-8741-65c099cc484e,90a3d74e-7d45-49c8-8c87-526c528afc9d,500.0,2026-05-24 15:44:17
6dfca607-776e-482e-9a04-4aab89df18ed,a267d139-94f8-4481-99e8-40aa848421ef,352c2210-5ee6-4be5-b1f4-dcef980c3107,9e481250-ab48-4e77-aeab-8be45f9233dc,100.0,2026-10-17 14:44:17
cf0cfdbf-d5bf-47e5-86aa-307c63b84b7c,a26c4f82-7244-48cc-b528-3299a6bdfcf8,00afb042-e54e-4a5c-afeb-0d079f966917,90a3d74e-7d45-49c8-8c87-526c528afc9d,500.0,2026-09-06 09:54:12
1b98a0a5-c745-4c14-97db-cc91398a4f5c,a3dbe3f2-1ab4-4a05-a8a1-7fe275167c2c,e23c6ed9-8646-44ab-afee-ad69e1b8a2c6,90a3d74e-7d45-49c8-8c87-526c528afc9d,500.0,2026-03-17 05:23:42
7b5449d2-463b-4568-baff-a96b88a89759,a3dbe3f2-1ab4-4a05-a8a1-7fe275167c2c,1ec835c3-1c38-47f9-a849-9065dee6de60,9e481250-ab48-4e77-aeab-8be45f9233dc,100.0,2026-04-27 02:23:42
f76832ea-b2f9-4b5d-892d-a914566443a8,a42de534-06bd-41e7-92b6-6899da3bacc2,bbe81fc6-3c58-449f-a2ab-0202da006fed,90a3d74e-7d45-49c8-8c87-526c528afc9d,500.0,2025-11-23 11:56:12
b663cae4-4399-49a7-a639-1e53a72bc130,a448da29-f664-43f5-9a2b-cbc873141971,b7ad2df8-0da3-485d-bbd0-46064a8f1ed3,07c2e98c-db2a-4e92-8552-8a461b6d2353,600.0,2026-04-03 22:47:34
d384acca-0f41-4c44-a0ae-b3c4fa52e3f4,a448da29-f664-43f5-9a2b-cbc873141971,2c9d5856-984b-45b4-af68-98d8a572a54c,9e481250-ab48-4e77-aeab-8be45f9233dc,100.0,2026-04-30 05:47:34
f94fc725-7818-4ce4-8d1c-d82c34018da0,a454418a-8c0b-48c9-b377-046c7bb720c4,5c4d9a70-1ddf-4f26-94a1-5ff502ce6d44,9e481250-ab48-4e77-aeab-8be45f9233dc,100.0,2026-01-31 02:50:24
51ad1e3f-c789-4792-9e90-93f0cd5b8b46,a4d3566f-b8cb-42d1-85a3-a26c8066d7c7,e6313203-0a61-4ede-92d5-c1da38a54e75,90a3d74e-7d45-49c8-8c87-526c528afc9d,491.0,2026-09-07 09:16:23
d84d1d1b-8a1e-49c8-9023-309fc50a58f1,a4d3566f-b8cb-42d1-85a3-a26c8066d7c7,e19406ed-0675-4e6f-8c53-cddf12228000,9e481250-ab48-4e77-aeab-8be45f9233dc,100.0,2026-11-21 07:16:23
82565530-7a6e-4e4c-9c12-d147fc05ecf1,a57bcad3-49e9-4e97-86c1-2a712bba5f3c,c9708382-a43f-4fea-a81b-d2537b4926ba,90a3d74e-7d45-49c8-8c87-526c528afc9d,500.0,2025-11-15 04:14:16
b7b7d23d-298c-4516-88dd-5a34aff67ba6,a656cf33-e558-4021-95b9-e4f94fa8ad6c,4a0fa4c5-5355-4e4f-8843-cfc36b94b94e,90a3d74e-7d45-49c8-8c87-526c528afc9d,500.0,2026-05-14 16:59:15
af1423de-a623-4167-846f-e4a5317852e5,a656cf33-e558-4021-95b9-e4f94fa8ad6c,4a0fa4c5-5355-4e4f-8843-cfc36b94b94e,9e481250-ab48-4e77-aeab-8be45f9233dc,100.0,2026-05-14 16:59:15
a581e2c3-a498-468e-a4cf-04ca97f1d629,a656cf33-e558-4021-95b9-e4f94fa8ad6c,e3575a00-aa68-498d-9ce6-775b603871d9,9e481250-ab48-4e77-aeab-8be45f9233dc,100.0,2026-05-21 17:59:15
49e2f171-e3df-4af4-933f-1eb0610fbb68,a656cf33-e558-4021-95b9-e4f94fa8ad6c,8486e20a-7bb5-4807-aeb3-37090c10660f,9e481250-ab48-4e77-aeab-8be45f9233dc,100.0,2026-10-03 10:59:15
010ad11d-ad14-45c4-8f51-086e472d17c4,a6f76eff-59a2-426a-8c81-0cb159ad35ee,3d59d8fa-74b2-4c16-8740-22d9703f4d06,07c2e98c-db2a-4e92-8552-8a461b6d2353,600.0,2026-05-23 08:57:46
e272121f-08ea-4769-953c-c865b43ef1be,a75b21ad-16ba-4a86-a195-edc1980e231e,6b1c9d17-694a-4d16-83b1-3bac4f91cd51,9e481250-ab48-4e77-aeab-8be45f9233dc,100.0,2026-10-10 03:53:05
c91feb1a-5402-423e-9b7d-877a35676c30,a8075a9b-b533-4244-a700-312b288c159f,b1f4aaf3-f8cc-4d6f-b11f-1b43d21e089e,24d8fa0e-5d24-4f3e-bf35-b7cea1b09e56,150.0,2025-11-18 15:20:06
92b40fb2-32d3-45e5-a97a-b5abd13ccc98,a8075a9b-b533-4244-a700-312b288c159f,e572224f-0337-4c57-ab09-96c3b5df1524,9e481250-ab48-4e77-aeab-8be45f9233dc,100.0,2026-05-16 20:20:06
ac8cbce6-7664-4517-9206-d4b18ce269aa,a8078657-507e-4fa0-a388-ef8138f8284a,645d81b8-c931-41ae-b576-7375dcc2f4f9,24d8fa0e-5d24-4f3e-bf35-b7cea1b09e56,150.0,2026-04-03 19:02:16
6a40dba2-fe33-4f1e-a982-ceff17279a6c,a817c5ba-f604-4d66-8126-151357369e63,6404ac60-1c08-444d-9b79-f6eeb9810af5,9ce660d5-a7ff-4a73-8d8d-815013fde01d,400.0,2025-09-02 02:20:57
0e69cfd7-4d7f-4768-b35a-d7239f76fd6b,a817c5ba-f604-4d66-8126-151357369e63,450fbe4e-bc38-4258-a026-2b5ea8eb1eee,9e481250-ab48-4e77-aeab-8be45f9233dc,100.0,2025-10-04 00:20:57
abca015e-5fbe-449a-bee2-52fa88b97f9d,a817c5ba-f604-4d66-8126-151357369e63,59dad7b3-7612-46d6-8a47-016e96f74ede,9e481250-ab48-4e77-aeab-8be45f9233dc,100.0,2025-11-07 00:20:57
8ad7b775-997d-418a-bee3-4d39c440e41c,a817c5ba-f604-4d66-8126-151357369e63,0385a9fb-f1ee-4756-b947-fbf2bb679e07,9e481250-ab48-4e77-aeab-8be45f9233dc,100.0,2025-12-04 18:20:57
8660ba0c-9d78-4ba6-ad92-e49a480e59d4,a81c523f-9cd6-403d-93b9-b825babfcd90,accc81b9-ed6b-4fb1-a823-a0ce440341d7,90a3d74e-7d45-49c8-8c87-526c528afc9d,500.0,2026-08-28 23:00:38
6d906195-dce1-40d8-936f-be586b1d9e91,a86ffd29-4b4e-4bd9-89e0-94df775ad5db,15775050-f514-4853-9db2-9a3cac975afd,3d5d41c8-14bf-49cd-91e6-aa9a36bea6bb,800.0,2026-02-08 21:03:34
032fbc01-31c9-4555-8184-07cb3faf80bc,a920c078-47fe-4507-8a72-b0e738dbc9d3,75028f6a-ecdf-48c9-874b-8027a5e61086,90a3d74e-7d45-49c8-8c87-526c528afc9d,500.0,2026-05-17 20:33:05
4e27e8a6-b7d9-48d1-bca4-4bde322d5fc8,a920c078-47fe-4507-8a72-b0e738dbc9d3,75028f6a-ecdf-48c9-874b-8027a5e61086,9e481250-ab48-4e77-aeab-8be45f9233dc,100.0,2026-05-17 20:33:05
6492aa4c-badc-497b-9d3d-c34052cc7713,a920c078-47fe-4507-8a72-b0e738dbc9d3,6afe3d54-756b-4ddc-9906-e5e32342b000,9e481250-ab48-4e77-aeab-8be45f9233dc,83.34,2026-05-25 13:33:05
0e133ff4-a8c2-4147-9afe-e44e3e521fe3,a920c078-47fe-4507-8a72-b0e738dbc9d3,01ab5423-2f37-4f09-9ba4-48ed4b67213d,24d8fa0e-5d24-4f3e-bf35-b7cea1b09e56,150.0,2026-10-07 17:33:05
c7c61c03-eb2c-49a2-9405-7ea1a2a198d6,a9d203a2-e53f-4bbf-841b-8c073f98eb90,18d06ec1-6325-4116-af5a-ee17f30d4897,90a3d74e-7d45-49c8-8c87-526c528afc9d,500.0,2025-10-20 19:21:29
95a55b6c-9f3b-4611-b6e4-8d851fb20980,a9d203a2-e53f-4bbf-841b-8c073f98eb90,ff7eaeda-bac3-4ae5-9cfa-b26c2a67b4eb,de4ebad1-a920-4ecb-a6c7-3099945ea4e5,300.0,2026-02-04 15:21:29
610d2688-e579-4c6f-a78b-d7dd162a9ddf,a9dff3a3-1650-4565-ae91-ecee88a5dcb4,691b5110-641e-45e8-bf13-38ade9555704,90a3d74e-7d45-49c8-8c87-526c528afc9d,500.0,2026-03-26 11:33:32
cc2dc487-a11d-4cf0-857f-6a6dba8d0dd3,aabbb069-eea2-4b4b-9c5a-098b10a7213c,83f3469a-f12b-48f0-b3fb-808405699237,90a3d74e-7d45-49c8-8c87-526c528afc9d,500.0,2026-07-18 21:02:06
af642234-95f6-4390-ad09-4b7e83ec0314,ab835f6c-a9f3-4233-b759-a361170bc850,682a0d2d-a14f-4589-b24b-dd904e4cea0b,90a3d74e-7d45-49c8-8c87-526c528afc9d,500.0,2025-11-05 01:39:50
084e2602-6637-44fb-83b4-20004ad32543,ab835f6c-a9f3-4233-b759-a361170bc850,f82e33f3-14eb-4381-866b-4299d63e2f0c,9e481250-ab48-4e77-aeab-8be45f9233dc,100.0,2025-11-29 20:39:50
5926f9bf-095b-47a4-b2b1-2e55271e585c,ab835f6c-a9f3-4233-b759-a361170bc850,d39164dd-864f-415a-8665-ef92ee6f9bbc,24d8fa0e-5d24-4f3e-bf35-b7cea1b09e56,150.0,2025-12-21 22:39:50
350961ce-ec10-4100-a88e-966470feb9d4,ab835f6c-a9f3-4233-b759-a361170bc850,e24f058d-0c8a-4625-b96a-16096635c995,9e481250-ab48-4e77-aeab-8be45f9233dc,100.0,2026-01-07 16:39:50
058c3efd-2f42-40f7-a238-625f5794ebba,ab835f6c-a9f3-4233-b759-a361170bc850,8971ea10-a493-42ca-aa75-f5582f9cbbf6,5bf2e261-70cd-47b2-a184-b0f75481fdd5,200.0,2026-01-17 12:39:50
a760098b-fb1d-4994-abec-af522431c0b2,ab835f6c-a9f3-4233-b759-a361170bc850,8971ea10-a493-42ca-aa75-f5582f9cbbf6,9e481250-ab48-4e77-aeab-8be45f9233dc,100.0,2026-01-17 12:39:50
8ca7ac15-b4b1-4a11-b202-9ad1370fe767,ab835f6c-a9f3-4233-b759-a361170bc850,73a4e0cb-8150-4c68-9004-144bae302755,9e481250-ab48-4e77-aeab-8be45f9233dc,100.0,2026-03-13 09:39:50
55f3ef4c-1948-4ba0-8730-36c898889398,ab835f6c-a9f3-4233-b759-a361170bc850,b0568760-a404-4112-ae9f-e6deee1b8393,90a3d74e-7d45-49c8-8c87-526c528afc9d,138.71,2026-04-13 17:39:50
374d2753-d55d-418c-94ff-a4e7614fef12,ab835f6c-a9f3-4233-b759-a361170bc850,6e963ef2-195f-4191-9754-40c8b0123a3e,5bf2e261-70cd-47b2-a184-b0f75481fdd5,200.0,2026-04-21 07:39:50
7949a8cc-a49f-437a-923d-438ef5f97965,abd7d44e-e5a1-4e48-9621-656e701a2ef8,292143ea-e67f-4033-8d39-cf5a7bd17f98,90a3d74e-7d45-49c8-8c87-526c528afc9d,500.0,2025-10-12 04:49:40
09d33f2b-144d-4d6f-a5da-5b6b05c4f24a,abd7d44e-e5a1-4e48-9621-656e701a2ef8,292143ea-e67f-4033-8d39-cf5a7bd17f98,9e481250-ab48-4e77-aeab-8be45f9233dc,100.0,2025-10-12 04:49:40
bc50bfa2-8ec2-4db0-a85f-c642cd48ed7c,abd7d44e-e5a1-4e48-9621-656e701a2ef8,ad4b7b7a-d789-442a-8fab-272ec47aff39,1ebcef21-86e5-4387-9edf-681ad1950c1a,242.52,2025-11-02 01:49:40
14ec2cca-67ca-4b8c-8e06-741ddc5b587b,ac728c5d-0786-4a06-820d-19c58c8655bf,2b7df3e3-05e4-419a-ab8d-be72e7501c05,de4ebad1-a920-4ecb-a6c7-3099945ea4e5,300.0,2025-11-24 19:33:16
0456fd6a-d1d2-4a16-a4d6-a7ac9ec3ea31,ad8cd581-fb88-4e8d-ba26-be448868bc56,ce17abab-f1d4-45d3-80a4-3dde5e2f8f5f,90a3d74e-7d45-49c8-8c87-526c528afc9d,500.0,2026-08-01 06:12:52
8ed5e873-3e96-471a-bb93-3a2ec4ad41ab,ada47d73-1ec4-44df-af65-c7da5d5a713f,883d4cb9-9955-43c6-9564-82fbe7cf39a0,1ebcef21-86e5-4387-9edf-681ad1950c1a,76.27,2026-08-28 04:28:04
712338aa-59ea-47e4-966d-9b2b15b34809,ada47d73-1ec4-44df-af65-c7da5d5a713f,acc1822f-22bd-48c9-b822-2a5582c58714,5bf2e261-70cd-47b2-a184-b0f75481fdd5,200.0,2026-10-23 11:28:04
8f74a40d-53b2-4a14-aa40-35450a245e41,aeafa665-618f-4082-b3d0-3c6f55afb807,39c00880-fc08-461c-b01d-7e319fa25fcd,90a3d74e-7d45-49c8-8c87-526c528afc9d,500.0,2026-06-10 05:15:50
08ad148d-e171-44c6-955d-2d73b7e1b2de,aeafa665-618f-4082-b3d0-3c6f55afb807,7a5f9cee-087a-46be-83f1-8bc40caa4909,9e481250-ab48-4e77-aeab-8be45f9233dc,100.0,2026-08-29 08:15:50
cdb00780-0200-46c3-be8d-774145eef076,aeafa665-618f-4082-b3d0-3c6f55afb807,d28238b1-e9d9-435e-b7c3-e660666639a0,9e481250-ab48-4e77-aeab-8be45f9233dc,100.0,2026-10-28 23:15:50
26e9bc85-3d49-4635-947e-8cb3b3bcaaaf,af381e00-1ddd-4f26-a82c-51a595c5f058,a4cd2d5d-2493-4df9-8171-3257d31e1e86,90a3d74e-7d45-49c8-8c87-526c528afc9d,500.0,2025-12-08 04:09:35
9622003d-5f8c-4e83-ade6-a4205bc77d78,af6dec64-e7d5-4a66-9343-46792b8f84ef,6ba1a6f8-3120-42d7-92b7-83769e535159,3d5d41c8-14bf-49cd-91e6-aa9a36bea6bb,110.38,2026-10-11 21:56:17
8cde9f4e-cc08-4a56-80a1-6b32974c50da,afa9dad4-d71a-4e5c-8fb5-9ea1a5a98682,52bb0581-f2e6-42bb-bc94-a0d0a6e7a4ea,5bf2e261-70cd-47b2-a184-b0f75481fdd5,200.0,2025-11-30 17:01:44
ffb26e39-b650-4a53-bb9a-a70af489afe8,afa9dad4-d71a-4e5c-8fb5-9ea1a5a98682,3abdc85a-ba15-4886-ab0c-0462d04fa78c,9e481250-ab48-4e77-aeab-8be45f9233dc,100.0,2025-12-08 19:01:44
1962fe2d-9957-45df-8fce-dbe6bd97a481,aff043d9-eed1-437d-be41-07a7e4a639eb,61c04ef3-0b9e-4353-ae3e-27eda0182e21,90a3d74e-7d45-49c8-8c87-526c528afc9d,500.0,2026-01-05 11:42:36
bb56f03c-795d-4d3a-9828-dc38ac2305de,aff043d9-eed1-437d-be41-07a7e4a639eb,b13e5ade-c0e0-45c0-b012-0aeace064ad2,3d5d41c8-14bf-49cd-91e6-aa9a36bea6bb,800.0,2026-01-23 21:42:36
53918983-2713-445d-8407-60001426f6eb,aff043d9-eed1-437d-be41-07a7e4a639eb,a8500cda-bef3-49fe-b1b8-e54453c442f1,24d8fa0e-5d24-4f3e-bf35-b7cea1b09e56,105.01,2026-02-24 06:42:36
3c32136b-e8c4-4482-a38a-ad5b1e3344a8,b0172e0b-b730-4a69-b3a4-542a29a86cf3,a7e56962-ee66-4b83-9aca-1e51c85e13f4,90a3d74e-7d45-49c8-8c87-526c528afc9d,500.0,2025-10-14 17:30:21
2b5fb12e-a1b4-4401-b98c-a027d712d8a0,b0172e0b-b730-4a69-b3a4-542a29a86cf3,351add28-7723-4b66-ae1e-c597abd9ecfe,de4ebad1-a920-4ecb-a6c7-3099945ea4e5,300.0,2025-11-29 12:30:21
6bd06519-f520-4bb9-8ed7-2243d36d0778,b0ca92e5-cbc4-4bd5-afd5-0261c34f53b9,8ae70695-211e-4ab0-a96d-776ed696d80a,9ce660d5-a7ff-4a73-8d8d-815013fde01d,392.93,2025-10-06 16:46:30
eb5d43f1-5a5a-4b29-b718-9b7893ef4894,b0ca92e5-cbc4-4bd5-afd5-0261c34f53b9,86be7012-78e6-4192-a2b9-5b8106e6474a,3970ec98-085d-4cff-ace2-b47ad81d5d9a,750.92,2025-10-06 20:46:30
42cf7fc0-64d9-42a0-b966-3ad55e5b2956,b0ca92e5-cbc4-4bd5-afd5-0261c34f53b9,9216608d-25a2-472e-a8f4-155d042d4071,3d5d41c8-14bf-49cd-91e6-aa9a36bea6bb,800.0,2025-10-10 00:46:30
ead16b51-d542-4198-ab3b-f9c52052acb6,b0ca92e5-cbc4-4bd5-afd5-0261c34f53b9,449fc11b-aedb-4940-a815-8256f159dc02,9e481250-ab48-4e77-aeab-8be45f9233dc,100.0,2025-11-18 03:46:30
94d12692-733d-4398-a2e8-1831ba3e0ffc,b0ca92e5-cbc4-4bd5-afd5-0261c34f53b9,10f4c6a5-fae4-49a1-8854-3f39035c14c5,3970ec98-085d-4cff-ace2-b47ad81d5d9a,324.36,2025-11-20 17:46:30
c377917b-63a7-4ff0-b154-78ae279d49bd,b0ca92e5-cbc4-4bd5-afd5-0261c34f53b9,10f4c6a5-fae4-49a1-8854-3f39035c14c5,9e481250-ab48-4e77-aeab-8be45f9233dc,100.0,2025-11-20 17:46:30
8f54e00c-8480-4542-ab72-68e4f79c5018,b0ca92e5-cbc4-4bd5-afd5-0261c34f53b9,f571c9d5-f7e0-4dc0-a7ab-c17e43e6dbe3,9e481250-ab48-4e77-aeab-8be45f9233dc,100.0,2026-01-31 18:46:30
d382f1bd-a9ce-45fd-be1e-5072ed72ac92,b0dc0715-578e-4052-b6c3-623e89e0da04,28485f7c-e683-4a8c-8e5e-d34a8996f639,90a3d74e-7d45-49c8-8c87-526c528afc9d,500.0,2026-01-14 23:05:23
08e97d0f-7278-4b61-8227-5da5e7250a92,b0dc0715-578e-4052-b6c3-623e89e0da04,b08fc697-3982-4c04-a937-228989f0339b,90a3d74e-7d45-49c8-8c87-526c528afc9d,132.5,2026-04-20 09:05:23
28d13d22-9f93-4c75-bede-1cb347141d49,b15850db-9db5-4f3b-9392-c1aa568d3745,fb39e5ad-146b-4d4e-8815-f402551f1346,90a3d74e-7d45-49c8-8c87-526c528afc9d,500.0,2026-06-07 15:45:19
9240632d-c2f5-4141-8852-4d07c32a4aa8,b17781f0-2405-4ed6-bfd7-97ccbab66d44,d6e65700-0c31-4f07-a3db-79d48c0a72a0,90a3d74e-7d45-49c8-8c87-526c528afc9d,500.0,2026-04-28 12:07:49
9abca72e-3acf-40d3-b0a3-64d8f0776ab1,b17781f0-2405-4ed6-bfd7-97ccbab66d44,d6e65700-0c31-4f07-a3db-79d48c0a72a0,9e481250-ab48-4e77-aeab-8be45f9233dc,100.0,2026-04-28 12:07:49
2354a24d-af44-46d2-af98-94c6c07e7c2b,b17781f0-2405-4ed6-bfd7-97ccbab66d44,51ded05a-b4d2-4d61-88f7-fc104636600a,9e481250-ab48-4e77-aeab-8be45f9233dc,100.0,2026-08-06 19:07:49
85840724-e55a-45c6-ae69-6a170855d400,b17781f0-2405-4ed6-bfd7-97ccbab66d44,c9a2770b-af92-4ff3-b470-0aed6e1d9794,5bf2e261-70cd-47b2-a184-b0f75481fdd5,200.0,2026-09-15 02:07:49
64813013-eb2a-4fa4-bbd8-8dca4bb657da,b17f444e-fc54-4c8f-baf5-6675ae49fc6e,5ed8fade-5e13-435e-b35a-ae4568df633f,90a3d74e-7d45-49c8-8c87-526c528afc9d,500.0,2026-08-03 04:46:33
8182366d-61eb-4088-907f-a2f2296fffb1,b1f14453-48cc-40fb-a13f-906310851022,25dd6006-abb5-462d-a05f-35e1257265fc,90a3d74e-7d45-49c8-8c87-526c528afc9d,500.0,2026-09-03 16:29:13
382fb881-28e3-4466-9fdb-7f9f2d42f07e,b1f14453-48cc-40fb-a13f-906310851022,e6ecfc53-9442-4730-826d-7176d2ced346,9e481250-ab48-4e77-aeab-8be45f9233dc,100.0,2026-09-19 12:29:13
627d1ef6-5435-4796-b0de-b91b772cffd2,b1f14453-48cc-40fb-a13f-906310851022,c9b9f5a2-4648-424b-934c-10ce8e295054,07c2e98c-db2a-4e92-8552-8a461b6d2353,600.0,2026-10-17 09:29:13
4e35ce4c-62cb-4b69-a995-cd8d3182a7b3,b258a88f-443e-46e2-91ae-9c6d84050147,fd6b1091-255c-43ce-a62d-0efe213f114c,90a3d74e-7d45-49c8-8c87-526c528afc9d,500.0,2026-05-15 14:38:24
80375aac-18a8-45dc-8793-c47280f9859a,b2ffb699-0e22-4937-a065-5babd1d80e29,d0fea952-1fe7-476c-96f1-94bcc432c0df,3970ec98-085d-4cff-ace2-b47ad81d5d9a,1000.0,2026-06-25 04:41:39
e7571706-b1df-4d5d-ba08-ae5ab92c1a00,b2ffb699-0e22-4937-a065-5babd1d80e29,d71bf156-6dcb-49bd-94d6-8671dfc1527c,1ebcef21-86e5-4387-9edf-681ad1950c1a,300.0,2026-07-10 23:41:39
37a15cb1-d3d6-4447-8f75-f7704a7a65e1,b2ffb699-0e22-4937-a065-5babd1d80e29,b19a8720-b301-40c9-a8f8-ef74e75086fa,1ebcef21-86e5-4387-9edf-681ad1950c1a,300.0,2026-07-27 05:41:39
508dfc8b-67a3-4a0e-b897-11688878b3e8,b2ffb699-0e22-4937-a065-5babd1d80e29,05e96bed-e6e8-4e0e-b61b-a4d2ed464ef5,07c2e98c-db2a-4e92-8552-8a461b6d2353,439.28,2026-08-09 16:41:39
604ce6fa-ee7f-4556-9c7c-ba8f957af15b,b3376bb2-39cb-4227-9112-f2203a486e27,af771af6-543b-4e72-b5a5-92b2f5c1dbcf,90a3d74e-7d45-49c8-8c87-526c528afc9d,500.0,2026-07-23 01:38:09
191ee769-60d0-4a3a-91cd-55d6b747555e,b3376bb2-39cb-4227-9112-f2203a486e27,af771af6-543b-4e72-b5a5-92b2f5c1dbcf,9e481250-ab48-4e77-aeab-8be45f9233dc,100.0,2026-07-23 01:38:09
515b7d65-b200-4ea7-a201-88f3f8eec612,b3c5e0d1-3006-43c9-8b05-7126e00212f4,8b9bf86c-53ae-4504-8659-215eaf3e2a80,90a3d74e-7d45-49c8-8c87-526c528afc9d,500.0,2025-09-05 10:43:25
3b4c70fe-14dc-49c5-977b-37710d2d8ae7,b3c5e0d1-3006-43c9-8b05-7126e00212f4,16e6e319-1645-4b7d-a7c2-1d5dbbb79975,9ce660d5-a7ff-4a73-8d8d-815013fde01d,400.0,2025-12-31 10:43:25
ab75e14d-7db2-46ed-b861-fb1ff7f10200,b410201a-242c-4ae6-a801-23a77a81d59b,a6afdf62-b1ff-4494-b6dc-4befe1f8d184,90a3d74e-7d45-49c8-8c87-526c528afc9d,500.0,2025-11-18 20:41:48
df82246f-0376-41b7-a9b7-124220a222b0,b410201a-242c-4ae6-a801-23a77a81d59b,f98408bf-2e5f-4c08-8521-657c296d4d66,9ce660d5-a7ff-4a73-8d8d-815013fde01d,400.0,2026-01-09 02:41:48
1e6ecce4-2b2b-4045-82ea-dc0d62193043,b410201a-242c-4ae6-a801-23a77a81d59b,36ba04ca-df7b-405e-a6f7-0b3c3b0c8b7b,3d5d41c8-14bf-49cd-91e6-aa9a36bea6bb,582.89,2026-03-28 00:41:48
1cad038d-a822-4603-b0a6-76cadc4b4eef,b422f3ff-c605-45bb-a25b-f6147ff265aa,e83a444e-c766-4ad7-97ad-b90e34a57a6d,90a3d74e-7d45-49c8-8c87-526c528afc9d,500.0,2025-12-26 13:17:25
03b1ea21-ef3d-4adc-b1ce-e07e21161c9a,b422f3ff-c605-45bb-a25b-f6147ff265aa,03380004-aae6-496d-a46d-489baabd15b1,24d8fa0e-5d24-4f3e-bf35-b7cea1b09e56,150.0,2026-01-12 06:17:25
0f6e7998-069d-4b3e-b3b0-db8e87ee59a2,b4d2b2fb-718b-468f-aa5d-b93ceae74adb,0e4a2717-869c-4491-b0eb-64fa230df452,9e481250-ab48-4e77-aeab-8be45f9233dc,100.0,2026-07-08 02:34:46
97942719-c7dc-4e73-944b-a353c94efbdd,b522fb4c-2c7f-451d-8c78-bfd81ab8fd32,684dbccd-96bb-4574-9ab9-fba9eb510e70,1ebcef21-86e5-4387-9edf-681ad1950c1a,71.99,2026-06-14 06:37:58
47992127-8d8d-4b6a-b43f-0287b0d9328f,b542b771-f988-402e-b4b7-f59cab2a1424,e26ffa93-e7e5-41ab-b94f-445d123fff1e,9ce660d5-a7ff-4a73-8d8d-815013fde01d,400.0,2026-08-20 19:19:37
04a0bf21-131c-4782-baf2-5ea2abe8c434,b542b771-f988-402e-b4b7-f59cab2a1424,e26ffa93-e7e5-41ab-b94f-445d123fff1e,9e481250-ab48-4e77-aeab-8be45f9233dc,100.0,2026-08-20 19:19:37
7045667d-ba9a-4f74-a466-9262221272a8,b542b771-f988-402e-b4b7-f59cab2a1424,30378442-bcfe-4188-9372-d523905bf90a,3d5d41c8-14bf-49cd-91e6-aa9a36bea6bb,489.05,2026-09-25 05:19:37
b47623eb-4a6a-4d3c-89c1-ad5c3f3ee3cf,b542b771-f988-402e-b4b7-f59cab2a1424,6550cdcd-d074-47dc-81e9-5d5f9712cc21,90a3d74e-7d45-49c8-8c87-526c528afc9d,500.0,2026-09-26 07:19:37
78a85685-5289-49b8-996e-afaf7cc7c62e,b542b771-f988-402e-b4b7-f59cab2a1424,23fa3c14-a27c-4a2f-b2bf-fc78e645aa01,9e481250-ab48-4e77-aeab-8be45f9233dc,100.0,2026-12-15 16:19:37
01599d51-2496-4e98-9fe6-97f571bb5aba,b542b771-f988-402e-b4b7-f59cab2a1424,98049ec1-6cc3-435d-9833-c57c84d4a239,3d5d41c8-14bf-49cd-91e6-aa9a36bea6bb,800.0,2026-12-21 08:19:37
280f7f1b-a690-46b5-a1bd-5e9feeed712b,b542b771-f988-402e-b4b7-f59cab2a1424,98049ec1-6cc3-435d-9833-c57c84d4a239,9e481250-ab48-4e77-aeab-8be45f9233dc,100.0,2026-12-21 08:19:37
f4a2849e-f9ac-4ab4-9084-e7bea10845f4,b542b771-f988-402e-b4b7-f59cab2a1424,ea0bbcfb-861c-4b7e-a537-58cddd1e358a,9e481250-ab48-4e77-aeab-8be45f9233dc,100.0,2026-12-21 13:19:37
9b38551e-3b50-4a8f-9b64-70c24a897eec,b542b771-f988-402e-b4b7-f59cab2a1424,1e059769-7ad7-4eb4-bca4-f5ac1db5d607,5bf2e261-70cd-47b2-a184-b0f75481fdd5,200.0,2027-01-17 15:19:37
d5f06dc6-7c2a-4036-8ecc-406dbf4ec0a8,b549973d-09e0-4792-a9e0-e697c98de6f8,3fe9a277-4cf7-43d5-8daa-ab8cf1505438,90a3d74e-7d45-49c8-8c87-526c528afc9d,500.0,2026-03-29 09:29:27
b183b356-8cbf-424b-84b1-3688ac2ad04a,b5b34986-7c0a-4b6e-999b-2b549cc249da,215969e0-4440-4b48-8a76-201036186b6d,90a3d74e-7d45-49c8-8c87-526c528afc9d,500.0,2026-04-04 05:16:53
39d6664b-4640-4b9a-a60c-f4f967cb8e71,b5b34986-7c0a-4b6e-999b-2b549cc249da,2893608a-9d55-4758-98e7-dc5ba963650c,9e481250-ab48-4e77-aeab-8be45f9233dc,100.0,2026-07-14 20:16:53
40a8b012-12f6-41f8-a308-2867dfdeafca,b5ee17d5-e7ff-423a-9398-4f7998554f31,a922cf3a-fcac-43b7-b23e-44b7d7a56c2e,90a3d74e-7d45-49c8-8c87-526c528afc9d,500.0,2026-08-03 11:28:18
65bd816a-c2c5-4750-bea4-07e811af415b,b5ee17d5-e7ff-423a-9398-4f7998554f31,b81d0b15-8d98-46fc-b154-c280132817ec,90a3d74e-7d45-49c8-8c87-526c528afc9d,500.0,2026-08-27 13:28:18
597472a8-fa43-4571-9edd-69a5a3fe7ff7,b5ee17d5-e7ff-423a-9398-4f7998554f31,dc5e4a94-cc78-46bb-b12d-b7a3cf303ede,1ebcef21-86e5-4387-9edf-681ad1950c1a,300.0,2026-12-01 21:28:18
f037d060-833f-41ab-93d1-353d8b1a77c4,b6475e1e-5709-43c0-9579-15eb55be584d,53cf0b72-9164-482b-adb6-5c57b2026a89,90a3d74e-7d45-49c8-8c87-526c528afc9d,500.0,2026-05-06 08:43:12
b8e33b30-d37b-4bc3-bc92-86e364ee4639,b6475e1e-5709-43c0-9579-15eb55be584d,d9fc0e84-bea2-47fc-b815-2d0fc759cce4,9e481250-ab48-4e77-aeab-8be45f9233dc,100.0,2026-05-06 16:43:12
240cda5f-5738-4748-b102-cea38d1c0382,b6475e1e-5709-43c0-9579-15eb55be584d,6081af74-b957-4f4a-bacc-01aae0cdcb17,90a3d74e-7d45-49c8-8c87-526c528afc9d,157.28,2026-07-19 02:43:12
f421b294-912b-47d2-abd1-c14e5be8029e,b64a0d52-a442-4368-a089-4379948f0ec3,db99a626-9d4b-4efd-bf88-a6a16d5e83b7,90a3d74e-7d45-49c8-8c87-526c528afc9d,500.0,2026-03-09 12:30:50
64bb172e-f094-449b-8e78-bf0da4e18dc3,b64a0d52-a442-4368-a089-4379948f0ec3,c34f381e-a443-4e72-abef-a8d47b564e37,9e481250-ab48-4e77-aeab-8be45f9233dc,100.0,2026-06-15 03:30:50
2d10620f-0ff6-48d3-baa9-457f342734d0,b65645b0-b6c6-45b8-884d-e998f5e2f110,9f668220-7792-4068-a10a-82620cb7faeb,90a3d74e-7d45-49c8-8c87-526c528afc9d,500.0,2025-10-04 02:54:33
caeb8d2e-4520-470f-9e8d-5632acc02373,b65eb1d2-5ede-4649-ab8e-3c94e61579e9,fb61889a-6a2f-41a5-9333-992037ea7157,07c2e98c-db2a-4e92-8552-8a461b6d2353,507.38,2026-07-11 16:23:46
f995336d-b687-40a6-bfa2-5917dd5ef656,b65eb1d2-5ede-4649-ab8e-3c94e61579e9,bebe7883-79f3-4240-89e5-f5bae5db9f2b,9e481250-ab48-4e77-aeab-8be45f9233dc,100.0,2026-07-17 02:23:46
f0a7e5a0-51bd-4d64-9009-8b64749bec2e,b65eb1d2-5ede-4649-ab8e-3c94e61579e9,34879674-020f-4939-bd10-e8fec94ab007,5bf2e261-70cd-47b2-a184-b0f75481fdd5,200.0,2026-07-25 12:23:46
8c0c4369-50f6-4b35-a581-1c64f892f193,b65eb1d2-5ede-4649-ab8e-3c94e61579e9,0a9aa634-618a-4c7c-b2fb-3a9d2487e1ac,9e481250-ab48-4e77-aeab-8be45f9233dc,100.0,2026-08-04 01:23:46
0e01d9dc-9b9f-40b7-b37b-a9d9fa80a1a2,b685a58c-85a0-4d83-8411-e929d0a119b3,396557a1-14d8-4e8f-b20a-c5451cc926fa,90a3d74e-7d45-49c8-8c87-526c528afc9d,500.0,2026-07-12 16:06:15
4ba40e17-b9df-44c4-987a-8407343e4bbb,b689e162-52b0-4aad-b88e-0809b9d0f01e,4d130d94-d03f-4f28-b5c3-751aeaf4f7c5,90a3d74e-7d45-49c8-8c87-526c528afc9d,500.0,2026-09-02 21:10:48
1867d54c-711b-4ac5-9039-b48ff4f7a730,b689e162-52b0-4aad-b88e-0809b9d0f01e,24a56917-ef71-4e8f-8c34-dee44f274828,de4ebad1-a920-4ecb-a6c7-3099945ea4e5,300.0,2026-09-07 11:10:48
4a642d4d-eeaa-46c2-bc6e-2df0e663b67e,b689e162-52b0-4aad-b88e-0809b9d0f01e,609fd34b-bfe9-45fd-9e43-8371db7b2a3a,5bf2e261-70cd-47b2-a184-b0f75481fdd5,200.0,2026-10-02 23:10:48
9120a19c-58a9-469f-8ee9-377ea0de4156,b689e162-52b0-4aad-b88e-0809b9d0f01e,3d990ffa-bc06-44d3-b8e7-ee0fedd14a07,de4ebad1-a920-4ecb-a6c7-3099945ea4e5,300.0,2026-11-13 08:10:48
af3984e7-5abd-4d3a-bceb-90d6294b5210,b689e162-52b0-4aad-b88e-0809b9d0f01e,1a83a85c-af11-4a88-9d4e-411ce533ef5f,1ebcef21-86e5-4387-9edf-681ad1950c1a,300.0,2026-11-28 01:10:48
27663362-dd5d-445f-8256-a80f658234ef,b689e162-52b0-4aad-b88e-0809b9d0f01e,280feb33-11b4-453d-9bae-178ee646b09f,de4ebad1-a920-4ecb-a6c7-3099945ea4e5,300.0,2026-12-21 01:10:48
35c4247f-3261-4342-b990-1e1296b22e95,b689e162-52b0-4aad-b88e-0809b9d0f01e,4847fb45-6d1b-4cf2-a387-54f111321b2e,1ebcef21-86e5-4387-9edf-681ad1950c1a,300.0,2027-02-12 17:10:48
29ddac9d-86dc-4e44-baa7-a64001147ba7,b68cd954-3da6-4fc7-8cb5-a55a1e431bc0,ef4bc1a1-12d9-4007-9800-f090b677c180,90a3d74e-7d45-49c8-8c87-526c528afc9d,500.0,2026-04-05 10:53:00
a777a6bc-14e9-4d9a-8db4-ea08a27f34fe,b6ccc11f-3e02-4795-9f8a-6f2090b4804d,a20e13fd-815d-4dcb-b2b8-aba4dced4345,90a3d74e-7d45-49c8-8c87-526c528afc9d,500.0,2025-09-02 06:20:33
897d44e3-31cb-41e2-bf7c-bd629788e02f,b6ccc11f-3e02-4795-9f8a-6f2090b4804d,d28dc049-7c2b-49d7-955c-ed16d26e9e6c,9e481250-ab48-4e77-aeab-8be45f9233dc,100.0,2025-10-07 21:20:33
8dc8f345-bda3-41c0-9938-32769d9a9a42,b6ccc11f-3e02-4795-9f8a-6f2090b4804d,1bc988ce-39ad-4868-b1e0-63eb9b4cc580,9ce660d5-a7ff-4a73-8d8d-815013fde01d,203.54,2025-12-31 22:20:33
01c6998a-0ed1-44d7-a816-ca1b54d1d4aa,b6e97cfd-ebf5-433b-8606-d75c94a22f22,020bea15-24d4-49f4-a9cf-182225a6fc03,90a3d74e-7d45-49c8-8c87-526c528afc9d,500.0,2025-10-22 16:23:58
9886b16b-3ab0-4220-8d78-9ec789f827a6,b6e97cfd-ebf5-433b-8606-d75c94a22f22,020bea15-24d4-49f4-a9cf-182225a6fc03,9e481250-ab48-4e77-aeab-8be45f9233dc,100.0,2025-10-22 16:23:58
a9572617-2091-4d66-ad28-51fdcf6d2670,b6ec131c-d942-450b-8fbb-a128611e8e8b,e9e91b8f-1dc3-4bdc-bf7f-512e97788ff6,3d5d41c8-14bf-49cd-91e6-aa9a36bea6bb,151.11,2026-01-30 08:03:00
0b5f7a95-dc11-477e-a11b-3f0040e1ed4f,b6ec131c-d942-450b-8fbb-a128611e8e8b,e9e91b8f-1dc3-4bdc-bf7f-512e97788ff6,9e481250-ab48-4e77-aeab-8be45f9233dc,75.55,2026-01-30 08:03:00
4885ab5b-72a2-4a6c-9572-c82f4f394cc8,b7b72ed9-8cc8-4f84-972f-bb795a73301f,62ec5efc-d73f-4a32-913a-6348e353ca4a,90a3d74e-7d45-49c8-8c87-526c528afc9d,274.09,2026-04-22 05:49:51
38522c55-12cf-4131-88b8-c1304ea42055,b7b72ed9-8cc8-4f84-972f-bb795a73301f,493ec458-da26-4cd5-bdcb-d84b469bb998,90a3d74e-7d45-49c8-8c87-526c528afc9d,500.0,2026-05-08 14:49:51
88a88968-808a-4a7c-8076-50ed7b5301f5,b7bec2d1-2d77-4789-a7d6-727116cd851a,4eeaa681-3937-4b4e-b4c7-53ed45eea24d,90a3d74e-7d45-49c8-8c87-526c528afc9d,500.0,2026-05-27 17:33:54
0e12b2f8-ade8-443a-b0e4-c774bd67d631,b7bec2d1-2d77-4789-a7d6-727116cd851a,d26d30f5-412c-4137-947d-bd41e51ba223,3d5d41c8-14bf-49cd-91e6-aa9a36bea6bb,800.0,2026-08-26 23:33:54
54d31c1b-cf6d-4714-8b42-692407c57d26,b8f52d3a-3243-4d4c-b72e-0519d923298b,c28c1d38-f65b-4aea-ba00-47902ae30ecf,90a3d74e-7d45-49c8-8c87-526c528afc9d,500.0,2025-11-01 22:14:39
5dbbaf07-aeaa-40dc-b0aa-b4f69edd9524,b9063799-cdd9-4238-b3e8-9f8ca442b7c3,17401569-fa10-4fbe-9c78-9432c21375e6,9e481250-ab48-4e77-aeab-8be45f9233dc,100.0,2025-12-22 18:25:55
b715e1df-6604-43ed-8992-706c9d5d1dc1,b9147241-39e5-4154-b5da-69784fe8e5e1,f04cc5d9-dc61-456a-849e-51bdf57fe729,9e481250-ab48-4e77-aeab-8be45f9233dc,48.01,2026-06-12 11:13:47
a2643901-4b49-4022-9d05-b3301635ea9b,b9147241-39e5-4154-b5da-69784fe8e5e1,cd8a3da0-6ea0-4ccd-a9d7-d3a7727c5685,9e481250-ab48-4e77-aeab-8be45f9233dc,62.17,2026-06-17 23:13:47
0e37d6e5-4f2b-46d1-b0a4-b993060bb806,b94f3cd3-9475-4f7c-8412-d717df0dfec4,720d7b5b-ef18-4b0b-9fb1-190e780bd864,90a3d74e-7d45-49c8-8c87-526c528afc9d,500.0,2026-07-31 01:25:49
8ff6190f-c854-4110-b3c0-5a4818403c48,b94f3cd3-9475-4f7c-8412-d717df0dfec4,f9444a4f-a632-479e-a5a1-5d24dfa2bcc4,9e481250-ab48-4e77-aeab-8be45f9233dc,100.0,2026-10-20 06:25:49
e408b78e-8e8b-4daf-8aab-953d4dda0289,ba1f7b78-fa24-462c-bf56-20c1c7334d5e,8512287b-504d-4425-93d3-4704121bd49e,90a3d74e-7d45-49c8-8c87-526c528afc9d,296.58,2026-06-14 13:55:51
a3276169-74df-41f3-b424-ca1c194aba2a,ba1f7b78-fa24-462c-bf56-20c1c7334d5e,825027aa-7093-4c6b-b0f2-8364c830a804,1ebcef21-86e5-4387-9edf-681ad1950c1a,214.07,2026-06-19 19:55:51
db82ed28-40e1-41e3-bc73-adb8ca15c560,ba2536ee-6e55-485d-87d8-442a389f212d,1d6d5a7b-af36-432b-83bc-0758afd141b0,90a3d74e-7d45-49c8-8c87-526c528afc9d,500.0,2026-07-12 07:29:03
160972be-a869-4e5a-9e70-10bb7777e876,ba2536ee-6e55-485d-87d8-442a389f212d,1d6d5a7b-af36-432b-83bc-0758afd141b0,9e481250-ab48-4e77-aeab-8be45f9233dc,100.0,2026-07-12 07:29:03
c699a6bf-fa02-40dd-80a8-b952ce34f31a,ba469590-3908-491c-b077-7d8be0fb46e0,52ea0055-68ae-4d03-b2d3-f8ff47c7a580,90a3d74e-7d45-49c8-8c87-526c528afc9d,500.0,2025-10-16 22:33:51
c0608150-38ec-4bf5-ab03-1eb7cb53676f,ba469590-3908-491c-b077-7d8be0fb46e0,38685343-46f6-4374-8ffb-85e047463237,9e481250-ab48-4e77-aeab-8be45f9233dc,100.0,2025-10-18 03:33:51
24f54a4a-7cd1-4562-923d-a1f4606be3ab,ba469590-3908-491c-b077-7d8be0fb46e0,849d2bca-0931-4811-9156-70ef7e5c61a2,90a3d74e-7d45-49c8-8c87-526c528afc9d,226.64,2025-11-07 07:33:51
04967803-ea87-4418-8b77-d83d401f7c16,ba469590-3908-491c-b077-7d8be0fb46e0,635f2b87-0627-4fa5-8734-b86317b0bdb4,5bf2e261-70cd-47b2-a184-b0f75481fdd5,200.0,2025-11-15 11:33:51
a72f2080-6851-4c1b-b4c0-60e2d98d987a,ba469590-3908-491c-b077-7d8be0fb46e0,635f2b87-0627-4fa5-8734-b86317b0bdb4,9e481250-ab48-4e77-aeab-8be45f9233dc,100.0,2025-11-15 11:33:51
a8f0a32d-9931-4b33-a140-a2c4547960e2,ba469590-3908-491c-b077-7d8be0fb46e0,933f1796-c7a6-4914-b93c-4bc3017b887f,9e481250-ab48-4e77-aeab-8be45f9233dc,100.0,2025-11-17 00:33:51
0d4512b1-e41b-49b8-b539-44f187bb8bb0,ba469590-3908-491c-b077-7d8be0fb46e0,e8a06369-1d3d-41e4-9e11-74bfd15691c2,9e481250-ab48-4e77-aeab-8be45f9233dc,100.0,2025-11-19 12:33:51
32665e3e-7b56-44b5-a812-49b46edd3cae,ba469590-3908-491c-b077-7d8be0fb46e0,ecfe8bcc-5e2f-4e74-878e-49bdff0df92e,1ebcef21-86e5-4387-9edf-681ad1950c1a,300.0,2025-12-04 15:33:51
abe54d5d-0b04-4261-9b1b-8a0b59dacc72,ba469590-3908-491c-b077-7d8be0fb46e0,06ce38b2-3cfb-4bda-a24b-be3d89ba5089,24d8fa0e-5d24-4f3e-bf35-b7cea1b09e56,150.0,2025-12-13 22:33:51
e0aef157-2d39-4954-99ec-5d0c2caaad0b,ba469590-3908-491c-b077-7d8be0fb46e0,20c110a3-f1b1-42e3-a10e-48b98ea4dcdd,9e481250-ab48-4e77-aeab-8be45f9233dc,100.0,2025-12-16 00:33:51
e471aef8-7c83-4e4d-8aa0-53c4a5a08788,ba469590-3908-491c-b077-7d8be0fb46e0,f5e50290-76bb-4cb2-bd20-0dba61caf004,9e481250-ab48-4e77-aeab-8be45f9233dc,100.0,2026-01-26 13:33:51
ea5d89f6-ee3a-4651-b708-9665b7018b4d,ba469590-3908-491c-b077-7d8be0fb46e0,1e8c3f9b-c033-455b-9247-a22a5f5fd673,1ebcef21-86e5-4387-9edf-681ad1950c1a,300.0,2026-02-26 01:33:51
70e9c63d-9260-44dd-9694-3a82e4529df2,bb53a778-66a9-4806-a9ff-4e309edbe554,d54d9031-3359-445d-a8fc-757d314b6daa,90a3d74e-7d45-49c8-8c87-526c528afc9d,500.0,2026-06-27 21:24:29
9069c75c-dd38-4448-a78e-1f000c16db1b,bb53a778-66a9-4806-a9ff-4e309edbe554,d54d9031-3359-445d-a8fc-757d314b6daa,9e481250-ab48-4e77-aeab-8be45f9233dc,100.0,2026-06-27 21:24:29
ad5b00bf-ff30-41f4-9b5d-ed77f6258449,bb53a778-66a9-4806-a9ff-4e309edbe554,2383b8c3-24c8-48ed-ade2-68da64d78c77,9e481250-ab48-4e77-aeab-8be45f9233dc,100.0,2026-09-19 17:24:29
aab66a23-3a70-450c-b955-ce1692484fce,bba0e824-d0c4-4731-91b3-630c8c7d724b,915cc97a-1edc-45be-a808-5f6105d673f7,90a3d74e-7d45-49c8-8c87-526c528afc9d,500.0,2026-01-04 07:59:50
15111a33-533d-40a3-8b1a-ede463f1d06c,bba0e824-d0c4-4731-91b3-630c8c7d724b,1a35cdc2-0e4e-4751-9b01-4b43f67ae238,9e481250-ab48-4e77-aeab-8be45f9233dc,100.0,2026-01-04 23:59:50
4fb43449-6085-4058-93c2-7b3d7aeaf075,bba79b25-fbbf-4a92-b0ce-42aa01fedaae,2377a70c-0869-4e67-8e69-ea0662a0b1f3,90a3d74e-7d45-49c8-8c87-526c528afc9d,188.31,2026-06-26 13:54:51
b8c9c3cb-9c82-496d-bfe1-c506ac30712d,bba79b25-fbbf-4a92-b0ce-42aa01fedaae,d8d370dc-de27-4cc2-89e0-14a4ecd91f0f,3d5d41c8-14bf-49cd-91e6-aa9a36bea6bb,272.51,2026-11-01 12:54:51
0bc717c9-4cda-4cea-b299-36548a6fff19,bbbd7989-fc3b-4a57-b8e6-bae33647fce0,802475a9-7d4c-4a54-afce-db9aee19c318,90a3d74e-7d45-49c8-8c87-526c528afc9d,500.0,2026-02-23 09:42:54
d2772e3f-302c-4398-b1a5-21a3d679fb6f,bbbd7989-fc3b-4a57-b8e6-bae33647fce0,c0753765-6e7b-41f2-b7a2-089e93cdb0c8,07c2e98c-db2a-4e92-8552-8a461b6d2353,600.0,2026-03-03 16:42:54
1c3b1380-e105-4b05-9648-dc7d58e25476,bbbd7989-fc3b-4a57-b8e6-bae33647fce0,c0753765-6e7b-41f2-b7a2-089e93cdb0c8,9e481250-ab48-4e77-aeab-8be45f9233dc,100.0,2026-03-03 16:42:54
c5db419a-fc70-4e76-aaf7-b91b6f32a44e,bbbd7989-fc3b-4a57-b8e6-bae33647fce0,cb91b4f1-7b12-4159-8d1d-cfdb30e9f99a,9e481250-ab48-4e77-aeab-8be45f9233dc,100.0,2026-04-07 12:42:54
eea04356-1a79-4815-9d23-ec2dd120e994,bbbd7989-fc3b-4a57-b8e6-bae33647fce0,ea23ba7b-e25c-4454-ba8e-5eff3abedeaf,9e481250-ab48-4e77-aeab-8be45f9233dc,100.0,2026-05-20 06:42:54
5ea64e8c-db39-40e6-add5-979c4b1d5fd3,bbbd7989-fc3b-4a57-b8e6-bae33647fce0,3c5a8454-4f21-4ce6-9181-d50d02a2c1ce,9e481250-ab48-4e77-aeab-8be45f9233dc,100.0,2026-06-01 08:42:54
15d8283d-ea80-402c-adcf-dbd8f8aed106,bbbd7989-fc3b-4a57-b8e6-bae33647fce0,16a70402-8d0a-49f6-8384-f98db57825c9,1ebcef21-86e5-4387-9edf-681ad1950c1a,300.0,2026-06-05 21:42:54
f74027f8-fa67-4991-971d-71654ae70312,bbbd7989-fc3b-4a57-b8e6-bae33647fce0,de9ca855-1f3b-40f6-9d45-fc64518d1c6b,24d8fa0e-5d24-4f3e-bf35-b7cea1b09e56,150.0,2026-07-17 15:42:54
6bfe0eeb-78cb-4bfe-8676-2c2e97e6394b,bbbd7989-fc3b-4a57-b8e6-bae33647fce0,de9ca855-1f3b-40f6-9d45-fc64518d1c6b,9e481250-ab48-4e77-aeab-8be45f9233dc,87.03,2026-07-17 15:42:54
7c121644-0670-4bf5-b714-d05bd3bd7753,bbe85588-3227-4d72-8b30-ae5e93849bfa,d43d7d5e-433b-4ef9-9814-9b27b490f41c,90a3d74e-7d45-49c8-8c87-526c528afc9d,500.0,2026-05-10 01:04:39
98623667-ee6d-4396-9f5b-0c3fd6807211,bc1d8243-4190-4ae7-9025-0632bbc003fe,3266db0b-6ec3-4f9f-b9ea-0a3455d4a54d,90a3d74e-7d45-49c8-8c87-526c528afc9d,500.0,2026-02-09 18:03:13
4cd6b935-01b3-49fc-9089-a6d56cc3e5df,bc22dc18-3cc0-4541-a652-ea47546fc138,84229196-073e-421a-b809-7653a2a4a520,90a3d74e-7d45-49c8-8c87-526c528afc9d,411.69,2025-09-02 21:23:49
c035e4c7-06f3-49e9-81e8-b5d0e453c0f7,bc22dc18-3cc0-4541-a652-ea47546fc138,84229196-073e-421a-b809-7653a2a4a520,9e481250-ab48-4e77-aeab-8be45f9233dc,82.34,2025-09-02 21:23:49
0ba00567-50ad-4544-ac8a-5f8d62db68e5,bc22dc18-3cc0-4541-a652-ea47546fc138,379d9346-f065-4f11-a33e-7539d18557a8,07c2e98c-db2a-4e92-8552-8a461b6d2353,132.35,2025-11-04 23:23:49
7e668009-a6c4-4c47-9dbb-a8581a0a29e9,bcca7137-fbaf-42a2-8df9-909f4a431773,da2657dc-262d-4067-a484-cc4d48695868,90a3d74e-7d45-49c8-8c87-526c528afc9d,500.0,2025-10-30 16:18:27
90ceb0d1-7942-4d6b-8105-c2cb62725b42,bcca7137-fbaf-42a2-8df9-909f4a431773,eb559a3e-5361-41e0-9163-67c93280258a,24d8fa0e-5d24-4f3e-bf35-b7cea1b09e56,150.0,2025-11-07 20:18:27
960e1a56-557b-4b7e-82d4-734943d0f647,bcee738b-2085-4db5-a2d8-6f79e5fa5dc9,45ef988e-2ab7-41a0-a69d-6abdb47bfc7e,3970ec98-085d-4cff-ace2-b47ad81d5d9a,1000.0,2026-08-25 01:47:12
eea4f27b-fb10-44f4-8ff5-dd28b0e09a13,bd457a05-5ab9-4637-bb62-b61df97c6229,5a0ba5da-a23c-4227-9a34-ede6196a0fd9,90a3d74e-7d45-49c8-8c87-526c528afc9d,500.0,2026-05-20 16:03:07
cb57881c-c504-4bf5-924b-72bd7510cbd5,bd457a05-5ab9-4637-bb62-b61df97c6229,d10bd8f9-7d61-47c3-b0b7-34f8b60e6545,07c2e98c-db2a-4e92-8552-8a461b6d2353,158.56,2026-09-13 04:03:07
1ff3e6bb-d10f-4ee0-83e7-274ad5574e0f,bd93d72b-51fa-45c9-bfae-c75ee6ff49bb,2a342c91-2dd6-4794-9359-4dc655d5b6d3,90a3d74e-7d45-49c8-8c87-526c528afc9d,500.0,2026-02-13 04:29:09
e34895cd-bdfe-42d1-a093-794ae3ea08dc,bd93d72b-51fa-45c9-bfae-c75ee6ff49bb,864b6b98-0050-4618-b88f-cf2659a6d612,9e481250-ab48-4e77-aeab-8be45f9233dc,100.0,2026-02-14 03:29:09
712bd263-3664-4a3c-bf8b-f71cba49afd4,bdc89635-d5bb-4250-9551-12c3b6ac8f94,42b98856-0938-40fa-9b39-280cd02c40d8,90a3d74e-7d45-49c8-8c87-526c528afc9d,500.0,2026-01-31 23:41:00
f512526b-9007-4297-815b-f721ccd72e62,be131bb2-75db-433f-bc45-0a20f67a9561,c621d04d-e2e2-43b3-9741-55bb0c1b9b42,9e481250-ab48-4e77-aeab-8be45f9233dc,94.63,2026-01-25 08:57:58
9a374990-e9f6-4aab-9c93-259f81aca322,bef24083-9f04-48f6-83f6-2a2eb3511062,ee2f518f-9410-4f2e-b0ab-b9030a7a61a2,90a3d74e-7d45-49c8-8c87-526c528afc9d,341.67,2026-02-14 09:07:36
50eaa3f5-4596-48d6-a9e9-2d9e7e3b7a0a,bf09b266-fcb4-4383-b39f-6741e4bea6d4,8b027cd7-c850-4291-b0b7-60efb9f3023f,90a3d74e-7d45-49c8-8c87-526c528afc9d,269.15,2026-09-10 15:24:40
daaf7188-b7b0-4a13-b7d8-7bd0369e4881,bf212923-4502-4c14-a224-f8fdbf35eb83,f073bb2c-96e6-4bff-8de3-ae1fab160f2d,90a3d74e-7d45-49c8-8c87-526c528afc9d,500.0,2026-08-01 07:42:15
c386ca5b-9387-466d-9e58-808d52f195b0,bf91246e-d057-435f-85c3-026f05b9031a,2e2ea37e-aa1f-4013-a1e0-f2950e51f069,07c2e98c-db2a-4e92-8552-8a461b6d2353,278.67,2025-08-30 21:14:33
e66a96b3-678e-47e5-9157-1a1c9895270e,bf91246e-d057-435f-85c3-026f05b9031a,2e2ea37e-aa1f-4013-a1e0-f2950e51f069,9e481250-ab48-4e77-aeab-8be45f9233dc,100.0,2025-08-30 21:14:33
fbc39c49-243c-485e-8ad6-d38bc38f1c43,bf91246e-d057-435f-85c3-026f05b9031a,56b9b539-e7b1-41e6-9409-4d19a19f6777,1ebcef21-86e5-4387-9edf-681ad1950c1a,75.34,2025-09-24 13:14:33
5c6e458a-de27-4afe-af45-c802905917c2,bf91246e-d057-435f-85c3-026f05b9031a,8906f022-e125-4c34-b692-766a9164ebe5,9e481250-ab48-4e77-aeab-8be45f9233dc,100.0,2025-10-07 13:14:33
f2b25cd7-fd6a-48a8-bf03-b36062b1c7da,bf91246e-d057-435f-85c3-026f05b9031a,ed869e6c-d01e-4858-ae31-cefdcc6c60eb,90a3d74e-7d45-49c8-8c87-526c528afc9d,500.0,2025-12-06 17:14:33
28370806-9281-4cc8-8119-459aad899785,bfa28066-a3b1-4532-bbdc-6b1f630d99e1,8b56f8ea-0f3b-4621-aa33-5ce544d04b74,1ebcef21-86e5-4387-9edf-681ad1950c1a,300.0,2026-04-17 12:50:03
163e1876-cbab-4bd2-9afc-103e3678af79,bfa28066-a3b1-4532-bbdc-6b1f630d99e1,ffd7c0ac-d734-4e08-9ac2-ee1a19a1372c,3970ec98-085d-4cff-ace2-b47ad81d5d9a,347.48,2026-05-10 11:50:03
d7c6addc-76a4-4900-a48d-b929296f2a5b,bfa28066-a3b1-4532-bbdc-6b1f630d99e1,ffd7c0ac-d734-4e08-9ac2-ee1a19a1372c,9e481250-ab48-4e77-aeab-8be45f9233dc,100.0,2026-05-10 11:50:03
cdf10fed-0cf9-4991-8908-5fafef47e57c,bfa28066-a3b1-4532-bbdc-6b1f630d99e1,b3f12b24-4edb-4e1e-9dbc-85b9d257b849,9e481250-ab48-4e77-aeab-8be45f9233dc,100.0,2026-06-10 18:50:03
36feba50-061f-4b6f-ba2f-ca52259336ff,bfa28066-a3b1-4532-bbdc-6b1f630d99e1,662cb509-91c9-4d73-bc34-d6390b94bebc,9e481250-ab48-4e77-aeab-8be45f9233dc,100.0,2026-06-23 02:50:03
015e04e7-a675-4ec2-91b2-5953d5cbaa15,bfa28066-a3b1-4532-bbdc-6b1f630d99e1,f8dc8220-207e-4649-bacc-2e0b6f7d5af3,9ce660d5-a7ff-4a73-8d8d-815013fde01d,400.0,2026-06-23 15:50:03
d3f85a42-a947-4815-af9f-c2ec29355468,bfa28066-a3b1-4532-bbdc-6b1f630d99e1,76fe1f13-8a06-4f76-b90e-6703be0d0e9a,3d5d41c8-14bf-49cd-91e6-aa9a36bea6bb,800.0,2026-07-14 18:50:03
bc62d23c-4dd7-417c-b41d-4d3fa82767bf,bfa28066-a3b1-4532-bbdc-6b1f630d99e1,08fd7f30-233a-46c3-b6bf-762a5738358c,de4ebad1-a920-4ecb-a6c7-3099945ea4e5,300.0,2026-08-08 04:50:03
f3b80bec-9295-4155-bf94-49b895133640,bfa28066-a3b1-4532-bbdc-6b1f630d99e1,fe743236-7995-4753-bc30-c6f001cfcf72,3d5d41c8-14bf-49cd-91e6-aa9a36bea6bb,480.97,2026-09-28 03:50:03
289ab68a-0996-4856-979e-dba29bdcbbfa,c01a8a9a-994e-46ba-b6ab-2dc43c0beebd,f7f4bd63-3115-4fc7-bf8b-13c24586ddcb,90a3d74e-7d45-49c8-8c87-526c528afc9d,500.0,2026-06-27 10:01:23
119790c0-f825-4e6b-8452-1ddface1d01f,c01a8a9a-994e-46ba-b6ab-2dc43c0beebd,e4d26db1-9458-4450-9cbd-259f95a2dbf8,90a3d74e-7d45-49c8-8c87-526c528afc9d,500.0,2026-08-31 12:01:23
cff5153a-d249-4eaa-9f1d-517a5ad58ba5,c02d2bfc-4b8c-4ae1-b7ca-e3f68c6982a4,256cd9d8-2a2c-4d9e-9f6d-9c6d7be73143,90a3d74e-7d45-49c8-8c87-526c528afc9d,500.0,2026-06-04 03:37:41
e32ea42a-3f07-4244-b083-060059ee3b3a,c02d2bfc-4b8c-4ae1-b7ca-e3f68c6982a4,256cd9d8-2a2c-4d9e-9f6d-9c6d7be73143,9e481250-ab48-4e77-aeab-8be45f9233dc,100.0,2026-06-04 03:37:41
10f5aea2-d7ef-4a58-8544-10f416795119,c046af82-0a61-402c-84de-0c0bc5b95f0b,c4dfb423-8c5e-42f3-902d-80320a8cd10d,90a3d74e-7d45-49c8-8c87-526c528afc9d,500.0,2025-11-08 14:38:06
7868cc0c-9145-44d0-9d71-8c613db87dab,c046af82-0a61-402c-84de-0c0bc5b95f0b,a067e580-df51-4a68-a52e-c7ab4a8e3db2,9e481250-ab48-4e77-aeab-8be45f9233dc,100.0,2025-12-13 08:38:06
1ff1473a-0347-4116-a652-d22af7a3912e,c046af82-0a61-402c-84de-0c0bc5b95f0b,65852dd4-48e4-4aa9-bd4d-925d2af3b297,07c2e98c-db2a-4e92-8552-8a461b6d2353,600.0,2026-03-02 12:38:06
950cf469-9f86-428c-9f0f-84757d2442ca,c05189be-993d-4dc1-ac76-36e26694cb07,178ffcd2-16f2-4aee-b1be-2197e9899b04,90a3d74e-7d45-49c8-8c87-526c528afc9d,500.0,2026-03-18 03:07:01
f3bb6dc6-c184-4186-973a-0ff9bd0261b6,c0ac0fe6-9a11-47ea-95a9-75e87a3553a6,aff88d12-7973-4832-a0df-2467c696eb86,90a3d74e-7d45-49c8-8c87-526c528afc9d,500.0,2026-02-02 02:08:37
c82cdd3a-4bab-4dab-8690-82e933b4bec1,c0ac0fe6-9a11-47ea-95a9-75e87a3553a6,68edeb43-267e-4b54-bb74-972eca61abd8,9e481250-ab48-4e77-aeab-8be45f9233dc,39.14,2026-03-01 15:08:37
22fecde2-c786-407f-a1af-006cc3625ef7,c13d80c9-8f27-49fe-ae41-652ddb1657a0,fc19c8b8-0f78-44fb-8ffc-a34df3dd5cbd,1ebcef21-86e5-4387-9edf-681ad1950c1a,300.0,2026-06-13 20:42:01
84c55e35-146c-47e9-82fb-ddbed1d2476e,c13d80c9-8f27-49fe-ae41-652ddb1657a0,af178723-71cb-440f-8329-d579e8a627d4,9e481250-ab48-4e77-aeab-8be45f9233dc,43.51,2026-08-30 17:42:01
0b4b2a55-baef-439e-929d-a1224a6fd0dc,c16d1bad-10a0-4eb1-9e19-2258929705dc,4845beea-9b85-46a5-8197-bdb69202abc5,9e481250-ab48-4e77-aeab-8be45f9233dc,100.0,2026-02-19 05:38:47
bd67bcda-f933-4642-bdd4-ebc7a62f8619,c16d1bad-10a0-4eb1-9e19-2258929705dc,114f9c84-448f-4898-8e9a-18051603b285,3970ec98-085d-4cff-ace2-b47ad81d5d9a,1000.0,2026-03-23 06:38:47
6b6fe391-7355-40d6-8d39-c492078af835,c1cfb169-8fe1-40d8-a2ee-52cbf4e392d2,8d981308-a729-4c78-8cf3-0578f9c9bbbf,90a3d74e-7d45-49c8-8c87-526c528afc9d,417.4,2026-03-14 10:11:03
5d9e473b-1d9d-4bcd-9d61-24786110d9a1,c236ca15-8f08-4c92-bd3d-b40b6c88c6d4,5037be04-8266-4b41-b7fa-4bee11beb534,90a3d74e-7d45-49c8-8c87-526c528afc9d,307.19,2026-08-05 17:36:32
f7985ccb-8fcd-46da-b66c-cf4b32c7216d,c2931251-4218-42ba-8187-7c2789c58842,3bb25707-8796-493c-a619-761e311ac32b,90a3d74e-7d45-49c8-8c87-526c528afc9d,500.0,2026-06-02 03:35:40
e9a93538-1aa4-4541-baf3-b9fb3bde3ea3,c2a82c4a-acc4-4c78-a193-1d81f6d66582,0b268b99-c71c-489e-b958-e12ded833ace,90a3d74e-7d45-49c8-8c87-526c528afc9d,500.0,2026-04-08 23:30:30
97530f44-7fb5-4e96-b4a7-9258fd9dccf4,c2a82c4a-acc4-4c78-a193-1d81f6d66582,2fd114f3-c53a-424f-923b-02245538b168,1ebcef21-86e5-4387-9edf-681ad1950c1a,300.0,2026-08-04 04:30:30
58b031d0-f2d3-40b4-8596-cd53e9ebcf89,c315fdc3-64db-4010-8152-8ca92fc2e9c0,855a671c-e58b-4c2a-816d-602658cbaa94,5bf2e261-70cd-47b2-a184-b0f75481fdd5,200.0,2025-09-06 05:54:56
b604c271-fa75-4082-af4e-96461e0ebfee,c315fdc3-64db-4010-8152-8ca92fc2e9c0,855a671c-e58b-4c2a-816d-602658cbaa94,9e481250-ab48-4e77-aeab-8be45f9233dc,100.0,2025-09-06 05:54:56
c1920c12-b6b0-4b41-aee3-6906045f49dc,c315fdc3-64db-4010-8152-8ca92fc2e9c0,16c2c010-cf01-413f-a4b0-8fac8895be72,24d8fa0e-5d24-4f3e-bf35-b7cea1b09e56,150.0,2025-11-14 06:54:56
35fcc6ab-e24c-43e3-8c43-a7eb0cf3c7d6,c315fdc3-64db-4010-8152-8ca92fc2e9c0,f7cd6d6a-c201-4849-930b-36ef091e1db8,24d8fa0e-5d24-4f3e-bf35-b7cea1b09e56,150.0,2025-11-27 22:54:56
faafa9b4-0b47-4d60-91fc-51a2f18bf67e,c315fdc3-64db-4010-8152-8ca92fc2e9c0,9f0600cb-1938-4e67-bb0f-89bbcda46fc6,9e481250-ab48-4e77-aeab-8be45f9233dc,100.0,2025-12-11 02:54:56
5d602d9f-86db-409e-ac6f-b0f62345ff2c,c393f797-8aac-44d4-9a1f-868413c02c83,b01ad76a-ee16-4bc9-8a47-8b6cf37ae668,3d5d41c8-14bf-49cd-91e6-aa9a36bea6bb,119.46,2026-05-25 15:13:19
3e1ae13a-ffc6-4af3-8074-157dee6aec9d,c3c0e3ec-171d-4db1-ac1d-b13b1d1cde46,d0199deb-afae-4967-9f29-7d77d4fd0d81,90a3d74e-7d45-49c8-8c87-526c528afc9d,500.0,2025-10-06 09:20:43
1aa7a8ac-cae4-402d-95dc-4ab11df5cc06,c3c0e3ec-171d-4db1-ac1d-b13b1d1cde46,1d1f0e10-68e9-4e50-92bf-7b3c74168770,07c2e98c-db2a-4e92-8552-8a461b6d2353,600.0,2025-11-13 17:20:43
e659501e-b554-4281-bf28-fac7d8ee629c,c3dbe7ab-a49f-4b00-8fa2-511e43747bca,0e33cde9-37ea-4fb0-b1c4-23955234d003,90a3d74e-7d45-49c8-8c87-526c528afc9d,500.0,2025-12-29 23:17:14
55314f08-ea89-42f1-8f74-96f4eb9077aa,c42c8bb2-8287-43bb-8e08-fe4dde50025c,4ffcb712-e099-4347-8a44-9474ae6209e8,9e481250-ab48-4e77-aeab-8be45f9233dc,56.47,2025-12-11 08:30:40
53ba7255-fa7b-4795-ad11-714a50cf861e,c42c8bb2-8287-43bb-8e08-fe4dde50025c,09d1c207-808d-4d13-8b9c-b59aa8a2448d,9ce660d5-a7ff-4a73-8d8d-815013fde01d,87.42,2026-05-30 03:30:40
004f4e3f-5c82-4101-b231-f3105e761415,c433f054-1539-4f58-85d0-49285fd4aca6,1214109e-69c9-4470-8b74-4bd47b96bb7b,90a3d74e-7d45-49c8-8c87-526c528afc9d,500.0,2025-11-04 08:30:03
9428cb55-b8f6-4363-953d-d5a9091865c5,c433f054-1539-4f58-85d0-49285fd4aca6,bdce3bed-8c6f-4796-bf41-5d9ba0448e4e,07c2e98c-db2a-4e92-8552-8a461b6d2353,600.0,2025-11-08 16:30:03
d1750128-ea83-4e80-8324-84f4cefa7da6,c433f054-1539-4f58-85d0-49285fd4aca6,bdce3bed-8c6f-4796-bf41-5d9ba0448e4e,9e481250-ab48-4e77-aeab-8be45f9233dc,100.0,2025-11-08 16:30:03
9054c0f6-98ff-479d-bbeb-6d11225e85a6,c433f054-1539-4f58-85d0-49285fd4aca6,0f49a8c8-9df4-4187-b6fd-2825c25c4559,9e481250-ab48-4e77-aeab-8be45f9233dc,100.0,2025-12-07 00:30:03
7dd0dc93-2c90-4c70-a0c4-8b26da4517b0,c433f054-1539-4f58-85d0-49285fd4aca6,60afd131-a265-41c8-a0ce-32145dfcd7ab,9e481250-ab48-4e77-aeab-8be45f9233dc,100.0,2025-12-30 09:30:03
5d92541b-079c-4f22-a2c7-baa1bafca102,c433f054-1539-4f58-85d0-49285fd4aca6,cf04b5c7-1d04-4ab2-9425-ee501371b7c7,9e481250-ab48-4e77-aeab-8be45f9233dc,100.0,2026-01-31 20:30:03
7504d822-f9a1-4f38-84b0-3683b1468e08,c433f054-1539-4f58-85d0-49285fd4aca6,0ec7dcfb-d6c0-4e80-a253-06ecf6396f53,1ebcef21-86e5-4387-9edf-681ad1950c1a,209.99,2026-02-27 12:30:03
733d015c-2509-40ca-bbf1-92753dd94e1f,c433f054-1539-4f58-85d0-49285fd4aca6,1326f3d8-c7fa-4144-8ddd-73a5a3577bb3,90a3d74e-7d45-49c8-8c87-526c528afc9d,394.97,2026-03-15 11:30:03
177f88a8-9535-4842-b6d2-83f86b5fbae1,c489011a-c484-4744-b916-fa3d7c374793,4a53ab34-9038-4fbd-a051-d2d25e589447,9e481250-ab48-4e77-aeab-8be45f9233dc,100.0,2026-01-06 11:13:19
8134aa45-9f18-48f0-b983-b7a0d56903f8,c489011a-c484-4744-b916-fa3d7c374793,114f1bd6-413e-47b4-9bdd-ddb2a1f0803c,3970ec98-085d-4cff-ace2-b47ad81d5d9a,140.33,2026-02-13 03:13:19
64224900-2dfa-46c8-a291-4f2d3a12a48a,c4e6ebd1-4ff9-454f-a36d-71aa3f228cda,29815c17-0aaa-47e0-81f3-13d67d50a4ab,90a3d74e-7d45-49c8-8c87-526c528afc9d,500.0,2025-11-11 11:46:05
a21d7fa8-3acd-4433-8265-2a32978640dd,c4e6ebd1-4ff9-454f-a36d-71aa3f228cda,9fb40b66-86a5-4f99-8599-8a457f00d170,9e481250-ab48-4e77-aeab-8be45f9233dc,100.0,2025-12-07 23:46:05
3c58ac17-e9b1-44ea-9568-2303a14f3bb1,c4e6ebd1-4ff9-454f-a36d-71aa3f228cda,dc84eb53-c0e1-4c5c-8b45-52aaa4b59279,3d5d41c8-14bf-49cd-91e6-aa9a36bea6bb,101.91,2026-02-08 08:46:05
f84a0474-970a-4eec-9085-cf02b15f044b,c4e6ebd1-4ff9-454f-a36d-71aa3f228cda,9c08da94-66a7-4eb9-8e96-378e106a2129,9e481250-ab48-4e77-aeab-8be45f9233dc,100.0,2026-02-21 00:46:05
0e3deed9-5c4b-4577-9974-10d6f95ce6a4,c4f4154f-d60b-475a-99cf-ddf4587d6e7f,9e66e448-47ce-4253-af00-5be41276b7c8,90a3d74e-7d45-49c8-8c87-526c528afc9d,500.0,2026-03-10 23:30:28
ab6b7cfe-da54-482c-b328-e984da6a7d58,c68cd50a-8567-4cbc-b739-76271a96d906,49aaa1ca-defe-4571-b429-cfc3e7ff7651,90a3d74e-7d45-49c8-8c87-526c528afc9d,500.0,2025-11-28 19:44:22
633b4142-d88d-4333-ae4f-9aea0c18cd26,c68cd50a-8567-4cbc-b739-76271a96d906,49aaa1ca-defe-4571-b429-cfc3e7ff7651,9e481250-ab48-4e77-aeab-8be45f9233dc,100.0,2025-11-28 19:44:22
e2f9da37-b61a-498c-9bde-0f9513889fc8,c68cd50a-8567-4cbc-b739-76271a96d906,9572e952-f397-46ca-bf4b-26ba549f85f1,9e481250-ab48-4e77-aeab-8be45f9233dc,100.0,2025-12-03 11:44:22
c0fe16e1-5a25-401b-8d9e-7fd43051244e,c6b7b4a4-a050-443a-a15c-755076e4d88f,63aff510-5dfe-42ab-ab5b-3644d6eee840,90a3d74e-7d45-49c8-8c87-526c528afc9d,297.4,2026-06-19 07:00:24
a50f7302-4541-4670-965f-299c74da8d6e,c6b7b4a4-a050-443a-a15c-755076e4d88f,63aff510-5dfe-42ab-ab5b-3644d6eee840,9e481250-ab48-4e77-aeab-8be45f9233dc,59.48,2026-06-19 07:00:24
76de51ef-fe70-4e92-a0db-e6c98d4ea35c,c6b7b4a4-a050-443a-a15c-755076e4d88f,21505101-5204-4b7d-bc8f-0e381e790519,5bf2e261-70cd-47b2-a184-b0f75481fdd5,200.0,2026-09-04 21:00:24
19fac2f7-1199-4b7e-8e6f-8bc2b5f94a10,c713c122-930d-437f-aa22-90f2e6cacb20,0ebc8713-7db8-4e3e-8f33-cddd6446f6e5,1ebcef21-86e5-4387-9edf-681ad1950c1a,131.48,2026-01-24 05:16:12
61c4be80-2598-41c8-873b-e955e47d9488,c713c122-930d-437f-aa22-90f2e6cacb20,0ebc8713-7db8-4e3e-8f33-cddd6446f6e5,9e481250-ab48-4e77-aeab-8be45f9233dc,65.74,2026-01-24 05:16:12
b26aca7f-cdd8-447d-b7d8-cf98c972e53f,c713c122-930d-437f-aa22-90f2e6cacb20,a7ad570c-b22b-4797-afc4-a40dd5b6390e,07c2e98c-db2a-4e92-8552-8a461b6d2353,600.0,2026-04-20 18:16:12
901473aa-db00-46ab-b085-98436bd4bbf3,c72e487e-936e-4b61-a3ba-8495585a34ea,e28f9ace-e185-4d97-917e-df870aafbaad,90a3d74e-7d45-49c8-8c87-526c528afc9d,500.0,2026-02-02 00:21:59
b7bae1ac-dac9-4c6b-85db-1dcd9f2151d4,c72e487e-936e-4b61-a3ba-8495585a34ea,88655b72-19be-4e72-baed-a0bcd3013dc5,3970ec98-085d-4cff-ace2-b47ad81d5d9a,972.65,2026-03-16 21:21:59
74c05cff-0f2c-4c01-a314-a294235fbc5b,c72e487e-936e-4b61-a3ba-8495585a34ea,8d5832b2-ed9f-4929-afba-6f894a3e4866,9e481250-ab48-4e77-aeab-8be45f9233dc,100.0,2026-03-17 00:21:59
df73df3a-0645-4451-921e-932421b9145a,c72e487e-936e-4b61-a3ba-8495585a34ea,0cd30303-0555-4ad6-b6fa-209f586bcd14,07c2e98c-db2a-4e92-8552-8a461b6d2353,293.57,2026-04-29 08:21:59
91789f2e-f3f9-4e70-a074-87bb54b901c5,c72e487e-936e-4b61-a3ba-8495585a34ea,0eccaddb-2c2c-446a-b02a-fb9ca2728a44,9e481250-ab48-4e77-aeab-8be45f9233dc,100.0,2026-05-01 09:21:59
789f1a75-a65a-4b42-b780-244d66c32309,c72e487e-936e-4b61-a3ba-8495585a34ea,09cf3e10-13d5-410a-8994-6d25bc6faaec,1ebcef21-86e5-4387-9edf-681ad1950c1a,300.0,2026-06-06 06:21:59
77f129e8-5b13-495a-8004-7bbbcfccfe70,c72e487e-936e-4b61-a3ba-8495585a34ea,e99333ae-6bff-4866-9dcb-b862c3c34362,9e481250-ab48-4e77-aeab-8be45f9233dc,100.0,2026-07-13 00:21:59
04878f27-03b5-46d3-814a-4ce8f1c8aea6,c7844250-aa20-4e53-8e54-b327b04401fb,7a604c27-40ec-4c86-8c77-7f367ad5d1ab,90a3d74e-7d45-49c8-8c87-526c528afc9d,500.0,2026-06-07 09:06:43
a02bbd15-a656-40f2-bf87-51237546ea45,c7844250-aa20-4e53-8e54-b327b04401fb,65f03dbc-31f4-4d60-a38b-637548e5c10a,90a3d74e-7d45-49c8-8c87-526c528afc9d,500.0,2026-07-19 12:06:43
2570c53f-9028-4ff8-8363-f7432d861748,c7a6bf4a-ad28-4ce9-8d79-33936decd3cc,56aa78d0-8cec-46e2-bc96-26eb837ec3de,90a3d74e-7d45-49c8-8c87-526c528afc9d,500.0,2026-02-24 16:35:24
cb857ab4-36ea-477c-8f69-5215eed6e74c,c7cbb3bd-aab9-4e78-b9cb-d89dda473347,862d276a-3465-42c8-8547-1af3004c7f70,90a3d74e-7d45-49c8-8c87-526c528afc9d,500.0,2026-05-05 12:48:47
f6ed3133-c42b-4a9b-be46-0d712ee91f72,c804a545-3c52-4806-b9fc-31bf30d3065d,c8c7420e-e268-4360-960b-6300de8f5ea8,90a3d74e-7d45-49c8-8c87-526c528afc9d,500.0,2026-10-26 18:51:38
b56f64c1-20f5-4dfd-95d3-117dc9549e92,c82160c8-1776-452d-b7e6-9cecc7145256,427b5831-9937-4c05-b13a-942bd6617724,1ebcef21-86e5-4387-9edf-681ad1950c1a,86.03,2026-01-09 20:43:39
b2ca10da-9ca1-4e49-b99f-48e59f52be20,c883937b-d100-450d-9154-c5ce6e371955,b8238bc0-8323-4c59-9a26-ca258a0bbfde,90a3d74e-7d45-49c8-8c87-526c528afc9d,500.0,2026-04-16 08:41:21
f609b5f1-65cd-4f49-9ca2-f3de83d6c9ca,c883937b-d100-450d-9154-c5ce6e371955,c81b52d9-1db1-4f14-9923-b216a2872a44,9e481250-ab48-4e77-aeab-8be45f9233dc,100.0,2026-07-31 21:41:21
90eb2d4e-9df7-45ed-9276-0ba369529a49,c883937b-d100-450d-9154-c5ce6e371955,cdd88f2e-2aa5-4565-8b18-f2ee05cf8def,3970ec98-085d-4cff-ace2-b47ad81d5d9a,450.21,2026-09-21 15:41:21
8fafa5c2-700c-4369-8c92-0e228f30dc74,c9b12ee8-d9c4-47ad-be03-3041c99dfb1a,4c3c534d-da6e-42c8-82c3-acf671903f74,90a3d74e-7d45-49c8-8c87-526c528afc9d,500.0,2026-03-22 10:05:48
25a3ad9b-5872-4e5a-a0b9-d7eae146bc51,c9b57e3d-33de-4716-b408-6e7c372340af,b80b00ee-1faa-4470-8740-253825f8bfe5,90a3d74e-7d45-49c8-8c87-526c528afc9d,500.0,2026-05-01 10:38:08
5162c157-cc12-4437-8004-2bb5d1615c61,c9b57e3d-33de-4716-b408-6e7c372340af,4247b46b-a816-46b9-9425-f356a468be79,9e481250-ab48-4e77-aeab-8be45f9233dc,100.0,2026-06-15 19:38:08
5228de7f-4861-44a7-8ed1-7be3a5e9f3a6,ca19e2e3-86da-43f0-aabe-6aea2e4fcb80,f51afab7-a973-458c-9911-aa8eb053258d,90a3d74e-7d45-49c8-8c87-526c528afc9d,500.0,2026-02-04 17:54:53
45c2561a-bf54-410d-b601-cfae67567fd9,ca4db2c7-4cef-4ebb-88bb-9a32be053e71,ca540b2b-db1c-479f-8c6f-b82f477053cd,9ce660d5-a7ff-4a73-8d8d-815013fde01d,400.0,2025-10-25 12:28:41
039a6c89-59ec-4ab7-8aa2-cd5e479a98a5,ca4db2c7-4cef-4ebb-88bb-9a32be053e71,ca540b2b-db1c-479f-8c6f-b82f477053cd,9e481250-ab48-4e77-aeab-8be45f9233dc,100.0,2025-10-25 12:28:41
d6263b06-b344-4d44-b7f1-e763878f7565,ca4db2c7-4cef-4ebb-88bb-9a32be053e71,4ab43e47-7eff-4627-ba70-0bc36398ca75,9e481250-ab48-4e77-aeab-8be45f9233dc,100.0,2026-03-30 01:28:41
1971930f-5cb7-4797-bc9e-abfe0f4d803d,ca65ce3f-6834-4cb2-88df-f4cecfcc6e31,7d9dcb96-5c4b-4739-95a0-ed798ccad8a7,9e481250-ab48-4e77-aeab-8be45f9233dc,100.0,2026-08-02 01:15:22
249af127-1030-493a-9045-4056e83abd48,caa768fd-9425-4390-bb00-d046654d04dd,87586bbf-1a6f-4f8f-b385-0a97fd2cf2d3,1ebcef21-86e5-4387-9edf-681ad1950c1a,300.0,2026-07-01 03:04:58
c0a61f7f-0696-44f5-935e-d6e46db9cd77,caa768fd-9425-4390-bb00-d046654d04dd,87586bbf-1a6f-4f8f-b385-0a97fd2cf2d3,9e481250-ab48-4e77-aeab-8be45f9233dc,100.0,2026-07-01 03:04:58
fedfb267-aaf6-4ccb-8e67-d7295b0016e8,caa768fd-9425-4390-bb00-d046654d04dd,bfe48b75-b67a-4d0e-895b-d80ff3f23b60,9e481250-ab48-4e77-aeab-8be45f9233dc,100.0,2026-07-06 13:04:58
f41cdf34-d666-47ff-9794-93c94e6296fb,caa768fd-9425-4390-bb00-d046654d04dd,f45438d2-e11a-4c2e-a686-16189899d224,9e481250-ab48-4e77-aeab-8be45f9233dc,100.0,2026-08-01 19:04:58
5d6298f1-14f7-4e6f-8980-73fc2fc0ded1,caa768fd-9425-4390-bb00-d046654d04dd,1c6495b4-c58e-4481-899a-12aae2bdc3a0,9ce660d5-a7ff-4a73-8d8d-815013fde01d,400.0,2026-08-14 11:04:58
1b1369a9-eba3-4de0-a9d4-9631b22f1a4c,cb05f900-0798-40fc-9b85-041ba7bdbd2f,a7f49280-9c77-4f62-a5d1-5feb92d8c2da,90a3d74e-7d45-49c8-8c87-526c528afc9d,500.0,2025-10-20 14:28:02
68848402-00af-4714-8f98-f29c16f24550,cb05f900-0798-40fc-9b85-041ba7bdbd2f,a7f49280-9c77-4f62-a5d1-5feb92d8c2da,9e481250-ab48-4e77-aeab-8be45f9233dc,100.0,2025-10-20 14:28:02
ed5f0b71-2eb7-4126-aeb2-4a8a7fc6b73c,cb05f900-0798-40fc-9b85-041ba7bdbd2f,7c8587a4-7302-4722-95ad-ea00d5953780,5bf2e261-70cd-47b2-a184-b0f75481fdd5,200.0,2026-03-03 10:28:02
b63fddaf-0169-4a05-91cf-155ffc80b874,cb5a78e7-ecd9-4c0d-b6c9-edba633ada18,ccf1f99e-3d8c-4c70-8444-55495405299f,24d8fa0e-5d24-4f3e-bf35-b7cea1b09e56,150.0,2025-11-19 12:41:29
293c0ef6-a6d1-493e-b8d7-f822db91ae2d,cbd9174a-9fe9-4f8d-a66c-9010d2479dc5,36e5a41e-efc5-4b3e-a292-6b51d8ce1c51,90a3d74e-7d45-49c8-8c87-526c528afc9d,500.0,2026-09-15 10:48:26
37f34037-f11e-46a0-9a06-ee9e15f2cea4,cbd9174a-9fe9-4f8d-a66c-9010d2479dc5,2b09e63f-22cd-4b44-8881-2df6b8bc564d,de4ebad1-a920-4ecb-a6c7-3099945ea4e5,300.0,2026-09-20 08:48:26
c7b9e7b6-3136-4286-b63a-4a8f8350fc32,cbd9174a-9fe9-4f8d-a66c-9010d2479dc5,b87cb57c-5f33-4ad8-9b85-df5c85a5517a,3d5d41c8-14bf-49cd-91e6-aa9a36bea6bb,161.14,2026-11-30 00:48:26
05c5f518-8bd5-406f-b4b0-417c821b9598,cc581b22-0edc-40e0-80fc-71593b6b98ed,a314b253-4b41-4468-baca-531a4f51fd4d,9e481250-ab48-4e77-aeab-8be45f9233dc,100.0,2025-09-30 17:13:00
8fae0668-1ee6-4ebe-8e1c-b18ccd196c04,cc8a96de-d86c-4522-926c-7024b0f65528,2da59f78-4f55-4fba-bb1a-c906363b4296,90a3d74e-7d45-49c8-8c87-526c528afc9d,500.0,2026-07-01 04:09:04
ae0d154d-3c7a-4ee1-89de-fa29dec2236e,ccc902e7-4392-4792-a16d-d236129d1bef,bd3c943d-0338-4759-ac98-b4dbbfbd3dc4,90a3d74e-7d45-49c8-8c87-526c528afc9d,500.0,2026-05-26 19:57:34
09944b34-645f-49d8-8f9c-968e13250473,cd24e803-5f29-4a43-8981-cb65de0b7507,132c092a-6d91-4d0e-b8ee-7537b895a4fa,9e481250-ab48-4e77-aeab-8be45f9233dc,84.26,2026-01-16 23:14:38
b6256596-a117-4388-8ce6-fdf48cd3518a,cd24e803-5f29-4a43-8981-cb65de0b7507,9f5e511c-c7b2-4c71-a383-4829cf785e41,1ebcef21-86e5-4387-9edf-681ad1950c1a,198.31,2026-03-21 01:14:38
7c2880a4-1d6e-41a3-b027-c14a273d2db8,cd24e803-5f29-4a43-8981-cb65de0b7507,9f5e511c-c7b2-4c71-a383-4829cf785e41,9e481250-ab48-4e77-aeab-8be45f9233dc,99.16,2026-03-21 01:14:38
d00a2d32-6a6b-44b3-af8f-409e805ba9f4,cd60a2f1-691b-45d9-ad8c-68c996f6c6dc,de2ce908-403c-4c53-847f-1d71c5457b5f,90a3d74e-7d45-49c8-8c87-526c528afc9d,500.0,2026-02-15 01:48:44
529b087a-7079-42ee-9e93-249f8def9ecb,cd60a2f1-691b-45d9-ad8c-68c996f6c6dc,102ef77c-8370-4ba9-8fc9-7b4852ac0cdc,de4ebad1-a920-4ecb-a6c7-3099945ea4e5,300.0,2026-03-19 13:48:44
9beafe52-1a96-4934-84de-0868f2b31ece,cd60a2f1-691b-45d9-ad8c-68c996f6c6dc,102ef77c-8370-4ba9-8fc9-7b4852ac0cdc,9e481250-ab48-4e77-aeab-8be45f9233dc,100.0,2026-03-19 13:48:44
a0068125-b4d5-48a5-b94e-1a49526d16c3,cd60a2f1-691b-45d9-ad8c-68c996f6c6dc,7c7e4105-7a03-4c85-8069-1b2e8fa31fac,9e481250-ab48-4e77-aeab-8be45f9233dc,76.11,2026-04-20 01:48:44
c7fdd543-55c7-4632-8d93-9e2d516d0e04,cd60a2f1-691b-45d9-ad8c-68c996f6c6dc,99adedb1-b5e4-459c-a433-471e14a6c11e,3970ec98-085d-4cff-ace2-b47ad81d5d9a,88.65,2026-06-19 00:48:44
116143e3-d1f3-404a-af88-dc090280d1fc,cd678dc2-b335-4f2e-b96c-49e2aacd1124,ce24825c-16d4-4b0e-b0ba-a4f78e9c8a0e,9e481250-ab48-4e77-aeab-8be45f9233dc,100.0,2026-08-11 18:24:08
28f554ac-e462-4ac8-95bf-8408311e1f88,cd678dc2-b335-4f2e-b96c-49e2aacd1124,c1d14cb8-2a1f-4f3d-be7c-358e4c47e755,9e481250-ab48-4e77-aeab-8be45f9233dc,100.0,2026-10-07 05:24:08
0e725dac-2cfd-41e0-9dd9-39a5ee1eee23,cd85b208-e56d-400e-883f-f43d7332f7e3,02912fc2-bc6f-4485-8fcf-9b4b04f46c7e,07c2e98c-db2a-4e92-8552-8a461b6d2353,86.25,2026-03-12 09:21:02
0a93a433-8f1f-4938-99b9-6820e6212182,cd85b208-e56d-400e-883f-f43d7332f7e3,e06091cd-7d29-4dc6-be47-6c8c97829c48,9ce660d5-a7ff-4a73-8d8d-815013fde01d,168.34,2026-04-26 01:21:02
f888e34f-cf3b-49ac-ad01-4a62f6e934c3,cd85b208-e56d-400e-883f-f43d7332f7e3,e06091cd-7d29-4dc6-be47-6c8c97829c48,9e481250-ab48-4e77-aeab-8be45f9233dc,84.17,2026-04-26 01:21:02
2ce01869-bb4a-4927-9f5d-6255f48edf81,ce6d4ca6-4210-42e6-a70f-2a6ee8441f1b,3bfc3fbf-1206-46a3-9866-54e40361c026,90a3d74e-7d45-49c8-8c87-526c528afc9d,500.0,2026-05-18 19:18:29
00e6234e-1e65-46e9-aa6c-004d7b2f0ca7,ce6d4ca6-4210-42e6-a70f-2a6ee8441f1b,35c18611-60ef-47ca-adf4-fea06622d86a,de4ebad1-a920-4ecb-a6c7-3099945ea4e5,300.0,2026-06-20 10:18:29
c9929f61-4659-42aa-a4be-b6b7eb161e62,ce6d4ca6-4210-42e6-a70f-2a6ee8441f1b,305b8a47-8435-42bd-ba17-10a18d209f49,9e481250-ab48-4e77-aeab-8be45f9233dc,100.0,2026-08-07 22:18:29
4598e53f-6135-4391-a24b-2923ace11eb3,d0897eda-538a-4f93-a2bb-83b07d89de93,5e641932-0e98-41c4-9e0f-d0bf3df82611,90a3d74e-7d45-49c8-8c87-526c528afc9d,500.0,2026-03-24 03:08:03
0bed013c-55c3-401b-ad22-885bff8120c4,d0bd5bf1-6e69-435b-b9ef-9bb460424c5e,b8f1a4a5-41b3-430c-a7bb-ec1ec0a514e2,9e481250-ab48-4e77-aeab-8be45f9233dc,100.0,2026-06-21 11:08:11
91a597d6-d2e4-4772-a409-a710919aaa1b,d0bd5bf1-6e69-435b-b9ef-9bb460424c5e,880f2616-3d2a-42c7-876a-f3911eb63f42,5bf2e261-70cd-47b2-a184-b0f75481fdd5,200.0,2026-07-15 13:08:11
0731a949-7c95-457c-937b-0101197177c4,d0fba72a-c417-40eb-bc90-a82aaf7045dc,80d8c03b-bb9d-47b3-a73a-285b57f35776,90a3d74e-7d45-49c8-8c87-526c528afc9d,500.0,2026-01-19 08:09:07
3e25fe30-46d7-4a3b-b0af-1e152d4ae3ae,d0fba72a-c417-40eb-bc90-a82aaf7045dc,168ef347-06e3-42b7-a46e-75544bc6a4c2,1ebcef21-86e5-4387-9edf-681ad1950c1a,300.0,2026-04-12 23:09:07
1e98aa45-8326-482d-92dd-466533659d1b,d12a47d6-bcec-4152-9e76-386eb513d872,4e02e6c6-92c8-4d79-9c89-993cc3056bb8,9ce660d5-a7ff-4a73-8d8d-815013fde01d,400.0,2026-01-24 15:02:16
549399f9-2ab1-4073-8061-ab642d056778,d12a47d6-bcec-4152-9e76-386eb513d872,50bdfd9c-0599-4a47-b313-fee365a46ccb,24d8fa0e-5d24-4f3e-bf35-b7cea1b09e56,150.0,2026-03-05 15:02:16
37776ce4-5e9d-443e-9bc1-fe13e681527a,d12a47d6-bcec-4152-9e76-386eb513d872,32609832-fc78-473a-b9cb-68391fb3c092,9e481250-ab48-4e77-aeab-8be45f9233dc,100.0,2026-04-10 20:02:16
0e009539-1376-43e3-83ed-32d57c6921a4,d12a47d6-bcec-4152-9e76-386eb513d872,1c860f38-7a37-40e7-aa17-e858ec79ca28,07c2e98c-db2a-4e92-8552-8a461b6d2353,121.22,2026-05-06 07:02:16
b62e91a3-3375-4258-8b82-7591f6cdca84,d12a47d6-bcec-4152-9e76-386eb513d872,cdab6e79-451d-428e-9af3-28632935490e,90a3d74e-7d45-49c8-8c87-526c528afc9d,127.57,2026-05-23 23:02:16
30cea08c-16ec-4d59-b4be-4ec18601527e,d12a47d6-bcec-4152-9e76-386eb513d872,92d98853-347a-4c39-8136-0b21254a51c5,24d8fa0e-5d24-4f3e-bf35-b7cea1b09e56,150.0,2026-06-04 21:02:16
07e14a73-223d-45a9-980a-31da06707c59,d17c5082-cddd-485a-8401-6396957b9e6c,57b23993-f461-4a4f-abdc-bd01d4cb44d3,9ce660d5-a7ff-4a73-8d8d-815013fde01d,400.0,2026-04-28 20:02:23
dbaa6afc-ec52-483f-b54d-74cd14b31382,d197649d-3209-4da9-9343-8ecf85ff8d3b,99bdb1bd-3bbe-4bb2-808b-e450ddce8c80,90a3d74e-7d45-49c8-8c87-526c528afc9d,500.0,2025-12-27 19:59:22
d361b71b-a6ea-473b-8e1c-5692e84c2634,d197649d-3209-4da9-9343-8ecf85ff8d3b,b25e0323-fea0-4a3b-b8a7-5258847ce2ea,5bf2e261-70cd-47b2-a184-b0f75481fdd5,200.0,2026-01-02 11:59:22
fe1e7d18-b72a-4928-8e5e-ff9fcf4239e5,d197649d-3209-4da9-9343-8ecf85ff8d3b,aa51846c-cf73-4244-9fa7-6d53d4ab08d5,90a3d74e-7d45-49c8-8c87-526c528afc9d,484.21,2026-02-01 20:59:22
aff03c74-88af-4570-ac58-17b5a4f649f2,d197649d-3209-4da9-9343-8ecf85ff8d3b,88b5ea30-9946-4a0d-a5ea-a22f172c98b8,9e481250-ab48-4e77-aeab-8be45f9233dc,70.93,2026-04-10 07:59:22
8fb5fbe8-32ab-4918-b864-456d2aa6f2fb,d208e57f-8389-4126-9240-469ba289b1b9,4cdf244e-4916-48ed-9001-2c350962da14,90a3d74e-7d45-49c8-8c87-526c528afc9d,381.0,2026-07-06 03:26:59
5cc25bde-c54f-4beb-81f0-8f277ee6f3ad,d208e57f-8389-4126-9240-469ba289b1b9,741e1d8d-72fd-4f2b-8174-2e38547c5de5,24d8fa0e-5d24-4f3e-bf35-b7cea1b09e56,150.0,2026-07-26 10:26:59
76a8b482-ef09-41f2-9ceb-202be617bffb,d208e57f-8389-4126-9240-469ba289b1b9,a0a4f0c5-4161-4c93-972c-e3835152e6d9,9e481250-ab48-4e77-aeab-8be45f9233dc,100.0,2026-10-31 07:26:59
4a853a85-f89a-4a57-a9c0-da66cf98a59d,d208e57f-8389-4126-9240-469ba289b1b9,083cfbbf-e136-4a2a-ad8c-8bfaa5937809,24d8fa0e-5d24-4f3e-bf35-b7cea1b09e56,150.0,2026-12-24 08:26:59
ad6a0940-b9b2-43d5-96b1-028e2df7b09c,d270fc83-fa34-46b0-ae8a-45b3ebbd5c27,5c6ce6b1-3e8d-403a-bf62-4765d2acfb02,90a3d74e-7d45-49c8-8c87-526c528afc9d,500.0,2026-08-26 11:43:20
fde6064b-6f59-4794-9b86-4af262cb0ce3,d270fc83-fa34-46b0-ae8a-45b3ebbd5c27,409df4a5-9923-425f-806a-7fed5957b119,9e481250-ab48-4e77-aeab-8be45f9233dc,100.0,2026-10-19 08:43:20
bd77c933-3d4b-428c-9bc1-33ed09aeb705,d3837629-bfa5-44a4-8120-0ccfe4916abd,c83f6e61-6089-430b-82b0-7cf1c5503166,90a3d74e-7d45-49c8-8c87-526c528afc9d,500.0,2026-02-18 05:05:03
8ab9b580-1684-420b-a228-50922a670947,d3f01682-6b2c-4ee1-ae91-168045d43c4f,807cd2f1-fc65-421c-b738-e9eafecf9ad5,90a3d74e-7d45-49c8-8c87-526c528afc9d,500.0,2025-11-22 06:29:11
91e3e5ef-afdb-40e5-81d2-d24008b79946,d3f01682-6b2c-4ee1-ae91-168045d43c4f,3ca47ec9-a54f-432d-854f-f630684f5b22,5bf2e261-70cd-47b2-a184-b0f75481fdd5,200.0,2026-03-23 23:29:11
826bafd1-18f9-4e15-878f-b1bd1b5c8e6e,d3f01682-6b2c-4ee1-ae91-168045d43c4f,3ca47ec9-a54f-432d-854f-f630684f5b22,9e481250-ab48-4e77-aeab-8be45f9233dc,100.0,2026-03-23 23:29:11
6d858c91-239c-4464-a40b-e09abef2a9df,d451e832-859e-4524-9615-6790bf8323bb,29ec8620-6fd5-44be-a627-60f89cdddc9e,90a3d74e-7d45-49c8-8c87-526c528afc9d,500.0,2026-01-08 09:17:24
46228a9a-6ddc-4c70-b17a-d59264c11e70,d4d0646d-8c3d-4407-ad18-77a0264b7a51,3e813b95-0109-4c02-927c-28b237a0c49a,5bf2e261-70cd-47b2-a184-b0f75481fdd5,159.8,2025-12-21 00:00:45
95080573-4a8e-4f42-8102-c8cc07b45580,d4d0646d-8c3d-4407-ad18-77a0264b7a51,3e813b95-0109-4c02-927c-28b237a0c49a,9e481250-ab48-4e77-aeab-8be45f9233dc,79.9,2025-12-21 00:00:45
42bb0d53-9f99-4af9-a0f1-57b0612a30d5,d4d0646d-8c3d-4407-ad18-77a0264b7a51,03978e00-d23b-4675-a28d-e05a341372d2,9e481250-ab48-4e77-aeab-8be45f9233dc,100.0,2026-04-07 03:00:45
11c982a3-a7e6-463e-bf94-c5f7ce72fab9,d51b1186-c325-4912-915e-3924005546e2,bd3ac94f-1d6d-4a59-a142-9a9b8348d718,90a3d74e-7d45-49c8-8c87-526c528afc9d,500.0,2026-09-06 20:11:30
005ecc8c-9aa0-4d40-be3e-2a17ac4c59ff,d51b1186-c325-4912-915e-3924005546e2,a8da1bbe-cd06-4e28-9458-908e4d0880fc,90a3d74e-7d45-49c8-8c87-526c528afc9d,338.34,2026-12-02 17:11:30
3b2483f2-dee4-453f-87ba-c1da895cf6e6,d51b1186-c325-4912-915e-3924005546e2,a8da1bbe-cd06-4e28-9458-908e4d0880fc,9e481250-ab48-4e77-aeab-8be45f9233dc,100.0,2026-12-02 17:11:30
40d6359e-6a01-4f70-ba7b-944ef0c7bac0,d5bdd142-d13d-4401-9e1a-4c276603300f,6a3f799e-73bc-4765-a92a-78e576db3896,90a3d74e-7d45-49c8-8c87-526c528afc9d,500.0,2026-04-18 19:27:52
9834928d-1634-4b50-9afd-5c25411a223d,d6472d08-8a44-4886-b52d-d7325d88b796,74d49ca4-fa35-444d-a5b1-6515dd1bf350,9e481250-ab48-4e77-aeab-8be45f9233dc,100.0,2026-02-01 09:59:48
17d1b7cf-58d6-415d-8d83-96f270efc900,d6888a23-b353-40a9-b45a-2d764d13c914,e9e270fa-87fc-443f-94ab-1bb40af924d9,1ebcef21-86e5-4387-9edf-681ad1950c1a,300.0,2026-10-29 14:30:45
3936351d-692a-4140-82f0-6e3ebf32a83b,d6888a23-b353-40a9-b45a-2d764d13c914,1830c9b0-8dad-4672-9851-9d88f380c14b,9e481250-ab48-4e77-aeab-8be45f9233dc,100.0,2026-11-01 15:30:45
e936cfb6-1cf0-4fcf-ae51-23a28c9f4882,d69aa72a-4278-407a-8129-b81f92286960,f2a97dbd-fad7-4afd-9105-e96c52ec538c,9ce660d5-a7ff-4a73-8d8d-815013fde01d,182.8,2026-11-07 04:46:00
88c3e14d-1e46-40da-aa05-51c858629edd,d69aa72a-4278-407a-8129-b81f92286960,f2a97dbd-fad7-4afd-9105-e96c52ec538c,9e481250-ab48-4e77-aeab-8be45f9233dc,91.4,2026-11-07 04:46:00
c9140d60-0515-46c6-98b2-32c27102cb13,d6e3d718-9653-4df7-8887-5507f590fd07,0137b775-b498-4d18-a5ce-6aa026979e0a,9ce660d5-a7ff-4a73-8d8d-815013fde01d,116.06,2027-01-21 12:58:16
d53a377b-0075-42ce-8ad3-c0a991b80d8b,d718c48a-e954-474f-b5fc-946069e41781,f99a4f64-b6db-4467-9706-95a867951a04,90a3d74e-7d45-49c8-8c87-526c528afc9d,500.0,2026-06-10 20:30:58
38c07ad9-2421-4ae7-8954-86952c63eaca,d718c48a-e954-474f-b5fc-946069e41781,8ac1b02f-d2ce-48de-8833-4bdb893bdedf,9e481250-ab48-4e77-aeab-8be45f9233dc,100.0,2026-08-05 23:30:58
034582ac-dd6f-4429-a0dd-1f89347380f1,d7a19dbf-6335-43f1-a460-725ef15f72e7,d24719eb-5d82-4825-a555-ac9ef972572d,90a3d74e-7d45-49c8-8c87-526c528afc9d,500.0,2026-08-12 15:50:00
492f7811-0d61-48dc-91d4-18f2d468b6eb,d7a19dbf-6335-43f1-a460-725ef15f72e7,7ac66de7-4085-480f-93e3-7e3dc3075d4e,24d8fa0e-5d24-4f3e-bf35-b7cea1b09e56,150.0,2026-09-22 07:50:00
1ce0443e-5122-4a62-8f5e-726af1c198f3,d7a19dbf-6335-43f1-a460-725ef15f72e7,7ac66de7-4085-480f-93e3-7e3dc3075d4e,9e481250-ab48-4e77-aeab-8be45f9233dc,100.0,2026-09-22 07:50:00
1ce53f06-7768-4198-86a8-b4a0b44d160b,d7a19dbf-6335-43f1-a460-725ef15f72e7,56a390a1-f536-4e69-8a7b-ba275a75c110,24d8fa0e-5d24-4f3e-bf35-b7cea1b09e56,150.0,2026-11-17 21:50:00
55161b4d-bfd2-4299-baa3-9efc72b68e57,d87932ef-0a30-484d-a2b9-024e03946bf6,aea77e73-12d5-4995-ac75-21ee69c626af,90a3d74e-7d45-49c8-8c87-526c528afc9d,500.0,2026-10-10 22:05:58
c2ce9418-f078-427a-87c1-186f3a482c5c,d87932ef-0a30-484d-a2b9-024e03946bf6,f39248dc-f3e8-478e-97d8-d705296a79de,90a3d74e-7d45-49c8-8c87-526c528afc9d,500.0,2026-11-20 10:05:58
692c2f69-c600-43b6-a5d6-95a90904c959,d87932ef-0a30-484d-a2b9-024e03946bf6,aec7f4b6-752d-4ec9-bd5f-f263cabeb3d9,9e481250-ab48-4e77-aeab-8be45f9233dc,100.0,2026-12-15 21:05:58
dcd2cc4b-217c-43d2-b4ee-917cf12bfefb,d87a71f5-9d8c-4b7e-9d65-e0c4dad99f82,c675c3f3-1111-4826-b088-59b36d442529,3970ec98-085d-4cff-ace2-b47ad81d5d9a,923.93,2026-08-23 16:44:06
b1564b75-e7c3-44d5-a8ea-6dad85627b00,d895bc19-6f0a-4ec3-be33-205e289afc81,b4323775-8c93-47ad-863c-809c554034b2,90a3d74e-7d45-49c8-8c87-526c528afc9d,191.21,2026-03-30 13:07:28
46545618-2aae-4b8b-898a-8690874bbc7b,d895bc19-6f0a-4ec3-be33-205e289afc81,b4323775-8c93-47ad-863c-809c554034b2,9e481250-ab48-4e77-aeab-8be45f9233dc,95.6,2026-03-30 13:07:28
1bad2d72-8646-40e1-9793-e515d72ed5e9,d8b87ffa-ce1f-45a6-8397-54621532b8cb,ec96fdf5-20d8-4d43-b754-716c906e17b6,90a3d74e-7d45-49c8-8c87-526c528afc9d,500.0,2025-10-12 00:52:13
4aeb725b-db90-4b4a-92fc-95ba589cdb2b,d98d3cae-e9ad-4734-8eb4-32ebb59cc5bf,aea3f444-b174-4e01-9a64-4a2910b583e1,90a3d74e-7d45-49c8-8c87-526c528afc9d,500.0,2025-10-15 18:53:18
54aa8ea2-b1c7-4561-83b6-3c2105adbdab,d98d3cae-e9ad-4734-8eb4-32ebb59cc5bf,ee133660-7320-4a2c-a251-1b974b9b8c3b,9e481250-ab48-4e77-aeab-8be45f9233dc,100.0,2025-12-25 09:53:18
de737e03-6d20-4ca7-9e62-d9bb24dcee70,d996a222-44ba-4afa-b340-47f773320c50,6dadbd92-7e05-4749-899f-594a4befee56,90a3d74e-7d45-49c8-8c87-526c528afc9d,500.0,2025-09-10 23:01:23
5443f484-d473-412f-bf7c-ea5c9722636b,d9a24698-baa9-492f-b5c8-722edfa77f69,aa8f2f64-279b-4e50-9a1a-f74c5173cffd,9e481250-ab48-4e77-aeab-8be45f9233dc,100.0,2026-07-12 21:31:33
3a2628f5-14ae-4f96-b29e-d2902b5ab958,d9e12b1e-20b7-47f4-b183-7ba2057d9f18,e1fe2164-e9f2-49e7-8528-b0b8d3d5c5cc,24d8fa0e-5d24-4f3e-bf35-b7cea1b09e56,150.0,2025-09-05 01:02:41
1df02b31-ddb2-40e0-a681-18bf21ca982c,d9e12b1e-20b7-47f4-b183-7ba2057d9f18,91779221-729b-48d1-b7d5-1320e409394d,90a3d74e-7d45-49c8-8c87-526c528afc9d,500.0,2025-09-19 21:02:41
a7cc577b-ea5f-4729-91df-24a83bc30734,d9e12b1e-20b7-47f4-b183-7ba2057d9f18,3e1c4a33-c79c-491a-9dcd-302d5d3b296f,9e481250-ab48-4e77-aeab-8be45f9233dc,100.0,2025-11-18 23:02:41
9b53f90e-5a79-40ea-b77a-ddda89fced0a,d9e12b1e-20b7-47f4-b183-7ba2057d9f18,de26fe3d-285d-4233-8965-93d87bcc3523,1ebcef21-86e5-4387-9edf-681ad1950c1a,300.0,2026-01-19 03:02:41
bf480a64-228b-4ea9-8f9e-f56ddf30d748,d9e12b1e-20b7-47f4-b183-7ba2057d9f18,2582abff-4ac2-4a34-963f-5c053e8ce7d3,90a3d74e-7d45-49c8-8c87-526c528afc9d,443.27,2026-02-10 02:02:41
511d69b8-7259-4bc6-9c58-c57b98c90e1e,d9e12b1e-20b7-47f4-b183-7ba2057d9f18,0f6d5015-6546-4544-8b3b-fc549a6f36c6,9e481250-ab48-4e77-aeab-8be45f9233dc,100.0,2026-02-28 07:02:41
0fc9456a-4218-4700-995d-e82e395655a7,d9e12b1e-20b7-47f4-b183-7ba2057d9f18,e6e71932-c582-4628-84eb-7106148dafcc,9e481250-ab48-4e77-aeab-8be45f9233dc,100.0,2026-02-28 21:02:41
81049253-b8e2-4412-a2fb-05aa4be37d85,da25301d-a521-4c96-8773-29d75896cc2d,7b0a3a85-f71e-483e-832c-7838a2e979dc,07c2e98c-db2a-4e92-8552-8a461b6d2353,555.64,2026-12-11 15:19:37
153b7ab2-81d2-4c6c-a9da-f468e9738cac,da2e9454-0060-4456-bc2e-0a8be58e3df0,7dcef743-a2d7-4070-9776-8a155a884c24,90a3d74e-7d45-49c8-8c87-526c528afc9d,500.0,2026-06-20 16:22:48
81674756-13e5-4061-9639-3a2662f08499,da2e9454-0060-4456-bc2e-0a8be58e3df0,21001207-984d-4175-a47e-b82fa0df6390,9e481250-ab48-4e77-aeab-8be45f9233dc,100.0,2026-08-05 16:22:48
789054dd-0dfb-4d1a-a113-cf6e5e893513,da2e9454-0060-4456-bc2e-0a8be58e3df0,b899ad28-a4cb-47bb-ad2c-1da17cae04d2,3d5d41c8-14bf-49cd-91e6-aa9a36bea6bb,800.0,2026-11-30 14:22:48
65148a0a-d4c2-47ff-9712-5e46ede1cdbd,da63578a-e33a-4f69-9159-98c1915ed8ed,2f76d60d-80be-4957-852c-4a6ce6c18944,90a3d74e-7d45-49c8-8c87-526c528afc9d,500.0,2025-10-03 14:28:06
a3ceda14-b081-432d-bc84-d88ff31fb3d3,dac61887-b388-4a50-a789-5cbd4c2bcc9b,89a269b1-d4a5-4a95-ba90-8a5a9c246982,90a3d74e-7d45-49c8-8c87-526c528afc9d,311.46,2026-04-07 18:17:19
51292f36-c335-44dc-bafd-d3dd83012325,dac61887-b388-4a50-a789-5cbd4c2bcc9b,89a269b1-d4a5-4a95-ba90-8a5a9c246982,9e481250-ab48-4e77-aeab-8be45f9233dc,62.29,2026-04-07 18:17:19
046fabe1-3973-47f0-9e66-f5cfbe11f741,dadbedcc-d898-4c23-b40c-533ab143735a,f0b4279f-a84e-4458-ad87-819040086f4a,90a3d74e-7d45-49c8-8c87-526c528afc9d,398.2,2026-07-28 14:07:02
135d4ec7-7891-478e-afb3-4bc64ef9469c,dadbedcc-d898-4c23-b40c-533ab143735a,783d6fac-99b4-4012-a08d-e2698360c60a,90a3d74e-7d45-49c8-8c87-526c528afc9d,137.88,2026-10-03 21:07:02
13df236a-4b0d-4bd9-aa20-fde2b1e45478,db2626e5-c8a2-4f9c-a168-5209f1247e3b,286b10ae-b749-4743-a3ca-7eb87ec04bba,90a3d74e-7d45-49c8-8c87-526c528afc9d,500.0,2026-07-30 02:08:48
fbd319ab-ccee-47f0-9218-05d1ffa76f44,db32583c-f075-4127-9df9-c834c16b6a26,7dc8f2e1-bcae-4955-88db-ed4adb3d652f,90a3d74e-7d45-49c8-8c87-526c528afc9d,377.63,2026-06-15 18:27:57
89377b12-5eab-441d-b874-32cb441dde1a,db9589f3-bac4-4d27-be25-7852224ab869,237ed33f-e7d4-4c69-a353-d6d2638f2473,07c2e98c-db2a-4e92-8552-8a461b6d2353,600.0,2026-03-24 05:13:52
7abff8fd-62af-44c6-afc5-54bbb0a307b8,db9589f3-bac4-4d27-be25-7852224ab869,237ed33f-e7d4-4c69-a353-d6d2638f2473,9e481250-ab48-4e77-aeab-8be45f9233dc,100.0,2026-03-24 05:13:52
c0e37582-59d7-4e0e-a64f-49eb923c05e3,db9589f3-bac4-4d27-be25-7852224ab869,9f29c5a2-cfbe-4ee9-bc28-c89f1e1eec9e,de4ebad1-a920-4ecb-a6c7-3099945ea4e5,300.0,2026-08-06 03:13:52
059d8155-f94f-4bd1-94f8-fa8d6fbfaae4,db9a153d-19b9-45ab-a769-38ddf1805130,cb6c9eb4-f97e-4a3c-950b-aa7212dbd7d0,90a3d74e-7d45-49c8-8c87-526c528afc9d,500.0,2025-09-15 05:26:31
12fc0e69-b960-401e-9ef5-4fead30e1173,db9a153d-19b9-45ab-a769-38ddf1805130,edfec88b-3b8b-4c60-8d34-d6c075baa4a5,9e481250-ab48-4e77-aeab-8be45f9233dc,100.0,2025-10-07 19:26:31
7f5d46b3-4978-4a46-bf27-bcde1d279024,db9a153d-19b9-45ab-a769-38ddf1805130,a6199308-a6bb-4a95-84f3-14d9459086d9,9e481250-ab48-4e77-aeab-8be45f9233dc,100.0,2025-11-13 02:26:31
2c89d775-0704-454a-b6a8-1f1a648d28a3,db9a153d-19b9-45ab-a769-38ddf1805130,b46bd942-3333-4ae8-a681-6573481ec362,de4ebad1-a920-4ecb-a6c7-3099945ea4e5,300.0,2025-12-14 19:26:31
0fe2fbef-6279-412b-9e73-deb5b78af344,db9a153d-19b9-45ab-a769-38ddf1805130,56d2fd1b-9072-4d27-8186-8ed8b8df59ee,1ebcef21-86e5-4387-9edf-681ad1950c1a,300.0,2025-12-24 15:26:31
66bd25bd-a6ee-4f7b-90b2-e3f2541db3ad,db9a153d-19b9-45ab-a769-38ddf1805130,f87372e5-b1d8-4eae-9fa7-0d37b5590502,5bf2e261-70cd-47b2-a184-b0f75481fdd5,200.0,2026-01-03 12:26:31
8d395e08-e424-4e31-be31-53dcfd864982,db9a153d-19b9-45ab-a769-38ddf1805130,337e516c-80cb-4072-a6ff-62a2a58a86f8,3d5d41c8-14bf-49cd-91e6-aa9a36bea6bb,800.0,2026-01-05 05:26:31
78b8c446-87ae-415c-b381-8554f4b5faef,db9a153d-19b9-45ab-a769-38ddf1805130,4a1b1aeb-812d-49c0-9ff7-e5dff5bab14d,9e481250-ab48-4e77-aeab-8be45f9233dc,100.0,2026-02-06 14:26:31
17a1bb30-c36f-4449-8a61-e40243c2734f,db9a153d-19b9-45ab-a769-38ddf1805130,e45f3d07-0460-43e9-a81c-24abb7091dd7,3970ec98-085d-4cff-ace2-b47ad81d5d9a,628.46,2026-02-16 15:26:31
4e005d05-9814-452b-b092-c00fe86db804,db9a153d-19b9-45ab-a769-38ddf1805130,a85f831d-f221-4e1f-a7ac-1417b5651214,de4ebad1-a920-4ecb-a6c7-3099945ea4e5,300.0,2026-03-06 09:26:31
40ee5080-c569-4493-8963-e050aa24bbae,dbd7903e-f47a-49e8-9a74-25b0162181ae,475b74f1-01c4-48aa-b31e-d7b3ed0c3eaa,90a3d74e-7d45-49c8-8c87-526c528afc9d,500.0,2026-06-13 21:12:13
dc7daa6c-c7f7-456e-bcc8-96238c9754a3,dbd7903e-f47a-49e8-9a74-25b0162181ae,19f539c2-8601-44e1-8549-dcadd3e34de6,90a3d74e-7d45-49c8-8c87-526c528afc9d,500.0,2026-08-25 10:12:13
a7a5d072-ce3f-4496-8738-61f352bc42fe,dbd7903e-f47a-49e8-9a74-25b0162181ae,1a897bf9-43ef-4a5e-bc95-c4058e9ae5d7,3d5d41c8-14bf-49cd-91e6-aa9a36bea6bb,800.0,2026-09-02 21:12:13
1ece03de-9045-404d-8f5c-300dea425000,dbea25df-de89-4207-8de2-814f2706c0cd,72742ded-25c0-4c8e-8cf6-44c23a83abf5,90a3d74e-7d45-49c8-8c87-526c528afc9d,500.0,2025-10-27 19:50:02
3d01db7c-b429-4714-87d8-2d0361f6055d,dc5b4655-c09c-46b4-91a8-d94ad43e9747,de6a83dc-1289-4e3f-9eda-0533f1879e4a,90a3d74e-7d45-49c8-8c87-526c528afc9d,500.0,2026-01-13 04:05:30
288f8633-3568-4a38-adc5-e9970c7d50a2,dcf05771-918f-457a-b0fa-a666e8358fd4,6a75bf9e-1db1-421d-abca-aecdebc0cae2,3d5d41c8-14bf-49cd-91e6-aa9a36bea6bb,800.0,2026-09-30 16:25:03
e2663ef3-f7f6-47f3-9721-ac48e0887f25,dcf05771-918f-457a-b0fa-a666e8358fd4,906accf0-2479-459e-adb9-a447773c38d5,9e481250-ab48-4e77-aeab-8be45f9233dc,40.04,2026-12-02 00:25:03
0a266486-fc79-4347-8b3d-06a0a6b815ba,dcf05771-918f-457a-b0fa-a666e8358fd4,7cb6450c-f1ac-4646-b5cd-ada3e2df018f,9e481250-ab48-4e77-aeab-8be45f9233dc,87.39,2027-01-13 04:25:03
72c32f29-a28d-4c91-a904-a72e2cd59234,dcf05771-918f-457a-b0fa-a666e8358fd4,3688725a-c9d5-434d-8eb1-767c078686b5,3d5d41c8-14bf-49cd-91e6-aa9a36bea6bb,800.0,2027-02-07 17:25:03
f01de287-e4b5-4630-9e27-e5ae2ef2cef7,dd05b82b-b15d-4e68-98b8-7ad5a97dfd0b,f2d8a8a3-09b4-4947-a6a1-e06bddc816ca,90a3d74e-7d45-49c8-8c87-526c528afc9d,500.0,2026-06-27 06:28:40
18035085-38a3-49f2-8135-a8abaa98cc59,dd93a2e8-80f0-4403-85f3-eecb6698febb,dbed7f98-b7a6-4e00-a7ef-ba8835a0b7cb,90a3d74e-7d45-49c8-8c87-526c528afc9d,500.0,2026-06-17 21:22:46
d6a382d2-860d-48e4-a8f8-2d5148b825f8,dd93a2e8-80f0-4403-85f3-eecb6698febb,355766e1-0747-4647-bc39-271663e06fa1,9e481250-ab48-4e77-aeab-8be45f9233dc,100.0,2026-06-20 02:22:46
7c124cbd-27eb-4bf9-b0d5-434328f68560,dd93a2e8-80f0-4403-85f3-eecb6698febb,0f9ad5f3-5b1c-45cc-b72c-490f49f9b4db,9e481250-ab48-4e77-aeab-8be45f9233dc,100.0,2026-08-08 01:22:46
47aa6b31-b775-4129-b6c7-244fb7b55645,dd93a2e8-80f0-4403-85f3-eecb6698febb,e5545ca1-1470-4ae2-997e-028042806400,1ebcef21-86e5-4387-9edf-681ad1950c1a,300.0,2026-08-25 11:22:46
aac9ade3-94a9-4e56-a18b-c1b80b8b4196,dd93a2e8-80f0-4403-85f3-eecb6698febb,05abd750-b267-489d-a65d-7e2bec30d7f8,3d5d41c8-14bf-49cd-91e6-aa9a36bea6bb,800.0,2026-09-29 11:22:46
fe2b8bb4-7faf-45d3-96c8-9751ade7a142,dd93a2e8-80f0-4403-85f3-eecb6698febb,6ca44acd-5f65-4169-85a8-fba515ef26b7,24d8fa0e-5d24-4f3e-bf35-b7cea1b09e56,150.0,2026-11-01 18:22:46
273f0677-5ab9-4b90-a257-905faafb33c3,dd93a2e8-80f0-4403-85f3-eecb6698febb,da7565b6-16e0-465e-9989-d269ba6f5eac,90a3d74e-7d45-49c8-8c87-526c528afc9d,204.55,2026-11-21 10:22:46
db3608ea-64dd-4e24-aedd-59dde1141026,dd93a2e8-80f0-4403-85f3-eecb6698febb,da7565b6-16e0-465e-9989-d269ba6f5eac,9e481250-ab48-4e77-aeab-8be45f9233dc,100.0,2026-11-21 10:22:46
57d5ffc8-b380-42cd-a3d4-401be54ec9b5,dd93a2e8-80f0-4403-85f3-eecb6698febb,9bbffe3f-99ed-4289-87a2-93d04b7c0285,1ebcef21-86e5-4387-9edf-681ad1950c1a,300.0,2026-11-29 02:22:46
c1071401-4dbd-4d08-a460-c244f1e1adf1,de555c49-3f8a-4a40-9e22-c11cb6710558,fa393790-0544-4d9e-817b-fea3a4f2815f,90a3d74e-7d45-49c8-8c87-526c528afc9d,500.0,2026-03-11 20:34:41
cec6f8f6-8f82-4c10-aa21-1745b1b13e76,de62879a-65ef-4955-a702-96a246e9dfa2,1d6f0e75-e516-49ab-bfd3-260d52220ce5,de4ebad1-a920-4ecb-a6c7-3099945ea4e5,300.0,2026-07-23 18:17:49
a3e1ad1b-e31d-485d-b027-2a6a2f4507ed,de62879a-65ef-4955-a702-96a246e9dfa2,77d66761-1b59-4ae5-b2d0-d5186a008408,de4ebad1-a920-4ecb-a6c7-3099945ea4e5,300.0,2026-11-01 07:17:49
a10354ca-1fdf-48a5-a333-801cf4219ffc,de62879a-65ef-4955-a702-96a246e9dfa2,77d66761-1b59-4ae5-b2d0-d5186a008408,9e481250-ab48-4e77-aeab-8be45f9233dc,100.0,2026-11-01 07:17:49
46925ff1-e67c-4313-9ccd-0f6c26e706ba,de68d874-d09f-48e8-909d-bdc88d578d40,d1e951a6-720c-40bf-9dcd-d5d74f451768,24d8fa0e-5d24-4f3e-bf35-b7cea1b09e56,84.93,2026-02-23 06:55:33
076b80c2-0ce5-4cb9-b53a-d13e46621fa3,de68d874-d09f-48e8-909d-bdc88d578d40,26c66902-f9c5-4475-b210-17f752aded78,9e481250-ab48-4e77-aeab-8be45f9233dc,100.0,2026-03-15 08:55:33
167fa89d-e63d-4f8f-beb7-244cb9b3c0a1,de68d874-d09f-48e8-909d-bdc88d578d40,87201d66-bceb-4401-b806-94864b67e58d,9e481250-ab48-4e77-aeab-8be45f9233dc,100.0,2026-03-16 21:55:33
ca2ab24e-f1f6-438c-a7f1-40ca86ba6e6a,de68d874-d09f-48e8-909d-bdc88d578d40,2f822b7e-8057-4360-8f32-31f0de990ab9,de4ebad1-a920-4ecb-a6c7-3099945ea4e5,300.0,2026-06-02 21:55:33
982913e5-9ffa-4cb6-9de0-5c7b9c65518c,de68d874-d09f-48e8-909d-bdc88d578d40,2cc1adcc-5fb8-4da7-999c-7e14e0b7eb41,9e481250-ab48-4e77-aeab-8be45f9233dc,100.0,2026-06-27 22:55:33
c066e0e7-77f5-4639-b53f-52f07deeecdd,de68d874-d09f-48e8-909d-bdc88d578d40,b254d6f1-9301-4586-bb6d-82d409ba265d,9e481250-ab48-4e77-aeab-8be45f9233dc,100.0,2026-07-11 14:55:33
48110597-418c-480b-85e2-3e5819eea361,df6502b0-88ff-48d3-8a71-dffd06ecb623,2f4f3caa-6f7d-432a-9996-d218ed0f1d5e,90a3d74e-7d45-49c8-8c87-526c528afc9d,500.0,2026-05-22 17:47:12
a1f2a0d8-6c1d-45be-b0e2-211710b9d5e3,df6502b0-88ff-48d3-8a71-dffd06ecb623,82e10629-39b9-4267-b90a-58eb92240603,3d5d41c8-14bf-49cd-91e6-aa9a36bea6bb,800.0,2026-06-25 11:47:12
3664f04f-196c-4e46-b293-fc439dbcb235,dfc25835-4d2b-451c-b121-7a4d5ca9ed93,7797c544-b1d5-49c8-bac0-9b8ed9d3fa1c,90a3d74e-7d45-49c8-8c87-526c528afc9d,207.22,2025-08-31 22:23:08
40890b57-0426-49f2-9b26-85d21577b02a,dfc25835-4d2b-451c-b121-7a4d5ca9ed93,2233a9a9-cf4d-40fd-8989-61d8141be3b4,9e481250-ab48-4e77-aeab-8be45f9233dc,53.25,2025-12-25 02:23:08
eadeb472-913a-404c-a8cf-68336e6f0181,dfcc868c-4e11-49cd-ad1f-6719f0839161,9a3c79b7-a11d-486a-b7a9-4007e2286347,90a3d74e-7d45-49c8-8c87-526c528afc9d,500.0,2026-06-18 12:01:19
03dc5c0f-47b7-462d-88ea-de4edbc375cc,dfdc9281-81f9-41fa-87d6-ae516cc7695d,3262f581-b06a-436d-bf18-e9fe17b6c0b3,90a3d74e-7d45-49c8-8c87-526c528afc9d,500.0,2026-08-02 09:26:30
4d5a8272-ea32-4928-b95b-496e2ab9abd6,dfef1f05-a861-4d69-a5e8-bc21dbb258da,7aa6984b-a0db-428e-a3e9-63fde19ced3c,90a3d74e-7d45-49c8-8c87-526c528afc9d,500.0,2026-07-31 09:12:48
6a25ed7e-d0f0-4be5-97ea-3a87d9c16cad,e030789d-d640-4d33-a603-651b88a7e6f8,21333e11-382a-4320-a8ac-d0cf1aef0e78,90a3d74e-7d45-49c8-8c87-526c528afc9d,500.0,2026-04-18 22:48:28
6128ce94-eda9-4225-aa63-36a229c4828b,e030789d-d640-4d33-a603-651b88a7e6f8,21333e11-382a-4320-a8ac-d0cf1aef0e78,9e481250-ab48-4e77-aeab-8be45f9233dc,100.0,2026-04-18 22:48:28
218d3c35-65e7-4216-b271-fa11fafa1c81,e030789d-d640-4d33-a603-651b88a7e6f8,dd5516c0-6ca0-4310-b3ef-32317a4ddc33,24d8fa0e-5d24-4f3e-bf35-b7cea1b09e56,150.0,2026-05-26 21:48:28
378379f5-fda9-40cf-9307-ab28389c1906,e030789d-d640-4d33-a603-651b88a7e6f8,90f29536-e085-4aeb-b5a0-50fdd354005d,9e481250-ab48-4e77-aeab-8be45f9233dc,100.0,2026-06-20 13:48:28
3e85720c-5b1f-4d25-8d79-cb1ae7f26cef,e030789d-d640-4d33-a603-651b88a7e6f8,f3c4af5a-8e49-4316-bbbd-cfff80e20834,9e481250-ab48-4e77-aeab-8be45f9233dc,100.0,2026-09-17 12:48:28
57c4ffbf-bffb-4672-9890-37312b772dd9,e036c80d-c0e3-433e-95e4-a2b5787eacf5,d25dd675-6d13-428b-8c53-fdaec1adee9e,90a3d74e-7d45-49c8-8c87-526c528afc9d,449.56,2026-07-01 03:51:54
666c2dfb-33f4-4b29-a1d8-ebc2254f68f3,e06122e5-e4c5-4dbb-a1ea-8532aca46171,9e01bc3f-581b-4ac7-8e34-9175a8052f72,90a3d74e-7d45-49c8-8c87-526c528afc9d,500.0,2025-11-15 18:19:51
18a2b255-d0e9-4f5b-8fa2-d31facaa5ee4,e06122e5-e4c5-4dbb-a1ea-8532aca46171,d892b228-e62f-48dd-86ec-f86e5776acb2,9e481250-ab48-4e77-aeab-8be45f9233dc,100.0,2025-12-03 01:19:51
3578dac9-383f-44a1-ad7b-01c298f9c256,e06122e5-e4c5-4dbb-a1ea-8532aca46171,3819f2f3-a15c-493c-ba3e-1cfb76d47426,24d8fa0e-5d24-4f3e-bf35-b7cea1b09e56,150.0,2026-01-05 03:19:51
bd77358b-6f32-4ff1-86db-385748f396bc,e0eff9dc-fd83-47bb-8f80-79f08efdfe34,c0bae61e-add6-4187-be1d-8c1ec2f44235,90a3d74e-7d45-49c8-8c87-526c528afc9d,500.0,2026-05-05 01:57:09
47783ba4-67f9-4f1a-8a7e-d47f2a0c28f1,e0eff9dc-fd83-47bb-8f80-79f08efdfe34,0dc26402-8d1e-427b-9e16-afacc3c9c9a1,9e481250-ab48-4e77-aeab-8be45f9233dc,100.0,2026-06-28 12:57:09
85be6055-7bdc-4870-9e60-f051c68f8fbf,e0fe0873-d27b-4e45-af34-8436454e8a4f,bad52928-d8c8-4576-9787-7ac042b87c3a,90a3d74e-7d45-49c8-8c87-526c528afc9d,500.0,2026-07-30 04:07:40
1cabc768-b51f-4290-bdb6-3a5b5f267c9a,e0fe0873-d27b-4e45-af34-8436454e8a4f,14851ce3-c668-4152-8bfb-a526b8ccce4d,07c2e98c-db2a-4e92-8552-8a461b6d2353,417.79,2026-08-03 00:07:40
62ef416f-8235-4672-9a68-cc61f0b9d4a0,e0fe0873-d27b-4e45-af34-8436454e8a4f,14851ce3-c668-4152-8bfb-a526b8ccce4d,9e481250-ab48-4e77-aeab-8be45f9233dc,100.0,2026-08-03 00:07:40
38646422-c5c9-4feb-92ef-aa8ae3b86f9e,e0fe0873-d27b-4e45-af34-8436454e8a4f,9894a868-f2a2-4283-a96e-9db21888ab68,9e481250-ab48-4e77-aeab-8be45f9233dc,100.0,2026-08-30 08:07:40
2a733671-6a6c-4f91-b8e7-90e3116cdb54,e0fe0873-d27b-4e45-af34-8436454e8a4f,6f533a52-7bcf-45a7-b388-7d77e4a03018,90a3d74e-7d45-49c8-8c87-526c528afc9d,263.21,2026-11-08 14:07:40
8b391577-98bc-4932-b395-c980c792c602,e1869541-218c-4749-9f74-53920846e5d5,cd24bc11-2e04-45e1-b4d0-98ec19dcfe8d,90a3d74e-7d45-49c8-8c87-526c528afc9d,500.0,2025-10-05 05:06:38
30566102-c190-45ea-a654-671a1c78ab43,e1869541-218c-4749-9f74-53920846e5d5,bb6c9faf-a062-4d77-a92b-102b7d48c715,07c2e98c-db2a-4e92-8552-8a461b6d2353,600.0,2026-01-30 14:06:38
89c44231-c88b-4f6a-951c-8408082e19ae,e19697e2-c033-46b8-a1df-387ded892ed2,864c4be0-1e47-4418-9a6b-7404e9170289,90a3d74e-7d45-49c8-8c87-526c528afc9d,500.0,2026-02-20 04:06:17
3f86d86e-7c30-4cca-81af-f4c250b50773,e19697e2-c033-46b8-a1df-387ded892ed2,e4cdff7e-3ce2-4bfc-95fc-ea69c24c7f17,3d5d41c8-14bf-49cd-91e6-aa9a36bea6bb,197.1,2026-05-16 17:06:17
f2944cd1-7cfe-41d7-b2f1-46e021389c6f,e19697e2-c033-46b8-a1df-387ded892ed2,96a72fc0-3993-4963-bc64-7bc63e9e50ac,9e481250-ab48-4e77-aeab-8be45f9233dc,100.0,2026-05-21 01:06:17
e1b3b5ce-c3d5-4145-a963-3a87d3a61eb5,e1f10b3a-a53b-478f-bd58-5f1ee6ac5b53,75021680-c334-47b9-a533-6768c07873e9,90a3d74e-7d45-49c8-8c87-526c528afc9d,500.0,2026-01-29 00:55:38
d148caa4-ec7f-41ca-ac17-5bf8da57391b,e1f10b3a-a53b-478f-bd58-5f1ee6ac5b53,ef78ebe7-ef5d-49bf-b187-c2b510461e3e,9e481250-ab48-4e77-aeab-8be45f9233dc,100.0,2026-05-12 18:55:38
54ebefaa-fd21-437d-bf9b-c88ae891c3c6,e1f10b3a-a53b-478f-bd58-5f1ee6ac5b53,28a94afc-614b-4afa-8db8-49d4ab58cc70,9ce660d5-a7ff-4a73-8d8d-815013fde01d,82.39,2026-06-12 03:55:38
efe35868-5899-45af-8521-c12391f057c7,e2853c2c-0de0-4dca-9a11-5e224739fefd,98faf398-21d9-4f95-a656-a06f370090e1,90a3d74e-7d45-49c8-8c87-526c528afc9d,500.0,2026-04-30 01:38:06
9b6ee557-92fc-4659-8dcf-131a6d8ee661,e2853c2c-0de0-4dca-9a11-5e224739fefd,dc66c25a-9510-482f-a3da-5fe9d1620c6b,9ce660d5-a7ff-4a73-8d8d-815013fde01d,400.0,2026-05-04 13:38:06
1fbb4c52-c741-4bc8-b067-c146e422644b,e2853c2c-0de0-4dca-9a11-5e224739fefd,51e96043-0722-421c-aaaa-634c980b9017,3d5d41c8-14bf-49cd-91e6-aa9a36bea6bb,666.41,2026-05-12 17:38:06
928aa9e5-e1f4-42f5-a46a-25ed39adaa46,e2853c2c-0de0-4dca-9a11-5e224739fefd,004ffec0-798e-46fa-8e8d-48e618d08be6,9e481250-ab48-4e77-aeab-8be45f9233dc,100.0,2026-07-02 07:38:06
36a356cd-164f-42d1-8567-50796eaa4440,e2d51bd4-b331-4af6-9342-b21e90cce150,6ffbad5a-11b4-4a3c-8e2d-2b215d9cb243,90a3d74e-7d45-49c8-8c87-526c528afc9d,500.0,2026-08-27 12:54:26
1fc4df67-91bb-4a5c-ba89-a79f280c39de,e415eb36-4882-4f8c-87e5-9217888a8e2a,4aaf7e8b-832f-49be-a2aa-b0366834f525,90a3d74e-7d45-49c8-8c87-526c528afc9d,500.0,2025-10-23 03:14:20
c4b09252-8c25-4d64-9a0f-4890d7c4f119,e415eb36-4882-4f8c-87e5-9217888a8e2a,eb337c37-fa94-4a2d-9cd1-c7c14076fcaf,07c2e98c-db2a-4e92-8552-8a461b6d2353,600.0,2025-11-13 05:14:20
2eb72773-e6dc-4537-8cff-e2329d73b0c4,e415eb36-4882-4f8c-87e5-9217888a8e2a,a0b7baa0-b1a5-4c51-9bd9-d293f4f289e4,de4ebad1-a920-4ecb-a6c7-3099945ea4e5,300.0,2026-02-01 02:14:20
dba6f9ec-cd20-4c20-8254-aa713f519ee4,e415eb36-4882-4f8c-87e5-9217888a8e2a,a0b7baa0-b1a5-4c51-9bd9-d293f4f289e4,9e481250-ab48-4e77-aeab-8be45f9233dc,100.0,2026-02-01 02:14:20
827ed36b-b3e6-47a1-8483-cbfd6a6a559c,e415eb36-4882-4f8c-87e5-9217888a8e2a,95a47b06-b286-4586-93e5-255229e43594,9e481250-ab48-4e77-aeab-8be45f9233dc,100.0,2026-02-12 13:14:20
a5001b05-9418-4248-a871-f5e99a46b470,e45abfb0-2b26-4ec4-ac44-299b7ac9c7b4,cb143739-143e-484d-ae10-958d255a324d,90a3d74e-7d45-49c8-8c87-526c528afc9d,500.0,2026-07-25 03:15:46
31750f76-b019-4129-acaa-74bfaa1c0b1c,e45abfb0-2b26-4ec4-ac44-299b7ac9c7b4,198d4e09-5f2b-41b6-bad0-52e75a626ec2,5bf2e261-70cd-47b2-a184-b0f75481fdd5,132.51,2026-08-13 22:15:46
566de7e4-ca10-4aad-b95f-a9d40e73b8df,e4b39af0-ad1e-4d9e-a579-a4ef59a98859,20510693-5d05-4e96-8045-1f1f0373c3df,07c2e98c-db2a-4e92-8552-8a461b6d2353,475.33,2026-05-06 12:12:10
2117f2b3-c5ae-45c6-a186-d688198fa17e,e4b39af0-ad1e-4d9e-a579-a4ef59a98859,6bb34f27-df04-44f1-a79b-c27d553d6d2a,9e481250-ab48-4e77-aeab-8be45f9233dc,100.0,2026-08-21 06:12:10
4621dba8-6bf1-4937-b1d7-99c8b6b1d35a,e4cd8faf-6c6c-41e5-9ea6-51e94266b816,d13bfd00-8a1e-4fa1-8aeb-c3fca25b7713,90a3d74e-7d45-49c8-8c87-526c528afc9d,500.0,2026-02-26 08:52:28
d805fb85-088a-4c62-b6c8-fe61e89ff89e,e4cd8faf-6c6c-41e5-9ea6-51e94266b816,d7301103-a4a3-4f50-8de1-d652d7075e92,de4ebad1-a920-4ecb-a6c7-3099945ea4e5,180.92,2026-03-17 19:52:28
3e235007-f884-48b4-b946-41f1bb1a27a3,e5263826-2d90-45d2-83ef-d820f67c6c97,4c750787-8f3d-4010-8e9f-37ca487223a9,90a3d74e-7d45-49c8-8c87-526c528afc9d,253.56,2026-02-05 18:23:06
70ee7df2-61ef-424b-b34a-6311e8887a07,e5382be7-a8cc-4e81-9678-5e463fc0d556,7437a558-b3d5-4290-af45-d78cb37bd5b9,9e481250-ab48-4e77-aeab-8be45f9233dc,100.0,2025-10-23 09:29:27
4a2984ea-fc0f-4e0e-864d-ebd05079e1df,e5382be7-a8cc-4e81-9678-5e463fc0d556,74a30c37-15ed-42c0-ab02-7a21963a9f80,3d5d41c8-14bf-49cd-91e6-aa9a36bea6bb,233.33,2026-03-21 13:29:27
d0c12d52-3da7-4227-bb8c-eb3a3867c900,e5895d3e-1fe7-4a17-95f8-0b97327cb574,2a64d442-7686-4455-b22c-0ee6e7d1ac54,90a3d74e-7d45-49c8-8c87-526c528afc9d,500.0,2026-04-07 13:43:29
e911ae03-e022-4c25-80b5-9de0faccf223,e5c83fbe-be05-4e3a-bd64-f791dcab2718,dc08a5e8-27b9-4111-b9d5-c6774b1abec9,90a3d74e-7d45-49c8-8c87-526c528afc9d,500.0,2025-10-28 09:11:14
e87bffde-1000-49d6-9090-980f5aba9de5,e5c83fbe-be05-4e3a-bd64-f791dcab2718,dc08a5e8-27b9-4111-b9d5-c6774b1abec9,9e481250-ab48-4e77-aeab-8be45f9233dc,100.0,2025-10-28 09:11:14
adc29be2-b4ca-4921-a3e1-1b6c298811a0,e5c83fbe-be05-4e3a-bd64-f791dcab2718,17892ba7-892f-4a83-9250-bdf3ac7a43fd,90a3d74e-7d45-49c8-8c87-526c528afc9d,500.0,2026-02-22 09:11:14
b01d3ec0-2da5-4617-bccf-6fb507566a6c,e5dafdb8-2118-4465-950c-9f6e43ba1a9c,3f06253e-477c-43b5-849e-0ea653b0e976,90a3d74e-7d45-49c8-8c87-526c528afc9d,500.0,2026-05-02 01:05:01
2beeb6d0-be5a-497e-9386-99982c6a00c0,e5df5eb5-044c-4b94-873a-e71a222c6023,d1ba9e89-f727-4fc5-82e4-783a54f1ed8d,90a3d74e-7d45-49c8-8c87-526c528afc9d,500.0,2026-03-08 08:30:14
3384a952-abae-4018-83cd-7d9863c7d519,e5f129ee-d8de-461d-ad1c-5d46c5192fe0,af03cbeb-b990-49f9-85a8-8d3243b88698,90a3d74e-7d45-49c8-8c87-526c528afc9d,500.0,2026-03-02 10:07:22
b4b3cde9-1568-4a24-88c2-33ca44be2b1b,e6356219-178b-484a-be60-d5c753fde779,a50fae48-9cc3-4a01-8bf0-9398d975ffb8,07c2e98c-db2a-4e92-8552-8a461b6d2353,600.0,2025-11-02 12:53:55
8955a2c3-0d9c-4770-98be-d8c082d5449f,e668d040-9f3c-41aa-87d2-1918a8e67f9b,0d53cb64-34a3-4b50-9ea3-e3a1f26a1f67,90a3d74e-7d45-49c8-8c87-526c528afc9d,500.0,2025-09-26 03:00:54
0dbea61d-82fd-4087-9550-37fa6470ad89,e668d040-9f3c-41aa-87d2-1918a8e67f9b,2443879e-fa0f-4848-82f7-3e18b2fcd201,5bf2e261-70cd-47b2-a184-b0f75481fdd5,200.0,2026-01-08 09:00:54
bfec3a0e-6e03-46b5-afd6-107ae3abc9c6,e7644cfd-de6e-437f-9630-6ec048957847,a9b6547b-eab6-4fc9-9c1b-cb9a18420276,07c2e98c-db2a-4e92-8552-8a461b6d2353,600.0,2025-10-15 15:01:35
de32fcd7-2d21-444a-958d-52b1a0818189,e7644cfd-de6e-437f-9630-6ec048957847,a9b6547b-eab6-4fc9-9c1b-cb9a18420276,9e481250-ab48-4e77-aeab-8be45f9233dc,100.0,2025-10-15 15:01:35
d8392a3e-c240-4bd7-bf7a-597b64b0e1f0,e7644cfd-de6e-437f-9630-6ec048957847,bacf0882-d393-443d-b098-18489660cd6a,07c2e98c-db2a-4e92-8552-8a461b6d2353,253.38,2025-12-05 02:01:35
6c3b0f66-5e45-4367-b624-be7812c391c1,e7644cfd-de6e-437f-9630-6ec048957847,d29d3a8b-b33b-4497-9578-352f16632da1,90a3d74e-7d45-49c8-8c87-526c528afc9d,500.0,2026-01-21 14:01:35
c9d15858-7105-4300-875d-008e7c3cfb12,e7644cfd-de6e-437f-9630-6ec048957847,90294b5e-a4dd-497e-a061-6b0ff8be5e14,9e481250-ab48-4e77-aeab-8be45f9233dc,100.0,2026-01-24 11:01:35
8167ef4f-74e6-4730-88b6-40721d5bc5b9,e7644cfd-de6e-437f-9630-6ec048957847,73911d1f-1e61-46a7-a830-8c61210e4b74,9e481250-ab48-4e77-aeab-8be45f9233dc,100.0,2026-02-15 14:01:35
e612388e-dc10-49c1-acc4-3a55e6c01d46,e7f748f9-a341-49d4-871a-70346437a881,2fea1cc5-3fd7-4b46-b187-1e05e0c58763,9e481250-ab48-4e77-aeab-8be45f9233dc,100.0,2026-02-09 09:08:35
09f0cfe5-2405-47ed-9410-0f5dedb78838,e7f748f9-a341-49d4-871a-70346437a881,e1fa8f17-b8aa-4e3b-8cd8-2241ef03cee0,9e481250-ab48-4e77-aeab-8be45f9233dc,100.0,2026-02-16 03:08:35
c985d1a9-e982-46be-8835-f120e22a0524,e7f748f9-a341-49d4-871a-70346437a881,3eb3adcc-c7e9-4188-bccf-7d410915bb41,9e481250-ab48-4e77-aeab-8be45f9233dc,100.0,2026-07-02 20:08:35
89169f35-027d-48cf-abc7-fdcd9c2b928d,e7f748f9-a341-49d4-871a-70346437a881,b61d6407-8739-412b-85c0-ade5e59acc2b,5bf2e261-70cd-47b2-a184-b0f75481fdd5,200.0,2026-07-20 23:08:35
cc15c11e-1fc5-461e-be68-06c6b59681f4,e8243467-fa0d-4cec-b8c6-ad57d0a9a4e1,a8dae06b-d400-4e25-bfe7-35dc334a8a36,9e481250-ab48-4e77-aeab-8be45f9233dc,56.27,2025-12-24 23:48:11
7cbf2bb2-d586-46c4-9ecc-d6f831b598b0,e8243467-fa0d-4cec-b8c6-ad57d0a9a4e1,d380ca25-d078-412a-8f72-c594782a6374,07c2e98c-db2a-4e92-8552-8a461b6d2353,600.0,2026-02-05 05:48:11
8537ecd3-c064-405d-98ee-7115cce15ff9,e82ee587-6429-4286-a3cc-35cbc9d79ace,0161451e-4c7f-4577-aeb3-f135aa21798d,90a3d74e-7d45-49c8-8c87-526c528afc9d,500.0,2026-01-23 23:16:04
47f9666e-7fb2-412e-bbb8-24624d53b029,e82ee587-6429-4286-a3cc-35cbc9d79ace,0161451e-4c7f-4577-aeb3-f135aa21798d,9e481250-ab48-4e77-aeab-8be45f9233dc,100.0,2026-01-23 23:16:04
f395256f-0f40-4d7f-a04f-17431a0bcf74,e82ee587-6429-4286-a3cc-35cbc9d79ace,0c82e90a-123f-421b-9c11-791af0d0b14e,24d8fa0e-5d24-4f3e-bf35-b7cea1b09e56,150.0,2026-03-01 21:16:04
70dbc1d9-79ef-442a-9f16-fa022792db26,e82ee587-6429-4286-a3cc-35cbc9d79ace,6d8e5125-f68e-4bf2-843d-1b4aa44c60c3,9e481250-ab48-4e77-aeab-8be45f9233dc,100.0,2026-03-18 23:16:04
e7a2c543-7111-4165-996d-a55e6a569a54,e8f7e319-167e-4448-97fb-a9212eec4454,e9d49e29-aebd-4952-a2eb-26b7f65d7595,90a3d74e-7d45-49c8-8c87-526c528afc9d,500.0,2026-08-10 20:11:31
ef9d7986-9b93-4145-8d3e-ad1822cf8de8,e8f7e319-167e-4448-97fb-a9212eec4454,0d6ae5f2-5479-4080-aa38-4998a8ff857a,07c2e98c-db2a-4e92-8552-8a461b6d2353,392.59,2026-09-27 03:11:31
199be592-b0cc-4d7d-a6e3-c42a060ee601,e8f7e319-167e-4448-97fb-a9212eec4454,76819ab6-f0b7-4fb5-a6b2-e2b82d97aa12,de4ebad1-a920-4ecb-a6c7-3099945ea4e5,300.0,2026-12-04 20:11:31
03a6fd58-cbe2-49c3-8fae-9b4a354b7960,e9126371-19f0-48ec-8994-0dc1589cec16,ff3fc652-763c-4d4b-b66e-d30475f47d19,24d8fa0e-5d24-4f3e-bf35-b7cea1b09e56,150.0,2025-09-06 22:07:07
1bb44fa4-8242-42bb-ba96-6f3a888c72d6,e9126371-19f0-48ec-8994-0dc1589cec16,f795c0df-af76-45ad-95fa-2e086101e4a0,9e481250-ab48-4e77-aeab-8be45f9233dc,79.75,2025-10-18 06:07:07
53b543eb-9a12-44b2-b1f2-7001c8e78a0d,e9126371-19f0-48ec-8994-0dc1589cec16,833cb511-fcca-4293-8697-bced54084579,9e481250-ab48-4e77-aeab-8be45f9233dc,100.0,2025-11-15 01:07:07
4f25441b-8031-4287-a05e-171b1cb873a0,e92206f2-fbcb-423d-9aa5-e03fe3be7fdf,3256f727-5510-457e-8cfc-dbcc4057ffbe,90a3d74e-7d45-49c8-8c87-526c528afc9d,500.0,2026-02-11 17:22:08
a226a017-9a64-42ee-ac3d-7bd7a88778db,e92206f2-fbcb-423d-9aa5-e03fe3be7fdf,3256f727-5510-457e-8cfc-dbcc4057ffbe,9e481250-ab48-4e77-aeab-8be45f9233dc,100.0,2026-02-11 17:22:08
11093f3b-4969-403f-ad85-65948a46716d,e92206f2-fbcb-423d-9aa5-e03fe3be7fdf,7136744b-b725-4a88-a0a8-2db69b6c7260,3d5d41c8-14bf-49cd-91e6-aa9a36bea6bb,292.81,2026-02-12 18:22:08
d80b1dcc-17c0-42a5-89c4-775174cea888,e92206f2-fbcb-423d-9aa5-e03fe3be7fdf,37970622-a158-4873-8d92-488af1c3efb3,07c2e98c-db2a-4e92-8552-8a461b6d2353,600.0,2026-06-12 20:22:08
1f8eed94-6a5e-4518-9e7c-5591938ee7b1,e9bbaab6-07f0-4beb-b10a-7c8b6abdac64,c919b605-3e73-468d-96b6-fc886806ccb5,9ce660d5-a7ff-4a73-8d8d-815013fde01d,400.0,2026-09-24 21:54:19
1e9d6327-57e8-4046-bb62-251ccea3e041,e9c0c4d9-d0dd-4f4c-bba7-027bffca58dc,2f1bb9ab-48cc-4d51-9e5b-d18f9e46ac2d,90a3d74e-7d45-49c8-8c87-526c528afc9d,500.0,2026-07-12 22:45:00
dfce2510-f507-4233-af7a-405924057d98,e9c0c4d9-d0dd-4f4c-bba7-027bffca58dc,aaec239a-dfdf-457f-b31e-5d1a1bed8f1c,9ce660d5-a7ff-4a73-8d8d-815013fde01d,400.0,2026-07-26 14:45:00
c95b8a0c-1cde-486a-8c48-c4ae9a54af1d,e9c0c4d9-d0dd-4f4c-bba7-027bffca58dc,c1ffb160-2c89-475a-a824-b86f165b4dd4,9e481250-ab48-4e77-aeab-8be45f9233dc,100.0,2026-10-14 01:45:00
7c89f399-1d58-4026-9a19-6757a8f958ae,e9c0c4d9-d0dd-4f4c-bba7-027bffca58dc,7def7198-ba12-49c5-bf3f-70f2e22e2518,9e481250-ab48-4e77-aeab-8be45f9233dc,100.0,2026-11-10 11:45:00
9a71f457-fdd0-4ee2-b170-5d3de36efdb2,e9c0c4d9-d0dd-4f4c-bba7-027bffca58dc,935cc6ed-3829-401d-9a20-aae7b7a9614f,9e481250-ab48-4e77-aeab-8be45f9233dc,100.0,2026-11-19 08:45:00
699521b4-80e1-4f25-9059-da97748fc82e,e9c0c4d9-d0dd-4f4c-bba7-027bffca58dc,59e0ef73-3551-40c5-bf42-baf710c07089,24d8fa0e-5d24-4f3e-bf35-b7cea1b09e56,150.0,2026-12-02 18:45:00
855d6e2b-dfab-4ca9-ab9d-bf3e4cf4dd5d,e9c0c4d9-d0dd-4f4c-bba7-027bffca58dc,fad89688-25d1-4bf8-a546-ce10024da20d,9e481250-ab48-4e77-aeab-8be45f9233dc,100.0,2026-12-25 00:45:00
d4e08a5f-9e85-45b7-89c4-bd71602f5847,e9c0c4d9-d0dd-4f4c-bba7-027bffca58dc,b4be26a7-639a-4251-a35b-47797f210c98,9e481250-ab48-4e77-aeab-8be45f9233dc,100.0,2026-12-29 16:45:00
05a93694-334a-4ecb-b966-5603b1b305c0,e9fbd9b6-3a54-4245-9935-7428598a464b,02475acb-cac9-4cc2-b3ab-c7de37b07ca8,90a3d74e-7d45-49c8-8c87-526c528afc9d,500.0,2026-08-15 18:44:53
1aa3c710-9c24-4938-94eb-4ba4aa31f481,e9fbd9b6-3a54-4245-9935-7428598a464b,398bd9ea-4d35-405a-955e-9dc475ddf2f3,9e481250-ab48-4e77-aeab-8be45f9233dc,100.0,2026-09-11 16:44:53
7bff3aec-604a-40d0-b7fd-82dc891d47d2,e9fbd9b6-3a54-4245-9935-7428598a464b,264d99e7-2470-4548-bf13-cb2bac670102,5bf2e261-70cd-47b2-a184-b0f75481fdd5,200.0,2026-10-26 00:44:53
1340da76-a9ad-4391-96d3-dd33450425e5,ea24ace4-e987-4b05-a87f-e987097246e2,da1bcc27-8aa1-46ca-9e90-7dbd8d7c5aa1,90a3d74e-7d45-49c8-8c87-526c528afc9d,500.0,2026-07-11 14:29:08
8a1080cd-dcea-4664-b7b4-1edd11269a75,ea991b9b-47fd-413f-a8fe-c24a88f77910,d5bcff44-7a71-47a1-8514-530922ac2620,1ebcef21-86e5-4387-9edf-681ad1950c1a,300.0,2026-02-26 18:42:02
17bcab64-4bff-423d-9403-c7f408da05b3,ea991b9b-47fd-413f-a8fe-c24a88f77910,072734fc-9db8-4891-8b3a-cf6d74683021,9ce660d5-a7ff-4a73-8d8d-815013fde01d,384.95,2026-05-08 07:42:02
0c97d284-5094-492b-b8a1-a32541141db5,eb14facb-6ba0-4ed0-963f-de931b70938d,32dbac4e-83e0-4e0c-b2fc-94db843bd4a4,90a3d74e-7d45-49c8-8c87-526c528afc9d,500.0,2026-06-02 13:39:23
d16e2585-5b82-4b9f-b28b-bedec7479903,eb14facb-6ba0-4ed0-963f-de931b70938d,ca03d493-690e-4f06-b725-c81ef734c1ba,5bf2e261-70cd-47b2-a184-b0f75481fdd5,200.0,2026-08-04 09:39:23
7810e08f-ab62-4498-9d6c-dc34cbc2e86d,eb14facb-6ba0-4ed0-963f-de931b70938d,50d65676-e848-4c5f-b657-4f5677536803,9e481250-ab48-4e77-aeab-8be45f9233dc,100.0,2026-09-04 08:39:23
dd57dc22-7348-4e42-9b4a-7458603c00f4,eb14facb-6ba0-4ed0-963f-de931b70938d,b8c87959-b730-4cc3-84d7-6952da5fde75,5bf2e261-70cd-47b2-a184-b0f75481fdd5,200.0,2026-09-27 04:39:23
bf51591c-3526-49ec-b465-8e1b70273f63,eb14facb-6ba0-4ed0-963f-de931b70938d,b8c87959-b730-4cc3-84d7-6952da5fde75,9e481250-ab48-4e77-aeab-8be45f9233dc,100.0,2026-09-27 04:39:23
e53ed811-a02c-4b42-90ec-fa0ab1373a21,eb594cf3-81dd-4e42-92cd-0b074b1e2df4,65176710-3a27-46c0-b3c2-fda286ce20ed,90a3d74e-7d45-49c8-8c87-526c528afc9d,500.0,2026-04-03 07:06:05
5fb3f5b5-d74d-4645-a793-189a3e752ef2,eb7ffd6e-99f1-414e-a983-65d4b6132b1b,8777df9b-019d-4129-9164-18d1b776137d,90a3d74e-7d45-49c8-8c87-526c528afc9d,500.0,2025-11-17 22:28:55
83445aa4-34d0-4220-8fd0-472cf955a1ab,eb7ffd6e-99f1-414e-a983-65d4b6132b1b,cb20b45c-9a85-4051-ab88-f2f24aedb44c,07c2e98c-db2a-4e92-8552-8a461b6d2353,600.0,2026-02-05 06:28:55
44692dfb-7f9b-464a-9d5f-d343d0c3f224,eba61354-3cb4-482c-bde1-ccc3ce45499a,ac7819c4-ac99-4805-bfec-5b8e392faaf4,90a3d74e-7d45-49c8-8c87-526c528afc9d,338.79,2026-06-17 19:20:38
190fe339-131f-41d6-9cad-7164f749a027,ebb9c50b-352b-4f79-979b-430a5436cc14,90c6bc76-c85a-44ac-a7b5-dd55e0fd49f5,3d5d41c8-14bf-49cd-91e6-aa9a36bea6bb,652.01,2026-03-22 01:41:51
9c52a11d-5f68-4ddb-81e5-ced4a890ecc6,ebb9c50b-352b-4f79-979b-430a5436cc14,90c6bc76-c85a-44ac-a7b5-dd55e0fd49f5,9e481250-ab48-4e77-aeab-8be45f9233dc,100.0,2026-03-22 01:41:51
86cc9639-c155-42a3-af28-f77ad73f5102,ebb9c50b-352b-4f79-979b-430a5436cc14,671832ff-0323-44f1-954d-5ab0efbef572,de4ebad1-a920-4ecb-a6c7-3099945ea4e5,300.0,2026-07-07 23:41:51
7c9cd93b-4b04-488f-99b1-e17d373cdab4,ebd1d570-8861-4a8f-b7f0-4a5c8a3078b1,9bb92845-48c9-4fa4-aaf1-8828e9d4b7e1,90a3d74e-7d45-49c8-8c87-526c528afc9d,500.0,2026-08-14 08:57:05
6849f7df-f919-4acb-b265-0b1935b2eed3,ebe6cb32-26ad-4541-9570-3d7c6aec324d,78a79596-f575-42eb-bb38-96f435100dd7,07c2e98c-db2a-4e92-8552-8a461b6d2353,600.0,2026-04-07 15:49:32
083e5876-2388-4bf7-bb98-c6b41e523e5f,ebe6cb32-26ad-4541-9570-3d7c6aec324d,f1ad7dbf-ca6a-4d2c-a4a3-205844733403,24d8fa0e-5d24-4f3e-bf35-b7cea1b09e56,150.0,2026-05-31 18:49:32
64e895cf-0685-4bbc-83e7-e502b0a56791,ed51f294-4dba-4bc5-a4ed-ee3e876fab56,87450693-9366-494b-a792-a3f812f06825,5bf2e261-70cd-47b2-a184-b0f75481fdd5,200.0,2026-07-24 02:49:42
79c5edcb-1a44-4a08-a20f-693fb04575f1,ed53cd40-849c-4d95-b3b7-59e030d2018a,dee3be76-9b0d-4b6e-93ed-52a832cc2713,07c2e98c-db2a-4e92-8552-8a461b6d2353,600.0,2026-07-23 02:02:25
c9745069-d5cf-41b5-bd6b-1b18f96138ce,ed53cd40-849c-4d95-b3b7-59e030d2018a,dee3be76-9b0d-4b6e-93ed-52a832cc2713,9e481250-ab48-4e77-aeab-8be45f9233dc,100.0,2026-07-23 02:02:25
31460491-e1a3-4ed8-99ab-2a736c092100,ed5be707-1393-4b34-811f-54f721b782a7,cfef15b4-7b55-476a-805d-92e23d21d835,90a3d74e-7d45-49c8-8c87-526c528afc9d,500.0,2026-09-03 17:36:04
4dc8aa7b-a09a-454f-a853-d90491cbeeee,ed5be707-1393-4b34-811f-54f721b782a7,54fd4d3e-eb2a-41bf-9c24-d1af2a7f4f63,24d8fa0e-5d24-4f3e-bf35-b7cea1b09e56,150.0,2026-12-16 01:36:04
2f46857a-405b-4444-91b8-d34eb0528d16,ed742976-99ed-4a69-aa1a-e654bb5ce601,3e53f188-f5b2-4157-bfc5-5a8807e8f509,90a3d74e-7d45-49c8-8c87-526c528afc9d,500.0,2026-04-09 23:31:05
1b3f5728-82c0-41ca-8344-aa3bd2332c8e,ed77022c-1e00-4ee4-af29-edec2996b37f,d3e61f21-8046-4b3d-a9f2-0596d7f96537,90a3d74e-7d45-49c8-8c87-526c528afc9d,246.4,2026-01-30 17:07:44
10a586e0-2e0b-4144-8da7-cee08184c399,ed77022c-1e00-4ee4-af29-edec2996b37f,d3e61f21-8046-4b3d-a9f2-0596d7f96537,9e481250-ab48-4e77-aeab-8be45f9233dc,49.28,2026-01-30 17:07:44
4b339adc-74ba-4f21-a935-bafa46c0cce8,ed99ed22-713f-4b94-8134-e4db781acca7,2a33e11c-c50f-411f-9d88-7cd31064ef19,9e481250-ab48-4e77-aeab-8be45f9233dc,100.0,2026-07-04 08:32:08
96010c88-e4ab-4776-910a-3f1fa01c5eeb,edc1f646-1cbe-40fc-84ac-2cbe600ec97a,440b3a78-9d33-4a23-ad08-324c084a00fb,90a3d74e-7d45-49c8-8c87-526c528afc9d,500.0,2026-03-10 03:22:33
95853817-785c-46fb-92bc-ff395efc0c84,edf84fce-248b-444b-9976-40f7cc249810,3ae033c3-43a6-4335-942a-6b5ae20df83e,9e481250-ab48-4e77-aeab-8be45f9233dc,100.0,2026-09-14 14:32:18
e267ebb1-2f66-4b85-a990-37702c699d2a,ef44f50f-e7f5-4d8e-a552-9037aae260a7,0f738f9e-3bc0-433c-abc3-067e2c0e65f5,1ebcef21-86e5-4387-9edf-681ad1950c1a,300.0,2027-01-04 10:28:11
946e3991-cf03-47ed-ba2d-cedd2932ceee,ef44f50f-e7f5-4d8e-a552-9037aae260a7,0f738f9e-3bc0-433c-abc3-067e2c0e65f5,9e481250-ab48-4e77-aeab-8be45f9233dc,100.0,2027-01-04 10:28:11
f276d828-8d85-40e3-8aa3-31d5ed43c4f2,ef4c7fdf-4ea7-4ff4-8630-e1be0570493a,a47c1436-5ac9-4667-ac5a-9a26b479eaee,90a3d74e-7d45-49c8-8c87-526c528afc9d,500.0,2026-09-11 15:46:26
9d596bc8-2a35-464a-b444-b3fee0187cea,ef4c7fdf-4ea7-4ff4-8630-e1be0570493a,244c8008-64bb-4e25-9147-96d1b007fc84,3d5d41c8-14bf-49cd-91e6-aa9a36bea6bb,800.0,2026-09-20 02:46:26
a2d6104d-c808-40fe-90a7-59c7e895663a,ef4c7fdf-4ea7-4ff4-8630-e1be0570493a,f82c3deb-f866-44cf-a951-7b03b826b1f0,9e481250-ab48-4e77-aeab-8be45f9233dc,100.0,2026-10-19 23:46:26
450c5494-b1f5-4e8c-b315-4041f0b6e477,ef4c7fdf-4ea7-4ff4-8630-e1be0570493a,a73c0057-b09e-4c04-89c0-52a9b2041fd8,90a3d74e-7d45-49c8-8c87-526c528afc9d,500.0,2026-10-23 15:46:26
f88a7c4e-316b-47c7-a12e-1928b21e8797,ef4c7fdf-4ea7-4ff4-8630-e1be0570493a,4c6aae77-3b34-49a0-b085-07881e6593e7,24d8fa0e-5d24-4f3e-bf35-b7cea1b09e56,150.0,2027-01-17 04:46:26
905193c4-7c32-4c30-8851-09fa8594e114,efe19568-fd78-4a3b-9989-d8619bf27f98,7ed0f664-e1f9-42be-8a04-421aadfa883e,90a3d74e-7d45-49c8-8c87-526c528afc9d,500.0,2026-04-08 11:52:44
5f7098ba-332b-4563-8f25-385e85915ec2,efeb0ecb-199e-425b-b8c2-94a9e8b9f81b,082531d1-d10f-43fa-9786-638693ba4f51,90a3d74e-7d45-49c8-8c87-526c528afc9d,500.0,2026-08-08 16:10:02
acfc2d13-a67d-4fa4-b124-b4aed1a69e20,f0ae4a40-6f5e-44d0-a64e-7c670d41b461,568d2fe1-bc9d-42fb-9db0-a6a1a3569865,9e481250-ab48-4e77-aeab-8be45f9233dc,100.0,2026-03-25 12:25:22
dc6dd942-4a76-4253-9df4-a69f0472adef,f15372d3-02d1-4767-bad2-83c9b9227056,7091566f-f5c6-4e0f-825c-340d3e820c91,90a3d74e-7d45-49c8-8c87-526c528afc9d,500.0,2025-11-20 23:15:06
5bcbf250-b2a0-413f-97b0-74f3360a0e68,f15372d3-02d1-4767-bad2-83c9b9227056,7091566f-f5c6-4e0f-825c-340d3e820c91,9e481250-ab48-4e77-aeab-8be45f9233dc,100.0,2025-11-20 23:15:06
35affbad-81f1-4575-994e-45c668ad0c9a,f15372d3-02d1-4767-bad2-83c9b9227056,fbc91855-69c3-4893-920b-a50dda03fc0b,9e481250-ab48-4e77-aeab-8be45f9233dc,100.0,2026-03-04 03:15:06
d5756294-2501-451e-a530-b19243e9e20e,f15372d3-02d1-4767-bad2-83c9b9227056,dd8167e1-6683-4673-9463-4cb04e804751,9ce660d5-a7ff-4a73-8d8d-815013fde01d,400.0,2026-04-15 12:15:06
2de7b6d4-bdd1-4ab3-aa86-9dacc6865057,f18e83fa-57e2-4598-b41e-91250266905b,af80a8d1-89ff-481d-a374-acd45d38c191,90a3d74e-7d45-49c8-8c87-526c528afc9d,500.0,2026-05-12 14:15:29
7dc471c3-90c4-45ec-b2cf-6e2bdee1d262,f18e83fa-57e2-4598-b41e-91250266905b,af80a8d1-89ff-481d-a374-acd45d38c191,9e481250-ab48-4e77-aeab-8be45f9233dc,100.0,2026-05-12 14:15:29
5b160276-1563-4797-a3e0-a971272ea51a,f19090e2-5a31-47b9-bbe5-afa6af328848,ad54284b-2666-47e9-bac6-d5c357b13f88,90a3d74e-7d45-49c8-8c87-526c528afc9d,500.0,2026-06-17 02:47:20
f1482322-b1bc-418c-a55a-c593df0635c2,f19090e2-5a31-47b9-bbe5-afa6af328848,b4685152-583d-431a-ad19-7e1b6fcd8e06,3970ec98-085d-4cff-ace2-b47ad81d5d9a,785.88,2026-07-20 23:47:20
a130f0fd-1c1e-4993-ad52-6e7f4a2f9ad2,f1a2efc6-3299-41bc-ac4c-abb57758d803,261b7f7d-e253-443e-9938-3552cf8c28ed,90a3d74e-7d45-49c8-8c87-526c528afc9d,500.0,2026-12-28 22:22:37
50c2c77e-85ab-44ab-8834-65f562f72de2,f1a2efc6-3299-41bc-ac4c-abb57758d803,ca8a2c15-60c7-4182-8431-19db57bba681,07c2e98c-db2a-4e92-8552-8a461b6d2353,600.0,2027-01-15 19:22:37
9a405542-25c5-4069-a21c-3343dcf4c358,f21e7be6-c2cb-49a9-9528-4eed738b2a59,846b0c0c-e064-4a4b-b2ca-c183d9cf46f3,9e481250-ab48-4e77-aeab-8be45f9233dc,100.0,2026-04-29 23:09:20
1c21adc7-3577-4fd4-946f-79bb1f7e2e87,f25de11c-a9d6-4bfb-8517-735e0bb5a4b5,49d48507-f01e-4b69-917c-706f10458fae,90a3d74e-7d45-49c8-8c87-526c528afc9d,500.0,2026-07-19 10:24:52
72c48db0-c6d6-40c3-9da3-0a6f5db75b4c,f2690cc4-83a7-4e88-883e-f18b5862ba9a,67a33e53-1987-44ba-b6a1-d4f6d6215b23,9e481250-ab48-4e77-aeab-8be45f9233dc,100.0,2025-10-15 10:08:02
311d8dce-6ece-4d8e-8c36-adfa77e44a80,f2690cc4-83a7-4e88-883e-f18b5862ba9a,c8cca5a3-5439-4fe3-ad90-c61a11fb5e6e,3d5d41c8-14bf-49cd-91e6-aa9a36bea6bb,761.02,2026-01-19 20:08:02
691a2986-5f68-4dfb-bc9d-0c56c2b28d10,f2690cc4-83a7-4e88-883e-f18b5862ba9a,c8cca5a3-5439-4fe3-ad90-c61a11fb5e6e,9e481250-ab48-4e77-aeab-8be45f9233dc,100.0,2026-01-19 20:08:02
282d40e8-dbc1-4565-a41f-54ee871f4f60,f2d0787b-6bef-4074-b3db-a3722f7eb9e3,6f89ca87-23f2-43b8-b9dd-0c063f2f8240,90a3d74e-7d45-49c8-8c87-526c528afc9d,436.86,2026-05-12 00:59:25
7b720b64-2f2b-4072-90fe-8f6007d3d432,f2d0787b-6bef-4074-b3db-a3722f7eb9e3,8fc55f9d-a86f-4b0d-b89a-d017916a642d,9e481250-ab48-4e77-aeab-8be45f9233dc,100.0,2026-06-16 19:59:25
cbdbc259-5d4c-404a-9445-96064d3390f8,f2d0787b-6bef-4074-b3db-a3722f7eb9e3,bd4dbc97-af3a-4e11-8575-652b4b50071f,5bf2e261-70cd-47b2-a184-b0f75481fdd5,182.79,2026-09-02 08:59:25
2559de8a-0bd3-407b-86e2-19b6de3798b2,f2d0787b-6bef-4074-b3db-a3722f7eb9e3,95b1ed5f-9a2c-499e-be61-622e04155892,9e481250-ab48-4e77-aeab-8be45f9233dc,100.0,2026-10-07 16:59:25
2793550d-b26d-40a1-b3ad-d059ae6a2eaf,f306a5a7-6161-4041-b222-ecdea6982b7c,673b2b7c-9426-42f4-83d3-9576deb2d644,90a3d74e-7d45-49c8-8c87-526c528afc9d,500.0,2026-01-04 01:49:29
c6939a8e-6e3f-4284-ae77-a07097051308,f3150047-436b-4275-bbdf-ac2a79717ac5,af0b2430-e993-4c85-bc80-51f81c4639b7,90a3d74e-7d45-49c8-8c87-526c528afc9d,500.0,2026-07-13 11:21:49
71284251-b8a0-49d8-91c6-d6133004d97d,f3150047-436b-4275-bbdf-ac2a79717ac5,38755e99-11ad-4bfb-9dcf-db3d5a538a09,90a3d74e-7d45-49c8-8c87-526c528afc9d,500.0,2026-07-27 22:21:49
63ff5bba-902f-4679-b885-f365d6ab62ad,f36af9e7-8660-410e-9cf6-7d600ab9b66e,745ca689-24d1-454a-a102-5a5335e72856,3970ec98-085d-4cff-ace2-b47ad81d5d9a,1000.0,2026-08-24 01:40:50
e209134f-c991-434b-8bdf-73121fa983c3,f382ac14-c2db-4964-a6fd-90d2fdc3c810,31f4dbcf-6a54-4940-b632-526ea3650b95,1ebcef21-86e5-4387-9edf-681ad1950c1a,300.0,2026-07-26 03:25:40
6cb60f8c-8062-4e64-976a-d902ec135aac,f3f6bee5-7a78-415a-811c-4f9825a085b3,0c0be996-754e-4640-9a17-dbb5bc30e975,90a3d74e-7d45-49c8-8c87-526c528afc9d,500.0,2026-03-04 05:52:11
0f3ba07d-bd3a-45a3-8c59-6f323fd423a4,f3f6bee5-7a78-415a-811c-4f9825a085b3,0c0be996-754e-4640-9a17-dbb5bc30e975,9e481250-ab48-4e77-aeab-8be45f9233dc,100.0,2026-03-04 05:52:11
1dbdf3c4-6143-4d4a-a704-09ba9b5e8be6,f3f6bee5-7a78-415a-811c-4f9825a085b3,57fed0fc-1d9d-4088-a581-6f8a9e8fddb2,24d8fa0e-5d24-4f3e-bf35-b7cea1b09e56,150.0,2026-05-21 15:52:11
096739ad-813f-4713-9c8a-81a804ac73de,f428caf7-5253-4e3b-a658-eb6f164cdf27,c32176a6-b5f0-4820-b9d7-cc158413726f,9e481250-ab48-4e77-aeab-8be45f9233dc,100.0,2025-11-15 08:58:02
013fc53c-c767-4909-b122-0ae13ea17bdf,f47ea68e-d795-46d7-a2c4-45adcd80c7ae,5ddfa4d1-ef1d-48cd-9d08-a73b56f6f813,90a3d74e-7d45-49c8-8c87-526c528afc9d,500.0,2026-01-13 22:56:16
41550d7b-6598-41dd-bc11-0b2b2bcaf6b3,f47ea68e-d795-46d7-a2c4-45adcd80c7ae,5ddfa4d1-ef1d-48cd-9d08-a73b56f6f813,9e481250-ab48-4e77-aeab-8be45f9233dc,100.0,2026-01-13 22:56:16
caee201d-772e-4755-a266-d9d7d86754e0,f47ea68e-d795-46d7-a2c4-45adcd80c7ae,056a785b-2513-4cfc-9bb0-36e1bb502b9d,3d5d41c8-14bf-49cd-91e6-aa9a36bea6bb,800.0,2026-02-06 22:56:16
15b38235-7cb9-436d-b326-777eeb3c39fd,f4d01bdf-1b9a-46ee-97d5-7b69141fa3ee,0f2c32e0-a89e-426d-80a2-5956e81807c0,90a3d74e-7d45-49c8-8c87-526c528afc9d,500.0,2026-02-14 01:37:07
1013842b-af0d-4b8f-bf6a-5d6940707336,f56fbab8-4cc6-47ac-b72a-246b0ba7dd6b,c059a980-ad05-4597-bbf2-30315db0939c,90a3d74e-7d45-49c8-8c87-526c528afc9d,500.0,2026-06-21 16:49:21
8ffd0f74-8c80-4a44-98d7-56ee179dc680,f56fbab8-4cc6-47ac-b72a-246b0ba7dd6b,dcb6a3b9-c5a6-43e4-bb4a-e101cac69c20,3970ec98-085d-4cff-ace2-b47ad81d5d9a,626.94,2026-07-19 17:49:21
cbda081d-67de-4297-b049-269202e93dac,f5c87b71-affc-48af-bb1f-428fe12b4b2b,e13b9bf1-3ea4-4fc8-b5d2-ff82a73e3090,90a3d74e-7d45-49c8-8c87-526c528afc9d,500.0,2026-05-25 21:21:52
8688f1b6-b429-401f-bcd0-ff289a6a8dcc,f5d29e0a-9902-4683-935c-2ee803a5d4c9,78e8d89e-f5b3-4ee1-84a3-3152018486ab,90a3d74e-7d45-49c8-8c87-526c528afc9d,500.0,2026-01-21 06:12:11
8054c13a-0d27-4cb3-a16c-7212dd8f8d75,f69b3197-92f0-4f6f-90f4-4a0a230ad1c8,edefeb70-d4b2-47b0-8fae-611aa7cf5405,5bf2e261-70cd-47b2-a184-b0f75481fdd5,200.0,2026-04-20 02:01:11
865b7343-1cde-402b-9bc6-cd20c5efa8b1,f69b3197-92f0-4f6f-90f4-4a0a230ad1c8,73a67436-bdf8-4511-bdbc-649302cb2c4b,90a3d74e-7d45-49c8-8c87-526c528afc9d,158.7,2026-06-19 03:01:11
4b4fcbd5-fffe-44b3-a658-80c2ed9f83b9,f69b3197-92f0-4f6f-90f4-4a0a230ad1c8,a8a2ba0d-e5e7-4a15-91b0-07246181ab6d,3d5d41c8-14bf-49cd-91e6-aa9a36bea6bb,493.89,2026-06-30 23:01:11
d371ca63-7bf5-4f89-9755-fdd87e58fb21,f69b3197-92f0-4f6f-90f4-4a0a230ad1c8,56093ab1-3390-4a2f-b1fd-03fa60b62cb4,1ebcef21-86e5-4387-9edf-681ad1950c1a,300.0,2026-07-19 09:01:11
78fa024c-6edf-473f-a049-72636e30b346,f69b3197-92f0-4f6f-90f4-4a0a230ad1c8,1d01a041-9471-413f-a37d-834d305722b4,9e481250-ab48-4e77-aeab-8be45f9233dc,100.0,2026-08-01 10:01:11
f34a36f9-7495-42b1-b7f4-553590ea155b,f69b3197-92f0-4f6f-90f4-4a0a230ad1c8,42e96db9-d7e9-48ed-ac99-cf916cc97bad,07c2e98c-db2a-4e92-8552-8a461b6d2353,600.0,2026-08-24 12:01:11
c380bfe9-071f-4cad-98e2-f2d2cf002f8d,f6ba3894-b5d0-4a7a-9529-2bd0d0e4c38f,a6ff1c6b-8b61-4a4c-8216-4aa28d0efb01,90a3d74e-7d45-49c8-8c87-526c528afc9d,500.0,2026-09-28 23:26:42
7b97261e-4d74-44e8-af86-9fd93dd1903d,f70927e6-e472-4410-a3e9-993ce153fdfd,2d82e0ca-5d39-4c46-9c31-f45c76b2455d,90a3d74e-7d45-49c8-8c87-526c528afc9d,193.16,2025-12-23 12:13:33
335c0abc-c80d-45ce-9963-dd4d27168169,f70927e6-e472-4410-a3e9-993ce153fdfd,2d82e0ca-5d39-4c46-9c31-f45c76b2455d,9e481250-ab48-4e77-aeab-8be45f9233dc,38.63,2025-12-23 12:13:33
4a7f8a75-38b5-4371-b333-965b39f7ba5d,f7211bbc-10e3-490c-aa5e-9ead51a52c6b,2552a8bf-5ad6-44e7-9756-1a66493792bd,90a3d74e-7d45-49c8-8c87-526c528afc9d,500.0,2026-02-17 02:14:44
5ac85be4-4063-4847-a7e9-bce9c2befe77,f7211bbc-10e3-490c-aa5e-9ead51a52c6b,2552a8bf-5ad6-44e7-9756-1a66493792bd,9e481250-ab48-4e77-aeab-8be45f9233dc,100.0,2026-02-17 02:14:44
fb06ed12-1b11-4189-8650-1ac07be0c15f,f7fedcd0-5c92-4992-bd39-5818450e60fa,41e4c9d4-878a-4964-aa4b-b76837701851,90a3d74e-7d45-49c8-8c87-526c528afc9d,500.0,2026-08-16 17:17:25
7c47eabc-5f2f-4b05-8c1a-ce3daad1c242,f7fedcd0-5c92-4992-bd39-5818450e60fa,41e4c9d4-878a-4964-aa4b-b76837701851,9e481250-ab48-4e77-aeab-8be45f9233dc,100.0,2026-08-16 17:17:25
a77ee6b5-c7c5-4c16-ad5d-d59f7a0792b1,f7fedcd0-5c92-4992-bd39-5818450e60fa,59e92ba7-ed14-4b95-bfcd-73a7520c40cf,5bf2e261-70cd-47b2-a184-b0f75481fdd5,200.0,2026-11-03 06:17:25
06006d33-32f9-4b83-9614-e88d20321d0b,f7fedcd0-5c92-4992-bd39-5818450e60fa,59e92ba7-ed14-4b95-bfcd-73a7520c40cf,9e481250-ab48-4e77-aeab-8be45f9233dc,100.0,2026-11-03 06:17:25
a7ff45b5-7a93-4cff-a619-692fa93b5c4d,f8169400-0201-43e8-98a0-75caced6c636,0873f600-f1b6-434e-9472-a06c7c16d5ad,90a3d74e-7d45-49c8-8c87-526c528afc9d,500.0,2026-08-31 21:51:16
1baec29d-88af-4925-b197-3f4b4967ae23,f8169400-0201-43e8-98a0-75caced6c636,eb117024-4bc4-44fe-9193-e0af3ebba1b0,90a3d74e-7d45-49c8-8c87-526c528afc9d,500.0,2026-11-17 21:51:16
6df2e240-789f-4113-9981-2fa5dfd0825d,f8169400-0201-43e8-98a0-75caced6c636,33a3faba-f8ef-430e-a91a-76dce94528a5,5bf2e261-70cd-47b2-a184-b0f75481fdd5,200.0,2026-11-23 11:51:16
bbaa6a4c-db2a-4475-b148-5b7ba8d7ebc6,f8169400-0201-43e8-98a0-75caced6c636,60be67c5-d887-4eda-8c98-5842071f9dab,9e481250-ab48-4e77-aeab-8be45f9233dc,100.0,2026-12-06 19:51:16
59489674-1756-4934-8295-743f3d433bf7,f8169400-0201-43e8-98a0-75caced6c636,2913e726-973c-44ab-9bd3-3d976e9152ae,3d5d41c8-14bf-49cd-91e6-aa9a36bea6bb,800.0,2026-12-20 02:51:16
0551936d-c27f-4b37-ae34-76bd923e77a9,f8169400-0201-43e8-98a0-75caced6c636,5117f97f-dbf0-499f-9d83-db1d8821dd70,9e481250-ab48-4e77-aeab-8be45f9233dc,100.0,2026-12-20 18:51:16
1988b8e4-dec2-4015-95d0-9b9c2f84cb86,f8169400-0201-43e8-98a0-75caced6c636,ae0b9dc7-2eba-4980-a876-9cebf1e7ea0f,5bf2e261-70cd-47b2-a184-b0f75481fdd5,200.0,2026-12-28 12:51:16
be4db5fa-028c-4622-829f-a69e7593d5d6,f8169400-0201-43e8-98a0-75caced6c636,ae0b9dc7-2eba-4980-a876-9cebf1e7ea0f,9e481250-ab48-4e77-aeab-8be45f9233dc,100.0,2026-12-28 12:51:16
b1511f5c-f898-44d6-9980-c39e7525631d,f8169400-0201-43e8-98a0-75caced6c636,7ba2c4cc-22c8-4146-99d1-b8d6c2db8b0b,9e481250-ab48-4e77-aeab-8be45f9233dc,100.0,2027-01-03 16:51:16
6bc01c74-1387-4aa0-85c2-52b9f7813c17,f8169400-0201-43e8-98a0-75caced6c636,d2c788ef-7f1f-4006-ab49-38f82cf979db,9ce660d5-a7ff-4a73-8d8d-815013fde01d,400.0,2027-01-13 00:51:16
d48e6c00-5dbc-4aca-9d3f-ebd2c369281a,f87e8981-4551-4a56-bfe3-bf98ec78fe91,fe624781-f8d6-40ea-9ef0-ea09c0b72bb5,90a3d74e-7d45-49c8-8c87-526c528afc9d,500.0,2026-05-16 10:12:05
58e8b6d7-cc08-4c29-9bc6-bc6981272103,f87e8981-4551-4a56-bfe3-bf98ec78fe91,eae7ca87-02b3-4817-9922-9383a84191cc,9e481250-ab48-4e77-aeab-8be45f9233dc,100.0,2026-05-27 08:12:05
7a87f589-768a-4391-8ce7-c30929b315cd,f8f53d09-8c22-4c4b-aad1-74dca111f965,9180ebdf-5e01-4ff5-adf1-4798505f5924,90a3d74e-7d45-49c8-8c87-526c528afc9d,500.0,2026-10-14 13:12:18
f634c30e-54ff-4f4f-8a07-58ed3e1e94d2,f8f53d09-8c22-4c4b-aad1-74dca111f965,6163e4bc-e7e1-469b-8e65-207c8f9e576b,9e481250-ab48-4e77-aeab-8be45f9233dc,100.0,2026-11-24 03:12:18
f11e1007-a921-4eac-9389-a7986f419571,f8f53d09-8c22-4c4b-aad1-74dca111f965,8359b271-087f-45d6-a84d-d2b8dd09d4e4,9e481250-ab48-4e77-aeab-8be45f9233dc,100.0,2026-11-26 11:12:18
00f7af9a-ea96-4ad2-bce0-b16dee272283,fa2981c3-4119-444d-a9bf-f4cb995c7ff1,ad8a8260-c6f4-4dc8-83fe-312b756e1e14,3970ec98-085d-4cff-ace2-b47ad81d5d9a,1000.0,2026-06-11 22:10:26
85159585-1a73-4ebf-b7cd-7226ad4565fe,fa2981c3-4119-444d-a9bf-f4cb995c7ff1,7935a787-41ea-4e70-8c3a-b2ecc972c474,24d8fa0e-5d24-4f3e-bf35-b7cea1b09e56,150.0,2026-07-29 19:10:26
5bda5521-4936-4894-8e75-0bf4b0e4f325,fa7316d8-3cd5-43b5-a116-686bc88f372d,ff87ef46-8853-4f90-b56a-973c2a9bad36,90a3d74e-7d45-49c8-8c87-526c528afc9d,203.1,2025-10-24 14:07:25
fb6c08a7-5b7b-48a2-83ed-8fd8ad2d6c72,fa7316d8-3cd5-43b5-a116-686bc88f372d,fe69e460-a63b-45e9-95e8-b66aff852dbf,9e481250-ab48-4e77-aeab-8be45f9233dc,100.0,2026-01-09 00:07:25
7a6ae859-3422-4176-b909-a5b367c9b58e,fa7316d8-3cd5-43b5-a116-686bc88f372d,1fa90d76-4684-4fbf-9eec-782d93cca67b,9e481250-ab48-4e77-aeab-8be45f9233dc,100.0,2026-03-02 06:07:25
9d7ad6ff-1595-41d4-889b-b53ed7760c2e,fa7316d8-3cd5-43b5-a116-686bc88f372d,9c3d896c-a9f2-4c9f-8b2f-3a4cb3b6bb50,24d8fa0e-5d24-4f3e-bf35-b7cea1b09e56,150.0,2026-04-14 21:07:25
14b106f7-dc47-497d-a1ea-6ca562f8b1b5,fa821d7a-9de7-4435-a280-4dfbd942a420,ae70bea8-809c-4f23-9644-aa051b81946b,90a3d74e-7d45-49c8-8c87-526c528afc9d,500.0,2025-11-08 00:36:20
e7c80d39-995d-478a-bcc8-933a92eac09d,fa821d7a-9de7-4435-a280-4dfbd942a420,33038bfa-b515-4fc0-ac19-e754d9145e5a,1ebcef21-86e5-4387-9edf-681ad1950c1a,300.0,2026-03-29 15:36:20
40f2b97e-23c4-4dd3-9d08-404cfd51392c,fab189ea-6d66-4c56-b3ff-14716c1cd532,e057d7ff-7db2-4aa9-b13d-fa308468b463,90a3d74e-7d45-49c8-8c87-526c528afc9d,500.0,2026-09-29 16:26:13
f96d573c-5b73-44a0-a140-a11baf5a1d8f,fb5a22d5-9e59-490a-b716-8f42ce7c617d,537993c9-db03-4576-abb1-34383395d762,90a3d74e-7d45-49c8-8c87-526c528afc9d,500.0,2027-01-30 12:30:07
3f26a855-aff5-4de8-b3cc-7ca5025906f7,fc15d6d3-9774-4c98-9fde-8917d699c4b1,af8d2f29-236e-41c3-8d1d-baa2d0f99c22,3d5d41c8-14bf-49cd-91e6-aa9a36bea6bb,135.21,2025-12-13 17:38:35
c49df834-482b-423d-888e-2001156d5148,fc15d6d3-9774-4c98-9fde-8917d699c4b1,d4d71ade-300e-4d2a-9c7d-89f15c42a29c,07c2e98c-db2a-4e92-8552-8a461b6d2353,150.43,2026-02-03 11:38:35
e57fb614-ac14-4614-a120-aba541aa6970,fc174435-fdf1-491c-a7fb-58d64548c074,c1441639-9f0a-48d8-a505-0a5112f4eb79,90a3d74e-7d45-49c8-8c87-526c528afc9d,500.0,2026-07-31 09:02:07
ef59eb6a-968e-4142-a5b7-0a681d518e85,fc32192f-12b3-4612-8a94-53d35a9820af,6b2b7657-ebfe-4513-a167-8de5b10a3c72,90a3d74e-7d45-49c8-8c87-526c528afc9d,500.0,2025-09-30 12:47:44
2044b226-55b1-4f9f-8561-26d6f38155b8,fcb15dd1-d221-404c-a2ef-a3ae33e3c426,ce9294d6-fd7b-4c50-9e41-843576394dc8,90a3d74e-7d45-49c8-8c87-526c528afc9d,500.0,2026-06-24 22:18:29
cc67f12e-8d12-4bbe-99dc-30459e18674c,fcb15dd1-d221-404c-a2ef-a3ae33e3c426,376c7c0c-2348-4af9-a1a2-236bfa6c4344,de4ebad1-a920-4ecb-a6c7-3099945ea4e5,300.0,2026-10-20 05:18:29
dfa74ea2-16bc-47c1-9231-29867a2437ff,fdff9b21-8071-46ed-8073-4f6d908b7d04,d319a2ee-f8db-4c96-a5b6-543c52c6fe38,90a3d74e-7d45-49c8-8c87-526c528afc9d,500.0,2025-10-06 06:05:45
7c4ab301-f451-40d7-a39a-bdc09c136506,fdff9b21-8071-46ed-8073-4f6d908b7d04,953365d3-0f3f-42f1-98b3-a287f96e6d54,3d5d41c8-14bf-49cd-91e6-aa9a36bea6bb,800.0,2026-02-24 08:05:45
31eed055-34cd-41ff-a6c0-6b577087c473,fe2eaf22-9716-4b17-9dd8-fb70aa9ce1cd,ef463110-d172-47ac-ac32-9194ce1a21dc,90a3d74e-7d45-49c8-8c87-526c528afc9d,500.0,2026-01-18 05:05:28
cabb76a8-72df-4736-acca-30d8b8dc4421,fe2eaf22-9716-4b17-9dd8-fb70aa9ce1cd,ef463110-d172-47ac-ac32-9194ce1a21dc,9e481250-ab48-4e77-aeab-8be45f9233dc,100.0,2026-01-18 05:05:28
67b1880d-ebbd-4fd4-8bb3-d22b0499c27e,fe2eaf22-9716-4b17-9dd8-fb70aa9ce1cd,312cf11f-6f2f-4b7c-a4cf-fef4e66defba,9e481250-ab48-4e77-aeab-8be45f9233dc,100.0,2026-02-19 12:05:28
08a3ed76-75aa-4f0a-a1dc-a4fdef189ba5,fe2eaf22-9716-4b17-9dd8-fb70aa9ce1cd,cab5a46c-11e1-40d0-be5b-3212e7a0e82b,9e481250-ab48-4e77-aeab-8be45f9233dc,100.0,2026-03-10 02:05:28
c0d203d8-b7ec-48a2-97bd-8cc785cdf122,fe2eaf22-9716-4b17-9dd8-fb70aa9ce1cd,3b679571-3a18-451c-a6b3-faacd6b83cd0,3d5d41c8-14bf-49cd-91e6-aa9a36bea6bb,800.0,2026-03-14 18:05:28
ce7e5355-cb72-45ce-b85f-b30814acbd7a,fe2eaf22-9716-4b17-9dd8-fb70aa9ce1cd,0b225f48-1c26-42ea-ad79-25baa4ca2571,24d8fa0e-5d24-4f3e-bf35-b7cea1b09e56,150.0,2026-04-22 09:05:28
8093c9c0-b948-4424-be8e-3ea3cee8d45a,fe2eaf22-9716-4b17-9dd8-fb70aa9ce1cd,000cd216-af73-4735-8f8c-f8e2cbd0a9ad,9e481250-ab48-4e77-aeab-8be45f9233dc,100.0,2026-05-03 16:05:28
c9599a6f-8c0f-405b-8d68-5394449bc9a3,fe2eaf22-9716-4b17-9dd8-fb70aa9ce1cd,8eaafd68-c5cf-4ada-8891-76ffe62b8629,3970ec98-085d-4cff-ace2-b47ad81d5d9a,1000.0,2026-05-06 17:05:28
c7a21343-c059-4733-b3e0-bd3977f8662e,fe500a40-12e5-4fc6-a318-56683dec19df,bfd696de-9df3-44a9-bbd4-37b15731c73c,9e481250-ab48-4e77-aeab-8be45f9233dc,100.0,2026-01-10 23:53:58
ec8546a6-e79e-4cb9-9df1-6a353dbd089a,fe500a40-12e5-4fc6-a318-56683dec19df,a252fd3e-9317-435f-9ee4-bf3795793c46,de4ebad1-a920-4ecb-a6c7-3099945ea4e5,300.0,2026-03-10 11:53:58
301f6870-1849-4566-b51e-dfcf79d8ba45,ff0a32b6-39ec-40a6-8371-d1ac51d39102,0870b227-3a18-49c2-b2bc-68bae489944e,90a3d74e-7d45-49c8-8c87-526c528afc9d,500.0,2026-10-11 02:26:25
8c78a45b-2580-490e-981d-b45f0630ca19,ff29a826-0279-4140-b38f-d78b8a26cb43,761da407-1dcd-4326-93b2-56ebb6f851e8,90a3d74e-7d45-49c8-8c87-526c528afc9d,500.0,2026-01-16 04:31:38
052b8481-eff6-4f30-ac9f-f1dd21294a07,ff694461-8b13-4309-8b35-091b38e15bd9,07a91754-e509-4df9-83c1-7b8d8937bd9f,90a3d74e-7d45-49c8-8c87-526c528afc9d,298.23,2026-02-12 17:00:58
76869a0f-4111-4f08-a4da-a61349ea95dd,ff694461-8b13-4309-8b35-091b38e15bd9,9064ec7f-54fc-409b-a50a-d8c37a41a760,9e481250-ab48-4e77-aeab-8be45f9233dc,100.0,2026-05-24 04:00:58
88a979ee-a725-48d8-8cf1-dddf13dab486,ff79ccc4-2efd-4b2c-844b-1cfc05bb3379,3dbc5e98-cf13-434d-89d5-a88d99b70e50,90a3d74e-7d45-49c8-8c87-526c528afc9d,500.0,2026-04-30 02:22:16
95746aa3-e6ce-42f4-a012-51a9e120c434,ff79ccc4-2efd-4b2c-844b-1cfc05bb3379,5f882d9a-c1f8-4d54-9cea-f08b4d919f01,9e481250-ab48-4e77-aeab-8be45f9233dc,100.0,2026-05-31 21:22:16
72694686-ee48-4556-893c-5c7ce4b68d41,ffdfd3fb-1982-4833-8acd-fcdb0df196d9,99b0140d-fe51-442d-9354-df2e01ba2ba9,90a3d74e-7d45-49c8-8c87-526c528afc9d,335.63,2025-10-27 16:50:00
d6065e70-4ba3-4f80-b35a-757a006dfc88,ffdfd3fb-1982-4833-8acd-fcdb0df196d9,8d5183f0-e315-4695-bfd1-6bd066b5d159,9e481250-ab48-4e77-aeab-8be45f9233dc,63.68,2026-02-05 10:50:00
93e5abde-7c96-45d6-af47-ba1de207a247,ffdfd3fb-1982-4833-8acd-fcdb0df196d9,6b487c48-f8b2-4886-8bcd-cd7c0829388d,5bf2e261-70cd-47b2-a184-b0f75481fdd5,84.18,2026-02-13 18:50:00
7e95d7ae-2829-4f42-b959-a36d5b1f1254,ffdfd3fb-1982-4833-8acd-fcdb0df196d9,cc8c4f2c-fcfe-4339-a7a6-9bcd42aa20a5,9e481250-ab48-4e77-aeab-8be45f9233dc,48.26,2026-03-03 05:50:00
6961c561-09c9-45f7-90f9-27f1b02fdec6,68ac69cb-b71d-4f1b-8e1b-cfb0911b0aef,68ac7d6d-bea1-4780-942d-5bf92037cf87,de4ebad1-a920-4ecb-a6c7-3099945ea4e5,300.0,2026-03-30 09:55:43
1509f6b0-41d2-4eef-bb70-a78fe6f0a783,9fa82a78-1b07-40a8-b3c1-4ee00527042a,20d0bbd4-db21-459c-b0fc-e21d59a8a80c,3d5d41c8-14bf-49cd-91e6-aa9a36bea6bb,270.39,2026-03-30 19:47:43
804de74d-ef4d-49bf-9e92-b56e13b53aa9,9fa82a78-1b07-40a8-b3c1-4ee00527042a,d8164640-d047-4c25-9ea0-f2b33a8b2fa7,9e481250-ab48-4e77-aeab-8be45f9233dc,100.0,2026-03-31 04:47:43
d378cc07-bb48-46af-b51c-1054886c3821,2e35999f-25f3-4550-a41f-6763dcfacd79,06a20123-7a04-44aa-9a16-5231ba86e43b,de4ebad1-a920-4ecb-a6c7-3099945ea4e5,162.94799999999998,2026-03-31 02:05:43
4147a6fa-c836-4a4e-b3d8-967af01ab1dc,f5c71eac-1f3d-405e-b376-a7b3d3a3d754,cb9b6b81-04f3-4851-9d30-f170c78473f8,90a3d74e-7d45-49c8-8c87-526c528afc9d,133.23,2025-11-27 03:06:42
b70aa822-e3e9-4c09-a671-ace53735d83e,c34fe8ec-955a-4c99-9d12-56096213f341,62b30b88-25d4-47e3-a92c-874c2e0bacc2,9ce660d5-a7ff-4a73-8d8d-815013fde01d,325.16700000000003,2025-11-21 06:06:42
aeba4613-dfac-47c8-b2bf-cfe4cbb4b504,c34fe8ec-955a-4c99-9d12-56096213f341,7f44a3f2-b1a7-4a96-bcd8-05c571eb77e9,3970ec98-085d-4cff-ace2-b47ad81d5d9a,385.82699999999994,2025-11-21 13:06:42
381558dc-ad95-480a-8c1a-a3d0abd9dfa9,fe1bf053-12d6-4d2c-8b35-cf0c66dd6a70,d9871e6e-7dd9-450a-870a-851cfe82d75e,3970ec98-085d-4cff-ace2-b47ad81d5d9a,269.283,2025-11-27 12:06:42
97df2553-14a6-4b42-b5cc-9d21928b419a,fe1bf053-12d6-4d2c-8b35-cf0c66dd6a70,29a912b0-6383-4600-a6ed-4e7c7c86a062,9ce660d5-a7ff-4a73-8d8d-815013fde01d,174.642,2025-11-28 09:06:42
b98601c3-0005-43a9-8481-a7fdb730efbc,8abcf24d-d6df-4686-ab37-da653374864f,31021aba-ba51-4015-a3e5-a000699daed4,24d8fa0e-5d24-4f3e-bf35-b7cea1b09e56,150.0,2025-11-26 16:06:42
f5d1e3f5-2d1a-4768-a267-38cd9c660d7b,41682994-c418-41b3-9d02-7a0fbe623130,093f6d56-6fe1-4780-af5f-e78f16a9125d,5bf2e261-70cd-47b2-a184-b0f75481fdd5,200.0,2025-11-27 04:06:42
e4e4f7fd-12a6-499a-ba8b-1239f477596a,41682994-c418-41b3-9d02-7a0fbe623130,4fc6c4f9-a298-48d1-8667-205f0c1fca97,de4ebad1-a920-4ecb-a6c7-3099945ea4e5,300.0,2025-11-28 12:06:42
d0274e3e-9e9b-4915-9fb7-1cef42ce0866,a84404db-69cb-453b-b965-4f24a064e206,df33215b-3023-410a-893a-5cd30ce8196d,5bf2e261-70cd-47b2-a184-b0f75481fdd5,143.322,2025-11-23 08:06:42
7bd48b9f-8353-4c9b-ad3f-114959505783,a84404db-69cb-453b-b965-4f24a064e206,787316c9-be0b-4fce-be5a-1240c16df57f,9e481250-ab48-4e77-aeab-8be45f9233dc,100.0,2025-11-24 15:06:42
496e0b43-2d1d-4bec-952f-b3549985c1b5,3f15b2b5-8af0-4e56-b0fc-d55ac3efec21,0830e3a0-e059-454f-8713-e11f38c96776,9ce660d5-a7ff-4a73-8d8d-815013fde01d,235.84199999999998,2026-01-22 15:19:45
3be9465b-a421-4536-a083-848fdc7693a3,3f15b2b5-8af0-4e56-b0fc-d55ac3efec21,db9d86e5-5ad5-4cca-9985-85b204f7f1bc,24d8fa0e-5d24-4f3e-bf35-b7cea1b09e56,150.0,2026-01-23 11:19:45
93edf125-66b5-4367-b772-873351fe7c4d,3f15b2b5-8af0-4e56-b0fc-d55ac3efec21,81a0f14c-3dc7-4931-9521-0edcef056343,07c2e98c-db2a-4e92-8552-8a461b6d2353,183.783,2026-01-25 04:19:45
a7c2d427-ec27-4d52-9cd1-550b40f08da5,3f15b2b5-8af0-4e56-b0fc-d55ac3efec21,c4ef613b-6bfe-4bf5-aae8-499a28cc2661,24d8fa0e-5d24-4f3e-bf35-b7cea1b09e56,150.0,2026-01-22 17:19:45
74666e5e-e8ce-4fd3-900b-9d603b56b461,1e0369e2-b5a8-459f-a133-98475fb92b11,4f574b68-5024-466a-b0e5-1495e7fed112,de4ebad1-a920-4ecb-a6c7-3099945ea4e5,274.32899999999995,2026-01-20 17:19:45
1bc3035e-aa75-4ab4-a0ee-1ecbbc5316d9,c49f9bc3-3f45-482a-b6c9-e76d824c8998,e65b5ffe-0d6c-466f-9742-679783e0c070,9e481250-ab48-4e77-aeab-8be45f9233dc,100.0,2026-01-18 19:19:45
4fc1ddcc-0140-4bb5-9c3b-e4b1db408783,c49f9bc3-3f45-482a-b6c9-e76d824c8998,168dd0b1-4d2e-42d8-a36c-1218d7ebdf33,3d5d41c8-14bf-49cd-91e6-aa9a36bea6bb,149.319,2026-01-19 21:19:45
f74bbe47-d122-48d1-a625-34b0f7b20b30,c49f9bc3-3f45-482a-b6c9-e76d824c8998,830c200a-f18f-4b91-8f02-8563e01d314c,24d8fa0e-5d24-4f3e-bf35-b7cea1b09e56,150.0,2026-01-20 01:19:45
cbd7c8e9-dff2-4e4c-a249-1d750fb29fc8,c49f9bc3-3f45-482a-b6c9-e76d824c8998,9b64cc47-f805-4216-bd4f-82bb4d06f327,1ebcef21-86e5-4387-9edf-681ad1950c1a,300.0,2026-01-21 13:19:45
78f933e6-c151-4d61-8aa0-789b94c799c5,9bb3e082-7ab3-4282-9aa9-b4055ef37294,3bc98340-1499-4070-989f-a1d4e670e067,3d5d41c8-14bf-49cd-91e6-aa9a36bea6bb,404.169,2026-01-20 06:19:45
abf912bc-c5c7-4474-ae6e-642ea61a62c0,9bb3e082-7ab3-4282-9aa9-b4055ef37294,e2220624-b7ed-4e6e-b3a8-9912e8b003f1,5bf2e261-70cd-47b2-a184-b0f75481fdd5,200.0,2026-01-21 00:19:45
b8788247-b4c5-4b08-b3b7-06c30f53fe4b,b85806a8-2ef4-4136-80e2-dd2937c63a2b,1c441012-b106-4f7d-a1fd-e94b8c93b6a9,9ce660d5-a7ff-4a73-8d8d-815013fde01d,400.0,2026-01-24 12:19:45
909d6ec9-b86a-4642-b5d9-c612c1cfd9b8,b85806a8-2ef4-4136-80e2-dd2937c63a2b,73ab6c62-cf0a-46f5-b4e5-ecf68021ff60,1ebcef21-86e5-4387-9edf-681ad1950c1a,300.0,2026-01-25 08:19:45
b995e205-61ee-4e49-98c8-7142797ea256,b85806a8-2ef4-4136-80e2-dd2937c63a2b,e185f79d-02c1-42cd-8d35-1796432154b3,9ce660d5-a7ff-4a73-8d8d-815013fde01d,373.08299999999997,2026-01-27 10:19:45
ede197ac-929a-44c5-987e-4a9cfc49a9bb,795c58d0-6de3-40df-b719-6a9827a5fe5e,22297b10-4a93-4626-822f-1a480ed276fb,3d5d41c8-14bf-49cd-91e6-aa9a36bea6bb,256.62899999999996,2025-08-31 17:15:23
652497b4-e366-4c4d-91aa-460b50d5d605,795c58d0-6de3-40df-b719-6a9827a5fe5e,2e272f9d-cc56-4f64-bb1d-90feec06f884,9ce660d5-a7ff-4a73-8d8d-815013fde01d,225.76199999999997,2025-09-02 03:15:23
72bac597-c9f3-4bad-98d3-c392a3a1c98f,795c58d0-6de3-40df-b719-6a9827a5fe5e,00518e99-bf44-4cd4-9e09-21f6e948a2c4,de4ebad1-a920-4ecb-a6c7-3099945ea4e5,149.583,2025-08-31 13:15:23
0a9c97ba-e49e-4921-8c8f-d8cc75207deb,d87e5cbb-45e3-4ca4-b4be-d50fed22c892,fe86eccf-3034-452c-b8ae-4346001b21bf,9ce660d5-a7ff-4a73-8d8d-815013fde01d,311.088,2025-08-31 10:27:23
7503a9f3-0618-4d31-8ed0-d13494dd8413,10dee518-ca65-4beb-95a4-a98e74fd58b0,69b37029-9f93-4208-b892-3e9204be59a2,9ce660d5-a7ff-4a73-8d8d-815013fde01d,346.479,2025-08-31 22:49:23
386377c9-1eb9-455e-9909-c297b4b540df,10dee518-ca65-4beb-95a4-a98e74fd58b0,f72e592a-e476-4c62-b6fe-b7ae9ebdc116,24d8fa0e-5d24-4f3e-bf35-b7cea1b09e56,138.015,2025-08-31 15:49:23
479d0fad-7550-4e2c-bb69-3fb2b7c09bac,10dee518-ca65-4beb-95a4-a98e74fd58b0,1e2c8201-95c2-43ad-8709-6b2551bb4b18,07c2e98c-db2a-4e92-8552-8a461b6d2353,373.671,2025-09-01 12:49:23
0070f40a-b4bb-4f31-ba01-96f0c46f8007,10dee518-ca65-4beb-95a4-a98e74fd58b0,2d216dc0-7f28-4d12-bc20-2d403cde0962,9ce660d5-a7ff-4a73-8d8d-815013fde01d,242.772,2025-09-01 09:49:23
c29a39b3-03b6-431e-822c-6ef6a5196d28,9d205cea-2bd5-47f1-9031-6aa063ba664e,0a29d24e-64cd-4356-b0b8-7fbb4f236c76,9e481250-ab48-4e77-aeab-8be45f9233dc,100.0,2026-03-26 06:27:27
94d35b9b-85f7-4a79-b0b5-8213a7150ae3,9d205cea-2bd5-47f1-9031-6aa063ba664e,d7f7c531-112c-4add-9add-b19a35dfd7c8,24d8fa0e-5d24-4f3e-bf35-b7cea1b09e56,150.0,2026-03-26 18:27:27
de3c7026-5699-4f22-9ec0-470d18bbbd3d,cbdf995e-6921-420b-bbd1-0e0405ca0df1,9933797d-64b9-438d-8909-61787ee6b412,3970ec98-085d-4cff-ace2-b47ad81d5d9a,200.409,2026-03-26 16:46:27
7ecf6fa3-3522-4697-a6ca-97b83f8a8628,4e2942f1-360a-4112-9f31-d04d832616d1,c2cdeaad-0f27-4804-9ac1-c71f57a8da3f,3970ec98-085d-4cff-ace2-b47ad81d5d9a,222.504,2026-03-26 15:06:27
15d9ded6-9db2-4086-abcd-55c0284fddaf,4e2942f1-360a-4112-9f31-d04d832616d1,ec6ad0e5-12bd-49b8-9732-27e2de8a8683,1ebcef21-86e5-4387-9edf-681ad1950c1a,300.0,2026-03-25 18:06:27
72e9d872-f57d-44a2-8499-f6df937808d1,4e2942f1-360a-4112-9f31-d04d832616d1,f6d82484-be28-46c7-bddd-cbc3a768db5b,9ce660d5-a7ff-4a73-8d8d-815013fde01d,396.36,2026-03-27 01:06:27
ae10d856-4d00-49de-bb16-268f3292f422,dfda145e-4acd-45fe-8759-913b7a0c838e,58d5893d-c5e5-4e78-9670-e4ddb67ed7f7,24d8fa0e-5d24-4f3e-bf35-b7cea1b09e56,150.0,2026-03-27 21:12:38
bff96e4f-ab40-4630-bfb5-bf8932e2b5e3,eab45c5a-4ad1-454b-a676-301e4cfd078a,3a619168-dffa-4ae4-a193-3fa124379449,9ce660d5-a7ff-4a73-8d8d-815013fde01d,342.663,2026-03-28 09:05:38
22fd7055-1485-4392-bb02-a0914fd45197,eab45c5a-4ad1-454b-a676-301e4cfd078a,1e7e4151-d1f0-47c0-b538-0b36181db15b,de4ebad1-a920-4ecb-a6c7-3099945ea4e5,256.09499999999997,2026-03-29 08:05:38
5075a92b-6720-4cfe-9f67-8f066c1ba05b,eab45c5a-4ad1-454b-a676-301e4cfd078a,d540623d-ace8-4aa8-a657-e5747748e4a3,9e481250-ab48-4e77-aeab-8be45f9233dc,100.0,2026-03-30 06:05:38
f5728948-9bcb-4999-b7bc-7422bfc536b1,eab45c5a-4ad1-454b-a676-301e4cfd078a,bdad5ed2-d098-41e3-9273-8d9803b4e534,de4ebad1-a920-4ecb-a6c7-3099945ea4e5,142.845,2026-03-31 02:05:38
3e3ac709-b93d-4908-b13c-d3f9dbcbc35c,eb7b37a1-e0a2-4727-86ac-9169c076312b,fecea000-0fb5-4944-a395-59a176072346,5bf2e261-70cd-47b2-a184-b0f75481fdd5,200.0,2026-03-27 18:55:38
ba3acf5b-6b34-40bd-8253-d80491d218a5,eb7b37a1-e0a2-4727-86ac-9169c076312b,be571d19-e50f-457b-9c0f-05e397221344,1ebcef21-86e5-4387-9edf-681ad1950c1a,269.265,2026-03-28 13:55:38
2eed67c6-1dcc-43fb-90df-6af4e446aa66,7d50b39c-2d35-43e3-889e-e81bfdd085ae,f0bfb532-5db4-4cfb-a19b-40425c6f11e8,07c2e98c-db2a-4e92-8552-8a461b6d2353,270.23999999999995,2026-03-28 02:43:38
ce2664d6-016d-4a35-950d-943e991d21a2,7d50b39c-2d35-43e3-889e-e81bfdd085ae,ca8fef94-2ac5-437a-8e7a-ca2451e44061,3970ec98-085d-4cff-ace2-b47ad81d5d9a,297.50399999999996,2026-03-29 03:43:38
2c82b60d-6047-4fc0-aa50-c61a6c4877bd,7cd618a2-095a-467d-a4f8-fea72513a85a,0bdd2eab-d9d4-4474-844b-5403fe199d53,3970ec98-085d-4cff-ace2-b47ad81d5d9a,148.989,2026-03-21 00:04:23
f35c6480-5cb1-4b0b-a759-d0b539cd37d7,7cd618a2-095a-467d-a4f8-fea72513a85a,405b632c-f124-4686-8680-b58458798136,3970ec98-085d-4cff-ace2-b47ad81d5d9a,216.945,2026-03-23 19:04:23
9bc9fdad-9d84-4416-9dd3-869414929d6a,64c3f31e-6252-4182-af45-c6904fd5f8a0,e1f961aa-2e1c-4e97-9f04-2a9987cf1dc3,07c2e98c-db2a-4e92-8552-8a461b6d2353,146.31,2026-03-22 23:04:23
d0e40e2f-db5b-4bd2-a493-1cf172f18d41,a26bfa8f-7ec6-4799-9320-a2dec75df098,499eb5b9-a584-4fbf-8959-ba344e9e132e,de4ebad1-a920-4ecb-a6c7-3099945ea4e5,300.0,2026-03-18 23:04:23
fc1f50ed-bb15-4f0a-bd98-4438213137da,a26bfa8f-7ec6-4799-9320-a2dec75df098,08c494a7-8bef-4c53-a35d-2d8f973d268e,24d8fa0e-5d24-4f3e-bf35-b7cea1b09e56,150.0,2026-03-19 21:04:23
95cacf20-4719-4a33-a99b-86558278bdb6,a26bfa8f-7ec6-4799-9320-a2dec75df098,32e3d9a4-7455-414b-8a38-112f3612c167,1ebcef21-86e5-4387-9edf-681ad1950c1a,297.765,2026-03-19 01:04:23
0a9e4615-f871-4162-9877-e23541b620c2,7cdde97b-c5a3-4c91-a738-3c6e397caefa,70c175f4-e7ea-45cc-8964-187abdf07338,9ce660d5-a7ff-4a73-8d8d-815013fde01d,359.95199999999994,2026-03-19 15:04:23
084cf5e3-44f0-4e64-90f4-cde14ccc5d91,ba02bde7-c721-4601-a025-c0189f7f6abf,8ba0c90f-9da4-4a01-8a5f-609c2dd77e5b,3970ec98-085d-4cff-ace2-b47ad81d5d9a,265.233,2026-03-24 02:04:23
4df0124d-d744-40a4-beb6-25498a43b269,4864a7a9-75cc-4f81-a488-f194b6551e2e,0fde16bf-68fd-445f-afdf-b6123d04579c,24d8fa0e-5d24-4f3e-bf35-b7cea1b09e56,139.794,2026-03-24 16:04:23
5554498c-b445-43d3-aee1-3d90c8366c32,4864a7a9-75cc-4f81-a488-f194b6551e2e,d1b18cc8-0053-467a-b537-4a807f9394f4,3d5d41c8-14bf-49cd-91e6-aa9a36bea6bb,419.568,2026-03-25 06:04:23
1c582f64-7848-44f8-99fe-ab3c3ec4efe6,7778a1d1-4edf-4b55-af4c-c813d6715bd3,01700b39-d03a-45b5-abb9-834da4307612,3d5d41c8-14bf-49cd-91e6-aa9a36bea6bb,172.977,2025-11-06 10:34:00
706ad5c3-564b-4246-8443-3b57cae74eec,5c994bac-8711-446f-9298-19248cc3d5d9,10406cef-2b65-4ea8-b5b7-3f49f8c21dc6,9e481250-ab48-4e77-aeab-8be45f9233dc,100.0,2025-11-05 12:34:00
7b85ffcb-ac47-4310-a402-a3e3f2422aaa,16a053f2-b557-44e3-84a6-1b8477780d75,164f11e1-f8eb-4b12-bbdf-13f49d8c18f2,de4ebad1-a920-4ecb-a6c7-3099945ea4e5,300.0,2025-11-06 10:34:00
32b7e5e3-b089-49a8-821d-9e714cde3695,a93bbb6b-aa57-4b10-a526-50c84efdefa7,6e02dbf4-b3c3-41b7-b4ef-ba8b18e977ef,24d8fa0e-5d24-4f3e-bf35-b7cea1b09e56,150.0,2026-01-22 16:13:55
85027ef0-4c7d-42c5-b2c4-aee30227f56f,a93bbb6b-aa57-4b10-a526-50c84efdefa7,da3057f3-a911-40ad-8caf-55cf4f85a10a,3d5d41c8-14bf-49cd-91e6-aa9a36bea6bb,449.64599999999996,2026-01-24 21:13:55
a37a712b-c20e-45f9-aabe-fd4ea9ebe264,a93bbb6b-aa57-4b10-a526-50c84efdefa7,c3c63a4f-9a11-4aec-91ec-8cf0cfc574ba,24d8fa0e-5d24-4f3e-bf35-b7cea1b09e56,150.0,2026-01-25 23:13:55
1b2a386b-6230-41f3-8743-f5993fa33cc4,a93bbb6b-aa57-4b10-a526-50c84efdefa7,c03da2a5-9320-45bb-a80c-dc880e9eb9d6,5bf2e261-70cd-47b2-a184-b0f75481fdd5,200.0,2026-01-27 10:13:55
d8083e9c-335e-42b4-a610-3a50024682f4,ac225246-4c83-4c1d-ab6f-9f3deeebfe71,79f75612-1f78-47e3-be33-892b34abb90c,de4ebad1-a920-4ecb-a6c7-3099945ea4e5,291.57599999999996,2026-01-21 21:13:55
b0b014f4-a28d-4cfa-8c5a-72291bfbb067,ac225246-4c83-4c1d-ab6f-9f3deeebfe71,b4284b4c-7cc2-4a1c-a8aa-c042f5c3e903,5bf2e261-70cd-47b2-a184-b0f75481fdd5,200.0,2026-01-23 12:13:55
42bc6bbb-4171-4214-9702-6ed7d07a92a0,ac225246-4c83-4c1d-ab6f-9f3deeebfe71,ac6859d8-52b6-4029-b9a2-253701abd8c3,de4ebad1-a920-4ecb-a6c7-3099945ea4e5,300.0,2026-01-22 11:13:55
9d0098a2-a677-4536-a9ab-f023522cbda6,2f3045ef-d8c4-4aa8-97db-ea364f040ba9,f9b2c7ff-fa1c-4370-83fc-0241c6a74c41,3970ec98-085d-4cff-ace2-b47ad81d5d9a,153.177,2026-01-23 00:13:55
a231e015-c16b-4a8c-8270-fc0a374b5434,2f3045ef-d8c4-4aa8-97db-ea364f040ba9,4bdda1bf-2a5b-4c3f-bd45-9b9583da2fcd,1ebcef21-86e5-4387-9edf-681ad1950c1a,300.0,2026-01-23 15:13:55
d97ea7e4-205f-42c4-bbee-b7ecbc94a80c,2f3045ef-d8c4-4aa8-97db-ea364f040ba9,518fec71-0f3f-42b3-8348-985939fefec7,3d5d41c8-14bf-49cd-91e6-aa9a36bea6bb,206.577,2026-01-25 08:13:55
2d0fa685-1b05-4bd6-82b3-cf78f91e91f3,2f3045ef-d8c4-4aa8-97db-ea364f040ba9,917f3ac2-79fe-4c98-80ed-59dd91165bf6,9e481250-ab48-4e77-aeab-8be45f9233dc,100.0,2026-01-23 21:13:55
6b51f366-79f5-43e7-a90e-747d90fbf2e4,2f3045ef-d8c4-4aa8-97db-ea364f040ba9,e4bd53e0-8f68-409a-be47-04a67fe335c5,90a3d74e-7d45-49c8-8c87-526c528afc9d,138.105,2026-01-29 08:13:55
50ad475f-02cc-41bf-89e4-20512e525ca9,8efb34d6-5016-4128-b026-d14421ac3879,4eaa1703-8769-42d0-97ae-48f482702944,24d8fa0e-5d24-4f3e-bf35-b7cea1b09e56,150.0,2026-01-23 05:13:55
3d7c0f41-cfa9-4e33-850c-561d98f01649,8efb34d6-5016-4128-b026-d14421ac3879,6966269b-904f-4314-93ed-23de772a1633,24d8fa0e-5d24-4f3e-bf35-b7cea1b09e56,150.0,2026-01-23 15:13:55
7c238b08-f69c-4096-9a68-3a1a0efa5530,8efb34d6-5016-4128-b026-d14421ac3879,8a405278-5544-45c6-9021-8b82f610b03f,3970ec98-085d-4cff-ace2-b47ad81d5d9a,180.006,2026-01-23 18:13:55
d4958caa-9f3a-485c-be70-f70fd1a3d4c8,8efb34d6-5016-4128-b026-d14421ac3879,dbcdbf1b-5b4f-42b9-a4d4-fe1750f1655a,07c2e98c-db2a-4e92-8552-8a461b6d2353,277.506,2026-01-27 00:13:55
9de62466-c467-4b29-85ec-c7247a8eb6e4,30027ce2-317e-475d-9aff-9a2a4719b779,293ab009-9b68-4ecc-8c76-49e7ec1f1a38,9ce660d5-a7ff-4a73-8d8d-815013fde01d,124.59599999999999,2026-01-22 12:13:55
d8c9526b-cf6f-4ee8-a6c5-6347bdc5d89e,30027ce2-317e-475d-9aff-9a2a4719b779,26917796-8832-4f74-b855-c1feb5526ce4,9ce660d5-a7ff-4a73-8d8d-815013fde01d,158.74499999999998,2026-01-24 23:13:55
db9d284c-40d3-42ab-ad9f-87c58d4b3d41,30027ce2-317e-475d-9aff-9a2a4719b779,ca16801b-e438-4b1e-9d62-51ad014ad03b,3970ec98-085d-4cff-ace2-b47ad81d5d9a,197.46,2026-01-23 15:13:55
ba0f8d8b-3886-4006-acd7-599b993389fe,82af8a72-827b-40bf-860a-be6925d22801,948e8e9c-656d-4472-b22e-41183df514fb,de4ebad1-a920-4ecb-a6c7-3099945ea4e5,300.0,2025-12-23 11:26:56
5a7e9766-26c9-4395-8c6c-7f32f03ef3d0,82af8a72-827b-40bf-860a-be6925d22801,0ea5d0c1-8bb5-4168-88f5-0af4e5715003,5bf2e261-70cd-47b2-a184-b0f75481fdd5,200.0,2025-12-24 14:26:56
9877f429-5ecf-46f4-8221-ed1c3e9d521b,82af8a72-827b-40bf-860a-be6925d22801,0ad4992d-b532-46f9-aa04-79ba8887353e,de4ebad1-a920-4ecb-a6c7-3099945ea4e5,265.425,2025-12-25 18:26:56
41b3952e-4818-4793-9b1d-b86a590c7412,83a996f6-c61a-4a60-884e-d4ff20704af2,70a09d62-a1a8-46f7-b282-b521eb949cf6,24d8fa0e-5d24-4f3e-bf35-b7cea1b09e56,150.0,2025-12-22 19:45:56
67ffd9a7-04a1-4f4a-b5e1-2fe0fcdf05e6,83a996f6-c61a-4a60-884e-d4ff20704af2,597b8c3a-3d49-4742-8020-9ff645b0e68f,1ebcef21-86e5-4387-9edf-681ad1950c1a,287.19,2025-12-24 12:45:56
b5200907-8076-44ea-a4b6-121a1c2efe1d,83a996f6-c61a-4a60-884e-d4ff20704af2,cdc4b15a-af0d-4630-90fa-547376134945,24d8fa0e-5d24-4f3e-bf35-b7cea1b09e56,150.0,2025-12-23 15:45:56
b57e167d-5055-4f23-ad76-f31a538a191e,83a996f6-c61a-4a60-884e-d4ff20704af2,a7b06b37-bb47-4207-9b81-68bf0d4b7dd1,07c2e98c-db2a-4e92-8552-8a461b6d2353,343.224,2025-12-25 18:45:56
03128cb2-9ab6-460f-84b7-c10ed50c4647,ec759f31-cea5-4b15-8d90-c8177ff8c2b3,fb45ef98-7862-4d25-8f0c-da7fdeae2c41,3d5d41c8-14bf-49cd-91e6-aa9a36bea6bb,243.18,2025-12-23 08:46:56
9fbb2b43-dd7b-4ece-bcd8-c3d390e1d0da,ffb6f690-6e8d-4006-945f-6cf4edf81d19,25f3a482-9e63-4325-b2a7-63eecab2530e,de4ebad1-a920-4ecb-a6c7-3099945ea4e5,300.0,2025-12-23 01:31:56
c8c51171-c9f4-4bbd-9ddc-c4de0a2f80b3,ffb6f690-6e8d-4006-945f-6cf4edf81d19,0d5acd4f-921f-4b50-82e5-974cdfef7190,9ce660d5-a7ff-4a73-8d8d-815013fde01d,190.95899999999997,2025-12-22 20:31:56
ce2e8a0e-677d-4629-8bbf-0e23dc20dc29,ee1aaba7-6056-45bd-a36a-cf8b76f4132a,b5a2593d-5d74-4049-9ecd-ba18a90bd94a,1ebcef21-86e5-4387-9edf-681ad1950c1a,300.0,2026-06-15 20:25:27
ebdc1be2-9c4a-4847-9b52-69752b17011a,ee1aaba7-6056-45bd-a36a-cf8b76f4132a,180cf664-af48-48c5-814e-2b9c8d05cff8,de4ebad1-a920-4ecb-a6c7-3099945ea4e5,144.83399999999997,2026-06-18 01:25:27
cd614e22-8f9b-4ec1-bf29-729a1ca8c322,2e55fea5-f620-466f-9dbc-1eca500db249,57cc3c3e-d30f-4f31-8bcc-31c160f70c31,9ce660d5-a7ff-4a73-8d8d-815013fde01d,366.75899999999996,2026-06-16 06:28:27
5a66489b-aff1-4c99-8fa9-c7d2791eba52,2e55fea5-f620-466f-9dbc-1eca500db249,aafb8456-b434-46b4-973d-fd25d3f3a70f,de4ebad1-a920-4ecb-a6c7-3099945ea4e5,300.0,2026-06-17 13:28:27
cbc52c4a-03e7-493b-ab91-e596c61eaad5,2e55fea5-f620-466f-9dbc-1eca500db249,3a0e4e97-305d-4db7-af55-66d8b3ea7e9c,3d5d41c8-14bf-49cd-91e6-aa9a36bea6bb,172.31699999999998,2026-06-17 01:28:27
b8c078ac-207a-4006-897d-75c3560280f7,2e55fea5-f620-466f-9dbc-1eca500db249,5c938111-bd96-4c8b-8aaf-99da7ae22a00,3d5d41c8-14bf-49cd-91e6-aa9a36bea6bb,175.782,2026-06-17 23:28:27
c092c3c3-1989-4dfe-b583-03141c84b2ec,82ea5751-7d6d-4c05-8914-58eabf2ce837,17d65233-7f7f-4b55-9aca-ff9f23dd5fd6,24d8fa0e-5d24-4f3e-bf35-b7cea1b09e56,150.0,2026-06-16 04:34:27
03210043-e021-428a-a376-c47f5882b8dc,82ea5751-7d6d-4c05-8914-58eabf2ce837,479f6b19-f28a-4a1e-90d7-3b9d12e223b6,3970ec98-085d-4cff-ace2-b47ad81d5d9a,346.782,2026-06-16 05:34:27
379201ac-5ce4-4dab-9096-c3235e93f3cb,98e23fd4-cd76-4faa-8519-44ba8e57f5bf,a55d79b5-7265-4517-ac31-9b307fba0719,1ebcef21-86e5-4387-9edf-681ad1950c1a,300.0,2026-06-16 18:58:27
783aaf99-105c-4386-be2d-f4f382985bd7,4df173cf-db68-422e-b972-c138e2121b5e,5424bcc2-d83b-4855-a23a-152bd9cc557d,3d5d41c8-14bf-49cd-91e6-aa9a36bea6bb,185.89499999999998,2026-06-17 15:27:27
ddda2c1c-9306-4a4d-ae6a-b156997fe3c4,257145c3-e2e4-4583-8810-fcda6e8d9daa,95c2ed96-2c55-4ee2-bc1e-dbf24e3d4ef5,5bf2e261-70cd-47b2-a184-b0f75481fdd5,200.0,2026-06-01 16:29:06
bbe87ef4-ac93-491c-a077-e8c3c0ada574,257145c3-e2e4-4583-8810-fcda6e8d9daa,757f313f-74b4-4ecc-88c1-bd079338cb90,24d8fa0e-5d24-4f3e-bf35-b7cea1b09e56,150.0,2026-06-01 01:29:06
e6dce553-ae6e-452e-8f09-f788346e2935,b74144ec-e802-4253-8dc8-88d83dfbe1ab,f9709546-0772-4927-9ae3-8d894c9254d0,07c2e98c-db2a-4e92-8552-8a461b6d2353,131.40599999999998,2026-06-01 04:29:06
806a7db2-d669-4450-88d3-2d746bfef1da,b74144ec-e802-4253-8dc8-88d83dfbe1ab,695433f9-6559-48a7-af45-adae00966e2e,5bf2e261-70cd-47b2-a184-b0f75481fdd5,166.257,2026-06-02 14:29:06
1d04af6e-6f71-4616-aaa5-563fc193d8af,b74144ec-e802-4253-8dc8-88d83dfbe1ab,5553d26c-8fe5-49c5-963b-502fb878aa1f,07c2e98c-db2a-4e92-8552-8a461b6d2353,322.77000000000004,2026-06-03 04:29:06
f9d6bf9b-762b-43c5-a70d-c9be68f75275,8db9c979-493a-4eeb-a123-33cca9597677,712f4931-e37d-47cd-88bf-92ea4b12b1f8,5bf2e261-70cd-47b2-a184-b0f75481fdd5,200.0,2026-06-02 07:29:06
efe5b3ce-4fed-4871-aa27-cc1cfd78f46b,8db9c979-493a-4eeb-a123-33cca9597677,990c9c9d-b926-4f02-81f5-89d943ab0e47,3d5d41c8-14bf-49cd-91e6-aa9a36bea6bb,128.469,2026-06-01 22:29:06
a9d4c611-8ebf-4c94-ac64-af027c9c4448,8db9c979-493a-4eeb-a123-33cca9597677,925aa47b-0f0e-4084-8c56-409145a6b3be,9e481250-ab48-4e77-aeab-8be45f9233dc,100.0,2026-06-03 09:29:06
c9d27d09-cd65-4719-8db6-a9825c01fde9,31d3fa42-cf8a-4d26-9fff-8d9908f4fde0,2d422eda-a904-4193-85db-af7537d886fd,90a3d74e-7d45-49c8-8c87-526c528afc9d,209.757,2026-06-01 10:29:06
3a6f88e0-be40-4064-9da9-b6b028978f4d,31d3fa42-cf8a-4d26-9fff-8d9908f4fde0,7deb9e7f-cd6c-46f8-815e-3ba458a8c78b,24d8fa0e-5d24-4f3e-bf35-b7cea1b09e56,150.0,2026-06-02 09:29:06
d643eeec-7b70-4a7d-a16f-c5c680949ab2,31d3fa42-cf8a-4d26-9fff-8d9908f4fde0,92fc1e57-4de2-4574-afdb-75708c24b2d0,90a3d74e-7d45-49c8-8c87-526c528afc9d,355.60499999999996,2026-06-02 19:29:06
fac2b864-22b9-4895-9a42-50c8b7e96e21,6e1bc0fd-b203-441e-9b69-2f9c94c5f20c,72f64644-c6f0-4972-b2ae-66bc9ef97a26,3970ec98-085d-4cff-ace2-b47ad81d5d9a,377.841,2026-06-01 07:29:06
79af0d88-5485-41b8-be9f-92f4972b8a09,ab125080-da16-4c3f-86d7-78430879ed95,25363c51-f473-4e22-9ab4-84b0b2a0e425,3970ec98-085d-4cff-ace2-b47ad81d5d9a,244.01399999999998,2026-06-01 13:29:06
f40180c6-2795-4385-8b00-afa8965a7481,ab125080-da16-4c3f-86d7-78430879ed95,b20adf02-2aa9-4567-822f-5495fe62605a,07c2e98c-db2a-4e92-8552-8a461b6d2353,303.258,2026-06-01 20:29:06
b0f55dd1-7e67-4b18-a204-4fbcf9fad919,ab125080-da16-4c3f-86d7-78430879ed95,08248bba-ff65-49a8-9abb-ba603308a551,3d5d41c8-14bf-49cd-91e6-aa9a36bea6bb,272.676,2026-06-05 02:29:06
aa174b03-eb9a-4f74-806f-e160d723fa7c,e10f4c7a-cdfe-4c56-b7b5-daa69c36c272,6da345d7-564d-4b75-9d65-d096f118d93c,de4ebad1-a920-4ecb-a6c7-3099945ea4e5,237.74699999999999,2025-12-16 22:11:48
334305dc-5c04-424b-984a-1a7d3fd72060,b8583e27-a79e-40b2-a490-8620d4b63bc2,8e24932d-e0b2-40aa-9dd4-a7a443559e8b,24d8fa0e-5d24-4f3e-bf35-b7cea1b09e56,150.0,2025-12-16 17:37:48
866235ab-3563-483b-95ea-193d45f5e2b3,b8583e27-a79e-40b2-a490-8620d4b63bc2,f992f936-4df5-47c8-9723-122fcf36a930,24d8fa0e-5d24-4f3e-bf35-b7cea1b09e56,125.598,2025-12-18 13:37:48
5776cd12-d801-43a6-ba8a-020793bd0b8f,b8583e27-a79e-40b2-a490-8620d4b63bc2,190a36fb-e12d-4d74-a30e-77b8cd4fe4be,9ce660d5-a7ff-4a73-8d8d-815013fde01d,282.996,2025-12-18 00:37:48
6febd2ce-5000-4296-b719-347c5da43102,6f1e14a8-28d9-4aea-a3d8-14769fb709e8,70374f9e-cfd5-4238-b3df-deada7c184d0,9e481250-ab48-4e77-aeab-8be45f9233dc,100.0,2025-12-16 20:07:48
136efa36-30fe-4413-b2fd-ef7ecb8a0a9b,2465cb99-d758-48a4-870a-04a0b5cc4fdf,102f0374-4916-4e47-bed6-6333cc2c10f7,3d5d41c8-14bf-49cd-91e6-aa9a36bea6bb,158.394,2025-12-16 17:51:48
ca649e45-7e1f-4f72-82b7-5f0475ad0639,2465cb99-d758-48a4-870a-04a0b5cc4fdf,735df1a8-a7f6-4339-8136-bb809dc13a15,1ebcef21-86e5-4387-9edf-681ad1950c1a,250.761,2025-12-17 22:51:48
f414f55a-fea4-46b8-b9dd-201eb0217a12,0ddbaa75-a758-410c-997b-a20256bb1bf0,f365ad14-9355-466d-876e-ff0388da958e,de4ebad1-a920-4ecb-a6c7-3099945ea4e5,300.0,2026-04-30 06:07:12
159f9fc4-7379-410f-9782-9207f6feca42,0e6f219d-72de-4976-abf7-66c9b5b5d04e,dca38beb-c825-4fff-a3c7-b24c09452c7f,3970ec98-085d-4cff-ace2-b47ad81d5d9a,335.27399999999994,2026-04-30 15:07:12
90c7922c-8c43-43b0-8921-59dfdfd8cedb,0e6f219d-72de-4976-abf7-66c9b5b5d04e,b529072a-5f1f-4c2c-99ae-cfdb83a1d16c,3d5d41c8-14bf-49cd-91e6-aa9a36bea6bb,130.557,2026-05-02 06:07:12
b7178281-6a29-4835-8397-34bb49e7b16d,ca3bc82d-2ed8-4d1a-ab6b-e50351006b4f,df1cd6b2-dacb-4832-86aa-8119ac5a76ff,5bf2e261-70cd-47b2-a184-b0f75481fdd5,188.24699999999999,2025-10-17 06:17:31
123411fd-76b1-4a73-b830-33190312d7bc,ca3bc82d-2ed8-4d1a-ab6b-e50351006b4f,20d8d81d-2acd-4b7a-ad0f-415255c2992d,07c2e98c-db2a-4e92-8552-8a461b6d2353,258.999,2025-10-18 00:17:31
9d0cab6b-4e41-43b2-b2b1-12c80b160155,ca3bc82d-2ed8-4d1a-ab6b-e50351006b4f,839abe06-8b7d-4959-b85e-28f47fd1ddc3,9ce660d5-a7ff-4a73-8d8d-815013fde01d,400.0,2025-10-20 02:17:31
07aff42b-7576-4740-902e-331ae670f25e,ca3bc82d-2ed8-4d1a-ab6b-e50351006b4f,5967daa5-1ef7-4698-aab6-86d8935a01b0,1ebcef21-86e5-4387-9edf-681ad1950c1a,239.85,2025-10-17 08:17:31
8b9819a7-bb73-462c-b099-b7c3bde34cb6,ca3bc82d-2ed8-4d1a-ab6b-e50351006b4f,f3d83b04-45e9-4342-9df3-20e34118f630,1ebcef21-86e5-4387-9edf-681ad1950c1a,153.162,2025-10-22 22:17:31
5118bed7-350a-4aa1-8dfd-b1522b404f11,079c91fa-0eb9-4dde-98f0-2013e66c4296,8382c1c1-d06f-4ff6-80a3-63a97dac6f8f,24d8fa0e-5d24-4f3e-bf35-b7cea1b09e56,150.0,2025-10-18 12:17:31
7b6fbab7-d104-486b-bf6f-bb2720885fd9,079c91fa-0eb9-4dde-98f0-2013e66c4296,d3f0cc87-97dc-47cd-b3ef-51dc52ccc0d7,1ebcef21-86e5-4387-9edf-681ad1950c1a,150.81,2025-10-17 01:17:31
73671c61-0929-4898-a94c-d573cd3b2d10,079c91fa-0eb9-4dde-98f0-2013e66c4296,47008786-99d4-45da-9804-4ad357bfd77a,3d5d41c8-14bf-49cd-91e6-aa9a36bea6bb,344.48999999999995,2025-10-18 18:17:31
f40f9d75-9306-4eee-862c-d9975a847337,e29e5c1e-3d4a-485a-8387-592260616868,5aef2073-6239-4622-8a19-5c3304d1792c,9ce660d5-a7ff-4a73-8d8d-815013fde01d,193.023,2025-10-18 22:17:31
35e46a4a-4e30-4f7c-a878-226217d2e293,e29e5c1e-3d4a-485a-8387-592260616868,abe0ed5b-ceae-4622-9b56-817fcbbf85ae,1ebcef21-86e5-4387-9edf-681ad1950c1a,126.41399999999999,2025-10-18 18:17:31
af3d561a-ba40-4e23-91a3-545766fb9d4e,e29e5c1e-3d4a-485a-8387-592260616868,4cf4d340-4da5-41f3-a1c2-313d64349b37,07c2e98c-db2a-4e92-8552-8a461b6d2353,249.30899999999997,2025-10-20 16:17:31
92f217a8-7a71-4914-ab0e-eb0c03e8ab93,301d06ea-4707-4cf9-8a48-500e33b214ef,d69321e1-a3e7-4d9a-a20d-f9d33e119753,24d8fa0e-5d24-4f3e-bf35-b7cea1b09e56,150.0,2025-10-18 00:17:31
c78a92e4-0637-481c-8c1a-7834338e2012,301d06ea-4707-4cf9-8a48-500e33b214ef,45e6b93e-145f-4f15-9c3d-cc8ea84c3d69,07c2e98c-db2a-4e92-8552-8a461b6d2353,249.138,2025-10-19 16:17:31
379d6ceb-f75f-40df-84d1-48a7289b44a0,301d06ea-4707-4cf9-8a48-500e33b214ef,9b2d055c-ade9-42cf-806e-1cf301a813f8,de4ebad1-a920-4ecb-a6c7-3099945ea4e5,204.37199999999999,2025-10-18 01:17:31
18c35e3e-3cbe-4639-b1fe-da5f22c0c5e2,301d06ea-4707-4cf9-8a48-500e33b214ef,ec05ba51-c173-407b-beb0-812aab31a977,5bf2e261-70cd-47b2-a184-b0f75481fdd5,200.0,2025-10-19 22:17:31
c4e009a4-0861-4775-ad5b-016f13c35196,301d06ea-4707-4cf9-8a48-500e33b214ef,23ff4b3f-ebb4-4a6e-8702-6d4bb6add46d,3970ec98-085d-4cff-ace2-b47ad81d5d9a,139.356,2025-10-20 10:17:31
9d75b260-ed68-473b-8aaa-9dcac8a06075,d8ed6b9e-2489-498f-998c-e8ce98d90cbf,688cfd34-ec1b-462d-8a28-6a7a350db677,90a3d74e-7d45-49c8-8c87-526c528afc9d,120.723,2025-10-19 03:17:31
cbc717b1-b597-4a06-adcd-cc5f2de9cf64,d8ed6b9e-2489-498f-998c-e8ce98d90cbf,b2adfc06-2f4c-42d7-9c9a-bb0436029ec9,de4ebad1-a920-4ecb-a6c7-3099945ea4e5,125.223,2025-10-19 01:17:31
68e871d5-e801-4933-a584-06a1850c2f10,d7400621-689d-4f18-83d3-b5309e886084,9c5d5eca-ba13-4da8-a7d7-4eb87fbcc1a2,3970ec98-085d-4cff-ace2-b47ad81d5d9a,272.286,2025-10-17 11:17:31
3ea11602-1b6c-4f09-af5f-99d109981147,d7400621-689d-4f18-83d3-b5309e886084,5f199ef7-71c8-42a0-a074-22981ce819ff,5bf2e261-70cd-47b2-a184-b0f75481fdd5,151.06799999999998,2025-10-17 00:17:31
6a8a7351-8c4c-4838-8b5c-9cbd7b44dc14,d7400621-689d-4f18-83d3-b5309e886084,100aadcd-6e59-40e8-a408-b41942e5a4d2,de4ebad1-a920-4ecb-a6c7-3099945ea4e5,300.0,2025-10-20 10:17:31
1e5722c4-9053-49aa-9d6f-8fa54bc677db,17e6e63b-0ef4-4413-b252-4ac8d6c24370,8f1cd2f6-6106-4f8c-bfda-b843f9d825f4,5bf2e261-70cd-47b2-a184-b0f75481fdd5,200.0,2026-05-20 16:50:14
5718e4c1-fa2f-4dbf-acb6-5c199537878e,17e6e63b-0ef4-4413-b252-4ac8d6c24370,878fb7d3-da7e-4e34-aa49-c332aa51cd32,3d5d41c8-14bf-49cd-91e6-aa9a36bea6bb,213.822,2026-05-23 23:50:14
a81626c6-7aff-415c-a03c-9602290aec47,0dca9815-d051-419c-82ce-bdaa482548da,92d1c4fe-32b7-436f-804f-005860893370,9e481250-ab48-4e77-aeab-8be45f9233dc,100.0,2026-05-20 10:12:14
08768c7a-5c76-442d-b2b1-6eb0e5f31d7c,0dca9815-d051-419c-82ce-bdaa482548da,d3f07de1-ce3b-46af-a68c-3b07e640f064,07c2e98c-db2a-4e92-8552-8a461b6d2353,437.11199999999997,2026-05-20 09:12:14
df6b9248-34e1-4bf4-b4d8-401d76146c9e,04f62460-0709-4f8f-a266-47ee161a148e,d7eb4aa2-626a-459d-b93a-d9d6bf9c4990,3970ec98-085d-4cff-ace2-b47ad81d5d9a,235.53,2026-05-20 21:49:14
30b71673-4d60-4c84-a43c-afa662af8498,2b9b3680-b9ba-4ede-a654-21dcaaae1d8e,d1d08dee-1121-4913-bde7-b10269555f2d,9ce660d5-a7ff-4a73-8d8d-815013fde01d,268.197,2026-05-20 16:09:14
42e3733d-d949-440c-8f71-ace2854718af,2b9b3680-b9ba-4ede-a654-21dcaaae1d8e,7bdfa90b-1188-4de2-9954-f8521044cef6,3d5d41c8-14bf-49cd-91e6-aa9a36bea6bb,327.633,2026-05-21 01:09:14
7c630865-8ca5-403f-a736-3a64d99a5e62,2b9b3680-b9ba-4ede-a654-21dcaaae1d8e,94716bea-43c3-4002-abb6-4d34ee1a439e,3970ec98-085d-4cff-ace2-b47ad81d5d9a,138.708,2026-05-21 07:09:14
40f9486d-e974-493f-9744-67597d741317,4f6c71cd-13e9-4676-a357-b079982616dc,230f1d93-e43f-4d54-b4b8-1f66853ab4f1,90a3d74e-7d45-49c8-8c87-526c528afc9d,133.599,2026-05-21 05:02:14
387c0914-0c12-46a5-9763-12eb29f4bde6,4f6c71cd-13e9-4676-a357-b079982616dc,875f9267-6483-4687-9e9b-1341ffbac5b3,3970ec98-085d-4cff-ace2-b47ad81d5d9a,176.034,2026-05-21 07:02:14
