order_id,customer_id,amount,timestamp,status
bbfb3755-a671-47fe-9a25-bc6c4cbb195d,f8412ced-3910-4d10-ba7b-a00d725a7e70,357.21,2026-06-18 15:10:24,completed
ca4607e9-e745-4d82-9738-8dbdd1a8e8a3,f8412ced-3910-4d10-ba7b-a00d725a7e70,3463.45,2026-06-22 08:10:24,completed
28b00df1-6cde-47b0-a1e1-943cd363fd6e,f8412ced-3910-4d10-ba7b-a00d725a7e70,4674.75,2026-07-24 11:10:24,completed
18dcb0a7-7431-4ff1-ac0d-339e6b2339be,f8412ced-3910-4d10-ba7b-a00d725a7e70,5616.83,2026-05-21 04:10:24,completed
e5a1c3b4-d0e2-436f-9da5-9dae6891bdfa,f8412ced-3910-4d10-ba7b-a00d725a7e70,902.41,2026-09-03 18:10:24,completed
ebc1ce72-9a6a-47fa-ace7-f92a0e9b4583,01cce92b-5676-448f-9219-19a23890eb4f,1168.33,2026-01-18 06:52:57,completed
5dd60d97-5717-4fd6-b21b-81c58bdaea6e,01cce92b-5676-448f-9219-19a23890eb4f,650.0,2026-06-29 17:52:57,completed
22c09e02-a05f-4dc3-aa2d-7b436175259a,01cce92b-5676-448f-9219-19a23890eb4f,775.1,2026-04-15 17:52:57,completed
886e32d3-732e-4d48-8fd4-dd91607227a8,01cce92b-5676-448f-9219-19a23890eb4f,736.81,2026-05-18 18:52:57,refunded
4858bae0-12dd-4c67-8219-2a2bc8d38b5f,01cce92b-5676-448f-9219-19a23890eb4f,956.04,2026-04-03 09:52:57,completed
5024d0a7-b8ba-4d3d-87d5-a8b4bc8d153c,01cce92b-5676-448f-9219-19a23890eb4f,608.35,2026-04-05 23:52:57,completed
2c8f814f-6546-4529-95b9-f10fe2c587e0,80064ce2-5faa-4ff3-89e6-2d0ec51c90b0,2546.5,2026-02-24 15:40:02,completed
45ed2a03-c72d-49cd-8482-4a7926bd5644,80064ce2-5faa-4ff3-89e6-2d0ec51c90b0,1276.52,2025-10-07 23:40:02,completed
f9daba0c-9113-424f-b756-11e75c5ff90c,4fe72a02-c1cb-4a85-86d5-c0f3ab26bfae,2419.17,2026-02-16 15:02:53,completed
56584ea5-5da5-44d5-abe8-f7e8b4a0e475,4fe72a02-c1cb-4a85-86d5-c0f3ab26bfae,4856.63,2026-01-12 06:02:53,completed
c4be6eed-0f1e-4db4-959e-01f7a23470fa,4fe72a02-c1cb-4a85-86d5-c0f3ab26bfae,2311.64,2026-04-07 22:02:53,completed
37770ad6-ef8b-4d7c-a1f0-17da9ec34862,4fe72a02-c1cb-4a85-86d5-c0f3ab26bfae,6937.51,2026-04-17 16:02:53,completed
a823030c-3b0f-4611-8736-df327cb04daa,d434f0a2-0acc-4264-aa8e-7f9121669d4d,523.32,2025-10-25 01:24:04,completed
515cb91a-5852-4d56-b0d5-dfbf6d9e09df,d434f0a2-0acc-4264-aa8e-7f9121669d4d,752.15,2026-02-07 08:24:04,completed
5cc45459-70f9-470b-bec9-dd8910d4b119,d434f0a2-0acc-4264-aa8e-7f9121669d4d,676.06,2025-12-17 14:24:04,completed
c65c0834-3cfa-4e5c-8b71-c19d735c2d2c,d434f0a2-0acc-4264-aa8e-7f9121669d4d,719.0,2025-11-22 21:24:04,completed
c86fc11e-ab16-4b3a-8b76-35766339b2e9,ebfb8feb-aaa9-4776-83bb-7334df1a0f8f,5733.18,2026-06-12 02:54:06,completed
cfebaea9-e70f-48a8-a500-fa5224b9e147,ebfb8feb-aaa9-4776-83bb-7334df1a0f8f,391.35,2026-03-05 11:54:06,completed
9837b07d-ca60-42bb-af90-83408b7fb096,ebfb8feb-aaa9-4776-83bb-7334df1a0f8f,7705.57,2026-05-21 07:54:06,completed
96576507-8e1b-4e35-ab1e-d9051ec45bdd,ebfb8feb-aaa9-4776-83bb-7334df1a0f8f,5208.17,2026-02-05 22:54:06,completed
d80eda1c-c34b-45f8-9196-a9743aaf1528,9d0e233c-bb55-46a4-86f6-5cb12c24237f,2356.58,2027-02-03 09:15:36,completed
de7ef77b-ebb8-4f74-a91c-8929756ae02e,9d0e233c-bb55-46a4-86f6-5cb12c24237f,6253.26,2027-02-04 19:15:36,completed
06a5cf06-283a-4586-834d-4be08c9682d4,9d0e233c-bb55-46a4-86f6-5cb12c24237f,4303.63,2027-02-09 19:15:36,completed
edd9f162-5b24-4eb3-99f4-e7fc45fbca74,9e413d8f-b603-441e-9101-0cad6b135a39,365.27,2025-12-12 19:51:14,failed
28bfb75b-d34d-48b3-b4d0-1ff554eb6742,9e413d8f-b603-441e-9101-0cad6b135a39,4344.53,2025-10-10 02:51:14,completed
66a13e90-321e-4cb3-a80f-230d3225da92,9e413d8f-b603-441e-9101-0cad6b135a39,2239.6,2025-12-21 09:51:14,completed
a6d1475e-ed2d-47d6-8f6a-9a936a1866d5,9e413d8f-b603-441e-9101-0cad6b135a39,4874.87,2026-02-28 04:51:14,completed
dfb44deb-50ad-4d23-a2bd-e9132405b7e1,f5cd7dea-cd1d-4f9f-8f0b-6cb165f142f6,7675.02,2026-11-21 18:32:02,completed
1b9c0101-b60b-4713-b2b1-9b3a5359a484,f5cd7dea-cd1d-4f9f-8f0b-6cb165f142f6,6181.7,2026-11-22 02:32:02,completed
a228e4ce-82ee-4fa4-936f-9104906d2d80,f5cd7dea-cd1d-4f9f-8f0b-6cb165f142f6,2250.69,2026-08-07 01:32:02,completed
82c21373-11d8-4fd7-bf5e-3543e360e8b1,54c2f218-60e3-4738-91aa-fb295b9fd9dd,2428.15,2026-03-10 18:39:20,completed
77deddac-11c9-49e8-8ef3-1a98633682db,54c2f218-60e3-4738-91aa-fb295b9fd9dd,6311.63,2026-03-17 14:39:20,completed
a96daa9c-fcc6-4def-b61d-1a1482a8957f,54c2f218-60e3-4738-91aa-fb295b9fd9dd,7968.88,2025-10-13 16:39:20,completed
5844181b-2de7-43bb-9dde-05eb30779f24,54c2f218-60e3-4738-91aa-fb295b9fd9dd,4086.26,2025-12-04 09:39:20,completed
ac263928-7b5d-44e5-9781-10438a3756e9,aaa758cd-850b-41af-933e-de4a8d01722b,5808.58,2026-09-08 00:29:51,completed
49a0bac6-ff05-43dd-a110-fd9419da4121,aaa758cd-850b-41af-933e-de4a8d01722b,2229.59,2026-04-14 23:29:51,completed
a954db81-6812-4d4c-bc00-6888b2e3ba48,aaa758cd-850b-41af-933e-de4a8d01722b,306.68,2026-08-02 01:29:51,completed
d53161da-3c57-44e9-ab7f-7c7ebe32b2a7,b4388f93-c364-4b37-9f06-755447b882c6,3313.24,2026-04-16 03:27:20,completed
fbc2d655-3d52-49a6-83e8-68609112f9aa,b4388f93-c364-4b37-9f06-755447b882c6,6799.18,2026-07-11 20:27:20,completed
d7737b27-448f-4840-a46c-1d45a920d0db,b4388f93-c364-4b37-9f06-755447b882c6,3260.06,2026-03-25 22:27:20,completed
e5161582-3ea0-4aec-9211-17d5b13c7d66,b4388f93-c364-4b37-9f06-755447b882c6,7499.82,2026-07-09 08:27:20,completed
3f3faebb-2ef4-4d97-af85-3b761d36f2cf,b4388f93-c364-4b37-9f06-755447b882c6,5168.5,2026-08-29 14:27:20,completed
c73db183-f4e8-4fd6-8d9f-8f9e877f7367,d1171281-f751-4230-b408-abc908057331,767.71,2025-09-23 11:03:21,completed
2315893b-923f-4b9c-be74-edb76c9ab07b,d1171281-f751-4230-b408-abc908057331,431.46,2026-03-07 14:03:21,completed
42ef1a8a-85cf-4c7d-8d5c-45a5fce06f3b,d1171281-f751-4230-b408-abc908057331,1117.17,2025-11-10 17:03:21,completed
fce6a1d9-bd99-41fc-9606-b201f6146624,d1171281-f751-4230-b408-abc908057331,906.23,2025-12-23 23:03:21,completed
23ec7586-97b1-416a-b0f7-827019769332,d1171281-f751-4230-b408-abc908057331,975.79,2025-10-28 09:03:21,completed
fc0c1c1e-3509-4cc4-9cbd-ce5ed64beb66,d1171281-f751-4230-b408-abc908057331,832.44,2026-01-26 20:03:21,completed
3b117777-eb19-460a-aa6f-73de961913c1,d1171281-f751-4230-b408-abc908057331,413.13,2026-02-06 22:03:21,completed
66828d49-f66e-438d-970c-ca0186d6c537,7f822c84-e52b-49c1-ac08-a7b832a1a639,6514.7,2026-08-22 21:01:53,completed
be17fd3b-f165-4d20-9977-e9c8325c7850,7f822c84-e52b-49c1-ac08-a7b832a1a639,4431.52,2026-12-08 06:01:53,completed
5586fc84-2dc7-4360-a109-10ff5e05829a,7f822c84-e52b-49c1-ac08-a7b832a1a639,1390.25,2026-10-10 11:01:53,failed
af73177c-4d2e-4690-b1af-6802e4d35269,1e09b38a-c34b-49a9-b13e-49da19383e27,5699.99,2026-06-26 09:28:58,completed
8b524371-a8b1-4157-ab83-69a9bdcf7c4f,1e09b38a-c34b-49a9-b13e-49da19383e27,2666.5,2026-04-11 10:28:58,completed
2ad7dbcb-28c2-491a-a7f7-00ec797fe4d1,09c054ee-c511-4405-9603-3e1767f4a3ec,6594.52,2025-10-17 09:52:07,completed
d64fd55a-27d6-4118-9505-f0cf3a584e65,09c054ee-c511-4405-9603-3e1767f4a3ec,6494.29,2026-02-03 10:52:07,completed
343fd8ba-e43c-438d-ba9c-ffe17d03f4c3,09c054ee-c511-4405-9603-3e1767f4a3ec,7814.07,2026-02-24 03:52:07,completed
404fdd4f-6e06-4317-8e2d-df085a4176d8,09c054ee-c511-4405-9603-3e1767f4a3ec,6406.88,2025-10-09 01:52:07,completed
b2abc44d-6ef8-4bd5-a84c-fa0f4f918a26,1b8b3c72-dadb-434f-92b2-08cf22ee88bd,1401.78,2026-01-14 12:45:31,completed
f9f970eb-448a-4450-8995-f27841073454,1b8b3c72-dadb-434f-92b2-08cf22ee88bd,1644.03,2026-01-08 03:45:31,completed
daac2f84-b73e-4bc0-bf21-0aac1865e682,1b8b3c72-dadb-434f-92b2-08cf22ee88bd,5012.78,2026-02-13 19:45:31,completed
2617bdcb-2bc7-4557-a574-7754ed1c37d5,1b8b3c72-dadb-434f-92b2-08cf22ee88bd,4594.37,2025-12-01 01:45:31,completed
989613cc-ba9e-48ac-9110-5dc73e09bc18,1b8b3c72-dadb-434f-92b2-08cf22ee88bd,6943.03,2026-01-27 17:45:31,refunded
b9ae92f2-3e3d-4ca9-83d7-b66ef0f4a24c,81bfc756-8058-4218-8f02-9eed6ce5e612,2428.48,2026-11-29 05:39:41,completed
efcd6475-d6fc-4b6b-873e-45f4f52f23c4,81bfc756-8058-4218-8f02-9eed6ce5e612,7318.43,2026-09-10 06:39:41,completed
c165bb07-f992-4e8b-ab9d-e5b50fa57d18,7d5b4565-59b8-42ab-9159-df648361ffa0,628.05,2026-01-14 11:00:17,completed
60bd2977-bd72-42eb-9e32-18ebc3ee41b9,7d5b4565-59b8-42ab-9159-df648361ffa0,1006.73,2026-04-10 05:00:17,completed
d597c688-c0c6-4d06-8a60-535fb28fb567,7d5b4565-59b8-42ab-9159-df648361ffa0,1028.39,2026-01-28 03:00:17,completed
be4c2b8c-8eb8-4933-bebd-476426ce7663,6b58aea2-8a4d-42ab-a9b6-a1963965c2f8,863.81,2025-11-09 05:19:29,completed
43ee7f0c-4ab8-4976-9741-717958f2ab9f,6b58aea2-8a4d-42ab-a9b6-a1963965c2f8,488.11,2026-05-01 09:19:29,completed
5ec6d84c-05cf-47d3-8ca9-ce6e3c2ce78c,6b58aea2-8a4d-42ab-a9b6-a1963965c2f8,559.96,2026-01-08 22:19:29,completed
08361b29-2c45-4f24-aebd-08d781eec583,6b58aea2-8a4d-42ab-a9b6-a1963965c2f8,443.47,2025-11-27 14:19:29,completed
8d9948d7-57fe-4dcc-98e9-0044a66c9543,84e8d23f-c345-4ccc-8776-ff8972d983ec,3175.84,2026-08-25 02:57:39,completed
0f672edf-3795-4f2b-96b6-e3a678de1371,84e8d23f-c345-4ccc-8776-ff8972d983ec,2376.65,2026-05-10 08:57:39,completed
69047d6b-ca9c-46a3-802c-6f3f99ca6d98,84e8d23f-c345-4ccc-8776-ff8972d983ec,2460.65,2026-03-30 10:57:39,completed
616683d8-6b41-4ca5-8b84-b454ea1c480b,c67f301a-aa16-4ab9-9ffe-1b7fa53188bb,1992.87,2026-05-29 02:47:45,completed
d7cf78bf-6246-4210-898f-78d49e8b223e,c67f301a-aa16-4ab9-9ffe-1b7fa53188bb,7272.95,2026-03-23 17:47:45,completed
bb2796e5-7371-473f-b2b4-db1f109e7cba,c67f301a-aa16-4ab9-9ffe-1b7fa53188bb,6898.7,2026-07-02 04:47:45,completed
6211052a-0c12-45a7-80ba-bfc8ca24791e,c67f301a-aa16-4ab9-9ffe-1b7fa53188bb,3863.27,2026-04-07 15:47:45,completed
320dbf74-f213-4d3c-9e2d-693f06c591cc,16c0b169-137a-4e71-9749-32c81ec35cef,4761.9,2026-09-07 04:06:08,completed
032dfa42-52e3-44a6-8b69-4db25c0ab660,16c0b169-137a-4e71-9749-32c81ec35cef,7216.54,2026-12-04 01:06:08,completed
2c680334-5ab7-458a-8a5e-4bf8e2e97adf,16c0b169-137a-4e71-9749-32c81ec35cef,5947.77,2026-07-16 22:06:08,completed
fe216701-8a6b-4b94-9692-f94520f93cd3,2799471e-9d7c-4260-b92e-0e3ccaae10fd,5664.23,2026-02-23 18:13:11,completed
f576496d-3281-4928-984d-dffce538f310,2799471e-9d7c-4260-b92e-0e3ccaae10fd,6098.71,2026-03-21 10:13:11,completed
86c1fd94-337e-493f-83dd-96d231187915,2799471e-9d7c-4260-b92e-0e3ccaae10fd,2577.59,2026-02-27 09:13:11,completed
a209d415-1279-43b8-ac86-9f8e9fe2a294,2799471e-9d7c-4260-b92e-0e3ccaae10fd,2647.24,2025-12-08 03:13:11,completed
056aa3f9-66f7-4225-a04a-0fb6e6e80592,3b69fb77-0b45-487e-bddf-806885392956,5965.36,2026-06-25 12:40:20,completed
d466037b-5bce-4b37-98cc-457824ccf2e6,3b69fb77-0b45-487e-bddf-806885392956,1154.44,2026-11-24 04:40:20,completed
d6aeca7d-0894-44f2-a808-5f56500584ef,9796ed55-64a6-4757-9067-124b8fd8e964,4602.69,2026-05-13 13:14:56,completed
566f713d-f6a4-4e5e-9666-9045a4e3c92c,9796ed55-64a6-4757-9067-124b8fd8e964,2137.47,2026-04-02 06:14:56,completed
a530b209-5640-4aa6-aa70-77bf46ef8c91,9796ed55-64a6-4757-9067-124b8fd8e964,4766.92,2026-06-12 01:14:56,completed
6d430f04-719d-4afa-a82d-6e24cfd90658,9796ed55-64a6-4757-9067-124b8fd8e964,2767.57,2026-04-04 01:14:56,completed
78fdff43-f65e-490d-8cdc-3d88308bc704,d6089059-b853-456a-9c91-c7bd3864408c,3170.67,2026-06-25 13:34:50,completed
9048997b-b0c9-4921-a498-58fbc4cad830,d6089059-b853-456a-9c91-c7bd3864408c,3920.26,2026-07-15 21:34:50,completed
ad59b6e3-c45a-4d8d-b7d1-bfc418102f92,d6089059-b853-456a-9c91-c7bd3864408c,3134.72,2026-07-23 14:34:50,completed
ab2696ba-774a-48b5-92be-4256335ff476,d6089059-b853-456a-9c91-c7bd3864408c,7106.64,2026-09-02 07:34:50,completed
baf3d57e-cc6d-4359-b40d-468be55b1e87,0477512b-8971-49ed-a676-d7a75f1031d7,892.49,2026-06-30 11:33:28,completed
1017ce04-1ef9-46d6-8315-8ae364e75069,0477512b-8971-49ed-a676-d7a75f1031d7,1458.84,2026-06-14 00:33:28,completed
425e6746-7c2f-48a1-a3cf-e27a5c14a1e2,0477512b-8971-49ed-a676-d7a75f1031d7,7765.72,2026-10-23 02:33:28,completed
2855d68a-3ef2-4eb6-acab-f3b5e704d221,0477512b-8971-49ed-a676-d7a75f1031d7,3717.72,2026-06-18 17:33:28,completed
fc13ccdb-e9f7-4534-a669-6eaf4768dc80,cefd81b5-4ecd-4b97-b33b-7f772e6b8067,2088.93,2026-08-06 20:53:09,completed
6127259d-f12e-455f-961f-7a19ee9804d3,cefd81b5-4ecd-4b97-b33b-7f772e6b8067,2939.5,2027-01-03 06:53:09,completed
9048fcd3-fe78-405b-9028-148e6381e6f9,cefd81b5-4ecd-4b97-b33b-7f772e6b8067,5665.85,2026-10-13 11:53:09,completed
f422c0ff-bd78-40f2-b0d7-b3141fd275e5,cefd81b5-4ecd-4b97-b33b-7f772e6b8067,1316.05,2026-11-12 10:53:09,completed
a303c1c1-555c-4e95-9d33-75a22416cd9b,cefd81b5-4ecd-4b97-b33b-7f772e6b8067,3163.65,2026-09-03 04:53:09,completed
87931354-21e1-4293-9e96-bb3e184e81ed,cefd81b5-4ecd-4b97-b33b-7f772e6b8067,3810.63,2026-08-03 00:53:09,completed
9343e555-5bbf-4cde-af7d-e68c33658d3e,d8c194ff-2249-4a44-9ce0-7bc09adb4e02,1650.27,2026-10-02 23:45:39,completed
1907d025-eb8d-49c6-a1e3-78c771a0733c,f1ff8fd0-ddf4-4b2b-81ed-1c6fd62bc765,616.87,2026-07-14 12:22:20,completed
ab88bed7-33c9-4364-98f1-510bef859e00,f1ff8fd0-ddf4-4b2b-81ed-1c6fd62bc765,1720.62,2026-07-07 21:22:20,completed
aba54bef-eaa0-4136-aa27-98dd8f29b7cc,7d377d4a-8a78-44ca-9e67-889f0f05bdc9,4456.97,2026-01-07 18:38:44,completed
013568f3-3767-45c4-a683-40e46c17b950,7d377d4a-8a78-44ca-9e67-889f0f05bdc9,3415.13,2025-12-27 17:38:44,completed
3b6a952b-7e43-4ed3-8cc9-f896193b9f92,7d377d4a-8a78-44ca-9e67-889f0f05bdc9,1501.61,2025-11-18 04:38:44,refunded
9d69cbfb-5917-4c19-b7f4-d3d2a372d304,7d377d4a-8a78-44ca-9e67-889f0f05bdc9,5731.98,2026-02-28 06:38:44,completed
62cb56d5-92dd-4adc-b0e8-51dd4f5a5df1,7d377d4a-8a78-44ca-9e67-889f0f05bdc9,6456.74,2025-12-25 08:38:44,completed
a040f3b9-480e-4e8a-b913-37e811497255,7d377d4a-8a78-44ca-9e67-889f0f05bdc9,5933.63,2026-02-02 00:38:44,completed
2d05259f-b703-4836-912a-cb0c07e9fcbe,7d377d4a-8a78-44ca-9e67-889f0f05bdc9,2672.23,2025-11-16 11:38:44,completed
04dfdcdd-530d-4335-819a-cbf987072d13,7d377d4a-8a78-44ca-9e67-889f0f05bdc9,2813.02,2025-12-07 04:38:44,completed
1b1f111b-2e86-41d9-a29f-24de0a4df183,7d377d4a-8a78-44ca-9e67-889f0f05bdc9,6315.88,2025-11-30 08:38:44,completed
2068acee-6e12-4be1-9fe7-a4f75efd311f,7d377d4a-8a78-44ca-9e67-889f0f05bdc9,6840.78,2025-11-30 14:38:44,completed
f1e51677-fbec-4b6d-b2d3-54b90c883296,7d377d4a-8a78-44ca-9e67-889f0f05bdc9,4076.58,2025-11-03 06:38:44,completed
24713ace-9051-4113-b07d-603747ea26c3,7d377d4a-8a78-44ca-9e67-889f0f05bdc9,3080.2,2026-02-18 15:38:44,completed
c03e8a3c-d220-496e-96ce-d575c1726d0a,7d377d4a-8a78-44ca-9e67-889f0f05bdc9,393.87,2026-01-29 01:38:44,completed
42b56cf5-d104-4c4f-a272-aafde60ef249,7d377d4a-8a78-44ca-9e67-889f0f05bdc9,974.51,2025-12-29 04:38:44,completed
c1483aee-0ef1-41bc-be50-cac2554a5238,7d377d4a-8a78-44ca-9e67-889f0f05bdc9,6488.38,2026-02-02 13:38:44,completed
90448b66-d375-42de-a359-aae5bc5b6fd6,7d377d4a-8a78-44ca-9e67-889f0f05bdc9,1374.67,2026-01-28 13:38:44,completed
0522a9b6-9403-4ef4-8ae8-d3ce415b6961,7d377d4a-8a78-44ca-9e67-889f0f05bdc9,3954.52,2025-11-02 18:38:44,completed
92b48bfc-375d-428b-a2e4-67b19a842be3,7d377d4a-8a78-44ca-9e67-889f0f05bdc9,4848.23,2026-01-04 16:38:44,completed
e72d229f-fc6c-4f36-b480-e97260860643,7d377d4a-8a78-44ca-9e67-889f0f05bdc9,2404.63,2025-10-13 03:38:44,completed
1a2815be-8af4-47c3-b9fd-029aaf8b371c,7d377d4a-8a78-44ca-9e67-889f0f05bdc9,7344.52,2026-02-07 12:38:44,completed
be0c17e0-b130-4d33-a702-13bf379d82de,a80ed855-e71c-44bf-9856-5dce200bd576,6635.55,2026-10-02 22:55:35,completed
907884dd-cc5b-4ee4-8462-b447871aee27,a80ed855-e71c-44bf-9856-5dce200bd576,5996.89,2026-12-16 14:55:35,completed
48884ac8-60dd-4a52-9d63-b4e62dc81208,a80ed855-e71c-44bf-9856-5dce200bd576,7661.4,2026-07-20 09:55:35,completed
0336834a-41a1-4f02-98fb-9bd3c6dcd627,a80ed855-e71c-44bf-9856-5dce200bd576,7173.69,2026-11-17 08:55:35,completed
2b733f71-d96d-45f6-85e0-8ce15b06ef25,a80ed855-e71c-44bf-9856-5dce200bd576,519.01,2026-11-23 03:55:35,completed
5c336312-a082-4ed6-8c10-f4ca73030289,20bcacf5-0ace-4875-b2eb-fe6b31d127c8,5199.1,2026-02-18 00:14:38,completed
28f3a6f7-64d0-4dee-b034-58c99b9b8772,20bcacf5-0ace-4875-b2eb-fe6b31d127c8,5219.89,2026-02-17 01:14:38,completed
e59b9749-83a8-4666-8777-a1cd5cc639b4,b831a725-5f4f-41a5-94fb-2d04c0ebc5dc,4910.47,2026-06-10 09:04:20,completed
aeb1516c-ffcd-4570-8288-c5b71af10b01,b831a725-5f4f-41a5-94fb-2d04c0ebc5dc,5574.25,2026-03-24 14:04:20,completed
98282cc5-d13e-445d-bbc8-0f33c3c14eae,b831a725-5f4f-41a5-94fb-2d04c0ebc5dc,1037.92,2026-06-26 02:04:20,completed
9a89129a-d6c8-4bfc-8daa-d00119b6f260,b831a725-5f4f-41a5-94fb-2d04c0ebc5dc,2466.92,2026-02-06 04:04:20,completed
91c3c7b8-cd17-4774-a0c3-9ace2006b01e,b831a725-5f4f-41a5-94fb-2d04c0ebc5dc,1555.32,2026-04-16 14:04:20,completed
cf034388-45ea-44b7-9d51-bc482294b79d,b831a725-5f4f-41a5-94fb-2d04c0ebc5dc,6422.32,2026-05-09 11:04:20,completed
394322b1-daf8-421a-a0dc-5e0033b0a0da,b831a725-5f4f-41a5-94fb-2d04c0ebc5dc,5786.61,2026-06-26 20:04:20,completed
876f93a3-84db-4f17-89a9-0354028f3427,b831a725-5f4f-41a5-94fb-2d04c0ebc5dc,888.28,2026-01-30 17:04:20,completed
61602c88-61f7-461b-8f67-4d6e1dac196c,a44873ec-6de2-4f84-ab6b-73ebfa898cff,3091.78,2026-01-06 13:49:28,completed
693616f2-a91a-4011-90a1-46ae09ecc623,a44873ec-6de2-4f84-ab6b-73ebfa898cff,2933.75,2026-02-05 18:49:28,completed
227c7f26-ef46-4114-999b-ff17754a813b,a44873ec-6de2-4f84-ab6b-73ebfa898cff,2012.16,2025-09-14 01:49:28,completed
61898a8d-1823-4a4e-aad7-dfa7f0e506ac,a44873ec-6de2-4f84-ab6b-73ebfa898cff,1265.15,2025-10-13 00:49:28,completed
3ae189c1-d678-45a2-86f3-4d40858700c6,1c39330d-179d-40b7-895c-c8f8ee125424,6131.47,2025-12-26 16:13:16,completed
dc903a31-6f23-4e8d-bc3f-e3fc16bf4790,1c39330d-179d-40b7-895c-c8f8ee125424,4253.79,2026-01-03 17:13:16,completed
55f6ee7b-6ce3-4c66-b81f-479efe8501f6,1c39330d-179d-40b7-895c-c8f8ee125424,2622.67,2026-01-07 00:13:16,completed
b099da14-6c0f-4d79-915b-03a1593f6fe9,1c39330d-179d-40b7-895c-c8f8ee125424,1881.59,2025-12-31 19:13:16,completed
163d1338-85c8-4858-b10f-0482c4d6bfa3,1c39330d-179d-40b7-895c-c8f8ee125424,999.0,2026-01-24 13:13:16,completed
70a49b67-4720-44c4-a054-115d7466e1ef,1c39330d-179d-40b7-895c-c8f8ee125424,1536.29,2026-02-17 10:13:16,completed
fbf4b944-1900-49e3-9507-167d6617948d,1c39330d-179d-40b7-895c-c8f8ee125424,826.2,2026-05-12 23:13:16,completed
a0bc0163-3579-4991-b5ec-9ed1f75e5f04,1c39330d-179d-40b7-895c-c8f8ee125424,1774.92,2025-12-11 08:13:16,completed
50fc869b-3c6f-4907-9a23-f7b4e340cde9,1c39330d-179d-40b7-895c-c8f8ee125424,1059.88,2026-04-23 16:13:16,completed
7a3a719c-bd89-4e02-8c66-c905ee38a9d8,1c39330d-179d-40b7-895c-c8f8ee125424,5675.62,2026-04-16 14:13:16,completed
687ac9d6-043b-443f-ba39-540433342e78,1c39330d-179d-40b7-895c-c8f8ee125424,3032.13,2026-05-28 19:13:16,completed
4e34810e-76b6-4354-9b2b-6be4c360e4f1,1c39330d-179d-40b7-895c-c8f8ee125424,1168.91,2026-01-31 08:13:16,refunded
f286519b-cb60-451e-871c-14f6b51d991a,1c39330d-179d-40b7-895c-c8f8ee125424,1346.53,2026-01-08 06:13:16,completed
4fe3bbbb-e347-45b0-9129-afa3c2805d63,58d8a19d-a5af-43d9-ba3f-09d3d0cb69a4,2826.49,2026-09-14 01:14:32,completed
9b2df59a-3050-4a85-9521-36cdecfd79e3,58d8a19d-a5af-43d9-ba3f-09d3d0cb69a4,2702.45,2026-07-05 16:14:32,refunded
e9be19e5-aab0-4f12-92d8-a0fc4f1b6191,58d8a19d-a5af-43d9-ba3f-09d3d0cb69a4,2537.54,2026-08-15 09:14:32,completed
1de0099a-2ad9-491a-bb32-29be1a2264c0,58d8a19d-a5af-43d9-ba3f-09d3d0cb69a4,6478.76,2026-06-11 04:14:32,completed
430baa07-a605-4a7e-8c32-1c8166c29c5b,58d8a19d-a5af-43d9-ba3f-09d3d0cb69a4,5491.02,2026-07-27 07:14:32,failed
e98556e6-5383-40b8-886b-54386cb20085,be7f82a0-d062-41bf-a981-b55689b6d9f9,5509.19,2026-03-14 08:39:27,completed
e599746a-5a08-4293-b8b2-783b3e87d202,be7f82a0-d062-41bf-a981-b55689b6d9f9,7827.3,2026-03-14 06:39:27,completed
07699361-e4c1-4d0b-a4f9-263590da5eb0,be7f82a0-d062-41bf-a981-b55689b6d9f9,1832.97,2026-01-14 20:39:27,completed
fa411e28-3a77-43b5-9875-4a96fe47e45c,57de31a3-c403-4e85-9ca2-105927b59cfe,3570.22,2026-10-14 17:02:29,completed
1d7e37d7-a352-49e9-acd7-652d01a387c7,57de31a3-c403-4e85-9ca2-105927b59cfe,6379.09,2026-11-29 08:02:29,completed
056bc709-3e03-4c3a-9407-6364fde88c82,d923df0d-c884-4b58-8e28-ac2963ad8072,3414.22,2026-09-29 05:56:34,completed
9292ef30-0a28-4e1d-af62-a77f6e005573,d923df0d-c884-4b58-8e28-ac2963ad8072,1131.88,2026-08-09 12:56:34,completed
32da775f-5b76-4758-b0a2-ee058e42a417,d923df0d-c884-4b58-8e28-ac2963ad8072,1336.48,2026-10-04 15:56:34,completed
f2844079-ece5-4f4e-a11e-b8a6e7e14fa1,d923df0d-c884-4b58-8e28-ac2963ad8072,505.97,2026-06-12 10:56:34,completed
a4a56fea-22c7-4d96-ac9e-81bf247b2b67,d923df0d-c884-4b58-8e28-ac2963ad8072,2631.2,2026-11-01 05:56:34,completed
0d51f2e7-ff26-47ac-8bf8-50107c20a266,dbedd796-78c8-4604-acf6-8f91af950203,3616.24,2026-08-04 19:02:57,completed
7f94a12d-8ba6-4419-b3d7-a158710b4f5c,dbedd796-78c8-4604-acf6-8f91af950203,4680.19,2026-08-26 12:02:57,completed
39fa7f36-9f7f-493f-a9fc-c2bdf556be57,88be8dd7-ee0c-42e6-abcd-f5249587b9ba,4629.37,2026-12-03 17:49:51,completed
336cb960-972c-4439-a60f-e669b8695b04,88be8dd7-ee0c-42e6-abcd-f5249587b9ba,4851.05,2026-08-01 11:49:51,completed
9dd5ab1d-3621-4b3c-9793-ffca2bd304e8,88be8dd7-ee0c-42e6-abcd-f5249587b9ba,2490.17,2027-01-07 10:49:51,completed
8eafb9ed-bba3-495b-87eb-77b934008094,83eed03a-3f68-4697-81b8-fad726798667,6013.84,2025-11-19 05:43:31,completed
7889d3e4-4a5c-44ca-b339-4c7e8abc5551,83eed03a-3f68-4697-81b8-fad726798667,3596.74,2026-03-27 04:43:31,refunded
1baae951-35ce-4e1a-a170-c8374679aafe,83eed03a-3f68-4697-81b8-fad726798667,2180.56,2026-01-31 05:43:31,completed
de383a03-b208-4e68-9b80-98269ddada11,83eed03a-3f68-4697-81b8-fad726798667,5597.53,2026-01-05 12:43:31,completed
47fd406b-1046-47b4-a770-20fc9df79a4c,0c0b089d-1183-48ee-8e1c-2fff2a02b9fe,429.9,2026-03-03 01:21:34,completed
1c5a9b6e-0e2b-4f29-abeb-7cdfe1ec7924,0c0b089d-1183-48ee-8e1c-2fff2a02b9fe,736.94,2026-06-19 18:21:34,completed
b54721ac-7886-4d41-95ff-155a03ad604e,0c0b089d-1183-48ee-8e1c-2fff2a02b9fe,653.21,2026-07-01 18:21:34,failed
badd245b-adda-461b-b492-ba568db4eb6b,0c0b089d-1183-48ee-8e1c-2fff2a02b9fe,478.18,2026-07-27 12:21:34,completed
001c385e-5621-4856-a5d6-83d5e3e538ee,566115aa-ea44-47e6-9824-ee4f2b2b3759,6548.22,2026-09-13 06:47:36,completed
63250722-78fa-4c95-909a-9caf6f0a23f8,566115aa-ea44-47e6-9824-ee4f2b2b3759,7764.59,2026-09-03 15:47:36,completed
e21d35da-5869-4270-85ea-596fa3238551,566115aa-ea44-47e6-9824-ee4f2b2b3759,4425.92,2026-12-31 22:47:36,completed
285478e6-d8b7-406c-a011-dae9c5b80c97,566115aa-ea44-47e6-9824-ee4f2b2b3759,3395.61,2026-08-04 05:47:36,completed
6372de6f-aedf-46b5-9c2e-d70941681010,566115aa-ea44-47e6-9824-ee4f2b2b3759,1029.45,2026-08-15 18:47:36,completed
9cfa8836-4f1b-45e3-a07b-ad4a4da15bdb,566115aa-ea44-47e6-9824-ee4f2b2b3759,3959.57,2026-08-09 14:47:36,completed
4fff4980-0e9d-4db4-a750-394686d30645,0596074f-73e7-42cd-87e0-cd1a7b929190,2609.3,2026-06-17 13:34:13,completed
57521d55-3a1a-4a02-82ac-8870c1beb282,0596074f-73e7-42cd-87e0-cd1a7b929190,2234.74,2026-03-23 10:34:13,completed
898219d1-7f26-4158-ac3a-beab47e55360,0596074f-73e7-42cd-87e0-cd1a7b929190,443.25,2026-06-22 21:34:13,completed
311fef96-764b-43be-aced-22e8aab3c3d4,0596074f-73e7-42cd-87e0-cd1a7b929190,5388.21,2026-02-18 22:34:13,completed
34a8e241-4da3-4f53-98f9-044b28ffc115,0596074f-73e7-42cd-87e0-cd1a7b929190,4401.94,2026-05-01 12:34:13,completed
109f1327-6f68-4954-9973-f92fe30f3a27,0596074f-73e7-42cd-87e0-cd1a7b929190,761.09,2026-04-23 22:34:13,completed
c0ddfea7-fcfa-4d3a-aa7c-bf5720c44517,0f602494-930c-4050-8f4e-23ba5cfeebe3,6194.58,2026-10-05 00:38:09,completed
350a5dc3-231e-4030-91e2-5ed23a46a152,0f602494-930c-4050-8f4e-23ba5cfeebe3,7315.76,2026-11-18 06:38:09,completed
2bbdf8b5-0404-4c51-be38-36e93c55376f,0f602494-930c-4050-8f4e-23ba5cfeebe3,5274.53,2026-11-18 04:38:09,completed
1819daf2-9816-49af-9964-201baeac39ff,0f602494-930c-4050-8f4e-23ba5cfeebe3,1174.4,2027-01-05 03:38:09,completed
930147d2-3b60-4221-bcda-b7284e194099,275a0aaa-6b3d-4daf-80ce-d4f46049a0dc,7932.96,2026-07-22 07:47:57,completed
2ab98273-416c-48a6-a6e5-d0c410bfba05,275a0aaa-6b3d-4daf-80ce-d4f46049a0dc,1350.52,2026-05-12 23:47:57,completed
c6c5a96c-cb73-4e49-a729-8d69e0acc8f3,275a0aaa-6b3d-4daf-80ce-d4f46049a0dc,5261.06,2026-07-14 14:47:57,completed
43d5ccd3-950e-41bc-9f6f-119766d72b96,e0892287-b091-4ba3-a16b-33cc0f24a9b9,946.26,2026-01-29 05:43:27,completed
f190da09-407d-46e9-906b-a7bc533c7aec,e0892287-b091-4ba3-a16b-33cc0f24a9b9,5471.87,2026-02-09 17:43:27,completed
491056b3-818a-45d8-9c96-ff336bd60d58,e0892287-b091-4ba3-a16b-33cc0f24a9b9,2117.52,2026-05-06 03:43:27,completed
71806374-0379-425d-a65e-d9fea621f2d7,e0892287-b091-4ba3-a16b-33cc0f24a9b9,6683.16,2026-06-01 07:43:27,completed
96c454d2-48d0-416e-a31f-9aba96533f20,ea299d9c-ee79-496d-a89c-482fa157eb2a,2133.19,2026-05-01 17:27:35,completed
718bf640-605f-4d6b-bb4e-91f7530c0866,ea299d9c-ee79-496d-a89c-482fa157eb2a,5976.72,2026-05-17 12:27:35,completed
019ff65c-3914-4d43-ae59-639fd3b434d7,ea299d9c-ee79-496d-a89c-482fa157eb2a,1122.47,2026-04-27 15:27:35,completed
b2b9cda2-71e3-4967-bdca-b3d69c57682b,ea299d9c-ee79-496d-a89c-482fa157eb2a,6944.33,2026-05-07 16:27:35,completed
5cbd7070-3f95-454f-bf9f-548ad7206b3d,4485ddc2-7f25-4482-908f-83b569286f80,3563.12,2026-07-24 20:31:30,completed
68364d7f-c96b-47e8-9f42-6cb21a8ff8d6,4485ddc2-7f25-4482-908f-83b569286f80,5810.67,2026-04-07 21:31:30,completed
1ac35da0-a73e-4820-b15f-f50b8436a1e9,9c2b20fb-c1d0-4715-af00-98e22c7a41ec,6373.78,2026-05-24 23:57:47,completed
e8a475d3-980f-4cbb-9bcf-2fdb956f62ad,9c2b20fb-c1d0-4715-af00-98e22c7a41ec,7680.32,2026-04-27 10:57:47,completed
61cdb355-8687-4d54-b5b4-2bfc6391746c,9c2b20fb-c1d0-4715-af00-98e22c7a41ec,2120.14,2026-05-31 01:57:47,completed
8bf6f187-3287-483a-854e-7ab6793ac241,9c2b20fb-c1d0-4715-af00-98e22c7a41ec,7368.04,2025-12-09 10:57:47,completed
f1723b00-9090-4611-a546-d7962b45c78e,9c2b20fb-c1d0-4715-af00-98e22c7a41ec,7154.9,2026-02-05 07:57:47,completed
2f893af0-d3da-48a1-a4a7-16c3960984db,9c2b20fb-c1d0-4715-af00-98e22c7a41ec,6203.9,2026-05-17 08:57:47,completed
5d876747-f1d8-4e87-ba3f-394ec92c7aac,9c2b20fb-c1d0-4715-af00-98e22c7a41ec,6638.62,2025-12-15 06:57:47,completed
b37fff27-6f0e-414d-96fe-3434e0c500eb,9c2b20fb-c1d0-4715-af00-98e22c7a41ec,6776.96,2026-04-06 21:57:47,completed
7cfdb630-0e82-4c09-91a1-ba7968059b55,9c2b20fb-c1d0-4715-af00-98e22c7a41ec,4198.78,2026-01-01 03:57:47,completed
5b295647-e205-4f4a-8d48-d35d4a4a71f8,9c2b20fb-c1d0-4715-af00-98e22c7a41ec,5980.95,2026-05-10 21:57:47,completed
ebde30d0-e31d-4d98-aff1-9d4455b91cbf,9c2b20fb-c1d0-4715-af00-98e22c7a41ec,1714.8,2025-12-13 23:57:47,completed
44748dd2-1c18-4a2a-8689-72fa500687d8,473d4698-8b2c-4375-8582-c5fefa905422,2652.72,2026-03-26 06:51:17,completed
f972a176-07e5-4724-86de-7604bb49e27e,473d4698-8b2c-4375-8582-c5fefa905422,5794.44,2026-04-22 23:51:17,completed
0d20a70b-b41f-4a6d-bdd3-bb4880ae2c14,473d4698-8b2c-4375-8582-c5fefa905422,5580.3,2026-09-07 22:51:17,completed
6c489ca3-81ab-477c-9244-6f8eb2b90501,473d4698-8b2c-4375-8582-c5fefa905422,5960.83,2026-06-15 08:51:17,completed
a5550673-5936-4dfe-986c-c09f1a2c3911,473d4698-8b2c-4375-8582-c5fefa905422,6456.37,2026-09-17 12:51:17,completed
f7bc6c47-d5b9-4def-b882-c956daaaf7b3,473d4698-8b2c-4375-8582-c5fefa905422,7048.2,2026-07-10 05:51:17,completed
68668aa7-98dd-4cf4-9fbe-84b1409f6a72,473d4698-8b2c-4375-8582-c5fefa905422,476.87,2026-08-19 01:51:17,failed
71716ebe-7e7e-43cc-9c39-fb71e072a02a,f1b90ef4-bfb3-4828-ae97-d16e6fde2725,985.12,2026-05-18 03:53:05,completed
bf20772f-74ea-4c0a-90b7-c412d8bf31fe,f1b90ef4-bfb3-4828-ae97-d16e6fde2725,683.33,2026-02-18 05:53:05,completed
50d7a4be-e799-4323-b111-daadd060f392,88f9d731-c1eb-487a-a1c5-a15407ac2cc9,2212.05,2026-08-15 16:24:03,completed
dbcbd1d2-187b-46f4-8ddd-16e62330c6f1,88f9d731-c1eb-487a-a1c5-a15407ac2cc9,3910.39,2026-11-28 11:24:03,completed
522dc81b-f65e-48be-9960-5154643ccdd9,88f9d731-c1eb-487a-a1c5-a15407ac2cc9,5792.69,2026-12-10 09:24:03,completed
c0ab1075-91b8-46f9-adf8-60b66dd05d4e,88f9d731-c1eb-487a-a1c5-a15407ac2cc9,4588.9,2026-11-15 05:24:03,completed
2829cca3-0268-4f4c-bedd-e92479e4caec,88f9d731-c1eb-487a-a1c5-a15407ac2cc9,7974.89,2026-08-15 12:24:03,completed
cc3ceb1b-fcb8-491b-adc7-f9aaf0a506f0,67a6132f-22e0-4456-8a5c-c7383cc3b7ab,650.44,2026-02-25 01:19:11,completed
ec6c9e3c-209f-4d1b-85ea-fe43296041b1,67a6132f-22e0-4456-8a5c-c7383cc3b7ab,3339.17,2026-03-01 15:19:11,completed
256f0c84-e625-49e4-adf0-48802ad2dc9b,67a6132f-22e0-4456-8a5c-c7383cc3b7ab,2304.25,2026-02-14 04:19:11,completed
6911a76f-db21-4ba8-860a-616724c89eb2,67a6132f-22e0-4456-8a5c-c7383cc3b7ab,2743.34,2025-12-19 17:19:11,completed
0cd9e35c-4759-48f5-8cc8-7db8699c9e06,92158ca5-c129-48bf-bf60-27861616dd41,502.3,2025-11-20 04:47:55,completed
662eccd8-cef7-4406-95bc-7463c33ebb23,92158ca5-c129-48bf-bf60-27861616dd41,744.07,2026-01-31 00:47:55,completed
be5b729a-bddb-48f7-982d-d0cc092378ec,92158ca5-c129-48bf-bf60-27861616dd41,1141.37,2026-01-26 20:47:55,completed
4294a5ed-1be7-489d-b6ba-6cbddaa37200,1d170151-c4ce-4a8b-9586-b26ead510f3c,4082.82,2026-02-15 18:43:15,completed
21cdf363-3785-4de4-b597-fdecd874c138,1d170151-c4ce-4a8b-9586-b26ead510f3c,3687.92,2026-05-27 05:43:15,completed
48d7b55a-e81c-45e3-871b-1c6f79a36320,1d170151-c4ce-4a8b-9586-b26ead510f3c,3920.91,2026-01-17 15:43:15,completed
1e60b011-0f8f-49d6-9d63-6c4113b6430c,24fd1213-857a-4088-9a16-6245e5e10869,721.92,2026-04-16 11:12:10,completed
4c713f00-35b0-4fc0-ba37-9415604bc883,24fd1213-857a-4088-9a16-6245e5e10869,792.68,2026-09-30 13:12:10,completed
a964b003-0fbe-486c-9910-3db3add44c62,24fd1213-857a-4088-9a16-6245e5e10869,687.24,2026-07-05 06:12:10,completed
4110cfc4-4003-4619-8a4f-d1da5732dbde,24fd1213-857a-4088-9a16-6245e5e10869,756.35,2026-07-20 01:12:10,completed
36ca77ad-5e90-40e9-ad9c-d6161f759717,b50d27aa-51c2-4136-a325-696fbb8be941,3553.53,2026-12-26 11:24:12,completed
20b16fdb-2556-4716-a7d0-e8233b4c298b,b50d27aa-51c2-4136-a325-696fbb8be941,1015.7,2026-09-11 11:24:12,completed
5ec27971-a5bd-4ed7-881c-c5273a44626d,b50d27aa-51c2-4136-a325-696fbb8be941,5584.02,2026-11-21 19:24:12,completed
1f3a5818-7d97-4f8f-8089-cb3964269bcc,c127551d-e2a4-4d23-95f0-824e981603c2,2538.41,2026-09-17 09:26:50,completed
4a4453c7-59b0-4ff9-b6ac-b0faf58d6bb9,c127551d-e2a4-4d23-95f0-824e981603c2,1283.98,2026-08-08 22:26:50,completed
f53d7751-41b6-406b-9fbc-c02331d87f90,c127551d-e2a4-4d23-95f0-824e981603c2,4677.72,2026-06-11 05:26:50,completed
de9e9ab3-a24f-4403-a9c5-2b13e85ddc6d,c127551d-e2a4-4d23-95f0-824e981603c2,3571.83,2026-04-20 05:26:50,completed
8f1e804f-c1cd-4b3e-8a9b-434ef759cf88,c127551d-e2a4-4d23-95f0-824e981603c2,2251.03,2026-09-25 12:26:50,completed
4d0df2e7-0447-4686-be95-65aa89846e51,c127551d-e2a4-4d23-95f0-824e981603c2,6001.97,2026-04-29 05:26:50,failed
4d43d753-227f-4d07-b306-84a03cf6eda6,c127551d-e2a4-4d23-95f0-824e981603c2,6790.41,2026-08-04 18:26:50,completed
16c60915-3688-4452-a3e7-da04bd8e1875,b434d883-36cf-4294-8787-0b5c49149747,5875.53,2026-04-29 10:03:43,completed
5e29c44b-9f06-4750-8f2e-7a9deed634b3,b434d883-36cf-4294-8787-0b5c49149747,2928.27,2026-02-23 20:03:43,completed
a91d8b25-872a-449f-a731-b2dbca3b98ee,b434d883-36cf-4294-8787-0b5c49149747,6052.13,2025-12-17 07:03:43,completed
d2208eaa-5a57-44cf-82a1-22097fa9551a,b434d883-36cf-4294-8787-0b5c49149747,437.95,2026-04-21 04:03:43,completed
57876f37-670b-4ce6-bda1-f137aff7da1a,5acb7839-74c4-40ee-8089-0b18f5d4336d,5364.42,2026-07-04 12:41:53,completed
5f8dde78-8b5b-42ef-a459-c0ced53f499c,5acb7839-74c4-40ee-8089-0b18f5d4336d,7799.2,2026-07-10 23:41:53,completed
c87189c1-c351-476f-a85b-33e38298bd4c,5acb7839-74c4-40ee-8089-0b18f5d4336d,6495.73,2026-08-28 12:41:53,completed
a9e435ca-c3ec-4620-ae78-67736cc391b1,5acb7839-74c4-40ee-8089-0b18f5d4336d,6582.96,2026-04-11 14:41:53,completed
2aed8182-5b44-4922-a6d9-0ace54bd0b4e,5acb7839-74c4-40ee-8089-0b18f5d4336d,5294.4,2026-04-25 14:41:53,completed
e73f0c65-1ca7-4a73-8cfc-2950e47ff402,5acb7839-74c4-40ee-8089-0b18f5d4336d,4447.09,2026-06-28 10:41:53,completed
0bb4e76a-7fbf-4112-9490-4a955cbba1aa,5acb7839-74c4-40ee-8089-0b18f5d4336d,467.99,2026-07-04 18:41:53,completed
afbf4b12-e8e4-4b6c-b4fa-492aac3f8144,5acb7839-74c4-40ee-8089-0b18f5d4336d,7721.77,2026-04-17 13:41:53,completed
091910bc-81f7-4a05-8f1a-077623a24613,5acb7839-74c4-40ee-8089-0b18f5d4336d,2570.2,2026-07-02 08:41:53,completed
0211604d-fcc1-4ab3-b411-2497e04a739c,5acb7839-74c4-40ee-8089-0b18f5d4336d,1090.51,2026-06-16 15:41:53,completed
1231a4cd-3f9c-4369-ae65-62aec532e4ad,5acb7839-74c4-40ee-8089-0b18f5d4336d,5975.5,2026-06-27 03:41:53,completed
0531a7fc-8889-4ce3-a1d6-9d28f3fee571,5acb7839-74c4-40ee-8089-0b18f5d4336d,3377.54,2026-07-27 23:41:53,failed
1cdda26a-f44a-4bea-ac75-0edb713e267b,5acb7839-74c4-40ee-8089-0b18f5d4336d,7501.66,2026-07-18 08:41:53,completed
a2a3cbeb-35f8-4e59-90ef-9e9e2c434edd,5acb7839-74c4-40ee-8089-0b18f5d4336d,4367.98,2026-07-10 21:41:53,completed
40e85cec-9227-41fc-bb64-2db774bfd4c4,5acb7839-74c4-40ee-8089-0b18f5d4336d,7175.15,2026-05-28 07:41:53,completed
efaf9e3f-b1eb-442f-932d-c15ddf54e14f,5acb7839-74c4-40ee-8089-0b18f5d4336d,7530.03,2026-07-07 17:41:53,completed
1c870ef7-2aad-462f-aa47-12dc2ea640f5,5acb7839-74c4-40ee-8089-0b18f5d4336d,2517.68,2026-09-03 03:41:53,failed
2fecf142-c2a9-4348-9c4f-7e4c07d965d6,5acb7839-74c4-40ee-8089-0b18f5d4336d,2087.19,2026-04-27 05:41:53,completed
3980b009-ad87-499d-a168-ef8b1e81e7ad,5acb7839-74c4-40ee-8089-0b18f5d4336d,6871.59,2026-08-31 00:41:53,completed
c2fb070a-b298-4fc0-92f0-5a9211d97f54,5acb7839-74c4-40ee-8089-0b18f5d4336d,5867.06,2026-07-05 18:41:53,completed
72cdd2d2-72cb-4345-9f90-1b93fc176000,5acb7839-74c4-40ee-8089-0b18f5d4336d,3073.97,2026-06-23 11:41:53,completed
de8b6492-8fab-4856-8144-5da2b99a45a8,5acb7839-74c4-40ee-8089-0b18f5d4336d,5618.37,2026-04-19 09:41:53,completed
d18ea7cc-5038-4faf-90fb-faf7be3e0e2f,5acb7839-74c4-40ee-8089-0b18f5d4336d,1503.62,2026-07-09 18:41:53,completed
47f047a0-0f1a-4d95-9327-4d4541d27171,5acb7839-74c4-40ee-8089-0b18f5d4336d,1912.63,2026-06-23 05:41:53,completed
eada12c7-705b-45cc-8c6e-d7638dce376d,5acb7839-74c4-40ee-8089-0b18f5d4336d,3049.24,2026-03-13 01:41:53,completed
fe6cdf37-9c12-4015-8aff-2477b1ce10fd,2867118c-d3a3-4055-9fdd-c571686cbcc4,2900.56,2026-02-25 20:03:00,completed
e5e7bd20-aadb-4c98-9307-bc234edd9668,c0077b77-d7b5-413a-a6a5-2a1991081ace,7951.2,2026-06-28 05:07:37,completed
d251cd61-f822-4218-933e-02417366d8c8,c0077b77-d7b5-413a-a6a5-2a1991081ace,1464.07,2026-02-16 15:07:37,completed
b00d210d-530e-4731-a2f8-5752c5c2062d,c0077b77-d7b5-413a-a6a5-2a1991081ace,5739.32,2026-06-16 17:07:37,completed
4a111edf-9100-4ade-a869-da978f85d639,c0077b77-d7b5-413a-a6a5-2a1991081ace,6119.39,2026-05-28 12:07:37,refunded
d74887a3-ecff-45e6-bcfd-e9b70fb77313,c0077b77-d7b5-413a-a6a5-2a1991081ace,7594.85,2026-07-11 17:07:37,completed
a2112aaa-3d18-4030-883f-fb24b3cd8cac,c0077b77-d7b5-413a-a6a5-2a1991081ace,5150.43,2026-02-15 14:07:37,completed
5e24b541-c4d6-46e7-bf04-bd8537e523ae,773710c7-6905-49f9-9c90-24744225960d,2876.48,2026-07-18 00:40:20,completed
ac7eed26-3e0d-4664-a66a-a68528e0c5ea,773710c7-6905-49f9-9c90-24744225960d,6222.99,2026-08-13 10:40:20,completed
ebcb02cf-b558-4ef9-835b-565cfd5190c0,773710c7-6905-49f9-9c90-24744225960d,1618.72,2026-10-22 06:40:20,completed
36f0efd4-8ed3-49ae-aff0-62b83f218c48,773710c7-6905-49f9-9c90-24744225960d,2189.97,2026-10-07 07:40:20,completed
87b1148e-1b37-4111-8ee1-cbd05710446d,773710c7-6905-49f9-9c90-24744225960d,1362.56,2026-11-05 09:40:20,completed
b09dda66-787a-4982-b299-e59f610e112d,773710c7-6905-49f9-9c90-24744225960d,4274.4,2026-10-05 10:40:20,completed
b1a03839-bc48-4faa-b602-a08e93890202,773710c7-6905-49f9-9c90-24744225960d,376.61,2026-06-30 10:40:20,completed
b1da0120-a7d8-4233-bb09-1ff879798011,14fde927-00b3-4bba-ab55-efd7c8e609b5,5542.7,2026-06-28 13:00:51,completed
4a11df14-bf21-49db-a0d6-122356d1fa81,14fde927-00b3-4bba-ab55-efd7c8e609b5,7301.08,2026-06-30 23:00:51,completed
8e9b2177-0123-4d04-934e-7bbca388dc59,14fde927-00b3-4bba-ab55-efd7c8e609b5,1430.84,2026-06-24 16:00:51,completed
47ad92a3-b45d-4b1e-840a-b89d997578a7,14fde927-00b3-4bba-ab55-efd7c8e609b5,5107.57,2026-09-25 06:00:51,completed
3ba54fda-44f4-4a31-82b3-e4e4517cb51d,14fde927-00b3-4bba-ab55-efd7c8e609b5,6551.1,2026-08-05 22:00:51,completed
c8c73446-c11b-4bc2-9803-4287636268f3,a0009235-f7ba-479a-9af1-6b10eea5892c,2875.6,2026-06-07 17:19:01,failed
0920d59a-3fee-4b83-bf1f-a3a7af387366,a0009235-f7ba-479a-9af1-6b10eea5892c,2486.24,2026-04-24 07:19:01,completed
9845c54c-8e65-4bad-949c-5de5435dcf67,a0009235-f7ba-479a-9af1-6b10eea5892c,6129.26,2026-08-11 00:19:01,completed
27056d40-26cd-4080-ae58-7843267ce20e,a0009235-f7ba-479a-9af1-6b10eea5892c,2158.32,2026-03-30 08:19:01,completed
b6beaa39-6c59-4e4d-974c-10fe0c26000c,58f2563a-b063-4971-8d3a-890716d3a45f,6780.19,2026-12-12 21:30:31,completed
292572ae-f9e4-4fbb-ac26-35d1882ca60d,58f2563a-b063-4971-8d3a-890716d3a45f,6125.51,2026-12-13 05:30:31,completed
0ee60254-b321-407f-95cf-5690e31c1848,58f2563a-b063-4971-8d3a-890716d3a45f,340.14,2026-11-28 03:30:31,completed
93c3e471-81cc-4c2b-8832-4ae5077563fb,58f2563a-b063-4971-8d3a-890716d3a45f,4655.1,2026-10-05 17:30:31,completed
132f05de-d3b3-4d16-8dd7-f14a460112d3,58f2563a-b063-4971-8d3a-890716d3a45f,4885.73,2027-01-13 15:30:31,completed
ecc03899-c35e-437b-94f8-405dac1fbd6f,58f2563a-b063-4971-8d3a-890716d3a45f,5804.38,2026-10-17 15:30:31,completed
889efb3e-b78d-47fa-9b0b-24bd784e7f9d,da20527f-7d59-4667-9a81-2614104575a6,2824.42,2026-02-17 20:59:49,completed
50a321d7-8d0f-4f20-af68-ffc9aa0d0ae3,da20527f-7d59-4667-9a81-2614104575a6,5779.63,2026-01-07 11:59:49,completed
64a5a333-6eb8-498f-86c2-9e47885b0ab6,da20527f-7d59-4667-9a81-2614104575a6,7141.52,2025-10-26 23:59:49,completed
029125a4-17a0-4bd7-af1a-34281b8a8265,da20527f-7d59-4667-9a81-2614104575a6,4352.17,2026-01-28 23:59:49,completed
648cb47c-dfc1-4797-8eaa-11a1418e6bdd,da20527f-7d59-4667-9a81-2614104575a6,4799.14,2026-02-16 09:59:49,completed
e130741f-5b42-4c60-881b-4d074cd026aa,da20527f-7d59-4667-9a81-2614104575a6,4069.47,2026-01-27 19:59:49,refunded
5629eb7a-5a5d-4c5d-9672-dae4b61a2e10,da20527f-7d59-4667-9a81-2614104575a6,4032.69,2025-11-17 01:59:49,completed
f3b08420-5175-4522-b524-fafc943350b8,da20527f-7d59-4667-9a81-2614104575a6,1209.05,2026-04-05 13:59:49,completed
a15bad4b-a0dd-47ec-85b5-947cc768fff8,da20527f-7d59-4667-9a81-2614104575a6,7569.34,2026-02-04 22:59:49,completed
b06611bc-ba31-4535-9711-e27c5a069cb0,85ed8e33-881b-4ce1-b24a-dac84c02dc82,3145.81,2026-11-28 13:01:31,completed
41811492-8f01-46eb-9c10-972d993f3ea6,85ed8e33-881b-4ce1-b24a-dac84c02dc82,2647.92,2026-11-07 04:01:31,completed
6f585aa0-836e-4f6d-82a2-b406d9f3b4ab,85ed8e33-881b-4ce1-b24a-dac84c02dc82,1400.09,2026-09-10 15:01:31,failed
19d03ea9-2fc7-46ba-bf7b-0c6f65000ceb,85ed8e33-881b-4ce1-b24a-dac84c02dc82,7185.75,2026-11-24 13:01:31,completed
f988f55c-59b2-4a80-bb6a-a22c4f1ff659,85ed8e33-881b-4ce1-b24a-dac84c02dc82,4063.71,2026-08-21 05:01:31,completed
e6a0c274-4f7d-4e19-9608-2f6eabd88023,f3b308d4-2bf7-4542-a522-437ee1df0954,2684.7,2026-07-01 08:44:46,completed
91874508-bbc4-424c-95a1-f39bb8f71205,f3b308d4-2bf7-4542-a522-437ee1df0954,5844.26,2026-09-14 07:44:46,completed
8dd89425-b1fb-440b-8e63-f3e0fa0b75db,87d479da-5294-4562-92cd-96449b389ff7,4607.02,2026-02-27 01:47:04,completed
c10b673d-2051-4572-ad63-61f9b8c58972,87d479da-5294-4562-92cd-96449b389ff7,707.13,2026-03-13 22:47:04,completed
c085c855-b100-4441-a7af-6627698e4496,87d479da-5294-4562-92cd-96449b389ff7,443.71,2025-11-23 20:47:04,completed
022f6f34-c327-42b0-bed0-61637e34c33c,87d479da-5294-4562-92cd-96449b389ff7,2417.21,2026-02-19 10:47:04,completed
ec010cfc-0d90-48dd-b8f1-db72a0c20691,87d479da-5294-4562-92cd-96449b389ff7,6513.29,2026-04-04 23:47:04,completed
aa2de798-8747-44bf-b74e-5d3017e7b1da,87d479da-5294-4562-92cd-96449b389ff7,6937.2,2026-01-16 23:47:04,completed
9ed6e6ee-0582-48a5-8cf2-0f1b4a806b3a,87d479da-5294-4562-92cd-96449b389ff7,6919.29,2026-01-25 10:47:04,completed
d74f1df9-5232-43a1-9e1e-0d3ed115d30b,87d479da-5294-4562-92cd-96449b389ff7,1064.87,2025-12-10 07:47:04,completed
ebf439c3-1b72-4e17-a639-0708c8441db6,87d479da-5294-4562-92cd-96449b389ff7,990.14,2025-11-11 10:47:04,completed
32fb3db5-06af-4876-aab6-3fb39b6f29cd,87d479da-5294-4562-92cd-96449b389ff7,5031.46,2026-01-19 02:47:04,completed
ba893f6c-5b50-459e-8540-cc046a62c02f,87d479da-5294-4562-92cd-96449b389ff7,3302.54,2025-10-13 03:47:04,completed
b8aa4956-7a1e-4fb5-bf43-218b93ffd377,87d479da-5294-4562-92cd-96449b389ff7,7550.15,2026-01-19 15:47:04,completed
3f64f9c4-c661-474f-a5f6-40f54d7c50c2,87d479da-5294-4562-92cd-96449b389ff7,4896.94,2025-10-19 11:47:04,completed
244821aa-19c6-4683-83d7-07315d1465be,87d479da-5294-4562-92cd-96449b389ff7,1186.13,2026-02-13 21:47:04,completed
89b1bd6b-3d60-47f2-917b-796f21acccd1,87d479da-5294-4562-92cd-96449b389ff7,4028.12,2026-02-01 22:47:04,completed
c1c6d806-f548-49db-899f-ab9dc38b9448,87d479da-5294-4562-92cd-96449b389ff7,7718.76,2025-12-04 05:47:04,completed
13e8df87-7711-461e-b9a7-87e749e2edc2,87d479da-5294-4562-92cd-96449b389ff7,1266.9,2025-12-08 22:47:04,completed
16464b1f-f5dd-4e61-822c-f8ff0dc5bef8,87d479da-5294-4562-92cd-96449b389ff7,4153.33,2026-01-28 07:47:04,completed
7b759cf3-f1bd-428f-a599-2c1bd0b45618,87d479da-5294-4562-92cd-96449b389ff7,1595.05,2025-11-11 16:47:04,completed
911a7b48-5437-4af5-bed3-7b91351c3c5b,2495d409-4412-4076-9870-3b3f09b2b508,6557.36,2026-11-24 13:09:15,refunded
b42fb44d-b6e0-4a66-86a8-00b6c2c408b8,78a10009-ca12-4117-8976-10e3a55c56da,7488.0,2026-03-30 00:17:19,failed
ed71bd7c-3757-4ac0-a525-c32667d70f5c,ade730ad-e78c-49db-b053-072db79f53dd,3227.18,2026-05-05 21:58:44,completed
bf2abb0f-4922-4eea-b3c2-f78d8c2dc878,ade730ad-e78c-49db-b053-072db79f53dd,4229.53,2026-05-13 19:58:44,completed
5a6d81a4-426f-4383-a3e4-35683700a2ce,ade730ad-e78c-49db-b053-072db79f53dd,990.81,2026-04-19 07:58:44,completed
a949abab-79da-46f2-8425-8782403c6e9f,ab2ddcb0-9cfc-41c4-bd5d-7b4fac30389f,1923.55,2026-01-28 20:28:54,completed
d387b8d7-93ca-4eda-8cff-18293274f067,ab2ddcb0-9cfc-41c4-bd5d-7b4fac30389f,5190.81,2025-11-29 09:28:54,refunded
8fe41412-5a44-4358-abba-698f38c07ab3,ab2ddcb0-9cfc-41c4-bd5d-7b4fac30389f,7869.27,2026-01-01 20:28:54,completed
cf8272fd-cc37-4872-9b06-3f42f0673ab4,ab2ddcb0-9cfc-41c4-bd5d-7b4fac30389f,7337.94,2026-01-04 07:28:54,completed
8c5c68fd-6b56-4584-a0db-3ad5ed7bf078,ab2ddcb0-9cfc-41c4-bd5d-7b4fac30389f,7241.13,2025-09-09 07:28:54,completed
0862905a-ca3e-4205-b16b-f0b7f728fabb,eef7875d-1f63-4392-b95c-0e3663a96d64,6558.42,2026-07-24 09:40:09,completed
33545946-02ef-4683-bd71-a58c2bd7a756,eef7875d-1f63-4392-b95c-0e3663a96d64,6213.34,2026-05-04 18:40:09,completed
3f3eb560-3eca-49f3-80f8-30948522670d,eef7875d-1f63-4392-b95c-0e3663a96d64,7509.11,2026-02-04 09:40:09,completed
d06c6e74-bed2-4252-82a7-4300a54dfae1,eef7875d-1f63-4392-b95c-0e3663a96d64,2464.74,2026-03-31 05:40:09,failed
330fa74e-72e4-4181-b9a6-e582a0f1f701,eef7875d-1f63-4392-b95c-0e3663a96d64,5023.51,2026-05-04 12:40:09,completed
cc95e037-68bf-4303-9614-5e29bce365a8,eef7875d-1f63-4392-b95c-0e3663a96d64,7748.18,2026-03-30 13:40:09,completed
6473d9a2-7159-458d-9de3-4f14a97a57e7,9b74088c-bf96-4605-8af7-f3583a5e1853,354.94,2026-09-09 05:54:05,refunded
14500332-7179-411e-ac25-f3142b02a103,9b74088c-bf96-4605-8af7-f3583a5e1853,2435.58,2026-08-22 19:54:05,completed
f854eb84-8a92-417b-bf12-231b80dc361d,9b74088c-bf96-4605-8af7-f3583a5e1853,5988.87,2026-04-25 00:54:05,completed
19d61d14-6ffb-4b18-b29d-8d1c31601f00,9b74088c-bf96-4605-8af7-f3583a5e1853,4828.87,2026-08-14 01:54:05,completed
096d4e99-eaec-4575-a96c-17a1c9d8d17c,0c3cf5a8-be3a-449c-be97-3d24f89403e4,983.12,2026-04-22 17:47:34,completed
5fbbdd11-6ae1-4cd5-ab64-3bd654b0de3f,0c3cf5a8-be3a-449c-be97-3d24f89403e4,954.39,2026-10-12 15:47:34,completed
a433be69-adf0-4db3-bb85-efa354c86537,0c3cf5a8-be3a-449c-be97-3d24f89403e4,763.14,2026-06-26 12:47:34,completed
379f1f6a-7aed-4314-bd60-5b47ebc49945,0c3cf5a8-be3a-449c-be97-3d24f89403e4,441.49,2026-10-04 12:47:34,completed
8b265269-59d7-4f05-a288-4b93d00a29f4,0c3cf5a8-be3a-449c-be97-3d24f89403e4,944.14,2026-08-11 04:47:34,completed
a9f4f815-54f1-4daf-a8d9-f0db71ef1c61,0c3cf5a8-be3a-449c-be97-3d24f89403e4,1107.04,2026-07-24 07:47:34,completed
c0a758a2-9a48-4132-bd7a-2c7ba8412df1,0c3cf5a8-be3a-449c-be97-3d24f89403e4,652.99,2026-07-03 04:47:34,completed
2f3acf2a-87ad-47b3-b6b8-91b3e6a2f414,6245410c-4444-4ddf-9933-67dbd7e28bd5,2037.34,2026-10-14 23:11:54,completed
640d6cba-3273-414d-906a-2f5ab5974c7b,623985dc-fe3a-4fe7-9135-56948e859c00,2693.21,2025-12-26 08:21:49,completed
13519825-0a7f-4e6e-bd28-9de3fea36efc,623985dc-fe3a-4fe7-9135-56948e859c00,6522.05,2025-11-17 02:21:49,completed
fd8969ca-f663-4db8-8f81-fa1cd2a696b5,623985dc-fe3a-4fe7-9135-56948e859c00,2203.08,2026-04-02 12:21:49,completed
88071de5-9439-4593-8687-9954902a3405,623985dc-fe3a-4fe7-9135-56948e859c00,4301.5,2026-01-19 03:21:49,completed
b1a57739-ef01-4649-9eb3-c4d2e5482e59,623985dc-fe3a-4fe7-9135-56948e859c00,6183.56,2025-11-11 21:21:49,completed
26ae427b-be19-48f2-b8ea-0403f0b322a0,a27c5a42-f3a2-44c6-a4ff-c8bf230595c2,4606.29,2026-06-20 04:29:38,completed
691631f3-3a6b-4750-9f0c-024e441c24ee,a27c5a42-f3a2-44c6-a4ff-c8bf230595c2,6090.12,2026-09-09 13:29:38,completed
3cfc0ffb-8824-459a-b74e-3549dbae27e0,a27c5a42-f3a2-44c6-a4ff-c8bf230595c2,3791.27,2026-11-04 22:29:38,completed
b0d9c7a2-c90f-4005-9cb6-2ce1ecabbd30,a27c5a42-f3a2-44c6-a4ff-c8bf230595c2,2915.05,2026-09-21 20:29:38,completed
734cc5ba-2b5b-4083-ac12-92def0a9a10b,a27c5a42-f3a2-44c6-a4ff-c8bf230595c2,4826.16,2026-06-10 15:29:38,completed
d3bb5bc3-8d33-44a5-b8ca-00ba9f68913c,a27c5a42-f3a2-44c6-a4ff-c8bf230595c2,4865.23,2026-06-07 20:29:38,completed
d83b4aa5-d9a4-4ee0-a162-8a9e6ca22764,a27c5a42-f3a2-44c6-a4ff-c8bf230595c2,2273.4,2026-10-28 05:29:38,completed
9a07340a-f7e9-4d18-b30b-235558a23476,a27c5a42-f3a2-44c6-a4ff-c8bf230595c2,1360.08,2026-11-09 15:29:38,completed
d2b222be-3070-4069-a560-896a85774c9c,a27c5a42-f3a2-44c6-a4ff-c8bf230595c2,4251.07,2026-07-06 10:29:38,completed
9b03b650-100b-4b59-b3d2-0894cc9263a8,a27c5a42-f3a2-44c6-a4ff-c8bf230595c2,4466.81,2026-09-03 10:29:38,completed
22636253-3e3f-4798-8b8c-f6768ba9f972,a27c5a42-f3a2-44c6-a4ff-c8bf230595c2,2541.19,2026-10-02 10:29:38,refunded
81b3151f-0d3e-4f9a-8bfd-a4d334b34d4c,a27c5a42-f3a2-44c6-a4ff-c8bf230595c2,1413.42,2026-10-14 19:29:38,completed
b2b8f8c5-df27-4a68-af7a-7fd5283fba89,a27c5a42-f3a2-44c6-a4ff-c8bf230595c2,1804.63,2026-10-25 02:29:38,completed
f31cfb03-0ce8-45ee-a665-ccf6e5f75cd0,a27c5a42-f3a2-44c6-a4ff-c8bf230595c2,5442.52,2026-07-25 03:29:38,completed
c3b79429-95bd-4a8c-881b-1acfc6de5a9e,a27c5a42-f3a2-44c6-a4ff-c8bf230595c2,6860.47,2026-10-01 20:29:38,completed
cbf89edd-85f5-4eaa-9a20-05d888e76e7f,a27c5a42-f3a2-44c6-a4ff-c8bf230595c2,2830.37,2026-08-28 20:29:38,completed
7da5b7aa-483c-4a4d-a07d-1cff253d90a8,a27c5a42-f3a2-44c6-a4ff-c8bf230595c2,328.47,2026-06-14 16:29:38,completed
9ed65ca3-a422-444d-9a2c-0aca113b0ab7,a27c5a42-f3a2-44c6-a4ff-c8bf230595c2,2140.45,2026-08-01 15:29:38,completed
57b95ac0-4827-4109-9529-7585cd5c068c,a27c5a42-f3a2-44c6-a4ff-c8bf230595c2,3382.41,2026-08-28 00:29:38,completed
0ea1b42e-520f-4142-abb2-a4e65841b844,a27c5a42-f3a2-44c6-a4ff-c8bf230595c2,3055.73,2026-06-05 12:29:38,failed
94ee111b-793c-4d88-8465-3b69051fa81c,a27c5a42-f3a2-44c6-a4ff-c8bf230595c2,3691.14,2026-10-24 04:29:38,completed
3dbfd0c5-0bfa-4650-82e2-c3fbdb92e853,a27c5a42-f3a2-44c6-a4ff-c8bf230595c2,1833.25,2026-09-04 02:29:38,completed
cd753107-0044-4a0c-9ff3-37b6b6ab1df4,a27c5a42-f3a2-44c6-a4ff-c8bf230595c2,2916.59,2026-07-30 09:29:38,completed
6ad27b36-cbfd-4293-96aa-9098422ec6bb,90a88a1c-00a8-4ce5-aa60-0b19fb1ab443,1128.52,2026-08-10 02:43:35,completed
90e4b689-cde7-4300-9685-78c9eeb00388,90a88a1c-00a8-4ce5-aa60-0b19fb1ab443,1029.93,2027-01-30 04:43:35,completed
fc7584eb-e847-4a3a-bc8b-6cfecc733e73,90a88a1c-00a8-4ce5-aa60-0b19fb1ab443,695.71,2026-10-02 09:43:35,completed
93f3639d-52ef-4c4f-b170-23db5ee67446,44981c77-bb27-4956-b92e-5f804e9fb709,1102.71,2026-08-07 19:08:02,completed
a2177c95-a712-47b2-8edb-da0bb571354c,44981c77-bb27-4956-b92e-5f804e9fb709,553.35,2026-09-12 18:08:02,completed
a1199638-2ae3-4452-8dc7-5515bfec4e15,44981c77-bb27-4956-b92e-5f804e9fb709,1181.59,2026-11-11 00:08:02,completed
a86ace39-ad8a-4b3a-9892-eafb45c9f573,44981c77-bb27-4956-b92e-5f804e9fb709,1083.55,2026-08-19 09:08:02,completed
5a90b795-8257-4cfe-b348-edaae001df51,44981c77-bb27-4956-b92e-5f804e9fb709,903.57,2026-09-15 00:08:02,completed
7e733fdc-74de-48f4-bff8-347570364184,44981c77-bb27-4956-b92e-5f804e9fb709,1108.67,2026-09-09 06:08:02,completed
c171e922-afa1-467d-9f0f-ff62c7e6758f,44981c77-bb27-4956-b92e-5f804e9fb709,891.91,2026-08-28 05:08:02,completed
ac707aa9-b9b6-45c8-91f3-77cbab0ae0a8,b12dc8a2-0343-4414-9c7c-0581b42827d4,4295.47,2026-10-17 22:06:47,completed
d2f6b91e-31d7-4c4c-92a9-468a024620db,b12dc8a2-0343-4414-9c7c-0581b42827d4,5810.5,2026-08-08 22:06:47,completed
f1d55ad3-d296-444e-9e18-d3e0d1b8ae8e,b12dc8a2-0343-4414-9c7c-0581b42827d4,7393.13,2026-07-13 00:06:47,completed
7e13d54c-5e2c-4618-b295-5f8783bf860f,b12dc8a2-0343-4414-9c7c-0581b42827d4,1863.1,2026-05-14 12:06:47,completed
6ea92aa8-5bb1-41a5-bc1d-f9a56a34b8f7,b12dc8a2-0343-4414-9c7c-0581b42827d4,7143.06,2026-08-14 12:06:47,completed
08b4aae5-adb5-4b62-8818-a1e775c33440,b12dc8a2-0343-4414-9c7c-0581b42827d4,1334.34,2026-08-08 14:06:47,completed
4acfaeb9-5de2-41fd-ba25-5b6b0d168780,b12dc8a2-0343-4414-9c7c-0581b42827d4,4796.51,2026-08-26 22:06:47,completed
8fcb07bb-3145-43eb-a5fb-ebbbd46aceef,43e5c0b9-8fa1-4d99-9d06-e92e9e01c273,3448.94,2026-08-25 07:44:03,completed
019695c5-fa19-4ff0-8e74-d8d2766f5ece,43e5c0b9-8fa1-4d99-9d06-e92e9e01c273,1682.66,2026-07-28 01:44:03,completed
03113cb7-ad9e-425c-a39f-e84c46cc7f04,43e5c0b9-8fa1-4d99-9d06-e92e9e01c273,934.62,2026-10-19 19:44:03,completed
bc949b50-02c6-4a47-b229-1a95487ed436,43e5c0b9-8fa1-4d99-9d06-e92e9e01c273,6351.22,2026-09-16 10:44:03,completed
acab4177-e5f3-434d-9329-594e4cf1517a,25cab050-be54-4a42-b4d0-018246e568c0,560.25,2026-03-07 19:29:59,failed
dab6bb56-c981-4db3-8457-587dd43923a8,25cab050-be54-4a42-b4d0-018246e568c0,642.17,2026-04-27 13:29:59,completed
102ae510-3ffc-4ae0-91bf-251a6ac3698c,25cab050-be54-4a42-b4d0-018246e568c0,883.23,2026-08-29 00:29:59,completed
c492698f-e419-4af3-acfe-23c52c118a34,0f1a4a73-058d-48fd-9459-a03716f89ccc,2605.95,2026-05-01 19:58:08,failed
d776f6bb-9168-4350-86f7-fc83856ca293,0f1a4a73-058d-48fd-9459-a03716f89ccc,6628.33,2026-03-11 23:58:08,completed
9f66fedd-25dd-4209-bc73-b2edf80642db,64707f22-68bc-49b8-b423-6dbe31883011,6068.36,2026-06-10 04:59:04,completed
1e2f0b55-4c0e-4b70-8660-61d6fd9ad0d6,64707f22-68bc-49b8-b423-6dbe31883011,6133.68,2026-07-11 15:59:04,completed
3af401c6-29f3-4ac0-a142-254554119b4c,64707f22-68bc-49b8-b423-6dbe31883011,2710.68,2026-06-27 07:59:04,completed
8789cc59-e94c-469e-b56b-aa0bbc46bbf0,64707f22-68bc-49b8-b423-6dbe31883011,3764.78,2026-08-26 10:59:04,completed
a082aa35-ee07-49ac-922a-71cddbd827b8,64707f22-68bc-49b8-b423-6dbe31883011,1288.26,2026-06-04 01:59:04,completed
fe9a88db-433d-4e26-a357-369dbaef170e,64707f22-68bc-49b8-b423-6dbe31883011,6724.1,2026-03-03 12:59:04,completed
7b256b20-76a6-40bf-8b38-a79c86b83f4f,64707f22-68bc-49b8-b423-6dbe31883011,3405.94,2026-06-16 10:59:04,completed
5ddb0341-0f97-42e7-9d1a-7892f79062e7,64707f22-68bc-49b8-b423-6dbe31883011,478.95,2026-07-16 06:59:04,completed
761ae123-48b8-4ec1-b49f-66a9d38e4c92,64707f22-68bc-49b8-b423-6dbe31883011,7955.78,2026-04-05 01:59:04,completed
4278ae4b-fdc2-4142-a8a9-69b6c1e37085,64707f22-68bc-49b8-b423-6dbe31883011,3309.82,2026-08-02 16:59:04,completed
8a3938c8-69cb-4ae4-a76e-99bdd3d9f848,64707f22-68bc-49b8-b423-6dbe31883011,1750.21,2026-06-08 23:59:04,completed
4deefd08-4f0c-4cbb-aef8-096718d03c47,64707f22-68bc-49b8-b423-6dbe31883011,2645.77,2026-07-24 11:59:04,completed
0664ffa9-e722-4a81-bbb1-b49a5c534d76,64707f22-68bc-49b8-b423-6dbe31883011,6663.86,2026-08-20 14:59:04,completed
2b659970-e11b-4321-8000-a460eb3d3ba1,64707f22-68bc-49b8-b423-6dbe31883011,7317.36,2026-03-07 02:59:04,completed
090c70e4-9fe0-4521-bb3b-649573cdeee4,e380a80a-5b14-48f5-a857-27735224e611,3800.91,2026-03-05 11:19:12,completed
464ed971-af93-4db0-a149-3f4dc2c27bc8,e380a80a-5b14-48f5-a857-27735224e611,7305.56,2025-12-22 19:19:12,completed
102d990d-f808-45c8-83be-5d85abe45cc9,a58001b8-6336-4688-b0f5-202428ad5dfe,6022.2,2026-03-03 08:59:03,completed
92002478-eac0-4ef4-bc3b-6a89d5a03b70,f62ae45c-c112-4d44-b143-478a7ae026da,2685.13,2025-11-06 21:39:24,completed
2a13a31b-c59a-431e-9ee2-87f2f0d5f4f7,f62ae45c-c112-4d44-b143-478a7ae026da,4728.2,2026-03-05 08:39:24,completed
22e9839d-cc14-4ab1-97ce-4273d2b8fcbb,f62ae45c-c112-4d44-b143-478a7ae026da,3833.96,2025-11-06 09:39:24,completed
3652481f-9bf7-483d-8efe-b7acd43beda5,f62ae45c-c112-4d44-b143-478a7ae026da,3374.12,2025-10-22 07:39:24,completed
79f0b65d-1c1f-4fc4-8237-cdbe8595e032,3a6e47a9-56ae-4473-8fd5-5ba3b6f004da,4736.22,2026-12-11 22:10:07,completed
e5518272-e39f-4caf-a548-8a1ee7f7458f,3a6e47a9-56ae-4473-8fd5-5ba3b6f004da,3813.56,2026-10-01 03:10:07,completed
ed5c01e1-2de2-4a9a-9d21-9bc05712fe65,3a6e47a9-56ae-4473-8fd5-5ba3b6f004da,6536.88,2026-10-03 19:10:07,completed
bfc859e3-8f61-4278-8a32-18c664c57956,4092a8f1-77a1-4cc7-ab52-895e750e45c6,3261.92,2026-11-13 17:53:19,completed
9249cb0c-d845-483f-8026-46e65219d7d1,4092a8f1-77a1-4cc7-ab52-895e750e45c6,5679.56,2026-12-03 12:53:19,completed
76c220ed-ccdf-4cb8-9c30-15f09c1674a6,4092a8f1-77a1-4cc7-ab52-895e750e45c6,4440.58,2026-07-18 02:53:19,completed
e4a62d6f-a56a-4b19-ad27-b6963294dc40,4092a8f1-77a1-4cc7-ab52-895e750e45c6,7247.21,2026-06-25 16:53:19,completed
0edafd53-1d80-4441-824e-b475004a5339,4092a8f1-77a1-4cc7-ab52-895e750e45c6,3139.24,2026-09-21 11:53:19,completed
a3e4dac8-d037-4992-8086-380aa2f3b920,5672455a-93cb-49bc-b60d-25bfc9b06afb,2246.3,2026-05-01 12:56:48,completed
a8cb2902-0ff7-440d-ac87-c92bf592a777,5672455a-93cb-49bc-b60d-25bfc9b06afb,5647.54,2026-06-04 23:56:48,completed
eec0c78d-f9e0-45da-a967-6ac7651bbaa3,5672455a-93cb-49bc-b60d-25bfc9b06afb,6889.45,2026-05-15 09:56:48,completed
1a154f2a-c5c8-41c6-b832-ac7e9b2ab752,5672455a-93cb-49bc-b60d-25bfc9b06afb,7361.95,2026-02-09 07:56:48,completed
a6365dcb-171a-4a27-93f6-b6ecf3082da5,5672455a-93cb-49bc-b60d-25bfc9b06afb,935.62,2026-06-05 14:56:48,completed
bcce6e9f-7ce3-4621-b2d3-6920a24b8c11,5672455a-93cb-49bc-b60d-25bfc9b06afb,2449.39,2026-05-30 03:56:48,completed
593c8a63-e8be-4ba1-b48a-22e3b410837e,827e87db-0369-498a-aebb-bc500bbda327,1255.97,2026-04-18 09:59:02,completed
818002d7-b60a-4137-b39a-12eb57e988dd,827e87db-0369-498a-aebb-bc500bbda327,386.32,2025-12-27 08:59:02,completed
0e39c4fc-1478-4a68-9f9c-e74572603179,b445fb06-0e0e-47b8-b33d-1b1fd3183d7e,5235.79,2026-05-10 13:28:41,completed
3b5639c4-28c2-40ae-8a46-bd503401c0e6,b445fb06-0e0e-47b8-b33d-1b1fd3183d7e,3718.7,2026-05-24 05:28:41,completed
08091635-70ec-4bac-8da1-ec733d7206b7,b445fb06-0e0e-47b8-b33d-1b1fd3183d7e,7451.92,2026-05-10 05:28:41,completed
c2bd278d-b955-4654-8439-afe82aad0227,b445fb06-0e0e-47b8-b33d-1b1fd3183d7e,3546.96,2026-06-27 23:28:41,refunded
3fa39afc-444f-4b9a-ad01-ebbfa35ba122,b445fb06-0e0e-47b8-b33d-1b1fd3183d7e,786.42,2026-07-22 23:28:41,completed
3334555f-f990-4010-86a8-eb809c235de5,b445fb06-0e0e-47b8-b33d-1b1fd3183d7e,1586.26,2026-05-22 14:28:41,completed
fa2c3d70-917b-4f15-8467-4255e316c35f,48a65084-4b27-4f8e-8234-cca6af107af4,551.64,2026-05-11 09:24:44,completed
f453506d-ed32-42f8-a4ae-f16d8e8efacd,48a65084-4b27-4f8e-8234-cca6af107af4,496.64,2026-09-26 18:24:44,completed
4c9643dc-e33f-4acd-95cb-ad0983f3f9c1,48a65084-4b27-4f8e-8234-cca6af107af4,721.71,2026-08-10 16:24:44,completed
28a6e991-9e69-4fc8-96fa-cba7216a4809,48a65084-4b27-4f8e-8234-cca6af107af4,452.81,2026-08-18 12:24:44,completed
3a49c835-0c17-49e6-a564-3e58df1ff829,48a65084-4b27-4f8e-8234-cca6af107af4,453.87,2026-10-25 01:24:44,completed
31618877-41d6-4c67-b681-2517152d421e,df2b6bf2-1510-446e-ae4f-713de8617360,1083.96,2026-02-04 20:19:42,completed
3f7fb1ce-4909-4dd8-912e-2d9aed246539,df2b6bf2-1510-446e-ae4f-713de8617360,1029.53,2026-01-27 10:19:42,completed
ed6aabb2-2641-45ae-b3fc-5e18b8e82473,df2b6bf2-1510-446e-ae4f-713de8617360,7419.06,2026-02-13 03:19:42,completed
b5af3295-2522-4d96-8a70-87d796966b04,df2b6bf2-1510-446e-ae4f-713de8617360,6165.22,2025-10-08 15:19:42,completed
dcd83fd0-15a3-4238-9bed-00cfada72be0,df2b6bf2-1510-446e-ae4f-713de8617360,435.9,2026-02-21 20:19:42,completed
e41367b8-b77d-47c0-959a-5110412e4354,df2b6bf2-1510-446e-ae4f-713de8617360,6011.97,2025-12-27 17:19:42,completed
8f6b78c8-c563-4fc5-8037-da4df484cd45,2bdf55ee-cc48-4bcf-bdca-b66388a3284f,6143.85,2025-09-09 09:13:35,failed
c8d805dc-7ca3-476c-9853-1ba19b5d4b4c,2bdf55ee-cc48-4bcf-bdca-b66388a3284f,3599.43,2025-10-07 11:13:35,completed
c7627a7b-4900-4655-9154-a0761858d49d,ce8c9281-3a9c-47c3-a9ab-772acc51fadf,1467.86,2026-05-03 05:07:28,completed
fad390f6-e0ec-429f-9dff-c50874a1be91,ce8c9281-3a9c-47c3-a9ab-772acc51fadf,4905.18,2026-02-05 21:07:28,completed
17ae75f5-1140-4301-9d9a-60557b579e46,ce8c9281-3a9c-47c3-a9ab-772acc51fadf,5255.74,2026-04-21 18:07:28,completed
6a11f5ac-ba6a-49d2-af13-b2d543fcc7e8,ce8c9281-3a9c-47c3-a9ab-772acc51fadf,2521.1,2026-06-10 03:07:28,completed
d21ed850-b7fc-497f-bd88-ee1bbfcf59da,ce8c9281-3a9c-47c3-a9ab-772acc51fadf,4452.7,2026-04-22 00:07:28,completed
ce5374ad-bf5f-4120-b93a-ce762fa1054e,ce8c9281-3a9c-47c3-a9ab-772acc51fadf,5661.34,2026-07-16 21:07:28,completed
bd24797a-b837-4378-b681-4a45a0105afb,ce8c9281-3a9c-47c3-a9ab-772acc51fadf,3706.18,2026-05-05 06:07:28,completed
6f0b974a-c5bb-4290-a405-63097a4bf895,ce8c9281-3a9c-47c3-a9ab-772acc51fadf,701.22,2026-06-01 16:07:28,refunded
c8da1eb6-bade-44bf-bc45-b0abeead090d,ce8c9281-3a9c-47c3-a9ab-772acc51fadf,4863.26,2026-03-20 18:07:28,completed
4f107148-bced-4a1a-82d9-7a6fd2feb543,ce8c9281-3a9c-47c3-a9ab-772acc51fadf,3582.05,2026-03-20 21:07:28,completed
15fd592e-116b-42be-b12d-f1858ac4ce28,ce8c9281-3a9c-47c3-a9ab-772acc51fadf,3564.93,2026-03-11 13:07:28,completed
38c8ca9f-145c-4993-9874-ad659d10b910,ce8c9281-3a9c-47c3-a9ab-772acc51fadf,7751.49,2026-04-14 23:07:28,completed
4fe5a14a-b7b3-44a9-b6ba-d0efe3223cec,ce8c9281-3a9c-47c3-a9ab-772acc51fadf,3068.78,2026-05-30 16:07:28,completed
9559ae84-aea8-48ce-870d-8aa737fb44fe,ce8c9281-3a9c-47c3-a9ab-772acc51fadf,4992.34,2026-05-28 04:07:28,completed
1c065488-8c92-47a4-becf-4f715ecec026,fc63c461-8ed6-4415-ad12-0f7515b84579,7903.92,2026-11-12 08:09:38,completed
c8518d0d-1845-4a5a-ab0d-185817a73beb,4a4e3028-c3a7-469f-83d0-74c3422a3d84,1550.19,2026-06-23 07:45:48,completed
2de50abd-2a4a-4491-9c47-d27a6f5e5688,4a4e3028-c3a7-469f-83d0-74c3422a3d84,5760.29,2026-07-27 18:45:48,completed
cf656a19-a916-475c-b033-7ce1217d8dc3,4a4e3028-c3a7-469f-83d0-74c3422a3d84,3267.07,2026-08-25 17:45:48,completed
ea165ac8-2b0d-4801-9445-2f3defe632d9,5ceff25d-4147-4003-b98d-92b91a1dae82,3082.89,2026-11-13 17:50:52,completed
869ac545-0179-41a3-aa4b-30ed4f7b3e7f,5ceff25d-4147-4003-b98d-92b91a1dae82,1438.71,2026-07-22 14:50:52,completed
eb850609-788f-45d2-856d-a488063797ee,5ceff25d-4147-4003-b98d-92b91a1dae82,4936.55,2027-01-04 20:50:52,completed
dde46874-d898-480d-834b-d9b5a95862f4,3aa9b23e-3588-4fcb-ac60-cb0a7f9e44bf,4812.81,2026-11-05 04:03:18,completed
d7cd8af3-991b-42f6-9196-4e219c925e06,3aa9b23e-3588-4fcb-ac60-cb0a7f9e44bf,6280.52,2026-07-13 10:03:18,completed
d0f914e1-3cd8-48a8-8987-e1a72b6d36e3,3aa9b23e-3588-4fcb-ac60-cb0a7f9e44bf,7461.13,2026-07-27 15:03:18,completed
cf30b045-b9ae-4151-b66c-1f3bcb8fc06a,3aa9b23e-3588-4fcb-ac60-cb0a7f9e44bf,6586.2,2026-09-07 07:03:18,completed
0ee5774a-2b69-46cb-b7ae-b9134e5e78cc,3aa9b23e-3588-4fcb-ac60-cb0a7f9e44bf,3509.69,2026-07-09 05:03:18,completed
5eefbfbf-16b7-413f-a7b3-9dedca4c3fdc,3aa9b23e-3588-4fcb-ac60-cb0a7f9e44bf,1735.28,2026-10-09 12:03:18,completed
9d6c1463-7e3e-4c7c-8d07-b8c119474a1a,3aa9b23e-3588-4fcb-ac60-cb0a7f9e44bf,1148.83,2026-10-23 12:03:18,completed
d8b49d3e-e2df-41c3-baec-c2ea7e15c2d6,329b664c-cc0a-4539-9c19-468ff44b46b9,3155.05,2026-02-25 08:29:44,completed
29e7b9cd-f7f1-4a30-86ce-b539ca7c02d9,329b664c-cc0a-4539-9c19-468ff44b46b9,5421.1,2026-02-18 20:29:44,completed
ccf8c2ad-b3ec-4fc5-9436-de5fbcf673e3,329b664c-cc0a-4539-9c19-468ff44b46b9,6508.28,2025-12-15 00:29:44,completed
825f4795-8f73-4005-a4d2-2b2241f37a7b,329b664c-cc0a-4539-9c19-468ff44b46b9,7137.37,2026-05-28 01:29:44,completed
dd7e7472-6259-4ad5-be0d-f3edee86601a,329b664c-cc0a-4539-9c19-468ff44b46b9,2451.9,2026-05-03 16:29:44,completed
863a26f0-76df-4fbb-85c9-fc1938c8d358,329b664c-cc0a-4539-9c19-468ff44b46b9,5583.62,2026-02-02 00:29:44,completed
a27e4675-2220-4c13-8c98-909e9756cbb4,534d52f9-0552-44e0-a861-b2f26a7b462e,5213.16,2026-10-24 17:05:33,failed
5f81269c-6c41-4aa4-8b2d-6c2b7b5b264d,534d52f9-0552-44e0-a861-b2f26a7b462e,7025.45,2026-07-29 11:05:33,refunded
d159a3df-af6e-4fce-ba83-f9d5464720ce,534d52f9-0552-44e0-a861-b2f26a7b462e,4972.08,2026-07-31 08:05:33,completed
82cbd9d5-d16f-4f7f-ab63-76c7d82e0530,534d52f9-0552-44e0-a861-b2f26a7b462e,7530.95,2026-10-11 13:05:33,completed
5b051733-e54f-4fd4-9e44-2b31f276333f,534d52f9-0552-44e0-a861-b2f26a7b462e,7270.06,2026-09-07 08:05:33,completed
a49597d8-bfae-48d1-bc83-6dab79594ee4,534d52f9-0552-44e0-a861-b2f26a7b462e,1402.34,2026-07-23 06:05:33,completed
b9248507-f6f3-48e7-9be0-27b4356387c4,5054bc9b-d522-4315-a652-cd628cbf9627,6435.52,2026-06-18 10:05:12,completed
2c372b7b-9dc9-42eb-9ead-116732b16d4d,c8b9d871-c01f-4aee-af1b-838298936b7f,3736.41,2026-04-02 06:45:40,completed
c58e9f04-1027-4e51-bef2-b4f6bd77c75f,c8b9d871-c01f-4aee-af1b-838298936b7f,1929.63,2026-05-01 09:45:40,completed
dc84a3d5-3468-4f50-b931-48819fdeeff7,c8b9d871-c01f-4aee-af1b-838298936b7f,3648.68,2026-04-30 14:45:40,completed
156a8160-0c71-4f39-803b-92bf49a162a3,476d29de-cf33-45c2-b872-7b8fa21faa29,576.3,2026-01-26 14:58:36,completed
8cdc7d7d-2384-4971-b1e6-2bebe6dac910,476d29de-cf33-45c2-b872-7b8fa21faa29,508.61,2026-05-28 07:58:36,completed
215e02f4-3871-41d3-a5fa-38bca3e9ace1,476d29de-cf33-45c2-b872-7b8fa21faa29,666.24,2026-05-31 12:58:36,completed
ca766a0f-b3df-4bb3-a112-957193b3050e,476d29de-cf33-45c2-b872-7b8fa21faa29,674.58,2026-06-23 05:58:36,completed
a0269718-f8c5-4d51-91c5-e42aad141b1a,476d29de-cf33-45c2-b872-7b8fa21faa29,849.52,2026-05-04 06:58:36,completed
6474f5e6-c899-4a82-a1be-2d3f803a8ee4,273d5845-3a98-442d-a55d-b2fad3453ebb,975.14,2025-11-03 06:07:57,completed
09c32f01-896b-4b8b-9b7b-8feec361fc96,273d5845-3a98-442d-a55d-b2fad3453ebb,1194.02,2026-02-05 04:07:57,completed
a5d727d2-a0e7-4437-a680-dbf4323327d6,273d5845-3a98-442d-a55d-b2fad3453ebb,312.92,2025-11-26 10:07:57,completed
565757d6-e31a-4cd5-a0fb-003e553f6df4,273d5845-3a98-442d-a55d-b2fad3453ebb,7844.84,2026-01-22 04:07:57,completed
d7c77cf9-9e28-402c-9a75-a4350d6a3cb5,273d5845-3a98-442d-a55d-b2fad3453ebb,1272.57,2025-12-09 19:07:57,completed
a3db28f4-ca1e-4113-befc-82873b68f9d1,273d5845-3a98-442d-a55d-b2fad3453ebb,370.75,2026-02-05 05:07:57,completed
b24fc4f5-a256-4749-a63a-e28122109254,9102adaf-d200-46dd-a377-defb2d863413,3809.54,2026-08-26 11:53:04,completed
f3e90d7c-614f-4e38-b3ed-9c2ddde8e8b8,9102adaf-d200-46dd-a377-defb2d863413,6469.95,2026-07-20 03:53:04,completed
d5471cf4-5b73-4e84-a448-881bb9df77d2,9102adaf-d200-46dd-a377-defb2d863413,7925.58,2026-11-12 14:53:04,completed
e0ae54a1-1279-4af9-ba24-d0a1b01a34a8,9102adaf-d200-46dd-a377-defb2d863413,6680.89,2026-12-09 22:53:04,completed
1318ff4a-9240-4c74-89c5-b8553ebf2ed1,9102adaf-d200-46dd-a377-defb2d863413,6538.62,2026-12-09 16:53:04,completed
c924054b-5305-4bc6-b8a3-5def0444287e,9102adaf-d200-46dd-a377-defb2d863413,2033.05,2026-08-05 03:53:04,completed
b7d75193-85b2-466c-b1da-486c66d6894b,ab0c7239-3df7-4900-b1be-e83d3ae1f13f,2603.08,2025-10-19 19:09:24,completed
e6d4673a-06fa-46d3-98de-e9419b5cc1f5,ab0c7239-3df7-4900-b1be-e83d3ae1f13f,2898.06,2025-10-14 04:09:24,completed
34c9675a-6baa-4e6f-b3b4-f976c4b231c8,8b72d1b1-5624-4dd4-a47b-f6ef0cf38e2f,5896.01,2026-07-06 04:23:35,completed
562783ad-1d6b-41d7-8a86-73d2c2dec423,8b72d1b1-5624-4dd4-a47b-f6ef0cf38e2f,3332.05,2026-05-16 14:23:35,completed
5aae4088-414c-41d4-88ef-a6780467c0dd,8b72d1b1-5624-4dd4-a47b-f6ef0cf38e2f,5763.82,2026-08-22 17:23:35,completed
06fa1aa3-0591-454e-86c3-e3cbf7c72758,8b72d1b1-5624-4dd4-a47b-f6ef0cf38e2f,5658.86,2026-05-08 10:23:35,completed
cb32a835-8a96-43cd-9233-9ac5a6c9c79a,8b72d1b1-5624-4dd4-a47b-f6ef0cf38e2f,6062.55,2026-05-03 22:23:35,completed
ce0dd76d-2baf-489b-b652-280469d817d4,1e871b87-4b92-480b-b2e5-4c0fe650441d,7866.79,2026-07-15 16:02:41,completed
9be7e87d-50fe-4962-a05d-e9acdf7980a7,1e871b87-4b92-480b-b2e5-4c0fe650441d,7801.02,2026-03-07 13:02:41,completed
b75d425a-1036-4112-8637-549193bbec9b,1e871b87-4b92-480b-b2e5-4c0fe650441d,5305.75,2026-02-05 15:02:41,completed
14d5c75b-581c-46d3-9e39-2d6d09f47098,1e871b87-4b92-480b-b2e5-4c0fe650441d,2186.51,2026-03-03 08:02:41,completed
971d1fb9-b17c-4a34-b4f6-a1d6a74fa16f,1e871b87-4b92-480b-b2e5-4c0fe650441d,4890.4,2026-05-05 03:02:41,completed
93b3658a-40ea-4289-850a-a5a005a83047,1e871b87-4b92-480b-b2e5-4c0fe650441d,5464.67,2026-04-30 10:02:41,completed
e3855b4c-1118-43e7-9bc7-f1f5c1042274,1e871b87-4b92-480b-b2e5-4c0fe650441d,5168.97,2026-05-22 08:02:41,completed
13dcc43b-efa5-4c4a-bcd0-85963691b63f,1e871b87-4b92-480b-b2e5-4c0fe650441d,1239.8,2026-01-25 15:02:41,completed
54898105-0025-42d8-a328-bbf2842e4ed5,1e871b87-4b92-480b-b2e5-4c0fe650441d,4711.96,2026-06-02 19:02:41,failed
0b380642-85f8-4b5b-9d55-49d7b947236e,1e871b87-4b92-480b-b2e5-4c0fe650441d,6039.27,2026-06-19 03:02:41,completed
604d66d3-3543-4238-831f-d63e9c223ade,1e871b87-4b92-480b-b2e5-4c0fe650441d,5263.39,2026-03-11 00:02:41,completed
080f5adc-00db-4e5b-81b1-6adbb4cbe455,1e871b87-4b92-480b-b2e5-4c0fe650441d,788.94,2026-06-18 16:02:41,completed
564acc32-ab1b-4ab1-a4b9-c699330b56a9,1e871b87-4b92-480b-b2e5-4c0fe650441d,5695.71,2026-06-09 17:02:41,completed
7f3a6011-3ea0-4a3e-9890-d7b189ebf7e3,101668d5-d85c-4d92-8ee0-6a8a620e9013,6746.01,2026-02-15 08:38:33,completed
5af4227d-f18c-4492-9991-2ee2ff818b92,101668d5-d85c-4d92-8ee0-6a8a620e9013,1897.47,2026-03-17 20:38:33,completed
96220d66-ace9-4fb5-86b4-59d28e3a52f5,101668d5-d85c-4d92-8ee0-6a8a620e9013,5653.16,2025-11-01 22:38:33,completed
0a0e584d-172f-429e-aaa0-08171b53affb,101668d5-d85c-4d92-8ee0-6a8a620e9013,1291.88,2026-01-25 03:38:33,completed
7be9b1c6-331e-4353-bd17-b679e97e36c9,251107b9-7235-4992-8803-fb7bd895a47c,428.0,2026-08-27 10:40:55,refunded
a6c555ef-0084-4413-a3fd-b63e8487e821,251107b9-7235-4992-8803-fb7bd895a47c,835.54,2027-01-03 16:40:55,completed
e7ee6d14-2653-467f-840b-279a18291805,251107b9-7235-4992-8803-fb7bd895a47c,436.93,2027-02-11 07:40:55,completed
02f92bac-c833-45e0-a059-6392476906ea,251107b9-7235-4992-8803-fb7bd895a47c,511.88,2026-11-11 04:40:55,completed
08b82928-deb9-48a6-8fac-25099c939883,251107b9-7235-4992-8803-fb7bd895a47c,1197.44,2026-11-15 23:40:55,completed
13577e58-b3f9-4ec3-bba6-9ca231e23591,251107b9-7235-4992-8803-fb7bd895a47c,930.09,2027-01-04 13:40:55,completed
d20c62b3-20fd-47f5-b7b2-e73489e70f83,251107b9-7235-4992-8803-fb7bd895a47c,1084.87,2026-09-05 13:40:55,completed
849edfa5-a26c-4661-80d2-606ee01730ea,7ce031dc-3364-48b2-9e4c-ab956a20f60c,3432.22,2026-08-17 12:38:14,completed
345f1a40-530b-4063-a933-1758eaedc8b0,7ce031dc-3364-48b2-9e4c-ab956a20f60c,6291.15,2026-04-25 20:38:14,completed
727f5f09-f52f-46c1-baa8-e9ddc4de0528,7ce031dc-3364-48b2-9e4c-ab956a20f60c,3204.1,2026-05-30 17:38:14,failed
80469fec-0dd6-41fa-9103-6437a64e2ff8,7ce031dc-3364-48b2-9e4c-ab956a20f60c,6327.05,2026-05-29 21:38:14,completed
973346e9-00ab-4071-8577-bbe017472f6f,7ce031dc-3364-48b2-9e4c-ab956a20f60c,4833.97,2026-08-16 08:38:14,completed
106d86e6-d878-4001-849f-ddbb20744c6b,7ce031dc-3364-48b2-9e4c-ab956a20f60c,4705.62,2026-04-28 01:38:14,completed
7341bcf6-7281-427e-981a-f370ffd6c1b3,7ce031dc-3364-48b2-9e4c-ab956a20f60c,669.32,2026-06-12 04:38:14,completed
011735f4-1560-4ea6-a09e-dcc742afc4ac,7ce031dc-3364-48b2-9e4c-ab956a20f60c,6007.99,2026-07-11 14:38:14,refunded
8601d9ce-5563-4ccb-9edd-7895d9d45881,7ce031dc-3364-48b2-9e4c-ab956a20f60c,6842.15,2026-08-18 02:38:14,completed
1b1ee9da-8a84-4de7-8b00-0bd6cab067af,7ce031dc-3364-48b2-9e4c-ab956a20f60c,4254.45,2026-05-05 17:38:14,failed
9a14964e-6f67-476a-987b-d6d8f5dd4884,7ce031dc-3364-48b2-9e4c-ab956a20f60c,3216.77,2026-05-13 06:38:14,completed
00c8d2d9-8faf-423e-aecd-c150dc676927,7ce031dc-3364-48b2-9e4c-ab956a20f60c,3150.16,2026-04-17 08:38:14,completed
8683e83e-57a5-4bf1-8c37-ef4045888b24,7ce031dc-3364-48b2-9e4c-ab956a20f60c,3824.96,2026-09-24 04:38:14,completed
4f783fcb-7448-488d-9b9d-8c6bd6343213,b3f33ed3-92f9-444f-896c-06297a8ab4a9,7635.15,2026-02-08 16:04:43,completed
61038354-020f-4d28-bfb4-2c662b1ff952,b3f33ed3-92f9-444f-896c-06297a8ab4a9,969.46,2025-12-09 09:04:43,completed
b99aa4aa-5fe5-4ad7-af04-8c035bda8ac0,b3f33ed3-92f9-444f-896c-06297a8ab4a9,890.54,2025-12-31 02:04:43,completed
1aa6bddd-368f-47be-9035-fba09c8abfd8,af2f7a50-fa53-4b98-8bf5-d3d838274ae0,628.68,2025-09-10 20:43:51,completed
df4601c6-7fc8-4e96-b25a-eca17577a9b6,af2f7a50-fa53-4b98-8bf5-d3d838274ae0,1145.95,2025-09-13 08:43:51,completed
57e16dff-6437-47f4-9030-a5f9fba6687a,af2f7a50-fa53-4b98-8bf5-d3d838274ae0,941.42,2026-01-16 11:43:51,completed
744f18ab-baf1-4e45-adf7-714fb1c65224,af2f7a50-fa53-4b98-8bf5-d3d838274ae0,552.15,2025-10-12 07:43:51,failed
b8579d77-c4ba-40ac-a40f-8f7ebf36808b,af2f7a50-fa53-4b98-8bf5-d3d838274ae0,827.46,2025-09-12 17:43:51,completed
fd9d1aae-b436-4a65-bc07-85621cb4ae46,af2f7a50-fa53-4b98-8bf5-d3d838274ae0,433.88,2026-02-27 11:43:51,completed
385467f7-4c3d-4023-899d-ec67ab5b07d7,af2f7a50-fa53-4b98-8bf5-d3d838274ae0,1010.97,2025-10-24 16:43:51,completed
48ca638d-c68e-4806-862f-3ebb80157481,1eecf68e-adb2-4a6f-91a0-d93aae5540b8,1161.99,2025-12-26 15:41:56,completed
af97700d-e084-4e07-b26e-a4c83efb3c6c,1eecf68e-adb2-4a6f-91a0-d93aae5540b8,490.59,2026-04-02 18:41:56,completed
062239f9-57ee-4002-8f3e-90c00c95d3c8,1eecf68e-adb2-4a6f-91a0-d93aae5540b8,1086.24,2026-02-28 06:41:56,completed
da164444-a57a-4a63-aeb4-9dbaa0ae0a78,1eecf68e-adb2-4a6f-91a0-d93aae5540b8,401.79,2026-04-28 22:41:56,completed
e7dbcc5a-3188-4fe8-980d-31bd0fe62f29,1eecf68e-adb2-4a6f-91a0-d93aae5540b8,1143.29,2026-04-05 19:41:56,completed
657fe49a-9dd2-46fc-86f4-a3a5d9db0e39,eaca0d70-52c4-4abe-a77b-75b420827c3e,1483.57,2026-03-27 07:38:47,completed
71007d85-6fea-4c47-8df8-ebf325398745,eaca0d70-52c4-4abe-a77b-75b420827c3e,5356.08,2026-07-07 15:38:47,completed
d2758a45-a102-44c9-9147-2eceec3a4e34,eaca0d70-52c4-4abe-a77b-75b420827c3e,3598.23,2026-06-15 02:38:47,completed
df155e45-8a6e-4626-942b-e4549963b01f,fcfefe9f-683a-4e8f-a9a3-2bc4e10cc89e,3683.05,2026-06-19 22:58:28,completed
7e775d53-3e53-43cd-912a-21c96cb1c994,fcfefe9f-683a-4e8f-a9a3-2bc4e10cc89e,7002.96,2026-09-11 08:58:28,completed
7f237dac-6f6c-4966-9678-81d72a7a15f4,fcfefe9f-683a-4e8f-a9a3-2bc4e10cc89e,3338.0,2026-07-10 17:58:28,completed
0f2e6e36-b480-4def-81d5-670ba708b8cb,fcfefe9f-683a-4e8f-a9a3-2bc4e10cc89e,7602.49,2026-05-31 13:58:28,completed
9263fa10-fddb-4e4c-97d3-057206e9e555,fcfefe9f-683a-4e8f-a9a3-2bc4e10cc89e,4535.95,2026-07-30 11:58:28,completed
2c447b5a-33fa-41b3-a40f-d8b786452d96,fcfefe9f-683a-4e8f-a9a3-2bc4e10cc89e,6308.6,2026-06-24 18:58:28,completed
eda43e91-8142-4315-8631-1626b0b40ee0,fcfefe9f-683a-4e8f-a9a3-2bc4e10cc89e,1130.67,2026-08-30 12:58:28,completed
5e7eb5d2-72c4-4e95-a897-de88c815f24c,fe0d727d-6191-47a0-ab72-c7ad17c77ea1,589.2,2026-04-20 21:05:58,completed
935d0848-fc76-4b5a-b939-54a6e8588ec6,fe0d727d-6191-47a0-ab72-c7ad17c77ea1,989.95,2026-07-17 09:05:58,completed
b32a4e52-0cbf-4619-ae11-7d5d7e4c5c38,fe0d727d-6191-47a0-ab72-c7ad17c77ea1,1008.72,2026-07-04 05:05:58,completed
c83de75c-9194-4f51-b8c6-3998c09cf609,fe0d727d-6191-47a0-ab72-c7ad17c77ea1,599.57,2026-05-30 19:05:58,completed
7468d0e2-76a3-4158-8186-44f096e2f560,fe0d727d-6191-47a0-ab72-c7ad17c77ea1,1056.49,2026-06-27 18:05:58,completed
9e5c881d-e2c5-4b75-8902-ce904943168f,fe0d727d-6191-47a0-ab72-c7ad17c77ea1,801.87,2026-10-17 23:05:58,completed
6a3283e8-770d-424d-9767-355ffea19457,fe0d727d-6191-47a0-ab72-c7ad17c77ea1,583.51,2026-09-19 16:05:58,completed
0f913462-4bb4-47c4-9f9d-35ca489227d1,d68b179a-b307-46f6-831c-9519b2252464,1837.25,2026-06-15 16:04:43,failed
009f58c3-733d-4a6f-8406-961b0bf69985,d68b179a-b307-46f6-831c-9519b2252464,2659.63,2026-05-22 15:04:43,completed
aa8d7a22-5ae9-44aa-8fb9-70842318c327,d68b179a-b307-46f6-831c-9519b2252464,3989.8,2026-07-07 10:04:43,completed
8c9ad07f-8c63-4e7b-8a68-57f8e715fdf7,d68b179a-b307-46f6-831c-9519b2252464,2373.19,2026-10-20 04:04:43,completed
ae477264-fcb9-4fd5-866c-18eb792a0755,d68b179a-b307-46f6-831c-9519b2252464,2762.77,2026-08-07 01:04:43,completed
c6fb9528-0b1e-4c7e-ad4a-92258454a033,d68b179a-b307-46f6-831c-9519b2252464,6034.61,2026-05-19 03:04:43,completed
7a02c3b0-c3e5-4298-8497-19908bda5260,d68b179a-b307-46f6-831c-9519b2252464,1075.87,2026-09-06 11:04:43,completed
62a2f4fb-afd2-431e-a71f-63deb88cd655,d68b179a-b307-46f6-831c-9519b2252464,1158.77,2026-09-11 14:04:43,completed
f4e18927-c7dc-4ebf-a669-9fd4eff020d6,d68b179a-b307-46f6-831c-9519b2252464,1303.37,2026-10-30 20:04:43,completed
020278e3-128e-4870-886f-cd8b8a11ac70,d68b179a-b307-46f6-831c-9519b2252464,4372.24,2026-08-10 02:04:43,completed
428a0129-0f93-4322-a708-6383dd880ae5,d68b179a-b307-46f6-831c-9519b2252464,3257.18,2026-10-22 11:04:43,completed
22847b31-4b03-4edb-a9e4-fc082507acdb,d68b179a-b307-46f6-831c-9519b2252464,1226.73,2026-06-11 23:04:43,completed
b707d373-2100-4a00-94e9-08b3818bae65,d68b179a-b307-46f6-831c-9519b2252464,3732.43,2026-10-23 09:04:43,completed
4be10c51-9c39-4dbe-a4bf-f28d15e20cea,d68b179a-b307-46f6-831c-9519b2252464,5885.2,2026-09-25 22:04:43,refunded
ebad65dd-d059-40df-9019-b8c88407c7f0,d68b179a-b307-46f6-831c-9519b2252464,637.35,2026-06-29 20:04:43,completed
1f64a54a-ace6-44d8-905f-24d12b5f869d,d68b179a-b307-46f6-831c-9519b2252464,7053.48,2026-09-27 01:04:43,completed
b9c9f4da-59ec-47c2-a39c-3316f316c24a,f32777ad-22dc-4a9b-8564-54000cac3bf0,5823.41,2026-09-24 00:42:12,completed
cc5dd941-f2a9-4be0-8b6e-988ee355263b,f32777ad-22dc-4a9b-8564-54000cac3bf0,7471.26,2026-07-15 04:42:12,completed
be913a7e-950b-4cd2-a17a-4447fa73f2c3,f32777ad-22dc-4a9b-8564-54000cac3bf0,5664.64,2026-07-02 18:42:12,completed
4b09403a-c3d0-4378-9a63-26ac1c4bd7dc,f32777ad-22dc-4a9b-8564-54000cac3bf0,7788.05,2026-07-09 07:42:12,completed
97f86879-a530-4337-b79d-af01159575f7,f32777ad-22dc-4a9b-8564-54000cac3bf0,7000.97,2026-10-07 04:42:12,refunded
74c3a69f-faa0-438f-8b60-bb056991a823,13bf9dde-f938-4c0a-98ec-39ad6a2af462,712.2,2026-03-04 17:06:31,completed
7655cc0d-d2ce-443d-b11f-4cf5c45838b6,13bf9dde-f938-4c0a-98ec-39ad6a2af462,857.52,2026-04-25 18:06:31,failed
b3b2f760-ca83-4cb5-82cb-964a13cec02a,13bf9dde-f938-4c0a-98ec-39ad6a2af462,1142.9,2026-08-03 11:06:31,failed
2daf51c5-35db-44dd-b8d7-7c5f2ecd9f6c,13bf9dde-f938-4c0a-98ec-39ad6a2af462,976.46,2026-07-14 03:06:31,completed
c4f3f961-1fe6-4c40-a4bc-46c7d552ed51,13bf9dde-f938-4c0a-98ec-39ad6a2af462,841.72,2026-04-29 22:06:31,completed
d5c93ea5-a022-486b-bdae-25632a072ed9,13bf9dde-f938-4c0a-98ec-39ad6a2af462,431.27,2026-03-16 06:06:31,completed
5b4c05d5-614c-4358-8532-8169dde591cd,13bf9dde-f938-4c0a-98ec-39ad6a2af462,1032.5,2026-05-14 17:06:31,completed
1a30a141-2383-4ed6-b008-c200cd0a5d7e,66ccff5c-16fa-4a4d-8df2-0101ca3a4d3d,5294.57,2026-05-29 18:07:21,completed
e83ffdcf-edea-4235-b079-e3ef6eb325b0,66ccff5c-16fa-4a4d-8df2-0101ca3a4d3d,5732.06,2026-07-09 11:07:21,completed
f461ccbe-4fba-41e3-a9f0-af9f2e3ed1d7,c0153119-49c7-4f87-870f-e0df825f6d38,7886.51,2026-09-14 02:33:51,completed
a1b3b400-7f81-4397-9c57-71aea68bdcbc,c0153119-49c7-4f87-870f-e0df825f6d38,7732.25,2026-06-03 18:33:51,completed
5fb8fa39-9c68-47d4-95d4-adc1a2649e40,2475e848-2952-4539-8a1e-b4e23c4dc051,6292.03,2026-06-17 22:43:39,completed
5e78100b-db0a-4f17-a983-f8cb5d9023e8,2475e848-2952-4539-8a1e-b4e23c4dc051,3241.25,2026-02-28 00:43:39,completed
a5758208-ee4e-40a3-8d11-50e4dd4e4739,a57073c5-848d-423a-affa-627dad024274,6589.72,2026-07-05 09:25:01,completed
a86190c3-bb49-4b42-b7b9-82e3b4332e4c,a57073c5-848d-423a-affa-627dad024274,6519.54,2026-04-01 20:25:01,completed
734bbe3e-f4b3-4b48-be35-a2232c77fc4e,a57073c5-848d-423a-affa-627dad024274,5892.4,2026-03-04 04:25:01,completed
3243f15f-ee84-4c1b-8842-451ba2493611,a57073c5-848d-423a-affa-627dad024274,3837.3,2026-05-25 16:25:01,completed
6d94c569-17ae-4446-9714-d5e183bcb1b1,a57073c5-848d-423a-affa-627dad024274,7563.83,2026-03-09 20:25:01,completed
058662db-d2f2-4dfd-b5f2-3051bab4750d,a57073c5-848d-423a-affa-627dad024274,7116.45,2026-04-05 14:25:01,completed
87fa23c7-a326-4edf-b771-cfa26741841a,38df41e8-fdc3-40f8-9191-c9d9c3ea406c,3583.24,2026-02-17 21:03:01,completed
1cff3349-4ad7-441b-86cb-c556343e81a5,38df41e8-fdc3-40f8-9191-c9d9c3ea406c,4356.19,2026-06-15 07:03:01,completed
8b36942d-e4f6-4370-8198-21d8505db299,38df41e8-fdc3-40f8-9191-c9d9c3ea406c,3256.73,2026-01-04 14:03:01,completed
88853c48-3741-4eab-a2dd-d5f00683d6cb,38df41e8-fdc3-40f8-9191-c9d9c3ea406c,1317.78,2026-01-04 15:03:01,completed
3d4408ad-06a2-4811-97ad-6433ad9bcac6,4f9bac9d-be4e-45e9-b3fc-c5d44ff62127,7740.98,2026-09-15 23:50:30,failed
448d940a-ef82-49c3-bc82-df8c5812e5c6,4f9bac9d-be4e-45e9-b3fc-c5d44ff62127,2905.6,2026-05-05 21:50:30,completed
1cebe72e-cca1-4c47-ac98-fa77e79b94e4,c36ff4b5-af95-498f-824d-dedbd451e762,6579.08,2026-10-29 09:31:45,completed
6dbc9380-0ed0-4b1c-9c23-87be97c789b5,c36ff4b5-af95-498f-824d-dedbd451e762,4485.15,2026-10-28 19:31:45,completed
d0229b22-3ef7-450d-95c5-f6678b4906f1,c36ff4b5-af95-498f-824d-dedbd451e762,642.85,2026-11-14 18:31:45,failed
5ff5be66-ef8c-4e7c-97ff-722b262f57bc,c36ff4b5-af95-498f-824d-dedbd451e762,7125.72,2026-11-15 00:31:45,completed
f2d9ad00-c152-4b59-bf28-07c3717bd9a2,1710234a-fe72-4236-b757-fdf7531d0eb4,1434.8,2025-11-27 10:09:30,completed
04e78397-76da-42e8-b58b-9d49c2dfb4a1,1710234a-fe72-4236-b757-fdf7531d0eb4,7108.52,2026-01-18 00:09:30,completed
037fad59-7054-4d64-92ba-4afcbc4352e7,1710234a-fe72-4236-b757-fdf7531d0eb4,1148.04,2025-12-19 18:09:30,completed
f5765d23-5de1-4f6f-9c15-8fc204498305,1710234a-fe72-4236-b757-fdf7531d0eb4,2869.68,2026-02-01 14:09:30,completed
83b99b6c-aca5-416e-a9a6-b033634789de,1710234a-fe72-4236-b757-fdf7531d0eb4,1671.12,2025-12-12 04:09:30,completed
ae8a4fba-7151-4f84-9c81-7595b7bc6a8c,1710234a-fe72-4236-b757-fdf7531d0eb4,1456.69,2026-04-23 08:09:30,completed
f0d863f3-376d-4e25-8084-86026b5b25ea,1710234a-fe72-4236-b757-fdf7531d0eb4,2982.57,2026-02-06 22:09:30,completed
036c3330-93bb-4428-842f-de730d71c0ce,1710234a-fe72-4236-b757-fdf7531d0eb4,2343.59,2026-03-29 00:09:30,completed
cfc16cc2-ab1f-4f52-bd13-f3d45bb442b8,1710234a-fe72-4236-b757-fdf7531d0eb4,7830.98,2025-12-10 03:09:30,completed
a67e13b7-425d-49af-a90b-e0a5b9693160,1710234a-fe72-4236-b757-fdf7531d0eb4,3739.55,2025-12-28 13:09:30,completed
813dc929-e365-4b0c-b60d-2867ca4b9281,1710234a-fe72-4236-b757-fdf7531d0eb4,3591.39,2026-03-23 05:09:30,completed
607cdc1a-8efe-43fa-95a1-044e49691a2a,1710234a-fe72-4236-b757-fdf7531d0eb4,1282.03,2025-12-28 05:09:30,completed
b3167145-c7c2-41a8-9435-b303878bcd1e,1710234a-fe72-4236-b757-fdf7531d0eb4,4005.92,2026-02-19 13:09:30,refunded
00627d12-b10a-48c2-a324-24c920c9a5a8,1710234a-fe72-4236-b757-fdf7531d0eb4,6476.49,2026-04-24 23:09:30,completed
d669fc2a-4d88-43bb-b222-b7cd6ad7f2b5,1710234a-fe72-4236-b757-fdf7531d0eb4,4127.69,2026-01-22 15:09:30,completed
dea14dbd-3fdf-4654-92fa-99bc12d02ad8,1710234a-fe72-4236-b757-fdf7531d0eb4,3261.63,2026-04-06 20:09:30,completed
7fa67dff-ef8e-4e5b-90f5-e6bc5b5c910c,1710234a-fe72-4236-b757-fdf7531d0eb4,5639.94,2026-03-08 19:09:30,completed
38e99b34-f220-4162-9a76-2dda6fcecec9,0d85308a-d124-46e1-9a55-fbd72f7020e2,7953.07,2026-02-11 21:46:12,failed
cd0614e6-91cc-4ec4-875a-7f485909164d,0d85308a-d124-46e1-9a55-fbd72f7020e2,7673.64,2025-12-17 21:46:12,completed
8989744c-71f0-4a37-bffd-ee8b12bc4358,0d85308a-d124-46e1-9a55-fbd72f7020e2,6839.83,2025-12-28 21:46:12,completed
ed2f5503-b5a6-4b36-84f9-7e49d406b469,0d85308a-d124-46e1-9a55-fbd72f7020e2,6731.44,2026-01-17 19:46:12,completed
48aa0572-bfa9-4a66-8690-6c29b0d813cd,0d85308a-d124-46e1-9a55-fbd72f7020e2,2029.32,2026-03-30 17:46:12,completed
58539b53-7ca2-41bb-b5d5-5dbcce02a8df,0d85308a-d124-46e1-9a55-fbd72f7020e2,3206.45,2026-01-13 08:46:12,completed
02435c02-e6d4-41e6-9d25-6e789ac64d65,0d85308a-d124-46e1-9a55-fbd72f7020e2,1116.28,2026-03-31 21:46:12,completed
4159ba1e-730a-4531-8b0b-ac5d5bc082b8,99b4dceb-a42e-4968-81e7-4bc402b2fa79,3112.38,2026-06-25 12:48:42,failed
bfffb56c-36f5-4b58-a0cf-ad9c4aac06cc,99b4dceb-a42e-4968-81e7-4bc402b2fa79,4682.71,2026-02-13 14:48:42,completed
26b4311a-f5a9-495e-a6b7-2906e0356622,99b4dceb-a42e-4968-81e7-4bc402b2fa79,1378.87,2026-03-03 12:48:42,completed
98e9c76e-b314-4470-ada7-dd6604a5fe84,11d3d8a2-ad74-45d6-906b-12895ca1f559,3718.6,2026-11-04 04:12:28,completed
2fc5163b-36ce-40c8-ad72-4ae2a651dc01,11d3d8a2-ad74-45d6-906b-12895ca1f559,762.01,2026-07-10 00:12:28,completed
fbc1c3d8-4936-4172-a55c-bbe9488646bc,11d3d8a2-ad74-45d6-906b-12895ca1f559,383.68,2026-12-07 20:12:28,completed
632e1bdc-45d3-404d-b7a5-141d0da00456,11d3d8a2-ad74-45d6-906b-12895ca1f559,6687.29,2026-12-28 05:12:28,completed
720cd61c-30ed-4955-bd7d-c862212fa78a,11d3d8a2-ad74-45d6-906b-12895ca1f559,3562.26,2026-11-12 00:12:28,completed
0f76d5da-c390-4fed-bc1c-1af08b7a18ff,11d3d8a2-ad74-45d6-906b-12895ca1f559,7623.26,2026-07-30 07:12:28,completed
4b52871d-69c1-45ed-95ce-7af8bf383659,77b1917b-8b43-4922-9f16-43c965605251,6633.29,2026-05-16 02:22:06,refunded
c10ded4f-abff-4de5-80c8-248cdd942fc0,77b1917b-8b43-4922-9f16-43c965605251,3906.96,2026-10-02 21:22:06,completed
f5f4cdfd-73d4-4b09-8eac-4f4833a0ce81,77b1917b-8b43-4922-9f16-43c965605251,1569.15,2026-10-13 07:22:06,completed
d3e916d2-12b1-467e-8ce1-bfa9bb8ae3a5,647eb627-f4d4-4f2b-96a5-e2229c9c8785,899.13,2026-07-05 00:37:23,completed
bdee1b7b-e6c0-45c8-9473-89fe28f5edec,647eb627-f4d4-4f2b-96a5-e2229c9c8785,1553.26,2026-08-09 16:37:23,completed
871c06eb-975e-4570-b1d1-efd4c39e0d51,f7faeeab-5040-4a30-b1a9-60fc74c23b06,1853.29,2025-09-06 03:06:02,completed
24c75b78-8e12-4cd8-ac37-15388b1032b7,f7faeeab-5040-4a30-b1a9-60fc74c23b06,4689.95,2025-11-04 02:06:02,completed
1de69198-41ee-4520-a742-f20d997ac505,f7faeeab-5040-4a30-b1a9-60fc74c23b06,1017.72,2026-01-04 19:06:02,completed
f9fbeea0-4604-4e62-9238-ae20e98e7ba6,f7faeeab-5040-4a30-b1a9-60fc74c23b06,4151.66,2025-12-04 03:06:02,completed
aafc2e2e-fa91-4ace-87f2-33d4627015ab,f7faeeab-5040-4a30-b1a9-60fc74c23b06,1297.28,2025-12-13 17:06:02,completed
0de667f0-0336-4310-b636-13190b15cc2a,f7faeeab-5040-4a30-b1a9-60fc74c23b06,4177.55,2025-11-27 07:06:02,completed
b246bcf2-bdaa-45c5-8631-bb652b962211,f7faeeab-5040-4a30-b1a9-60fc74c23b06,3242.26,2025-10-11 18:06:02,completed
1f71d0ac-470a-491e-8fa8-8c21186f1574,f7faeeab-5040-4a30-b1a9-60fc74c23b06,5554.28,2025-09-13 03:06:02,completed
95833c28-f711-4a7a-9cdd-744e05dd1058,4c4389a5-a319-4318-9b0e-50184b248f84,5337.5,2025-11-25 10:35:40,completed
344405b0-89a2-4d69-96ae-dadc32865e14,4c4389a5-a319-4318-9b0e-50184b248f84,5911.15,2025-11-07 20:35:40,completed
66482f3b-e2ca-4516-9783-7463f37425cf,4c4389a5-a319-4318-9b0e-50184b248f84,2910.46,2025-12-23 18:35:40,completed
dd8eddb7-3adb-4d50-a13c-e32e84102669,4c4389a5-a319-4318-9b0e-50184b248f84,6261.15,2026-01-15 05:35:40,completed
e0d0f4c6-3440-4c63-b4bd-1f5bc2f701e9,4c4389a5-a319-4318-9b0e-50184b248f84,7676.72,2025-11-19 23:35:40,completed
d6294301-9c47-4885-bfcf-fc85998067e6,4c4389a5-a319-4318-9b0e-50184b248f84,1398.19,2026-02-01 07:35:40,completed
e0558bc7-3dfe-478d-80b4-abe5ca97ba5d,4c4389a5-a319-4318-9b0e-50184b248f84,3802.02,2026-02-14 06:35:40,completed
645eb4ed-812c-4b77-8c8c-045c9d8506d6,4c4389a5-a319-4318-9b0e-50184b248f84,4739.14,2025-12-11 09:35:40,completed
599179bb-e5c4-4b8e-8f6f-22db1ae136c1,4c4389a5-a319-4318-9b0e-50184b248f84,3847.71,2025-10-15 09:35:40,refunded
63c45546-e7ab-48fa-8493-6793dbfdc6ac,3ea70554-1604-41fc-80e9-474c05e6658b,7536.69,2026-04-24 14:20:19,refunded
56d76700-fc99-44c0-b721-588cd53ed410,89d334ca-b8a1-49dd-8e0f-476730bff015,6898.91,2026-06-13 04:38:24,completed
bff9c6a0-61b9-4d75-affa-75d7a7854e05,89d334ca-b8a1-49dd-8e0f-476730bff015,6805.23,2026-04-14 09:38:24,completed
78d7cd1e-b2c8-4d43-97d1-8376ec08ed54,89d334ca-b8a1-49dd-8e0f-476730bff015,4195.76,2026-06-14 21:38:24,completed
d2b5057f-f0fb-46fe-b1df-15b227878f88,89d334ca-b8a1-49dd-8e0f-476730bff015,5257.77,2026-09-01 20:38:24,completed
df840d24-9576-4df5-b3f4-1728f35bbe3a,75872f9a-0d46-4d98-a637-4525c94be28f,1110.79,2026-01-28 02:30:31,completed
f1bee4b1-fe6a-4ebf-ae17-6f39e51e38dc,75872f9a-0d46-4d98-a637-4525c94be28f,2017.49,2026-01-30 14:30:31,completed
a42549b5-87b9-4478-b7f0-4bad2fbcbf2e,75872f9a-0d46-4d98-a637-4525c94be28f,3907.36,2026-02-25 04:30:31,completed
b76edfa3-1db1-4ba7-abff-ddbce3e30728,75872f9a-0d46-4d98-a637-4525c94be28f,5934.69,2026-01-04 05:30:31,completed
4a530f38-6c47-4dbd-af8d-5636cfa2e68d,75872f9a-0d46-4d98-a637-4525c94be28f,2831.15,2025-12-17 15:30:31,completed
42f24139-d94b-4df4-9495-2ee0139562b5,75872f9a-0d46-4d98-a637-4525c94be28f,6007.89,2026-02-08 17:30:31,completed
4a51672a-d46f-49a0-8742-2a80499c4e6e,75872f9a-0d46-4d98-a637-4525c94be28f,7603.71,2026-01-01 03:30:31,completed
e83ed2e0-0f77-4024-af1d-f431514fd492,d497dd0a-fca1-4329-8125-003a89f9c4a2,6261.38,2026-05-11 10:08:20,completed
41d0ee5f-6b56-4428-910b-dbec078f8678,d497dd0a-fca1-4329-8125-003a89f9c4a2,1943.34,2026-03-19 22:08:20,completed
14a1043d-a242-4d2a-87c8-1cae5902021f,c3d11f09-0f6b-4494-a222-5873a26940e1,943.65,2026-05-04 00:41:02,completed
7eab9e56-43c6-45b0-ac42-46b57ca0743d,c3d11f09-0f6b-4494-a222-5873a26940e1,5783.99,2026-06-06 18:41:02,completed
69283969-6460-48d7-969d-a9fe90c5824b,c3d11f09-0f6b-4494-a222-5873a26940e1,2297.74,2026-07-07 22:41:02,completed
28c548c1-ee79-4f9c-a023-f5045990d24c,c3d11f09-0f6b-4494-a222-5873a26940e1,6099.46,2026-03-19 05:41:02,completed
a37c16e2-f55d-4c53-a171-1e600c29825a,c3d11f09-0f6b-4494-a222-5873a26940e1,4423.4,2026-05-24 05:41:02,completed
e416521c-e22a-4c35-b035-eb532be283a9,c3d11f09-0f6b-4494-a222-5873a26940e1,5635.34,2026-08-21 05:41:02,completed
2e2903d6-e804-4f10-97e3-1147b39fc6ad,c3d11f09-0f6b-4494-a222-5873a26940e1,4897.89,2026-02-26 09:41:02,completed
e86df9e0-820c-47d3-9c29-fdd202d488bf,c3d11f09-0f6b-4494-a222-5873a26940e1,2792.74,2026-08-13 10:41:02,refunded
cda00f34-9256-43f5-9923-711d57443a4a,c3d11f09-0f6b-4494-a222-5873a26940e1,3831.67,2026-05-15 16:41:02,completed
003d8bc5-d0b4-4078-a4ac-7f235c8d0e8c,c3d11f09-0f6b-4494-a222-5873a26940e1,5489.38,2026-05-15 19:41:02,completed
e166fab9-8f30-4c14-8853-beab6054b11b,c3d11f09-0f6b-4494-a222-5873a26940e1,6900.96,2026-02-24 06:41:02,completed
2d6d1698-690d-42cb-95ea-2f494e17d1cc,c3d11f09-0f6b-4494-a222-5873a26940e1,1983.4,2026-08-06 10:41:02,refunded
0fbe3600-51f7-4375-80c5-d901c9df9612,c3d11f09-0f6b-4494-a222-5873a26940e1,1578.98,2026-06-11 14:41:02,completed
641370bd-2324-4248-b2d4-e5771e46309f,c3d11f09-0f6b-4494-a222-5873a26940e1,7782.43,2026-05-23 22:41:02,completed
6813822b-ddcb-4e44-bd87-d61eb82f6296,c3d11f09-0f6b-4494-a222-5873a26940e1,424.67,2026-02-27 03:41:02,completed
57c00684-2674-42d4-ad6e-5943f3802ea8,c3d11f09-0f6b-4494-a222-5873a26940e1,5296.62,2026-07-01 19:41:02,completed
ade5e3d7-f46b-4d89-9014-95d6ce29996f,c3d11f09-0f6b-4494-a222-5873a26940e1,4477.0,2026-06-09 03:41:02,completed
2c638c11-fd8f-42f7-888f-20bc28eef51e,c3d11f09-0f6b-4494-a222-5873a26940e1,3832.94,2026-05-19 19:41:02,completed
72426be8-c697-4658-879c-8ecba162f8c0,c3d11f09-0f6b-4494-a222-5873a26940e1,3656.25,2026-07-15 11:41:02,completed
7270c429-eea7-4df0-93f5-7ef955dc449a,c3d11f09-0f6b-4494-a222-5873a26940e1,5182.63,2026-08-11 14:41:02,completed
6239cf32-0cd9-4baa-bfb5-72a578b67c13,c3d11f09-0f6b-4494-a222-5873a26940e1,1099.35,2026-03-20 18:41:02,completed
c48a759b-e4dc-43db-8364-46f3dbc306a9,c3d11f09-0f6b-4494-a222-5873a26940e1,6074.57,2026-07-31 05:41:02,completed
dadc4337-9eff-42c1-a473-f9f03c5dac7a,c3d11f09-0f6b-4494-a222-5873a26940e1,4175.88,2026-07-12 19:41:02,completed
803bace5-9b93-48cb-bf1b-81be1fe619e5,7d400690-cc55-4f2f-9f52-6aba8f528b98,3800.65,2026-09-27 12:24:33,completed
070997ce-35dd-4790-abeb-e923a941e002,7d400690-cc55-4f2f-9f52-6aba8f528b98,2999.73,2026-08-01 21:24:33,completed
c473d84b-576a-4354-9772-a621a05f02e0,7d400690-cc55-4f2f-9f52-6aba8f528b98,5265.42,2026-10-08 19:24:33,completed
d0baaaa1-aee9-4098-b1ff-38c3874ffc2e,7d400690-cc55-4f2f-9f52-6aba8f528b98,6322.91,2026-09-21 06:24:33,completed
e15a2520-d39b-4794-baf2-486eb96ed950,7d400690-cc55-4f2f-9f52-6aba8f528b98,6756.33,2026-08-20 03:24:33,completed
e8374bf9-0737-46d8-aa83-ca3b66a5a24b,7d400690-cc55-4f2f-9f52-6aba8f528b98,7231.44,2026-09-27 03:24:33,completed
07c4e985-0925-4216-be66-5673ad4c6ff4,7d400690-cc55-4f2f-9f52-6aba8f528b98,3182.92,2026-06-15 06:24:33,completed
8fd4b774-5e81-4f4e-a206-7ca88d4690ee,7d400690-cc55-4f2f-9f52-6aba8f528b98,7685.54,2026-11-12 16:24:33,refunded
080f5b9f-42f6-4094-a05b-4c961a89f8fc,7d400690-cc55-4f2f-9f52-6aba8f528b98,1783.49,2026-08-12 23:24:33,completed
c433efaf-4481-4297-b164-51944c2b820d,7d400690-cc55-4f2f-9f52-6aba8f528b98,7533.32,2026-06-26 00:24:33,completed
ac24b172-7123-4284-a2b6-63088ed55fa6,904a3109-0fb7-4503-8cdb-8565a1be967a,3667.99,2026-05-04 20:03:02,completed
ef4d94b3-a945-4bef-8179-5dc02815aaf0,904a3109-0fb7-4503-8cdb-8565a1be967a,4742.39,2026-02-23 02:03:02,completed
c242e2eb-c365-4723-808e-1662d46a7b02,904a3109-0fb7-4503-8cdb-8565a1be967a,1524.71,2026-06-30 18:03:02,completed
a8905d30-392a-4f62-9ae9-f88e09268635,904a3109-0fb7-4503-8cdb-8565a1be967a,388.84,2026-02-13 12:03:02,failed
deae54c4-301e-46b1-a175-e681c4c0b782,16f69e0b-b592-4d9c-854b-245354aa10af,4486.28,2026-08-17 12:31:51,refunded
f8c7beb6-a35a-4f44-afde-c6307e30efbf,16f69e0b-b592-4d9c-854b-245354aa10af,5953.1,2026-12-03 00:31:51,failed
996fdeaa-bbbc-421d-8bcb-e9410f4dfc99,16f69e0b-b592-4d9c-854b-245354aa10af,3057.53,2026-11-03 08:31:51,completed
a5bc060d-a0e0-4154-abe3-e7e611f4ef07,16f69e0b-b592-4d9c-854b-245354aa10af,6771.52,2026-09-03 21:31:51,completed
dbb85d89-419e-4ef3-bc15-7a9b4b4badae,5cd149ef-c7d4-4bb4-9278-c51acec4f482,2417.23,2026-01-01 17:23:35,completed
f3f3524d-e834-4df7-8b96-ec7ee67f2642,5cd149ef-c7d4-4bb4-9278-c51acec4f482,4761.03,2026-03-06 09:23:35,completed
b76023f1-1940-4754-87cf-fccaa3c9072a,5cd149ef-c7d4-4bb4-9278-c51acec4f482,1392.13,2026-01-23 04:23:35,completed
d9d10d45-f044-46be-807c-986bdb9bad6c,5cd149ef-c7d4-4bb4-9278-c51acec4f482,6803.6,2025-11-12 11:23:35,completed
e0616b31-7b19-4659-a115-e5cdf3646ade,5cd149ef-c7d4-4bb4-9278-c51acec4f482,6424.9,2025-11-19 21:23:35,completed
cc1aa6e3-a1ce-485f-a212-ecd93db8e5ac,5cd149ef-c7d4-4bb4-9278-c51acec4f482,5592.49,2026-01-30 05:23:35,completed
87ef626a-cc99-47d4-bb49-38b9a9521f2c,5cd149ef-c7d4-4bb4-9278-c51acec4f482,6525.83,2025-12-17 05:23:35,completed
b58802c1-5ad9-4693-8bc9-6cb601ef03c4,94dcc0b2-dc3a-4b2b-b244-6e3e23bdd89a,6882.03,2026-12-13 10:13:47,completed
076cb31d-7736-45c4-9725-b4ae4f8b3a5c,94dcc0b2-dc3a-4b2b-b244-6e3e23bdd89a,5027.84,2026-09-23 03:13:47,completed
381feb5f-8592-427e-b194-d85b7d910be7,94dcc0b2-dc3a-4b2b-b244-6e3e23bdd89a,7434.69,2026-08-07 08:13:47,completed
5db9bdcf-2d9d-42b5-8220-2cb0bd833757,94dcc0b2-dc3a-4b2b-b244-6e3e23bdd89a,4240.43,2026-07-05 09:13:47,failed
63ed4d90-d0f6-4e26-bce3-bf2b5f9f586e,94dcc0b2-dc3a-4b2b-b244-6e3e23bdd89a,1183.87,2026-08-05 22:13:47,completed
15c062f2-fed0-492f-b17c-bc032640f9d1,94dcc0b2-dc3a-4b2b-b244-6e3e23bdd89a,5903.63,2026-09-18 20:13:47,completed
6d66b746-277f-4c54-9d9a-def009e0d82f,94dcc0b2-dc3a-4b2b-b244-6e3e23bdd89a,7639.87,2026-09-04 00:13:47,completed
77a95f7c-9308-4943-8f02-dcc89e5d583a,94dcc0b2-dc3a-4b2b-b244-6e3e23bdd89a,6038.0,2026-11-16 12:13:47,completed
994d47f4-e166-43fb-934a-9ea215942288,94dcc0b2-dc3a-4b2b-b244-6e3e23bdd89a,2225.72,2026-11-06 04:13:47,completed
48d7b6cf-3515-4304-84d6-53b768d699f6,94dcc0b2-dc3a-4b2b-b244-6e3e23bdd89a,6407.28,2026-09-07 04:13:47,completed
d2139547-395a-49ab-b542-630bc096afe7,94dcc0b2-dc3a-4b2b-b244-6e3e23bdd89a,4056.3,2026-08-08 22:13:47,completed
79ea563d-e352-4960-8abf-e71ee5d4f70d,94dcc0b2-dc3a-4b2b-b244-6e3e23bdd89a,6582.37,2026-10-14 11:13:47,completed
974a087a-d810-43ae-b2a9-bef760e96205,94dcc0b2-dc3a-4b2b-b244-6e3e23bdd89a,4666.99,2026-11-30 04:13:47,completed
8bb98c43-6c90-47ab-9d98-057f915f6ebb,94dcc0b2-dc3a-4b2b-b244-6e3e23bdd89a,7148.76,2026-12-05 18:13:47,completed
3cd9ffd3-7b27-4231-9382-d90805d439d8,94dcc0b2-dc3a-4b2b-b244-6e3e23bdd89a,4949.89,2026-08-31 10:13:47,completed
ea17cb9f-260e-4353-ac60-0c32e1385fb9,5510cec7-344d-44ab-820d-0db7851a0baf,1182.8,2026-06-26 02:55:10,completed
cf93526f-769f-42ae-9315-db73da43d08d,5510cec7-344d-44ab-820d-0db7851a0baf,859.33,2026-05-30 20:55:10,completed
9ed1415a-3c4f-43c5-86b2-62ddafd53ade,5510cec7-344d-44ab-820d-0db7851a0baf,1241.74,2026-05-16 19:55:10,completed
154019ce-4b98-437f-8e45-03064959df18,4194c69f-65ce-4af5-871f-ba1d354b259f,2776.02,2026-06-02 17:25:30,completed
3eaf83ce-083b-49d7-84d4-c9e5d1bd05b1,4194c69f-65ce-4af5-871f-ba1d354b259f,1933.75,2026-04-25 15:25:30,completed
25ced64e-f6ca-401d-b4bb-eb367e42bd37,4194c69f-65ce-4af5-871f-ba1d354b259f,7586.29,2026-08-30 11:25:30,completed
acdd16f3-8f48-441f-88bd-98a98e6a501b,4194c69f-65ce-4af5-871f-ba1d354b259f,5276.28,2026-09-27 05:25:30,completed
847b95e0-e185-44f0-a4df-c1ed5f236cee,4194c69f-65ce-4af5-871f-ba1d354b259f,1825.76,2026-07-29 13:25:30,completed
81267067-b5cd-41ab-bfbf-f499e6ffa589,4194c69f-65ce-4af5-871f-ba1d354b259f,2413.0,2026-08-13 18:25:30,completed
45c6490e-4000-4472-af12-4710691917d2,4194c69f-65ce-4af5-871f-ba1d354b259f,4852.02,2026-08-02 08:25:30,completed
2701c94f-0cf3-44ba-9887-aee9b587b2ad,4194c69f-65ce-4af5-871f-ba1d354b259f,6331.45,2026-04-14 12:25:30,failed
ade58ebb-127e-44cc-ae12-b30969a2311d,4194c69f-65ce-4af5-871f-ba1d354b259f,2489.62,2026-09-03 03:25:30,completed
17b0aca9-044f-4157-a12b-20f70e650162,4194c69f-65ce-4af5-871f-ba1d354b259f,7368.87,2026-07-21 04:25:30,completed
51fa832f-e00d-43d8-aaf3-3a15000f86a7,4194c69f-65ce-4af5-871f-ba1d354b259f,1032.42,2026-09-21 03:25:30,completed
8c30c61e-1c50-467b-8b6f-15fcd01d63fa,4194c69f-65ce-4af5-871f-ba1d354b259f,2962.85,2026-06-25 11:25:30,completed
c45d4f85-2801-42d0-8f9e-29753454806c,4194c69f-65ce-4af5-871f-ba1d354b259f,3328.62,2026-06-28 18:25:30,completed
bc507944-f576-4540-990a-11f1177a2a8e,4194c69f-65ce-4af5-871f-ba1d354b259f,7747.07,2026-08-03 18:25:30,completed
3080d1f6-c8e5-43f0-8972-dd3890479da6,4194c69f-65ce-4af5-871f-ba1d354b259f,2024.91,2026-07-13 22:25:30,completed
b0e8dd11-ce06-47c7-a627-e6557015d544,4194c69f-65ce-4af5-871f-ba1d354b259f,6932.69,2026-05-14 06:25:30,completed
1a2b9300-105b-4aee-80ac-1382f958988f,4194c69f-65ce-4af5-871f-ba1d354b259f,5875.63,2026-06-05 08:25:30,completed
51619041-b588-463b-b446-92dbb506f8c1,4194c69f-65ce-4af5-871f-ba1d354b259f,6983.71,2026-08-24 03:25:30,completed
2db7f767-1073-4915-97b4-e72c39f49bc8,4194c69f-65ce-4af5-871f-ba1d354b259f,2643.03,2026-04-20 06:25:30,completed
f84b84bc-fcf2-465f-83da-0a1cad46a214,4194c69f-65ce-4af5-871f-ba1d354b259f,3222.58,2026-10-02 22:25:30,completed
a1cd96b5-7b74-4051-8a63-d55efac8aa62,ec8a1bfe-71ad-4ff0-a48f-860e2402e3b8,1242.27,2026-11-01 09:26:03,completed
2aaae975-b91d-4cac-84f2-ce0619886fb4,ec8a1bfe-71ad-4ff0-a48f-860e2402e3b8,7817.89,2026-12-13 04:26:03,completed
e14c9b4a-3630-423d-a869-48bc8243d8b3,ec8a1bfe-71ad-4ff0-a48f-860e2402e3b8,6199.76,2026-11-18 20:26:03,completed
a84ddd17-4490-4e88-af2f-d9a23ad624f6,ec8a1bfe-71ad-4ff0-a48f-860e2402e3b8,2166.3,2026-10-17 06:26:03,completed
e21d0c5a-508a-46f9-9eb6-b480d56a7306,ec8a1bfe-71ad-4ff0-a48f-860e2402e3b8,7782.59,2026-09-09 11:26:03,completed
512151b7-51a9-4385-89b6-f9dc882ea500,e187dc59-380a-44f5-84be-cf6eeeb6698f,1104.92,2026-04-05 03:44:51,completed
338a8eb9-1a83-438e-af37-826c7314fff2,e187dc59-380a-44f5-84be-cf6eeeb6698f,2712.86,2026-05-07 07:44:51,completed
2d455780-6518-4624-a981-4ead3263f59f,e187dc59-380a-44f5-84be-cf6eeeb6698f,4184.74,2026-04-02 11:44:51,completed
29f5394e-30bd-4df0-8c6b-df617a2cb242,e187dc59-380a-44f5-84be-cf6eeeb6698f,3783.73,2026-02-01 02:44:51,completed
94048300-5877-45ae-a704-7ae0045d093e,e187dc59-380a-44f5-84be-cf6eeeb6698f,2439.36,2026-01-27 03:44:51,completed
7095ea3f-5bf0-4248-b4d8-489923ccd703,e187dc59-380a-44f5-84be-cf6eeeb6698f,1434.13,2026-02-23 09:44:51,completed
a2837171-6456-420f-b5fe-2d4fc3295c23,e187dc59-380a-44f5-84be-cf6eeeb6698f,3848.52,2026-01-03 22:44:51,failed
afe73f76-c9dd-404f-9fc1-112b809a4796,e187dc59-380a-44f5-84be-cf6eeeb6698f,4387.82,2026-02-12 15:44:51,completed
2738a91b-8145-47e1-9bbe-4bb0bb05e704,e187dc59-380a-44f5-84be-cf6eeeb6698f,3622.35,2026-01-06 08:44:51,completed
9041b4f0-c8c7-418f-bc95-f5afb21449db,e187dc59-380a-44f5-84be-cf6eeeb6698f,709.31,2026-04-14 04:44:51,completed
ad9a8eed-4da8-4e2a-bb01-e3c46e3ef2c6,e187dc59-380a-44f5-84be-cf6eeeb6698f,5936.41,2025-12-31 16:44:51,completed
45d286bc-e4bc-4389-ae22-dd1366a0a441,e187dc59-380a-44f5-84be-cf6eeeb6698f,4874.18,2026-02-19 21:44:51,completed
b3a7f6da-a33d-447e-8e6c-e2657094f3d9,e187dc59-380a-44f5-84be-cf6eeeb6698f,5544.94,2026-04-12 07:44:51,completed
011c11d9-62f6-4fcd-bfd7-f26a1c4e95e8,e187dc59-380a-44f5-84be-cf6eeeb6698f,7191.95,2026-01-03 22:44:51,completed
37e5c233-1b22-494b-90be-5d3e17024cfe,e187dc59-380a-44f5-84be-cf6eeeb6698f,2421.04,2026-02-05 17:44:51,completed
ea8627e4-f0c9-4f50-8989-fc4247d8d9c6,e187dc59-380a-44f5-84be-cf6eeeb6698f,3325.22,2026-06-04 13:44:51,completed
be90e933-94a8-4737-924e-bb944a7729a3,526165e4-acd0-4ce5-b78b-1998d044af0b,1616.92,2026-03-21 23:52:30,completed
65ab3725-4f09-45b5-bf4f-d01d2299b8cf,d6b5a0ab-e84b-49f1-8802-c9075480e2cb,323.92,2026-07-15 20:56:32,completed
3898e2ca-1101-4f22-b770-c03ca7276380,d6b5a0ab-e84b-49f1-8802-c9075480e2cb,2651.0,2026-07-14 20:56:32,completed
c215e8d4-3475-47b4-ad3e-72cd506eb180,d6b5a0ab-e84b-49f1-8802-c9075480e2cb,834.8,2026-03-18 06:56:32,completed
7a219b59-20d1-40f2-9d97-9fce9fec532d,d6b5a0ab-e84b-49f1-8802-c9075480e2cb,5428.44,2026-05-12 05:56:32,completed
b21836a9-23e8-442b-b9f4-f9b4ef21f980,070ad6ac-9728-46f3-bba6-89facf9c4fe5,797.55,2025-10-22 02:52:36,completed
c557ec09-3f8c-410f-b403-53d7d03bfe5b,070ad6ac-9728-46f3-bba6-89facf9c4fe5,6656.12,2026-01-04 18:52:36,completed
954e5747-f079-4cc5-b4a6-e503a646b256,070ad6ac-9728-46f3-bba6-89facf9c4fe5,3012.37,2026-01-14 02:52:36,failed
a6933df8-4f6a-4169-8ab6-0afb93776956,070ad6ac-9728-46f3-bba6-89facf9c4fe5,2996.68,2025-09-10 18:52:36,completed
736cae9a-d23f-4953-9aee-d38eafc4ee5d,070ad6ac-9728-46f3-bba6-89facf9c4fe5,4617.77,2026-01-17 14:52:36,completed
75ce7925-8d26-4a93-935d-607d49151029,070ad6ac-9728-46f3-bba6-89facf9c4fe5,1814.8,2025-11-18 21:52:36,completed
7f4f140b-5ce6-4de9-a49a-3c5410cc7f4b,98fcc2ee-c5dd-43b5-b80a-9d88873687b9,683.71,2026-07-26 09:57:05,completed
d80808d1-b0b5-4dab-b928-96467466cb38,98fcc2ee-c5dd-43b5-b80a-9d88873687b9,1173.53,2027-01-05 20:57:05,completed
cff0d5c8-8910-48a2-914e-795af8e54185,98fcc2ee-c5dd-43b5-b80a-9d88873687b9,538.64,2026-09-30 17:57:05,completed
7fc1ef2f-86af-4940-b75d-689e38408f64,98fcc2ee-c5dd-43b5-b80a-9d88873687b9,1014.13,2026-10-17 02:57:05,completed
04ed38c1-6b4e-4142-be84-075d5c09c73c,2ea75532-4c66-49eb-9c14-f15de091f669,2589.47,2026-05-20 12:55:11,completed
92874404-2a88-4965-a394-ab97c1f1ed20,2ea75532-4c66-49eb-9c14-f15de091f669,6324.52,2026-07-26 20:55:11,completed
fe803bac-8d05-4c50-849a-e176546550eb,2ea75532-4c66-49eb-9c14-f15de091f669,5644.83,2026-04-23 07:55:11,completed
32490f20-435e-498f-9948-b337006df77d,2ea75532-4c66-49eb-9c14-f15de091f669,3027.29,2026-09-22 01:55:11,completed
f12321e8-b1dd-4520-b7b7-c3eb5f33838d,2ea75532-4c66-49eb-9c14-f15de091f669,4603.6,2026-07-13 17:55:11,failed
4a17d43f-55f8-44a7-ad3f-46f12b8be5bf,2ea75532-4c66-49eb-9c14-f15de091f669,5037.11,2026-07-15 05:55:11,completed
df20b762-234a-428a-bb39-6fbe35de4dc8,ef3aaf8b-0d85-48a9-a8b1-4f4e0f05d434,5492.98,2025-11-15 21:59:41,completed
d6fa1487-cc63-4730-a1df-d9e8dbd3f07a,ef3aaf8b-0d85-48a9-a8b1-4f4e0f05d434,1409.97,2025-11-14 16:59:41,completed
0d59336d-3a07-4ba0-8196-bbeeed275197,a313b51e-44b0-4c53-abeb-6609ca48ec23,563.43,2025-11-21 06:21:05,completed
04ec0d6d-c148-4063-b09a-c7f99ef5308c,a313b51e-44b0-4c53-abeb-6609ca48ec23,1140.84,2026-03-30 15:21:05,completed
9f127cc2-a7ff-4822-a93c-9615048acfbd,a313b51e-44b0-4c53-abeb-6609ca48ec23,1073.38,2026-03-24 06:21:05,completed
8ec7c862-e0d4-40e8-bcc2-7f858cadabf5,a7ef3b4d-8418-4808-b1c9-65c2a8c75361,5052.12,2026-12-25 12:26:54,completed
ad49118f-4222-4484-9266-c60aa50b54a9,a7ef3b4d-8418-4808-b1c9-65c2a8c75361,6602.84,2026-12-12 22:26:54,completed
7870f998-3509-48a4-8e49-474b29acdffb,a6d9d267-1631-493a-ae93-096567bce3ed,1688.88,2026-01-07 01:39:07,completed
cc0f881f-1e5e-4c06-9ea6-6f922666d9ff,a6d9d267-1631-493a-ae93-096567bce3ed,1296.55,2026-02-09 07:39:07,completed
5e9c7464-e5a3-44ff-9761-d9b2e63fd1c8,a6d9d267-1631-493a-ae93-096567bce3ed,6690.12,2026-02-27 21:39:07,completed
e09698ea-ef09-4ea5-adb1-5dc661a106d7,a6d9d267-1631-493a-ae93-096567bce3ed,1043.36,2025-10-10 09:39:07,completed
716a2cd7-643c-47bc-a0c5-e0faed9854b8,a6d9d267-1631-493a-ae93-096567bce3ed,2082.82,2026-03-25 01:39:07,completed
e9e52793-6260-4b16-ae8e-788b5e86bc32,a6d9d267-1631-493a-ae93-096567bce3ed,1639.78,2025-12-01 13:39:07,completed
bdd89ac3-9cd0-4bd1-a019-10d936ab3ffa,a6d9d267-1631-493a-ae93-096567bce3ed,2228.73,2026-01-17 12:39:07,completed
3e1f1bf8-7f77-4a67-9805-4c73175b2c4c,a6d9d267-1631-493a-ae93-096567bce3ed,4970.31,2025-10-21 00:39:07,completed
dbb47329-0d6d-433f-84ba-861aa3739e87,a6d9d267-1631-493a-ae93-096567bce3ed,3761.22,2025-11-15 20:39:07,completed
f833adf5-cf04-4dc8-bb1a-ae0a29656c36,a6d9d267-1631-493a-ae93-096567bce3ed,1807.03,2026-03-15 04:39:07,completed
8c418029-9d1c-4c5d-b552-cec0ebe4b225,a6d9d267-1631-493a-ae93-096567bce3ed,6014.59,2026-03-24 19:39:07,completed
df01c4c2-7fb9-4acd-96cb-1d91feba8843,a6d9d267-1631-493a-ae93-096567bce3ed,486.67,2026-02-14 16:39:07,completed
b597989e-41cd-484e-8734-c276a759f2b7,a6d9d267-1631-493a-ae93-096567bce3ed,1382.33,2025-10-26 16:39:07,failed
bf820246-2f39-47be-b824-050a11d53bdb,a6d9d267-1631-493a-ae93-096567bce3ed,4675.87,2025-10-03 21:39:07,completed
d857b46a-05d6-4186-b8ee-deea5bf86a5b,a6d9d267-1631-493a-ae93-096567bce3ed,7674.63,2025-12-28 15:39:07,completed
c85677eb-2319-4b75-9086-6d54810a0ff6,a6d9d267-1631-493a-ae93-096567bce3ed,1897.56,2026-02-15 01:39:07,completed
f94e3e26-b833-47b1-a903-7afe4454f351,a6d9d267-1631-493a-ae93-096567bce3ed,7228.12,2026-02-07 21:39:07,completed
a546d602-0e30-4ebb-b931-4ebd6179441d,a6d9d267-1631-493a-ae93-096567bce3ed,3196.11,2025-10-20 00:39:07,completed
cdfe7b7b-c5ac-4bff-b8b0-45b1fb4ac13d,a6d9d267-1631-493a-ae93-096567bce3ed,2596.35,2025-10-22 14:39:07,completed
583b8e23-2559-4684-902f-d07a47cb27d9,a6d9d267-1631-493a-ae93-096567bce3ed,2848.08,2025-11-30 11:39:07,completed
4aaa514b-5577-4abc-83b8-6461d40966b0,a6d9d267-1631-493a-ae93-096567bce3ed,3055.87,2025-12-15 18:39:07,completed
69f07f86-c3db-4845-ad26-1bf9cf16d4a4,a6d9d267-1631-493a-ae93-096567bce3ed,4730.24,2025-11-11 19:39:07,completed
05b025b4-0605-45c5-8229-550558ecbf39,a6d9d267-1631-493a-ae93-096567bce3ed,5063.57,2026-03-08 02:39:07,completed
70e659e6-790e-4af4-801d-4592ab2fee49,a6d9d267-1631-493a-ae93-096567bce3ed,7363.91,2025-10-31 04:39:07,completed
4bcac982-cac4-4dc6-b560-bc47557199da,a6d9d267-1631-493a-ae93-096567bce3ed,2308.78,2025-10-09 11:39:07,completed
efd582ed-ad62-4f7c-9391-0ef74f4f74b3,1f1a3c76-6e89-4022-a4fc-f2f24034c165,5950.82,2026-01-16 03:02:54,completed
31989095-e5d5-431e-beb6-abae810e522d,1f1a3c76-6e89-4022-a4fc-f2f24034c165,861.42,2026-05-29 22:02:54,completed
e815b57b-fca7-4593-8daf-c12bea0dbe0c,1f1a3c76-6e89-4022-a4fc-f2f24034c165,6517.65,2026-05-17 19:02:54,completed
8661efdc-15e3-4a2b-beeb-681c17331139,1f1a3c76-6e89-4022-a4fc-f2f24034c165,5015.73,2025-12-30 10:02:54,completed
e1e8c147-6774-4421-9b51-5e2efceeaf4e,f4916846-39ae-4bbc-8153-875202d99c7a,1101.27,2026-08-17 19:02:30,completed
bf0c9010-b6c0-4c09-a871-30bfb07e5752,f4916846-39ae-4bbc-8153-875202d99c7a,3977.46,2026-09-11 07:02:30,completed
787010ba-64a8-41dc-8060-51018f6e06d7,b024f812-3915-4521-9268-7e76e223dbda,7943.12,2026-08-02 15:32:30,completed
4f355777-cc20-4828-9da1-3baeb4155c4e,b024f812-3915-4521-9268-7e76e223dbda,7622.45,2026-06-25 11:32:30,completed
a8611488-a85c-4ea7-945e-31cc91c7a2b3,475c530c-f9c8-40fd-ba3d-514cabfbb73f,3338.43,2026-09-10 09:01:49,completed
5a36bf1f-f945-4674-b8a0-7bbaaae906d7,475c530c-f9c8-40fd-ba3d-514cabfbb73f,6324.68,2026-07-26 08:01:49,completed
57abc31c-7257-43eb-8738-ed475062c02e,475c530c-f9c8-40fd-ba3d-514cabfbb73f,4677.0,2026-09-27 00:01:49,completed
32781398-2275-4a21-9e44-700bb99d1056,13567952-5be6-4ab0-b913-d3861ce17ddd,3687.3,2026-08-01 00:57:32,completed
57036621-4e80-4962-88fd-a374f6941d7c,13567952-5be6-4ab0-b913-d3861ce17ddd,4585.88,2026-09-16 01:57:32,completed
18da2355-8af4-495a-9559-ba04ee681560,13567952-5be6-4ab0-b913-d3861ce17ddd,4999.53,2026-11-11 12:57:32,completed
d4bbb2e0-f02e-4bf9-8e7d-09a3c0c35964,13567952-5be6-4ab0-b913-d3861ce17ddd,6198.02,2026-07-03 00:57:32,completed
2e9affab-8325-430b-9353-157526a88831,1b9019b2-c5ef-4145-82fe-451f2f718bb0,6805.97,2026-07-28 11:57:26,failed
c83d741c-9a78-455a-8f32-0230b9772120,1b9019b2-c5ef-4145-82fe-451f2f718bb0,4924.46,2026-08-21 20:57:26,completed
6a24cd0a-7b3d-480c-8bec-f213184f7d84,1b9019b2-c5ef-4145-82fe-451f2f718bb0,4234.97,2026-06-11 19:57:26,completed
b4d61aa5-3810-41e5-b54f-0128e9d3a1a4,a9d16a31-a922-4908-87e6-ab7fe6effeda,5242.53,2026-02-06 18:21:33,completed
d268e908-1d6d-4aa9-957a-3a90c9ce384d,a9d16a31-a922-4908-87e6-ab7fe6effeda,6368.87,2025-12-08 21:21:33,completed
2277f53d-c117-48b9-afa2-3443d88ca3ba,a9d16a31-a922-4908-87e6-ab7fe6effeda,7557.09,2026-02-15 17:21:33,completed
07c99ac3-e3b8-465d-9642-1cb71d3e8d61,a9d16a31-a922-4908-87e6-ab7fe6effeda,2539.72,2025-11-10 02:21:33,completed
df5dd303-4f7a-40df-b382-4099b87e37fd,344bae30-3fe5-4678-96de-c8b9539b8cd8,2710.91,2026-07-02 05:10:30,completed
f2708a1b-6dc5-4b2c-9a09-5c1252a3dabd,344bae30-3fe5-4678-96de-c8b9539b8cd8,7537.54,2026-10-13 04:10:30,completed
b1c61379-2d2d-4317-b84c-eb5c48e0459a,344bae30-3fe5-4678-96de-c8b9539b8cd8,1455.58,2026-10-31 11:10:30,completed
ddaac4ea-3eba-483f-a8d0-60617dc371b8,22d0f8ad-8342-489b-9b17-1dd1f4d3a612,7983.16,2026-05-14 10:42:38,completed
b515209c-5e4d-4dda-ada7-53ffb75e4a76,22d0f8ad-8342-489b-9b17-1dd1f4d3a612,6826.48,2026-08-10 20:42:38,completed
3e1cd0cb-45c3-4a4f-870e-efbbf684e9bb,22d0f8ad-8342-489b-9b17-1dd1f4d3a612,4338.25,2026-05-08 22:42:38,completed
e45a9c09-1a75-45be-9604-216cd95bb207,22d0f8ad-8342-489b-9b17-1dd1f4d3a612,2556.6,2026-07-02 09:42:38,completed
5cea261d-7adc-4f3b-a61b-85176dd4d861,22d0f8ad-8342-489b-9b17-1dd1f4d3a612,2724.09,2026-06-26 14:42:38,refunded
f8ef5553-3a06-43df-9784-7efc2b59e595,22be42ac-e32c-41ed-8fb8-5344e41b731e,3456.43,2026-05-29 12:25:21,completed
7706562e-56ba-4bf4-a192-9702f07f394d,22be42ac-e32c-41ed-8fb8-5344e41b731e,3089.69,2026-06-28 05:25:21,completed
30410c58-6567-4168-9a6e-305e2cb35493,22be42ac-e32c-41ed-8fb8-5344e41b731e,2069.18,2026-04-04 03:25:21,completed
4a2b97e8-4615-4c30-99fd-2718623203f0,22be42ac-e32c-41ed-8fb8-5344e41b731e,7301.35,2026-03-09 06:25:21,completed
c6f029e2-51f5-4d31-bb2f-d13fa8940c97,22be42ac-e32c-41ed-8fb8-5344e41b731e,6428.09,2026-07-24 17:25:21,completed
992be58e-9df9-4406-830d-8061740af58c,5fd1ccb4-98ec-47a7-856f-9c23fbad3b9f,518.72,2026-03-16 19:28:09,completed
663ee23c-dc5f-43af-94ec-947c85bcc8ce,5fd1ccb4-98ec-47a7-856f-9c23fbad3b9f,412.41,2026-05-05 20:28:09,completed
162fb5e4-65ef-4ae5-94d9-a96494f15e75,5fd1ccb4-98ec-47a7-856f-9c23fbad3b9f,775.89,2026-05-23 08:28:09,completed
608fc911-1f0d-4ed5-9208-c15891082308,5fd1ccb4-98ec-47a7-856f-9c23fbad3b9f,533.55,2026-03-25 04:28:09,failed
8e4e660c-e021-4ce6-8b76-c2db695b93bb,5fd1ccb4-98ec-47a7-856f-9c23fbad3b9f,823.45,2026-04-03 19:28:09,completed
2eb75832-ad44-407c-a3fc-baa17c62e68b,5fd1ccb4-98ec-47a7-856f-9c23fbad3b9f,957.54,2026-07-03 02:28:09,completed
cce7ecab-46ac-410e-97ac-b5f88b61a125,82b40ba5-dc09-4abc-bacb-1e3f8866f6bc,5048.05,2026-04-19 09:17:00,refunded
36402c5e-c1cf-4342-afef-5cddc3083d0b,82b40ba5-dc09-4abc-bacb-1e3f8866f6bc,3033.17,2026-02-03 01:17:00,completed
20cc74c6-35d1-4101-8782-19412345e5a3,9cc9d9ce-f849-4245-99d3-c7b2d8dfb7a8,2527.54,2026-06-04 00:23:27,completed
d07f0a55-88fa-4a25-b2bf-b7ea38ff6b3d,9cc9d9ce-f849-4245-99d3-c7b2d8dfb7a8,6197.86,2026-03-15 00:23:27,completed
c1671e42-c3a5-4caa-812a-555eb1a61bda,9cc9d9ce-f849-4245-99d3-c7b2d8dfb7a8,359.93,2026-06-18 03:23:27,completed
c55ee2a1-e9ba-4142-bbea-49f6e0eb816a,396cfa87-a176-42b6-9664-a167c9ef2593,1660.76,2026-06-19 16:23:37,completed
9ab11298-3990-4243-bf5c-e6fb63757ee4,396cfa87-a176-42b6-9664-a167c9ef2593,4098.36,2026-05-05 07:23:37,completed
3c312c90-c3ba-4c15-95c4-d28708b07171,3b6986c0-f2db-4da2-a9cc-36a34f08c480,7445.94,2026-10-24 03:11:18,completed
c926d43e-e9c7-47f3-95f6-9ceb12ab206e,3b6986c0-f2db-4da2-a9cc-36a34f08c480,7642.06,2026-09-17 19:11:18,completed
70f382a0-5182-47ff-ad18-716d81edb0c5,3b6986c0-f2db-4da2-a9cc-36a34f08c480,4728.56,2026-08-03 22:11:18,completed
75721c27-8bc7-4cfa-b284-d74afbbe5097,02636f3a-a805-4e3e-bc43-b3128eab4568,619.08,2025-11-04 13:41:35,completed
dd198e4c-c795-4bf8-bdd5-7add31b55512,02636f3a-a805-4e3e-bc43-b3128eab4568,607.54,2025-12-17 20:41:35,completed
f981f941-6d95-44ef-bab6-c49e26a4dd0f,02636f3a-a805-4e3e-bc43-b3128eab4568,512.8,2025-12-01 18:41:35,completed
cea4a398-b151-4630-b642-7823f2718d2d,02636f3a-a805-4e3e-bc43-b3128eab4568,1122.03,2026-03-14 16:41:35,failed
93de4dbd-af25-45c0-8bee-4f70860a2573,02636f3a-a805-4e3e-bc43-b3128eab4568,405.33,2026-03-23 04:41:35,completed
669ac5a7-dcef-494e-acca-cb70f300c79e,596c8b75-0f6a-4fec-83c8-9cb697052dec,3725.15,2026-02-07 11:46:43,completed
8624319e-8895-4b19-80dc-7bc172e6ab26,596c8b75-0f6a-4fec-83c8-9cb697052dec,5815.13,2026-03-23 02:46:43,completed
e0f2fedf-a948-4f58-b41f-bf71c7e6c7ff,596c8b75-0f6a-4fec-83c8-9cb697052dec,4098.07,2025-12-27 07:46:43,completed
4df20064-c311-4880-9f67-e93b8517be25,596c8b75-0f6a-4fec-83c8-9cb697052dec,1196.76,2026-01-01 01:46:43,completed
9f41ed06-0c33-4327-831d-bd60390a86ef,596c8b75-0f6a-4fec-83c8-9cb697052dec,5900.68,2025-12-17 16:46:43,completed
665fa681-e4fd-4a0d-b1be-83c2dc618f33,596c8b75-0f6a-4fec-83c8-9cb697052dec,5155.8,2026-04-05 03:46:43,completed
cffdcbb2-2dc5-444b-92c4-d5188fe8a4cf,596c8b75-0f6a-4fec-83c8-9cb697052dec,7170.5,2025-12-15 15:46:43,completed
1dc2ba55-5bfb-4097-9dc8-7cebb51d362b,596c8b75-0f6a-4fec-83c8-9cb697052dec,2744.96,2025-12-22 15:46:43,completed
b79c0323-d1a2-49de-a613-1ae808de14f2,596c8b75-0f6a-4fec-83c8-9cb697052dec,5185.63,2026-05-15 13:46:43,failed
a04d0a3b-7c78-41f9-b367-7dae802b816d,596c8b75-0f6a-4fec-83c8-9cb697052dec,3196.81,2025-11-29 00:46:43,completed
b86d2eee-d000-40f4-a32b-ef426d79a41a,596c8b75-0f6a-4fec-83c8-9cb697052dec,1466.03,2026-05-17 23:46:43,completed
8157b0a7-ef5c-4d29-9692-a7986b8fe35d,596c8b75-0f6a-4fec-83c8-9cb697052dec,5187.75,2026-04-03 02:46:43,completed
e0f78b06-7079-42fa-abc1-975462eadd60,596c8b75-0f6a-4fec-83c8-9cb697052dec,324.62,2026-04-08 16:46:43,completed
1ea3a157-4daf-4467-a2bd-b12e2cff7fbb,596c8b75-0f6a-4fec-83c8-9cb697052dec,1671.49,2026-04-18 12:46:43,completed
09709087-f96a-4852-aea4-8f7b2c34c1aa,596c8b75-0f6a-4fec-83c8-9cb697052dec,4796.02,2026-02-02 12:46:43,completed
cd0322f2-ef24-44fa-896f-036618a0cc78,596c8b75-0f6a-4fec-83c8-9cb697052dec,1686.5,2026-03-30 09:46:43,completed
c0be44bb-3667-4049-b037-52d106f61c80,60a49d6b-56e9-49c2-9213-5f14e66cb0d5,6434.95,2025-12-03 05:32:07,completed
1cc52845-82a6-4c53-82b4-dde0549bb306,60a49d6b-56e9-49c2-9213-5f14e66cb0d5,1043.31,2025-12-20 01:32:07,completed
27fb4893-055f-4396-96dd-83355238233e,60a49d6b-56e9-49c2-9213-5f14e66cb0d5,2805.56,2025-12-01 21:32:07,completed
e4291251-f91f-45df-9304-f5ce10463160,60a49d6b-56e9-49c2-9213-5f14e66cb0d5,2755.58,2025-10-18 13:32:07,completed
007e86c6-8cc6-4b95-9907-f2cd6900a7f1,89139d3c-886f-49d4-b821-3c4a75310a1d,4024.79,2026-11-26 22:11:42,completed
36b9b7a4-b70c-4017-84c4-487cb1cc79d1,89139d3c-886f-49d4-b821-3c4a75310a1d,2108.42,2026-10-03 13:11:42,completed
5a99bed1-ff69-45a2-921e-ec4261196c88,89139d3c-886f-49d4-b821-3c4a75310a1d,6327.77,2026-10-07 00:11:42,completed
fc346d80-28d2-4606-9d97-7239a2f13bd1,fcac02a6-0a64-409c-bbf6-d8d95c34b86c,3313.61,2025-11-21 19:14:24,completed
34de04ae-3e32-4246-91d6-450cbdb6464c,fcac02a6-0a64-409c-bbf6-d8d95c34b86c,2366.04,2025-12-27 06:14:24,completed
de559332-07d8-4785-82d8-7dbdbd972ccb,fcac02a6-0a64-409c-bbf6-d8d95c34b86c,2675.53,2025-12-11 18:14:24,completed
0fb4408b-c468-4c5b-9e12-0ffc83c7bdce,fcac02a6-0a64-409c-bbf6-d8d95c34b86c,6302.55,2026-02-09 03:14:24,completed
af90caf6-14d1-430f-bedf-21dccfedf1d9,fcac02a6-0a64-409c-bbf6-d8d95c34b86c,4958.2,2026-02-20 17:14:24,completed
9b26492b-662d-4d46-af1f-9675c805441f,3cb7d78a-bc96-46dd-8262-5430b9abbc30,2866.32,2026-06-02 02:10:56,completed
0c3ea40a-55e4-40cf-84ef-a2593f943568,3cb7d78a-bc96-46dd-8262-5430b9abbc30,4293.6,2026-07-16 02:10:56,completed
5414500f-1216-4534-bef5-2731b0bb05cd,3cb7d78a-bc96-46dd-8262-5430b9abbc30,3345.55,2026-04-16 05:10:56,completed
17bdd546-4bd9-4326-807c-59f51d25ebcb,3cb7d78a-bc96-46dd-8262-5430b9abbc30,2852.57,2026-05-10 05:10:56,completed
a3f9f74a-fd6b-444d-a5fc-90dd4fa44a9e,b67ea248-4e71-4a6b-b942-d363a276fa1b,6114.44,2026-01-20 12:20:56,completed
7d90be59-0688-4e10-9050-9ee017e04aa4,b67ea248-4e71-4a6b-b942-d363a276fa1b,625.6,2026-05-25 23:20:56,completed
229a1df9-38c7-4987-8733-dcd481643e44,b67ea248-4e71-4a6b-b942-d363a276fa1b,5598.14,2026-01-23 18:20:56,completed
391a2f0b-d732-4e41-aa1e-3c6b674b5b18,b67ea248-4e71-4a6b-b942-d363a276fa1b,1310.19,2026-02-17 23:20:56,completed
bac907c1-207a-4e4f-8b3a-3a4139d52fc2,b67ea248-4e71-4a6b-b942-d363a276fa1b,4184.72,2026-03-27 13:20:56,completed
02bf815a-a17c-4326-a330-f53a8fabb4d8,0aae17ce-d7c9-422d-98b1-47fe0179090c,4471.07,2025-10-15 21:37:42,completed
672d4ed8-9f01-4540-af3c-712a9b1e952d,0aae17ce-d7c9-422d-98b1-47fe0179090c,3311.65,2025-11-04 20:37:42,completed
3d02582a-5a27-49d7-8ff8-1a7e7d4a02e8,19c8073d-7d3f-43ac-b846-21f16cb887b2,4619.67,2026-08-27 13:29:35,completed
7163e186-e78b-4979-bbc1-48668f972401,19c8073d-7d3f-43ac-b846-21f16cb887b2,3244.54,2027-01-30 23:29:35,refunded
2ca11fdb-315c-40d3-8645-9087cc85dfe4,b83fb821-320e-4093-a521-9ac538221928,3782.48,2026-01-08 12:21:24,completed
5c7e8354-3c49-4d15-aa48-edaf682c3cb8,b83fb821-320e-4093-a521-9ac538221928,3742.56,2025-10-11 07:21:24,completed
482a6c93-777e-411a-90bf-2e127d45cd3f,b83fb821-320e-4093-a521-9ac538221928,1407.04,2025-11-01 15:21:24,completed
47b1979f-94f6-4166-b5db-ec5b95e37661,c2a6cfd8-db75-4b00-826f-776e2a8a2cfe,1153.67,2026-04-07 02:16:18,completed
f8c646a9-06d1-4c04-aa85-7e56b2f5e720,c2a6cfd8-db75-4b00-826f-776e2a8a2cfe,1070.46,2026-04-28 04:16:18,completed
4d9f34e2-5f8b-484b-9e81-0128ad1a3933,c2a6cfd8-db75-4b00-826f-776e2a8a2cfe,794.73,2026-08-30 07:16:18,completed
412de129-798c-49a0-bcf4-52cd9d3583d0,c2a6cfd8-db75-4b00-826f-776e2a8a2cfe,951.2,2026-07-02 04:16:18,failed
080d7293-9a78-4aea-8b71-c580f9f670d8,c2a6cfd8-db75-4b00-826f-776e2a8a2cfe,614.52,2026-09-07 13:16:18,completed
421be9ec-61ff-4f76-a122-08d532ead545,c2a6cfd8-db75-4b00-826f-776e2a8a2cfe,650.41,2026-08-28 15:16:18,completed
d721a4b2-1874-444d-97e9-acfc2bcdd8d6,c2a6cfd8-db75-4b00-826f-776e2a8a2cfe,811.54,2026-06-28 14:16:18,completed
dd0ad101-d162-4564-8865-71b500f5c72d,71e9296b-2de3-4d13-be98-1e25630abb82,896.78,2026-02-05 16:05:14,completed
cb00178a-2e18-4e1c-88e1-0ad29a406333,71e9296b-2de3-4d13-be98-1e25630abb82,1235.38,2026-01-19 18:05:14,completed
a52ecd64-2770-4c45-a4c3-57f79e0786fa,71e9296b-2de3-4d13-be98-1e25630abb82,4112.92,2026-02-14 14:05:14,completed
aedc5ecb-2d5b-4036-ac75-24a69bd0c64e,ed995909-a856-416e-91c5-558667160ea5,3519.73,2026-08-22 19:21:13,completed
0f249678-8f28-488f-af09-b430ce42c033,ed995909-a856-416e-91c5-558667160ea5,5843.56,2026-08-17 09:21:13,completed
66fd1bda-4881-45fa-8906-1922be6d636a,ed995909-a856-416e-91c5-558667160ea5,7149.5,2026-09-25 12:21:13,completed
1f481dd8-9de0-4497-81df-06cfc3859813,ed995909-a856-416e-91c5-558667160ea5,5574.68,2026-08-29 00:21:13,completed
fe36b830-fa1d-4ed5-a7ea-0c5a99c43cb3,ed995909-a856-416e-91c5-558667160ea5,3935.25,2026-10-21 12:21:13,completed
cfdd4420-c738-46e5-9fd2-6d2a117596d4,ed995909-a856-416e-91c5-558667160ea5,6863.45,2026-10-10 19:21:13,completed
b0c4fb9c-2c52-4fb9-82fd-5f3803c9790b,9e133482-d29f-4dec-8fe6-cddd63f103b7,1680.04,2026-08-02 11:23:43,completed
696ee348-33ec-4f3c-854d-f403cc361180,9e133482-d29f-4dec-8fe6-cddd63f103b7,1834.36,2026-04-04 20:23:43,completed
6787c986-3f14-441a-8547-35bdaed3c586,9e133482-d29f-4dec-8fe6-cddd63f103b7,5112.29,2026-07-29 21:23:43,completed
b26065f9-d436-4309-91ea-9114e0299411,9e133482-d29f-4dec-8fe6-cddd63f103b7,7101.74,2026-04-20 22:23:43,completed
678ef5fe-2bb5-43fa-ac03-668e35a6895f,9e133482-d29f-4dec-8fe6-cddd63f103b7,6619.81,2026-04-06 17:23:43,completed
49ae9dc3-db52-4292-8e9f-ea0a16b6d0b5,9e133482-d29f-4dec-8fe6-cddd63f103b7,5108.66,2026-08-31 10:23:43,completed
a19619d1-5d92-49b3-818e-53d76996a243,0494589d-a487-438b-852c-c6bf42f62a8d,896.57,2026-05-30 14:37:40,completed
01ad87e2-d766-4817-8fed-8e9fb734e10b,0494589d-a487-438b-852c-c6bf42f62a8d,4640.18,2026-03-08 02:37:40,completed
9e99c2f2-8e61-4751-8e37-75b7f6837305,0494589d-a487-438b-852c-c6bf42f62a8d,3248.69,2026-05-25 12:37:40,completed
015b08c9-93e5-420d-9d33-6d76d0eab9ea,c8b8d3fc-6b6d-4fd4-938d-15d97ebb7e80,5976.94,2026-11-04 20:19:37,completed
0a480cfc-475c-4041-a7f6-c8129f488d23,c8b8d3fc-6b6d-4fd4-938d-15d97ebb7e80,6331.91,2026-10-02 18:19:37,refunded
9dbf7131-1c51-434c-8271-48df67015a07,c8b8d3fc-6b6d-4fd4-938d-15d97ebb7e80,1569.1,2026-06-27 07:19:37,completed
a57e778f-0e09-4ceb-9d22-c021a723cea7,f99821de-2158-4143-b10c-a5f4c9073dc7,3685.61,2025-10-04 09:33:13,completed
f00a5763-65d6-4aea-9fdd-d6304daccd6a,f99821de-2158-4143-b10c-a5f4c9073dc7,1203.18,2025-12-13 14:33:13,completed
a1306256-8592-4d24-9149-a4d4fba27707,f99821de-2158-4143-b10c-a5f4c9073dc7,3033.44,2025-12-26 17:33:13,completed
e1e0ca15-05e2-4eb0-b672-b0e9d01f7b5b,f99821de-2158-4143-b10c-a5f4c9073dc7,4961.43,2025-12-11 21:33:13,completed
91ed54c4-9215-4034-96ac-280bfeab01f7,5cfdf970-9f3e-48f8-b854-ac9edbfdaf2a,1071.9,2026-06-16 01:44:25,completed
5a725068-0c06-4516-bed0-686601763f73,5cfdf970-9f3e-48f8-b854-ac9edbfdaf2a,948.29,2026-10-19 20:44:25,completed
2953f5b5-3691-4690-b9e9-dd8898a526af,5cfdf970-9f3e-48f8-b854-ac9edbfdaf2a,420.24,2026-10-05 18:44:25,completed
2f78eb81-dc8c-41e3-b8d0-7de6d8265d6a,5cfdf970-9f3e-48f8-b854-ac9edbfdaf2a,739.26,2026-10-13 19:44:25,completed
35dd8758-fe27-440e-a9eb-f12d16f55135,5cfdf970-9f3e-48f8-b854-ac9edbfdaf2a,1146.55,2026-08-03 10:44:25,refunded
cc4bfdd2-1240-44b4-9701-1fba1effeb6e,5cfdf970-9f3e-48f8-b854-ac9edbfdaf2a,555.91,2026-08-05 12:44:25,completed
753dbb1a-e0f3-4d34-8027-8eb4fc699b14,5cfdf970-9f3e-48f8-b854-ac9edbfdaf2a,1132.65,2026-09-08 01:44:25,completed
3f4bc175-ac97-45fb-af73-4724b247483a,5cfdf970-9f3e-48f8-b854-ac9edbfdaf2a,917.77,2026-06-19 17:44:25,completed
af635542-f78f-4d32-a8ea-8aae5c21a393,993ec31c-160a-422b-affa-17bf4b7b7fca,5114.58,2026-12-16 19:03:58,refunded
adc4c97f-4b57-4537-bf0d-39f3c42b9fed,993ec31c-160a-422b-affa-17bf4b7b7fca,7978.68,2026-06-28 19:03:58,completed
a84dc4ca-efdd-4442-ae11-1560bb9290eb,993ec31c-160a-422b-affa-17bf4b7b7fca,7037.01,2026-10-24 02:03:58,completed
d558cffc-d7fc-43d4-84f5-ebfdbf3313f7,c2d274ab-4e35-4180-8911-38e87bd0fa5b,7185.84,2025-11-11 13:55:04,failed
e92c4304-295d-458b-9ce0-36de61b96986,c2d274ab-4e35-4180-8911-38e87bd0fa5b,7006.03,2025-12-12 00:55:04,completed
5e4b2a4b-031e-49d9-92d0-752ea32b4c12,43eea220-0523-4bd3-b9bf-c3cbf0321fae,5771.55,2026-04-22 16:59:21,completed
8bb14c4c-6f4e-44c5-b0a0-a2d7b5794d8d,43eea220-0523-4bd3-b9bf-c3cbf0321fae,1795.2,2026-08-09 23:59:21,completed
583bb899-f01a-4b8b-9d4c-812fba33b596,43eea220-0523-4bd3-b9bf-c3cbf0321fae,6831.37,2026-03-28 01:59:21,completed
28400a3a-7b6b-48e2-a9ef-1b8969602d53,155685c9-0126-4acd-bff3-6d7b5fc60561,4275.82,2026-04-24 10:00:35,completed
b029c7a6-1283-4174-b685-c246aacc8188,155685c9-0126-4acd-bff3-6d7b5fc60561,5456.24,2026-03-08 00:00:35,completed
84384652-4386-41eb-84fd-9954e770e5aa,155685c9-0126-4acd-bff3-6d7b5fc60561,946.56,2026-04-01 15:00:35,completed
b9108d25-e9e2-473f-ad14-1d4278bc2d4a,155685c9-0126-4acd-bff3-6d7b5fc60561,4192.09,2026-02-03 06:00:35,completed
c0738a1c-8f2f-4988-96ea-0cae0b40801b,155685c9-0126-4acd-bff3-6d7b5fc60561,3000.27,2025-11-24 20:00:35,completed
5d43990d-cc10-4332-be08-8024232f0e9e,155685c9-0126-4acd-bff3-6d7b5fc60561,7463.1,2026-04-19 09:00:35,completed
009b7f1b-72d7-4457-87d3-bd21940236ec,bffffc3f-f6ab-43fd-b187-25db0374f27c,2744.76,2026-09-01 20:33:50,completed
a8d9522d-5fed-4309-9eab-686ab4ab3019,bffffc3f-f6ab-43fd-b187-25db0374f27c,1974.95,2026-07-22 02:33:50,completed
21232211-f644-480f-9a5c-41e6f65e1a50,bffffc3f-f6ab-43fd-b187-25db0374f27c,2669.92,2026-08-06 20:33:50,completed
0e7c7d97-bbbc-4acf-be42-166c937904d0,bffffc3f-f6ab-43fd-b187-25db0374f27c,1322.06,2026-09-03 20:33:50,completed
9bd32a5c-1fa0-4e4e-8f2c-03c612fe7e68,bffffc3f-f6ab-43fd-b187-25db0374f27c,1381.28,2027-01-13 06:33:50,completed
9d4c2333-e77e-43ee-ab8d-8dc0cc572ddb,bffffc3f-f6ab-43fd-b187-25db0374f27c,1834.03,2026-09-12 03:33:50,refunded
72e64a91-314d-49ee-9bd9-9ac551ba0f42,4b3c7def-f0fb-4078-b20e-d46851c62e3e,3034.68,2026-03-13 19:34:40,completed
8641fbbd-84c3-4872-99b0-b20328886b62,4b3c7def-f0fb-4078-b20e-d46851c62e3e,5158.9,2026-05-05 03:34:40,completed
2f2a71f2-c5eb-4119-8b48-9b82458e6436,4b3c7def-f0fb-4078-b20e-d46851c62e3e,4442.21,2025-12-01 05:34:40,completed
70befa85-ec1c-4c2c-9c54-f595b3dd1b57,4b3c7def-f0fb-4078-b20e-d46851c62e3e,6543.99,2026-05-20 00:34:40,completed
409e4d05-cd02-4bf9-a953-54d790d554c5,57b050dd-5168-4efa-97c2-fc5668e177d9,6022.11,2026-10-02 00:40:26,completed
9db324d6-87a3-4d81-a3d1-9cbe66dd199a,57b050dd-5168-4efa-97c2-fc5668e177d9,3901.2,2026-08-14 14:40:26,completed
b4d1cf97-c826-44f8-b0ad-5721eecc4a6a,57b050dd-5168-4efa-97c2-fc5668e177d9,1735.48,2026-05-05 00:40:26,completed
d73df36f-b26b-418b-bddb-4dde7a41cea2,57b050dd-5168-4efa-97c2-fc5668e177d9,3209.91,2026-09-02 18:40:26,completed
a2cb1daa-00bd-4399-9afd-29461a15c15a,57b050dd-5168-4efa-97c2-fc5668e177d9,5146.94,2026-04-13 18:40:26,completed
bb41fe9a-a711-450d-a5fc-1b2f21d54be5,ac496298-c6c1-4843-a95f-86f3a67e85fc,7252.95,2026-01-17 17:12:00,completed
79db7a98-0736-4dc8-a21e-75317f3f2424,ac496298-c6c1-4843-a95f-86f3a67e85fc,4510.19,2025-12-18 16:12:00,completed
a091f554-a9a4-4a63-88a6-8cacea4cd1d4,ac496298-c6c1-4843-a95f-86f3a67e85fc,4734.93,2026-01-09 02:12:00,completed
f5bbb9be-f3c7-427a-9994-224df33def26,ac496298-c6c1-4843-a95f-86f3a67e85fc,2244.83,2025-12-29 22:12:00,completed
081f8163-977a-4014-b129-260d353ba5a0,ac496298-c6c1-4843-a95f-86f3a67e85fc,2611.33,2025-12-13 22:12:00,refunded
8c802d55-b283-4517-a461-f6a30dbee6d6,ac496298-c6c1-4843-a95f-86f3a67e85fc,3579.39,2025-11-16 23:12:00,completed
44dac06c-c33b-438f-8a5a-9373bb1b68ce,ac496298-c6c1-4843-a95f-86f3a67e85fc,1563.0,2026-02-12 19:12:00,completed
0426f4d1-874b-44e7-bdec-f79eed7e2e4e,ac496298-c6c1-4843-a95f-86f3a67e85fc,7559.92,2025-12-04 02:12:00,completed
c8f35440-f704-41e8-b225-9441071ff31d,ac496298-c6c1-4843-a95f-86f3a67e85fc,2865.23,2026-02-10 11:12:00,completed
a1ad6d1f-7db5-4a11-84be-2012b1d04be1,ac496298-c6c1-4843-a95f-86f3a67e85fc,1389.25,2025-10-11 16:12:00,completed
95717dab-070f-43a3-9c8d-9683075799fb,ac496298-c6c1-4843-a95f-86f3a67e85fc,5371.29,2025-12-28 12:12:00,completed
20891b7b-0b2a-454a-b7bb-000b07b03c77,ac496298-c6c1-4843-a95f-86f3a67e85fc,1721.37,2025-11-01 16:12:00,completed
823d6608-3f18-47fb-b03a-68e0eed2c713,ac496298-c6c1-4843-a95f-86f3a67e85fc,1486.86,2026-01-07 09:12:00,completed
9549722e-e2fd-4324-aeb4-5db07c2e7dca,ac496298-c6c1-4843-a95f-86f3a67e85fc,2954.28,2025-12-22 07:12:00,completed
455d9716-b2ac-4fe1-a5b9-62509f97d25c,ac496298-c6c1-4843-a95f-86f3a67e85fc,7328.81,2026-03-12 19:12:00,completed
28142084-b68d-406e-a163-5880824c14be,ac496298-c6c1-4843-a95f-86f3a67e85fc,7360.51,2026-01-15 05:12:00,completed
27e9a344-1b1a-4c74-b071-e5833b7369df,ac496298-c6c1-4843-a95f-86f3a67e85fc,2818.76,2025-12-08 11:12:00,completed
0a176ba9-daa0-4e6a-8cce-326e6f023998,ac496298-c6c1-4843-a95f-86f3a67e85fc,4896.43,2026-03-10 06:12:00,completed
97c838e5-59ed-4fb3-a145-2cac1a5960ea,ac496298-c6c1-4843-a95f-86f3a67e85fc,7770.74,2025-12-15 22:12:00,completed
69c9f978-4388-4253-9490-86660af41382,ac496298-c6c1-4843-a95f-86f3a67e85fc,3142.32,2026-02-20 12:12:00,completed
f53e6c70-ce6e-4c44-ba89-47759bfa783a,ac496298-c6c1-4843-a95f-86f3a67e85fc,3365.99,2025-09-19 02:12:00,completed
0a3a468d-9a24-47a6-bfea-5fe6488c9ecf,ac496298-c6c1-4843-a95f-86f3a67e85fc,640.71,2025-11-15 11:12:00,completed
6a28c9f3-a996-4ddb-93bb-a67a6b4c0d7e,ac496298-c6c1-4843-a95f-86f3a67e85fc,1685.04,2025-10-11 17:12:00,completed
3d49def4-b567-46fe-84db-5012971480e5,6318a7bd-df38-4d14-845b-5495bb9ef5ba,7680.55,2026-12-07 06:12:11,failed
4ff13261-8e64-42d8-bf23-9fe8907a9c28,6318a7bd-df38-4d14-845b-5495bb9ef5ba,5554.02,2026-10-02 20:12:11,completed
2e77fd4f-d372-499f-a1f7-1ac66b37f35c,64b2b57a-50cb-4ee2-8fcc-06719edf4ad7,1080.82,2025-12-12 15:47:13,completed
6586ce6e-a012-4e11-93d7-6e4ee4a24c2e,64b2b57a-50cb-4ee2-8fcc-06719edf4ad7,4725.05,2025-11-24 09:47:13,completed
a011b434-7e50-4083-aeef-ebcb14c7e632,64b2b57a-50cb-4ee2-8fcc-06719edf4ad7,7691.39,2026-03-17 04:47:13,completed
8c42c3de-a978-45a3-a704-23f426b28981,64b2b57a-50cb-4ee2-8fcc-06719edf4ad7,6013.9,2025-12-04 13:47:13,completed
7a675510-6643-48d7-88f0-9785962ee57f,22ae121e-afba-4a2f-96ce-cbbcb8f05f94,3946.31,2026-04-17 04:01:53,completed
f86c5271-d24b-46a0-beaf-2d00f9fbdc99,22ae121e-afba-4a2f-96ce-cbbcb8f05f94,1677.06,2026-05-07 23:01:53,completed
9e7f982c-9d20-4e32-8adb-8534cc574262,22ae121e-afba-4a2f-96ce-cbbcb8f05f94,353.57,2026-03-31 09:01:53,completed
45e0a761-530d-4862-a36f-88792a72d287,22ae121e-afba-4a2f-96ce-cbbcb8f05f94,6558.83,2026-05-22 20:01:53,completed
b956aa59-48a0-485b-9e85-cdefef3b5352,22ae121e-afba-4a2f-96ce-cbbcb8f05f94,2469.2,2026-04-18 01:01:53,completed
f8983df9-8ac4-44d6-9447-a4fdaad7a289,392b4ff3-5a17-43c3-9839-2d88422f0590,5585.18,2026-07-30 00:40:48,completed
0f7a5a5f-a1ba-492f-88d7-6d09625cd6c2,392b4ff3-5a17-43c3-9839-2d88422f0590,6607.6,2026-07-23 20:40:48,completed
c3d3e47f-1aac-4c26-9cef-2630163eb8fd,392b4ff3-5a17-43c3-9839-2d88422f0590,434.9,2026-06-12 08:40:48,completed
273c70a1-818b-4fc0-9c62-ea11808f9e02,392b4ff3-5a17-43c3-9839-2d88422f0590,3050.78,2026-10-07 00:40:48,completed
ef30bce9-053f-421f-9d74-f687ccd2fe19,1a52ae2e-adec-4b60-b840-3aac9a972520,1028.21,2026-08-30 17:18:13,completed
0a1ba832-92aa-4ad7-8e63-0ead786a3ee1,1a52ae2e-adec-4b60-b840-3aac9a972520,2415.16,2026-12-08 03:18:13,refunded
592bf20e-44af-47b0-9066-a393d4c3f345,1a52ae2e-adec-4b60-b840-3aac9a972520,6656.9,2026-12-22 07:18:13,completed
f87e3d8e-38ae-4aaa-9715-60950dd8a177,1a52ae2e-adec-4b60-b840-3aac9a972520,889.33,2026-11-10 06:18:13,completed
d594c5e6-011f-4eaf-9908-19b4e6598806,d0308971-569b-4312-9588-25f542fc71f9,480.9,2026-06-26 14:25:05,completed
db2815d9-4284-4a6c-ab09-5ced95910411,d0308971-569b-4312-9588-25f542fc71f9,999.41,2026-07-16 18:25:05,completed
77a8b63d-3afb-49db-baab-3455b585be80,d0308971-569b-4312-9588-25f542fc71f9,605.49,2026-07-01 13:25:05,completed
1bc9b804-6497-4998-b4e2-738950f67583,d0308971-569b-4312-9588-25f542fc71f9,1034.92,2026-07-16 21:25:05,completed
d9dac610-7cc1-4960-b680-28dfb481896b,d0308971-569b-4312-9588-25f542fc71f9,1083.39,2026-09-12 03:25:05,completed
0c8f4ac2-213b-4005-ab04-6b59ded845b5,d0308971-569b-4312-9588-25f542fc71f9,572.17,2026-07-08 19:25:05,completed
d2683991-2420-4fd2-b05a-cc17737f3f2f,d0308971-569b-4312-9588-25f542fc71f9,548.57,2026-09-05 07:25:05,completed
906804af-b6eb-44a0-9152-3c3b463cbd87,d0308971-569b-4312-9588-25f542fc71f9,545.01,2026-07-08 03:25:05,completed
f24c4686-63c3-46de-a1fe-3787bdc680a5,d3acbb44-71a4-40b2-9c77-b37b04de03e7,2415.72,2025-09-09 06:40:25,completed
5da1d4c6-3c62-4c52-842a-6103903c8d61,d3acbb44-71a4-40b2-9c77-b37b04de03e7,2031.15,2026-02-14 03:40:25,completed
8074a49d-d191-42f0-80c7-a1b0bc013319,d3acbb44-71a4-40b2-9c77-b37b04de03e7,5906.86,2025-10-30 19:40:25,completed
b8607283-2408-4826-918a-501780ae8f25,d3acbb44-71a4-40b2-9c77-b37b04de03e7,4883.28,2025-12-31 11:40:25,completed
adb1efe3-0766-469e-8ab5-04679aef6273,d3acbb44-71a4-40b2-9c77-b37b04de03e7,2922.59,2026-01-04 10:40:25,failed
10e91f80-2ded-41bf-b739-9c870af34b21,d3acbb44-71a4-40b2-9c77-b37b04de03e7,6878.54,2025-12-02 07:40:25,completed
6091ca1d-39dc-466a-a696-dc48c62ea985,d3acbb44-71a4-40b2-9c77-b37b04de03e7,3303.47,2026-01-19 15:40:25,completed
a9297179-bde9-42a4-a700-bae184c19e86,d3acbb44-71a4-40b2-9c77-b37b04de03e7,5161.66,2026-02-21 11:40:25,completed
8e42aa11-33ba-421e-a201-8ab02cdd45a3,d3acbb44-71a4-40b2-9c77-b37b04de03e7,7883.49,2025-12-01 19:40:25,completed
2d675096-c98b-4ca6-95e8-d92536bb5f34,d3acbb44-71a4-40b2-9c77-b37b04de03e7,3898.83,2025-11-18 03:40:25,completed
67562ea1-0aa4-48a2-99c4-11175aafa3d1,d3acbb44-71a4-40b2-9c77-b37b04de03e7,4649.67,2026-01-31 22:40:25,completed
02ed9088-177c-4c29-bb83-5041ab39cf18,d3acbb44-71a4-40b2-9c77-b37b04de03e7,4078.83,2025-09-10 02:40:25,completed
89650d0f-34a7-4032-8f3a-e7e1cb64ed35,d3acbb44-71a4-40b2-9c77-b37b04de03e7,7605.91,2026-01-19 21:40:25,completed
02a554e9-bc25-4128-a046-05dc6ca8168e,d3acbb44-71a4-40b2-9c77-b37b04de03e7,1151.87,2025-12-14 23:40:25,completed
c4a0f308-550e-46ac-b6cc-bdc87490340a,d3acbb44-71a4-40b2-9c77-b37b04de03e7,4535.54,2025-10-15 16:40:25,completed
545d4a71-e725-43e6-843e-5123f6c65d57,d3acbb44-71a4-40b2-9c77-b37b04de03e7,2447.37,2025-10-30 06:40:25,completed
0e777c4f-297d-4d4c-bdb1-75bf67133110,fb22e280-5331-4c00-b85c-e6b7c102eef0,6165.5,2026-07-11 23:20:15,completed
23360f4e-4103-4485-90a4-989c82c4ac9c,fb22e280-5331-4c00-b85c-e6b7c102eef0,6914.74,2026-06-08 19:20:15,completed
55684c2a-ca11-42dd-a9fb-97dee5b2f540,fb22e280-5331-4c00-b85c-e6b7c102eef0,3760.81,2026-05-20 11:20:15,completed
86ca4cf8-7206-4ebe-8d0e-adcda907baeb,fb22e280-5331-4c00-b85c-e6b7c102eef0,4401.53,2026-03-08 14:20:15,completed
b79366ae-3e42-42ff-8313-ca149267d927,e6630522-63f9-4cac-b36a-f7b9df3edc73,3251.82,2026-06-26 08:38:51,completed
b65ccd56-3330-4027-abc5-47d8109d0a29,e6630522-63f9-4cac-b36a-f7b9df3edc73,523.62,2026-08-28 00:38:51,completed
65c0add8-b431-4f5a-a301-51ccff4148e4,e6630522-63f9-4cac-b36a-f7b9df3edc73,919.89,2026-10-16 06:38:51,completed
da45b584-13b2-4368-814d-b39487906d7c,e6630522-63f9-4cac-b36a-f7b9df3edc73,2224.54,2026-08-24 11:38:51,completed
70cbfa41-3ecf-4c6a-ac99-df942d36d045,2dfb91ad-2943-4453-ba6b-f80f9577646f,4930.34,2025-10-24 00:27:59,failed
aba8e20a-f510-48e2-9793-0913636ebb2a,2dfb91ad-2943-4453-ba6b-f80f9577646f,6948.47,2026-03-17 01:27:59,completed
1ebbb304-0f50-4043-b7b2-ca3acd7c43f8,2dfb91ad-2943-4453-ba6b-f80f9577646f,7034.81,2025-11-11 03:27:59,completed
0d32ef88-6b29-4bf7-80d3-51cceb5b8077,2dfb91ad-2943-4453-ba6b-f80f9577646f,799.06,2025-11-20 23:27:59,completed
4aa61102-cae0-43d7-9507-4bd2ae678135,2dfb91ad-2943-4453-ba6b-f80f9577646f,5564.27,2026-02-25 03:27:59,completed
5330c31a-91da-43b8-8461-c37df63739bb,2dfb91ad-2943-4453-ba6b-f80f9577646f,4151.66,2025-11-30 18:27:59,completed
b9c8f033-bbeb-425f-b3d4-5ca1b90b82bc,ba25dcbc-1f51-4572-8f30-572e4d2208a0,5859.76,2026-01-25 10:52:34,completed
5ae1e45b-572e-41d3-8360-9900d9fd96b4,ba25dcbc-1f51-4572-8f30-572e4d2208a0,6976.38,2025-11-11 02:52:34,refunded
6fd1cf3c-1f79-42d4-aa83-e7a247c792fa,ba25dcbc-1f51-4572-8f30-572e4d2208a0,7673.33,2026-02-08 07:52:34,completed
95ba301c-92c9-4a80-b64a-b082ac843943,ba25dcbc-1f51-4572-8f30-572e4d2208a0,4973.72,2026-03-19 08:52:34,refunded
12c4c8aa-aa28-4f59-8fdb-1537e13dff19,d11a61fd-713e-4403-8482-bd18025c8fea,760.35,2026-08-12 00:22:09,completed
bcecd86c-4fcb-45b5-9e0e-d029cbe05b65,d11a61fd-713e-4403-8482-bd18025c8fea,7440.9,2026-05-01 20:22:09,completed
889a9cc0-2a40-4b51-9c3e-68ea86c99123,d11a61fd-713e-4403-8482-bd18025c8fea,1097.9,2026-08-11 22:22:09,completed
3163a32b-b5b4-4878-b107-42599c8e0bcc,d11a61fd-713e-4403-8482-bd18025c8fea,3121.78,2026-09-16 12:22:09,completed
a82a43d1-9372-4717-a914-aae6b114d0b4,d11a61fd-713e-4403-8482-bd18025c8fea,1917.65,2026-05-27 16:22:09,completed
e9a74da0-e201-4c89-af61-97440b616600,d11a61fd-713e-4403-8482-bd18025c8fea,7223.8,2026-10-03 07:22:09,completed
3a6bc232-d375-4295-9d3f-46a08f1a4da6,602d2167-32e0-4045-bcae-a3aed506fc00,3723.97,2026-08-14 06:51:44,completed
457d21ea-99d8-4c12-9d8d-078d6ce549bb,602d2167-32e0-4045-bcae-a3aed506fc00,4877.1,2026-12-05 04:51:44,completed
fed3535e-42ad-42ab-89fe-586bb3c9a24e,602d2167-32e0-4045-bcae-a3aed506fc00,2001.87,2026-07-16 12:51:44,completed
afc85036-ab3d-48c5-a809-70aa2f62b50c,01a30705-8d1e-4c07-a201-ee0dfd746c67,1518.93,2026-10-30 03:32:59,completed
441b281a-626d-4c3d-ba1a-c8b1d788ada5,01a30705-8d1e-4c07-a201-ee0dfd746c67,2570.57,2026-12-16 16:32:59,completed
3c31cfdd-3c89-4bf5-b56e-7cb77137ff03,01a30705-8d1e-4c07-a201-ee0dfd746c67,2550.96,2027-02-09 22:32:59,completed
be6ab20f-2d23-4ca0-99cb-0646c7810b8a,e9d1c1e8-e1a1-4d19-bb73-07f3b945c994,5911.47,2026-04-29 21:23:02,completed
012fe031-5c2a-4a40-92c2-6d4068465d41,e9d1c1e8-e1a1-4d19-bb73-07f3b945c994,4684.44,2026-05-12 00:23:02,completed
ee60847d-ee37-43b6-98e6-2e62d216bbfd,e9d1c1e8-e1a1-4d19-bb73-07f3b945c994,6329.77,2026-03-26 12:23:02,completed
d181161b-8604-4c13-93d1-1fa96f8d0225,e9d1c1e8-e1a1-4d19-bb73-07f3b945c994,5414.68,2026-05-20 12:23:02,completed
5ef2d3d1-e97d-4320-bb62-eaa90bb88e15,03cacbf2-1e83-44cd-910d-4a98a2a8fe04,842.63,2026-01-20 20:00:07,completed
ac71c097-f15e-429f-9765-b7af0e4b9350,03cacbf2-1e83-44cd-910d-4a98a2a8fe04,444.78,2026-06-06 17:00:07,completed
24e964d4-200b-495f-a976-c6ad1798422e,03cacbf2-1e83-44cd-910d-4a98a2a8fe04,991.55,2026-03-24 22:00:07,completed
f0814a48-352d-42b3-890e-6efca3427ad8,03cacbf2-1e83-44cd-910d-4a98a2a8fe04,973.9,2026-07-05 22:00:07,completed
94f75e04-6571-4995-8dce-11e8a7e7ed0a,03cacbf2-1e83-44cd-910d-4a98a2a8fe04,473.09,2026-06-24 23:00:07,completed
24882aef-fc36-4db5-a812-1319b339888f,5089d500-7f1b-4485-a183-d233ca5afa58,768.66,2026-03-09 05:31:05,completed
1929a995-a4ea-47e7-954a-6034fdd0e66d,5089d500-7f1b-4485-a183-d233ca5afa58,1056.68,2026-07-20 19:31:05,completed
4083ef3e-1676-4b3e-bad4-2e889eeb326a,5089d500-7f1b-4485-a183-d233ca5afa58,862.52,2026-03-06 11:31:05,completed
dacb630e-31c3-4d88-95cf-17061cf5a685,5089d500-7f1b-4485-a183-d233ca5afa58,1069.04,2026-06-14 03:31:05,completed
7da21cce-24e0-4886-873f-6d783a8d2d89,faeebf7a-57ef-4da7-851c-d81d79d5bd95,6977.91,2026-03-03 12:43:34,completed
4a7c4134-37de-4db0-8c79-feea3775fd6d,faeebf7a-57ef-4da7-851c-d81d79d5bd95,2677.79,2026-03-01 13:43:34,completed
7bff366d-1ca1-4639-b192-56f43250462b,faeebf7a-57ef-4da7-851c-d81d79d5bd95,7178.93,2026-02-05 07:43:34,failed
cbaa0a66-c3cc-4ac2-8073-4714fbb92855,faeebf7a-57ef-4da7-851c-d81d79d5bd95,1676.72,2026-04-30 07:43:34,completed
4d41fb5c-5be5-4c11-8ec5-cfa5d5ebc861,faeebf7a-57ef-4da7-851c-d81d79d5bd95,6937.63,2026-06-11 01:43:34,completed
a6104fc7-58a1-460e-bf20-ce8d69c23a7c,faeebf7a-57ef-4da7-851c-d81d79d5bd95,1790.69,2026-06-14 09:43:34,completed
47c94897-27d8-4b28-af8a-c6410ec2a5ce,faeebf7a-57ef-4da7-851c-d81d79d5bd95,2651.46,2026-02-17 22:43:34,completed
622a9492-a6df-4543-88d3-7f9fbe76e406,ae49b515-9ad3-4a1d-b03f-c56b54be4937,1919.25,2026-09-12 01:39:50,completed
e0b3219c-ee85-4bf4-8557-4f81f4a377fa,ae49b515-9ad3-4a1d-b03f-c56b54be4937,3351.05,2026-06-10 21:39:50,completed
fe52be32-d5d2-49ab-9598-b079aa3b0e83,ae49b515-9ad3-4a1d-b03f-c56b54be4937,2807.75,2026-04-30 11:39:50,completed
3b06be34-6a6c-46bd-ab78-6e2c3bbfa34c,ae49b515-9ad3-4a1d-b03f-c56b54be4937,3510.2,2026-07-20 12:39:50,completed
404a8529-30a7-4d08-8e2a-65d3437cf10e,ae49b515-9ad3-4a1d-b03f-c56b54be4937,6893.03,2026-05-18 00:39:50,completed
576784cb-98fd-4f52-bd86-e9ab861f1531,ae49b515-9ad3-4a1d-b03f-c56b54be4937,3025.29,2026-04-27 01:39:50,completed
8539b4e0-aeb5-4a76-ac7a-b9ace584debd,ae49b515-9ad3-4a1d-b03f-c56b54be4937,3330.27,2026-07-14 01:39:50,completed
b79ca4c7-b5b2-465c-9686-7ecf64d00a54,cb9bce30-e3e3-4574-89ac-5e78cf631094,6894.31,2026-09-26 04:35:29,completed
ecdddf26-f327-4bb3-adb0-951f55c5ee86,cb9bce30-e3e3-4574-89ac-5e78cf631094,3993.56,2026-10-02 14:35:29,completed
58723963-36a3-42c6-84fc-00a47010e65b,cb9bce30-e3e3-4574-89ac-5e78cf631094,3303.49,2026-11-29 10:35:29,completed
9e48a720-5801-498a-bdfe-003d1f0fd826,cb9bce30-e3e3-4574-89ac-5e78cf631094,7899.35,2027-01-29 00:35:29,completed
cd12e165-a391-4523-b472-8b5e8339affb,cb9bce30-e3e3-4574-89ac-5e78cf631094,2938.73,2026-08-16 12:35:29,completed
d09373e5-194b-4a71-b1d8-3fc156443728,cb9bce30-e3e3-4574-89ac-5e78cf631094,1333.99,2026-11-21 18:35:29,completed
66f03404-12da-4be3-9824-effa476b9f54,cf5ec02f-660f-49ef-9f75-2dac5f56ffa7,4841.52,2026-01-19 21:51:46,completed
7923b9c5-d26b-498d-9ded-cd13c510408a,cf5ec02f-660f-49ef-9f75-2dac5f56ffa7,2824.38,2026-02-26 19:51:46,completed
a700db57-6d91-4399-ad3d-8c28a11078d0,cf5ec02f-660f-49ef-9f75-2dac5f56ffa7,6593.29,2026-03-25 01:51:46,completed
37b8b30c-fe28-4822-b6b3-c22a7ace9c1c,ab4cfdc3-8a3c-43f1-a3a9-4a9faa874745,651.17,2025-11-28 21:19:16,completed
902724b2-31d7-4aac-b72d-3e2721e44d98,ab4cfdc3-8a3c-43f1-a3a9-4a9faa874745,547.31,2026-03-23 14:19:16,completed
cdf58897-bd3e-462f-9126-07765db89e28,ab4cfdc3-8a3c-43f1-a3a9-4a9faa874745,942.14,2026-03-26 02:19:16,completed
548936c6-beb3-4a1c-8cff-9003ebe0db16,4cb004af-6920-4e82-a2be-3df6135486ba,774.76,2025-10-17 09:51:53,completed
95ca8c70-3fe8-4bda-a957-389feea54455,4cb004af-6920-4e82-a2be-3df6135486ba,744.76,2025-12-04 10:51:53,completed
3c1ac7d0-8971-4eb7-bf68-6ccbc9848ce3,4cb004af-6920-4e82-a2be-3df6135486ba,664.34,2026-02-10 07:51:53,completed
5118bb7b-4403-4159-a9f8-368acfeb5103,4cb004af-6920-4e82-a2be-3df6135486ba,1024.89,2026-03-13 18:51:53,completed
c39e3a21-0103-4091-9451-34f7fec277e7,4cb004af-6920-4e82-a2be-3df6135486ba,635.05,2026-02-04 08:51:53,completed
240094e8-a561-405f-aaed-bfc5bb74194a,4cb004af-6920-4e82-a2be-3df6135486ba,657.91,2026-01-24 08:51:53,failed
5b63a791-d2be-4e40-a8be-57e6284badb4,4cb004af-6920-4e82-a2be-3df6135486ba,867.5,2025-11-24 16:51:53,completed
70561c06-f310-4ab4-89e2-5b0b4b70ab4c,45b2efea-90ed-4e41-a01c-c67a63dabc83,1557.32,2026-12-29 01:45:33,refunded
1018b764-6151-401d-92d9-2dcca774d8c6,45b2efea-90ed-4e41-a01c-c67a63dabc83,510.18,2026-09-11 01:45:33,completed
16457ecd-051b-4ed9-9910-0c8f5ea3bfb7,45b2efea-90ed-4e41-a01c-c67a63dabc83,3188.38,2026-11-02 22:45:33,completed
ae78ad1f-443b-47fd-ac79-8ff1b01c280b,1af8a4a2-bcd2-446c-9e0e-a4ccfd5a6104,3676.81,2026-08-25 02:47:08,completed
a4d5a3b3-9c0d-4f84-bd03-232eb8a852c8,1af8a4a2-bcd2-446c-9e0e-a4ccfd5a6104,1014.96,2026-10-08 08:47:08,completed
c5be18d5-c4aa-44d4-af4b-f9bf2cf75b9f,1af8a4a2-bcd2-446c-9e0e-a4ccfd5a6104,1554.2,2026-11-28 13:47:08,completed
ea4fb0e9-69dd-4d10-8bea-b16337be0401,1af8a4a2-bcd2-446c-9e0e-a4ccfd5a6104,6072.56,2026-11-05 13:47:08,completed
d5727913-e344-49b9-9ea4-a65e5c3de5e6,1af8a4a2-bcd2-446c-9e0e-a4ccfd5a6104,6458.39,2026-08-19 20:47:08,completed
02b24849-ac3d-49f2-9db6-d41faf87fc3b,c670a595-35d9-4845-b7e0-d1087bbd4ed6,3226.22,2026-05-04 19:47:35,failed
a05d4675-64aa-427f-8a7a-0e54a30ae3bc,c670a595-35d9-4845-b7e0-d1087bbd4ed6,1070.51,2026-07-22 17:47:35,completed
9530f57b-b625-4f91-904a-c65fe801396c,67d39550-00bc-4113-bed7-3d0103a2cb8c,5320.41,2026-07-15 01:05:35,completed
911c00d4-cdc6-42b4-8a89-2132b72afc32,67d39550-00bc-4113-bed7-3d0103a2cb8c,6538.3,2026-12-24 14:05:35,completed
1a0e1182-cf2e-4986-a169-056f57bcea79,67d39550-00bc-4113-bed7-3d0103a2cb8c,7209.45,2026-07-02 20:05:35,completed
fed5fd3b-9480-417a-922f-2053824f8b95,67d39550-00bc-4113-bed7-3d0103a2cb8c,1285.2,2026-08-30 17:05:35,completed
0ca84507-6d9e-41dd-9a24-957279954de1,2b133a6f-9560-464d-8a8c-43a8ab3558b2,1915.66,2026-01-10 17:28:17,completed
f2178d22-fc3e-4546-b088-b92b0b6f9c64,2b133a6f-9560-464d-8a8c-43a8ab3558b2,6639.03,2026-03-18 03:28:17,completed
99912391-b506-4884-9d9b-eaaee8732dcb,a1e3852a-2d33-41fd-b461-b40ea04bcc0f,1048.26,2026-02-01 21:41:07,completed
967083bd-f22e-40a3-9b84-1bc53a615386,a1e3852a-2d33-41fd-b461-b40ea04bcc0f,563.26,2026-03-02 00:41:07,failed
216e5a7f-554b-46fd-a359-3f03903748f4,a1e3852a-2d33-41fd-b461-b40ea04bcc0f,1073.14,2026-05-16 15:41:07,completed
44f4729a-4335-45df-802b-a6c9e91f07ba,a1e3852a-2d33-41fd-b461-b40ea04bcc0f,1111.06,2026-02-08 19:41:07,completed
0a8cb7c4-15e7-47c1-952b-8e688d37fedf,a1e3852a-2d33-41fd-b461-b40ea04bcc0f,701.63,2026-03-10 08:41:07,completed
2711c170-a41d-498d-900f-366181783ab9,a1e3852a-2d33-41fd-b461-b40ea04bcc0f,411.95,2026-06-16 00:41:07,completed
2256f96f-c742-4224-a02f-8d6ab1677e70,a1e3852a-2d33-41fd-b461-b40ea04bcc0f,489.93,2026-02-25 08:41:07,completed
d515c402-dc8c-40b4-9f66-567b80534773,c4bcff61-128c-4c36-8ef6-02386a92e80f,4945.19,2026-10-29 15:49:09,completed
98376d50-68b3-4331-81aa-8cb62e16d2f2,c4bcff61-128c-4c36-8ef6-02386a92e80f,7252.2,2026-09-01 16:49:09,completed
0386072b-f93d-4290-80f1-c65678d9d252,c4bcff61-128c-4c36-8ef6-02386a92e80f,5024.79,2026-11-29 18:49:09,completed
5c9a8a7f-edab-4eac-b8e4-a30beeb6cf23,c4bcff61-128c-4c36-8ef6-02386a92e80f,6860.16,2026-10-14 16:49:09,completed
7cb1ce24-4bc6-4762-a3e1-48e1dcdf1033,08b24354-5d6c-493a-9c25-860bb0f60409,932.86,2025-12-11 13:03:11,completed
6d2c6eed-214b-42ff-9684-1faadb393eca,08b24354-5d6c-493a-9c25-860bb0f60409,1110.26,2026-02-19 18:03:11,completed
ce1fcd08-50f9-48fb-b1d4-daadb20209f9,08b24354-5d6c-493a-9c25-860bb0f60409,2830.42,2025-12-26 08:03:11,refunded
fd94e067-ec94-4bd2-9686-32680139452a,08b24354-5d6c-493a-9c25-860bb0f60409,4744.19,2026-04-29 03:03:11,completed
ae7b6f92-bb1c-407a-8703-6e4a1c4f2006,0bb0bb57-1c86-4b08-b94b-61f5233d84cf,5391.25,2026-08-16 16:50:33,completed
07056995-f63d-4d87-92cd-68496770966b,0bb0bb57-1c86-4b08-b94b-61f5233d84cf,3264.73,2026-07-23 05:50:33,completed
02f2000b-f831-402e-847d-cb545cda9beb,f91b1b54-89af-4e87-8ac2-8de28b993ef1,4503.27,2026-04-03 13:29:43,completed
cd507e81-698f-4ae3-930d-e1769f3dffdf,f91b1b54-89af-4e87-8ac2-8de28b993ef1,7413.92,2026-04-20 19:29:43,completed
59480699-f38f-4a36-a98a-50833b86cf95,f91b1b54-89af-4e87-8ac2-8de28b993ef1,7014.18,2026-03-27 07:29:43,completed
23732573-90ad-4446-9add-b29ce0b21824,f91b1b54-89af-4e87-8ac2-8de28b993ef1,6892.85,2026-06-04 20:29:43,completed
600a6be6-9b73-4c64-b882-57ae9da7835b,f91b1b54-89af-4e87-8ac2-8de28b993ef1,3584.16,2026-04-16 01:29:43,completed
f01b5791-6791-4e78-8746-0f8b552e6b30,160a86e0-ee78-4bd7-98b0-90a062092fc2,428.74,2026-02-28 17:37:26,completed
f9f883f4-f2fb-418b-ad45-61edb58a584f,160a86e0-ee78-4bd7-98b0-90a062092fc2,1468.64,2026-04-23 12:37:26,completed
4eb83962-f344-4f50-aec3-c679770c1139,160a86e0-ee78-4bd7-98b0-90a062092fc2,3092.45,2026-06-05 21:37:26,completed
3a369f85-17f9-4683-bab9-037247e99032,160a86e0-ee78-4bd7-98b0-90a062092fc2,1071.06,2026-06-07 01:37:26,completed
1311b083-1618-485d-a718-9c07f98b8afd,160a86e0-ee78-4bd7-98b0-90a062092fc2,7466.0,2026-07-04 15:37:26,completed
9280d03a-3ad9-4979-b05f-a1245f6c8ae2,160a86e0-ee78-4bd7-98b0-90a062092fc2,1856.91,2026-06-10 15:37:26,completed
969c212f-508c-47bd-a457-e38faa9b2311,dc762e83-983c-4bc5-8f3a-3a84d481314a,4317.46,2026-05-10 10:31:42,completed
bd67bac2-929e-482b-adec-3800c50351b2,db2c281a-cd9b-48ab-bf88-176ab05646c7,7717.85,2025-11-19 09:21:31,completed
d7f71851-dd79-45bd-80f7-c92c60fd26ed,db2c281a-cd9b-48ab-bf88-176ab05646c7,4811.66,2025-12-28 01:21:31,completed
fbc72c03-3382-4e3a-ab66-74858becc66e,db2c281a-cd9b-48ab-bf88-176ab05646c7,2421.12,2025-11-08 12:21:31,completed
f1629f6b-8b94-496e-bca2-305780cbe4fb,eb741bc6-9867-440d-8f97-398c7055d9b7,6241.77,2026-04-12 08:38:13,completed
672a192b-5dcf-486d-bc17-c1a0a0450cea,909da23a-5389-445c-adcb-2d563435c1c2,4467.7,2026-07-30 01:59:42,completed
5e6a0ea0-2352-4ee8-a5a7-16427dcf54ed,909da23a-5389-445c-adcb-2d563435c1c2,6107.73,2026-05-17 18:59:42,completed
8a7d5ac1-54ef-415c-8fb8-9dd6767d4b72,909da23a-5389-445c-adcb-2d563435c1c2,7161.6,2026-06-16 17:59:42,completed
e2b5ef80-d137-4b07-9e79-6080370c0988,3a50af40-3570-44a9-bba3-5a45a9028d06,5624.06,2026-11-25 04:01:52,completed
36f713f9-1afc-402c-92a9-03f83fdb85bc,3a50af40-3570-44a9-bba3-5a45a9028d06,982.01,2026-09-11 06:01:52,completed
b12ba294-69e6-418c-8f81-418538be80f6,3a50af40-3570-44a9-bba3-5a45a9028d06,6844.73,2026-11-29 10:01:52,completed
ec7825d8-09f8-416c-8c16-ff8d48f25b8b,67a3a4f3-8084-4618-bf52-a3866c1cf87f,1109.96,2026-08-26 01:36:35,completed
9596e1ca-e0db-4a18-8a61-bacb47ea6b45,67a3a4f3-8084-4618-bf52-a3866c1cf87f,2831.99,2026-07-16 20:36:35,completed
ae40483a-e561-4b0e-b317-91b7d7ef5566,67a3a4f3-8084-4618-bf52-a3866c1cf87f,1078.71,2026-07-10 23:36:35,completed
dd1ecf44-e822-4a5c-9223-346617d25d97,67a3a4f3-8084-4618-bf52-a3866c1cf87f,4851.35,2026-07-09 06:36:35,completed
b035ff3d-43c6-4929-998b-ef51c497a486,67a3a4f3-8084-4618-bf52-a3866c1cf87f,4971.13,2026-06-03 10:36:35,completed
d071b506-d2d8-453c-8f82-ccc00f0038d4,00d2a47b-cfeb-4e53-b4d7-2f707485501a,1130.04,2026-10-18 10:46:43,completed
1b202e6a-3f6b-4b8f-a265-0e83aa2126e1,00d2a47b-cfeb-4e53-b4d7-2f707485501a,1204.54,2026-10-12 01:46:43,completed
f3882141-e125-40b5-92d5-16503a9ac853,00d2a47b-cfeb-4e53-b4d7-2f707485501a,7259.18,2026-08-01 16:46:43,completed
eff216a3-7df4-4331-b0fd-ca4eabe65b7a,252e37ad-c47e-42cb-bd3c-8225ef8af57f,3689.89,2025-12-23 07:32:00,completed
2c82cbac-d210-4714-9aac-49b1c066e898,252e37ad-c47e-42cb-bd3c-8225ef8af57f,6561.34,2026-04-24 21:32:00,completed
0ba93d46-b0c1-482b-abab-94f9797bb618,3b68792d-e139-4837-9a9f-a19ede4f9b22,2949.18,2026-06-05 17:04:54,refunded
6e1f8b21-48af-4578-884c-4be3c322295c,92c6bb0e-fdeb-4f7d-83a9-f6548f487ee5,5683.1,2026-10-01 17:40:57,completed
5d821718-8438-42a1-86dd-fa3e67b1fba5,92c6bb0e-fdeb-4f7d-83a9-f6548f487ee5,6948.82,2026-07-20 22:40:57,completed
a1395abc-033c-407a-b014-b3606a9077db,92c6bb0e-fdeb-4f7d-83a9-f6548f487ee5,1624.85,2026-09-20 03:40:57,completed
7e5457a4-7584-4e6c-ace1-050e0205517d,ce88daf3-9f49-4bc2-94ca-a265e43a5c6c,1044.12,2025-10-07 10:46:19,refunded
6e9d7b82-5e09-481c-88c8-dac254af1d3e,ce88daf3-9f49-4bc2-94ca-a265e43a5c6c,977.55,2025-12-27 14:46:19,completed
d8958c2a-972b-4c4f-8080-99fc858e9e82,ce88daf3-9f49-4bc2-94ca-a265e43a5c6c,548.95,2025-12-27 00:46:19,completed
7b698f16-c422-4df7-89b2-6c5322090937,ce88daf3-9f49-4bc2-94ca-a265e43a5c6c,669.6,2025-12-14 03:46:19,completed
b2f18b1c-21ae-421d-bb1b-05a4da092542,ce88daf3-9f49-4bc2-94ca-a265e43a5c6c,658.21,2026-01-07 10:46:19,completed
a35da847-0b57-42d4-968e-c525b81bc12c,bd90227f-8042-48c9-8240-b658897dcb26,5439.91,2026-08-14 16:57:00,completed
bbe00fe6-e39f-43c5-a972-6d820f28fada,bd90227f-8042-48c9-8240-b658897dcb26,7871.12,2026-12-08 16:57:00,completed
9bd02df3-13c7-414d-ab6e-e69fbd86a948,bd90227f-8042-48c9-8240-b658897dcb26,1962.95,2026-09-30 23:57:00,completed
11ca8851-7161-4313-a779-d85b78b89592,bd90227f-8042-48c9-8240-b658897dcb26,4021.2,2026-10-05 09:57:00,completed
0fd13226-52b3-4df3-ba0c-0fbe2c7aac27,cf657763-f1ff-490c-84e4-acba94aa9513,6828.87,2026-09-04 06:42:57,completed
741ab88b-6d63-4dc5-a35c-636e6c3ff536,cf657763-f1ff-490c-84e4-acba94aa9513,7839.31,2026-09-19 18:42:57,completed
dfb1cb72-fa4a-4785-9201-37bb344b1f5a,cf657763-f1ff-490c-84e4-acba94aa9513,2329.39,2026-10-09 11:42:57,completed
6f2ff8c9-ab9d-4a8d-a4e7-b5d9cf56147b,cf657763-f1ff-490c-84e4-acba94aa9513,893.21,2026-06-11 10:42:57,completed
941f2bc6-8613-4c3b-8441-850f4ef48945,cf657763-f1ff-490c-84e4-acba94aa9513,4444.72,2026-07-03 22:42:57,completed
c0ccf6a9-a47c-4950-9d1e-8fb12a16a10a,cf657763-f1ff-490c-84e4-acba94aa9513,2713.83,2026-08-19 22:42:57,completed
c5f0491b-adb9-4754-b8c1-a0b7e2366c57,e1a87f84-6da6-42ee-942c-3cd4ca00c502,7819.0,2026-09-26 01:31:30,completed
1085cc51-94ef-4c38-9aa1-b2dbcb9e49eb,e1a87f84-6da6-42ee-942c-3cd4ca00c502,6741.92,2026-08-24 17:31:30,completed
11afa6f6-6dc2-4440-913a-6dedc12f0df8,e1a87f84-6da6-42ee-942c-3cd4ca00c502,797.86,2026-10-18 18:31:30,refunded
2beb0ac8-b0a2-409e-9ba9-2d91d97215de,e1a87f84-6da6-42ee-942c-3cd4ca00c502,5307.14,2026-07-03 20:31:30,completed
7655a06d-8934-41de-a72c-4d08a580faa5,e1a87f84-6da6-42ee-942c-3cd4ca00c502,5551.45,2026-10-29 01:31:30,completed
a8dbd8a9-72d2-4666-b8ea-c160b5d91681,e1a87f84-6da6-42ee-942c-3cd4ca00c502,7203.27,2026-09-06 21:31:30,completed
a7883a8c-80da-4262-a679-ee9fbf3051b3,6e78e6f1-5ec4-46dc-a86c-b8f54b99f92a,1326.85,2026-09-12 11:10:21,completed
7bd3afa7-1335-4242-ac4b-6ea576bb7d89,6e78e6f1-5ec4-46dc-a86c-b8f54b99f92a,5668.49,2026-11-10 03:10:21,completed
c0562f0f-7e49-4437-bcde-54340cb3294c,6e78e6f1-5ec4-46dc-a86c-b8f54b99f92a,4211.25,2026-07-23 07:10:21,completed
92363ca5-1cb3-4b2b-921f-5bb0cb29d2ab,6e78e6f1-5ec4-46dc-a86c-b8f54b99f92a,6943.05,2026-10-10 10:10:21,refunded
1c2990ab-645b-474c-b2f7-21265f7b2acc,9660972b-06d9-4724-a910-5832be875857,846.8,2026-07-18 19:22:08,completed
09b1ba1d-10ab-497e-bbf0-9505d4605d58,9660972b-06d9-4724-a910-5832be875857,1798.57,2026-06-04 15:22:08,refunded
0951d2a7-08b0-4c28-809d-a41fa8cd5cf6,9660972b-06d9-4724-a910-5832be875857,7451.96,2026-04-04 21:22:08,failed
09a7efaf-e689-44a2-a44a-c93a37c4982b,9660972b-06d9-4724-a910-5832be875857,7585.33,2026-03-21 02:22:08,completed
3b5cb9ca-cc16-44d7-b150-70dcf84e1070,9660972b-06d9-4724-a910-5832be875857,3235.94,2026-08-13 04:22:08,completed
ad1269f0-16b7-41d6-80cf-5e697fa18976,9660972b-06d9-4724-a910-5832be875857,3034.71,2026-05-16 21:22:08,completed
3cc7d5bd-6e21-40f3-95c6-49da63801e9b,9660972b-06d9-4724-a910-5832be875857,2305.89,2026-04-24 07:22:08,completed
51797aba-a82b-4624-ba07-a17265ce39ae,9660972b-06d9-4724-a910-5832be875857,2915.85,2026-05-19 12:22:08,completed
dfe328ec-79b7-4518-858b-4281f951e84c,9660972b-06d9-4724-a910-5832be875857,4967.43,2026-07-03 00:22:08,failed
05a4e452-da8d-4804-9310-ba0109e908f6,9660972b-06d9-4724-a910-5832be875857,1035.28,2026-07-10 17:22:08,completed
b31593a0-d48c-40b3-b63a-0ddf3dcb30bb,9660972b-06d9-4724-a910-5832be875857,3262.6,2026-07-03 16:22:08,failed
e979c913-1103-4ebd-b5fe-144168b1f7bb,9660972b-06d9-4724-a910-5832be875857,6917.06,2026-02-26 10:22:08,completed
c8e663d3-768d-49aa-b167-7c489fcbe07a,9660972b-06d9-4724-a910-5832be875857,1699.76,2026-04-08 12:22:08,completed
9e8c3edf-f0b1-44bb-ad8c-b3d03c1ad0f1,9660972b-06d9-4724-a910-5832be875857,7327.13,2026-05-17 19:22:08,completed
f6cbb254-9505-4e7b-8ee3-6c8109a59ec3,9660972b-06d9-4724-a910-5832be875857,5739.03,2026-07-14 21:22:08,completed
3fbd7d65-853b-4242-b2fe-b864f7d5403a,9660972b-06d9-4724-a910-5832be875857,6606.26,2026-04-05 08:22:08,completed
64d0840b-81ac-4956-a89d-07abcf190628,9660972b-06d9-4724-a910-5832be875857,6411.09,2026-02-28 09:22:08,completed
8e2d469a-5214-4e8b-8bc8-0cc774b17850,9660972b-06d9-4724-a910-5832be875857,5559.35,2026-05-09 01:22:08,completed
b0b93686-383a-49c5-9708-c5e1733e16eb,9660972b-06d9-4724-a910-5832be875857,4946.98,2026-04-01 19:22:08,refunded
2b3ddfde-dd24-41a2-bfa8-c89499d2dee4,9660972b-06d9-4724-a910-5832be875857,4519.45,2026-05-16 06:22:08,completed
a0c80399-1964-4aec-970c-ad34504c191c,9660972b-06d9-4724-a910-5832be875857,804.07,2026-06-12 19:22:08,completed
28b822e0-4afc-48dc-ae90-89ed1f98163e,328174db-fc12-486a-9b26-c12a0fdf4743,433.27,2025-09-09 12:58:48,completed
e3c6033b-0e66-4d20-91c1-befa8cb61428,328174db-fc12-486a-9b26-c12a0fdf4743,1071.25,2026-01-10 07:58:48,completed
1a169027-d82e-4392-a62f-d3402f98a5f1,328174db-fc12-486a-9b26-c12a0fdf4743,656.44,2026-01-20 12:58:48,completed
6d9e3729-c458-4be7-828f-bf487df34d0d,328174db-fc12-486a-9b26-c12a0fdf4743,715.35,2026-02-04 08:58:48,completed
dd271974-574a-4113-b979-4e25e8631f05,328174db-fc12-486a-9b26-c12a0fdf4743,758.32,2025-10-30 19:58:48,completed
8f1de737-8215-4273-87dd-1cfc6199ec8b,328174db-fc12-486a-9b26-c12a0fdf4743,701.65,2026-02-16 23:58:48,completed
bff8f270-ec13-49eb-8c44-c15bcc9e936a,9a9cefb9-2827-4614-90c7-044599ec25a4,3293.83,2025-12-15 16:13:06,completed
6cfc4b49-999c-4675-b2c6-d19c08c827ba,9a9cefb9-2827-4614-90c7-044599ec25a4,4362.14,2025-12-06 20:13:06,completed
54ae70ee-e661-42b2-8a42-670d8290c67f,9a9cefb9-2827-4614-90c7-044599ec25a4,6058.46,2025-10-16 08:13:06,completed
b5a1be3e-6695-4f25-87a0-5a5921a359f8,9a9cefb9-2827-4614-90c7-044599ec25a4,669.26,2025-11-07 19:13:06,completed
b2c61999-1ee3-4d93-872f-d40b5b87a6d2,9a9cefb9-2827-4614-90c7-044599ec25a4,7724.24,2025-12-10 11:13:06,completed
6f1c7db1-4665-4fec-8ba0-b692bfe1fabc,b07bd09b-b1b8-4e92-b319-536d6ab54620,6839.0,2026-12-07 14:39:01,completed
91b008bb-93f9-473a-9f81-0b13ad30d690,b07bd09b-b1b8-4e92-b319-536d6ab54620,1951.6,2027-02-08 13:39:01,completed
bec7c6c2-7cf4-4d06-abf4-a4d432b0d97e,b83ce2b0-59e8-4cff-a15d-bc5f1a79b4a1,5798.07,2025-11-03 16:11:37,completed
daa434bf-b2d9-44f6-b646-fd20dedb4c4e,b83ce2b0-59e8-4cff-a15d-bc5f1a79b4a1,648.3,2026-02-01 14:11:37,completed
609d7f98-335d-49d6-a05a-daaa8948b33c,b83ce2b0-59e8-4cff-a15d-bc5f1a79b4a1,336.49,2026-03-02 21:11:37,completed
27523d38-2590-4f12-87de-b043d4a5de4b,b83ce2b0-59e8-4cff-a15d-bc5f1a79b4a1,6664.61,2025-11-30 23:11:37,completed
99175def-f5d2-4e38-b286-09b0c9464447,66fd042a-1a24-43c2-9976-6bb350c43f11,2195.53,2025-10-15 21:15:39,completed
a2166fbb-5a8a-484e-be5d-5e33065ba9cc,66fd042a-1a24-43c2-9976-6bb350c43f11,6950.82,2026-01-21 14:15:39,completed
3ae554be-a482-4a7f-b95a-da8150af15d4,66fd042a-1a24-43c2-9976-6bb350c43f11,2399.14,2025-11-26 13:15:39,completed
4e11e533-018a-4684-9357-60cfed9c5e41,66fd042a-1a24-43c2-9976-6bb350c43f11,6788.28,2026-01-19 06:15:39,completed
aba7ab8c-33e6-419b-aa9d-709db230859d,66fd042a-1a24-43c2-9976-6bb350c43f11,5124.34,2026-02-06 01:15:39,completed
832fd6c8-f6ba-4d3e-8874-5047ee22da02,f40f918e-f021-4eed-bc4a-adc762c82b59,2016.9,2026-04-22 19:01:33,completed
a20586ba-bea2-446c-9c9f-77989d464ca0,f40f918e-f021-4eed-bc4a-adc762c82b59,4061.73,2026-01-27 20:01:33,completed
90ae46e0-db0b-47a7-a2aa-7acd8199bee7,f40f918e-f021-4eed-bc4a-adc762c82b59,2275.04,2026-03-22 20:01:33,completed
98a02a97-625f-45c8-9e9b-8bcbc947a308,f40f918e-f021-4eed-bc4a-adc762c82b59,2505.58,2026-06-25 03:01:33,completed
a7c5ff93-48c0-4d4f-9526-96b81ca25f84,f40f918e-f021-4eed-bc4a-adc762c82b59,3340.78,2026-03-05 18:01:33,completed
cb98d1c5-edff-4104-bc59-ca0ad9ca159a,6af9cf72-ee78-4042-9c60-ffbc39ce78b7,1846.07,2026-07-09 21:32:18,completed
a0b149b7-b570-4e81-90ac-11688a3a4ce3,6af9cf72-ee78-4042-9c60-ffbc39ce78b7,1157.83,2026-06-26 19:32:18,completed
fcf06ad6-d549-4d71-840c-991fb684fc57,6af9cf72-ee78-4042-9c60-ffbc39ce78b7,5640.85,2026-09-24 09:32:18,completed
86b790aa-b258-487a-9b6c-f34d6aba7d07,6af9cf72-ee78-4042-9c60-ffbc39ce78b7,5985.27,2026-10-06 23:32:18,completed
632b3a4d-079a-4455-9ccf-d80617cf7097,5038e9d1-4d5c-42f3-9154-b2bac842e2fe,1755.06,2026-07-06 19:30:38,completed
d81c780c-c255-47da-865c-f3a3f0fea913,5038e9d1-4d5c-42f3-9154-b2bac842e2fe,7604.14,2026-04-09 04:30:38,completed
6a95f80a-5e8c-428f-8318-4b67a93af991,5038e9d1-4d5c-42f3-9154-b2bac842e2fe,1845.0,2026-03-23 08:30:38,completed
d8af901f-d1c0-44ae-a6e9-a435f9a2cb43,10e31f22-109b-46df-86aa-46b0dd536e3f,2034.31,2026-01-04 10:18:28,completed
4a14f906-96fd-47bb-a8c8-90c2df903862,10e31f22-109b-46df-86aa-46b0dd536e3f,494.88,2026-02-19 22:18:28,completed
74af0c5d-29cf-480d-8191-6aed9f95b820,10e31f22-109b-46df-86aa-46b0dd536e3f,4587.77,2026-01-27 20:18:28,completed
dcb8df9b-e519-4bb4-b3b3-884d27e152a8,32dc54a2-5ca2-432b-b3ec-7eae4c761cb3,3456.42,2026-09-14 11:21:48,completed
bf18e85f-25c3-4f75-ad43-645e57867d07,32dc54a2-5ca2-432b-b3ec-7eae4c761cb3,7482.56,2027-02-06 07:21:48,completed
6783665e-cf69-4d67-ac6a-c621ab7ed896,32dc54a2-5ca2-432b-b3ec-7eae4c761cb3,345.44,2026-10-06 11:21:48,completed
7a9e27ca-a596-407a-b93a-61af700fa8a3,32dc54a2-5ca2-432b-b3ec-7eae4c761cb3,1221.24,2026-09-14 20:21:48,completed
82971fd9-b53b-4b35-991d-d98d812bb0d3,81756b0d-97d9-47a0-81cf-0118fc91f8b0,5296.24,2027-01-01 19:08:06,completed
148dfa99-991f-4dc4-b5e3-323ea82a88cc,81756b0d-97d9-47a0-81cf-0118fc91f8b0,5579.2,2027-01-03 22:08:06,completed
78f6387a-cf33-4f2b-8c96-6fd26a4e2338,81756b0d-97d9-47a0-81cf-0118fc91f8b0,2225.33,2026-10-09 23:08:06,refunded
9ecc94b8-20fe-48ff-b101-48181503f337,81756b0d-97d9-47a0-81cf-0118fc91f8b0,7219.04,2027-01-19 16:08:06,completed
4d7f87d4-05b4-45df-9b4a-7f3b340ee407,00118d3f-939a-4637-b714-931faded09df,5928.53,2025-12-19 08:06:06,refunded
2f981ad1-c120-4f85-9ad8-af069293c804,00118d3f-939a-4637-b714-931faded09df,3134.2,2026-01-30 12:06:06,completed
3f784401-89c6-4c23-9358-9fa635043474,00118d3f-939a-4637-b714-931faded09df,3459.86,2026-01-07 08:06:06,completed
ce3ffb11-310d-4728-be2c-84cd61df432b,00118d3f-939a-4637-b714-931faded09df,5124.05,2025-12-20 16:06:06,completed
f333e292-8783-4c21-ae4d-78e80b8e0722,00118d3f-939a-4637-b714-931faded09df,3846.48,2026-02-03 17:06:06,completed
9b882f4c-f67c-4047-89db-bdb6cc90fda3,7ee612e9-fd7b-4342-8c38-38f871bfb630,5423.38,2026-08-31 07:56:07,completed
99fc476f-b859-4dc6-a02a-0ccd65164d28,ab780622-c04e-4835-8f5e-bebcb47e228d,4676.58,2026-08-27 14:00:47,completed
e77e231a-935b-448d-be1d-7e5686996a88,ab780622-c04e-4835-8f5e-bebcb47e228d,3867.99,2026-12-12 03:00:47,completed
b9495808-3b11-4fd5-b77d-d6db75d1577a,ab780622-c04e-4835-8f5e-bebcb47e228d,1944.06,2026-10-08 19:00:47,completed
4e7fad59-0770-49c8-a849-f4f4e00e6171,b04d59bd-f0d5-48df-8a9d-76f2a702047d,1066.31,2026-04-24 21:46:23,completed
fcbf414a-0822-4f58-89a4-fb442ef5103c,b04d59bd-f0d5-48df-8a9d-76f2a702047d,573.74,2026-10-01 06:46:23,completed
307cfe99-25e9-42f7-8dac-30bf5dc07f42,b04d59bd-f0d5-48df-8a9d-76f2a702047d,814.0,2026-06-04 14:46:23,completed
de4a22f5-8ec7-4fc4-b13c-eccc303af05c,b04d59bd-f0d5-48df-8a9d-76f2a702047d,708.78,2026-08-15 17:46:23,completed
d5e1723c-2ad1-4b49-8ba4-5e971a713ed2,b04d59bd-f0d5-48df-8a9d-76f2a702047d,1015.39,2026-07-03 16:46:23,completed
ead1b76c-3d2b-4d88-8652-a994fb2c5b80,b04d59bd-f0d5-48df-8a9d-76f2a702047d,653.19,2026-09-18 23:46:23,completed
e2dc3992-5411-4e88-bb20-3a12bb6af2be,b04d59bd-f0d5-48df-8a9d-76f2a702047d,1146.42,2026-05-28 08:46:23,completed
5414bb3b-08c9-4367-9f30-91d38c529e80,b04d59bd-f0d5-48df-8a9d-76f2a702047d,1029.57,2026-10-01 18:46:23,completed
c31e36d4-72e4-4762-bbea-119b7d5cf7e0,2020dbde-685b-4b4a-8c87-b5ace54add20,7243.89,2026-02-03 11:47:08,completed
d2cb49fc-e6cc-4b44-98c0-36f5cb36be05,2020dbde-685b-4b4a-8c87-b5ace54add20,808.38,2025-12-19 15:47:08,completed
411f79ab-706b-485c-b1ed-d5abf848d875,2020dbde-685b-4b4a-8c87-b5ace54add20,3738.95,2026-01-31 03:47:08,completed
7845d9d2-f628-4ac6-b4e3-71dff666d2ff,2020dbde-685b-4b4a-8c87-b5ace54add20,6477.99,2025-12-25 18:47:08,completed
ebd69b7b-b568-4f48-b0a9-1df65b4ad2b9,2020dbde-685b-4b4a-8c87-b5ace54add20,4398.75,2025-12-19 14:47:08,completed
537dc99f-240c-4310-a320-6b01037d6267,2020dbde-685b-4b4a-8c87-b5ace54add20,3915.67,2025-12-22 02:47:08,refunded
42458fc5-75d4-41e6-9279-23c39fdd1155,2020dbde-685b-4b4a-8c87-b5ace54add20,5411.79,2026-05-06 16:47:08,completed
70aa54da-b5fd-4a88-ae83-af6928c51cc4,2020dbde-685b-4b4a-8c87-b5ace54add20,1344.11,2026-03-04 12:47:08,completed
79161277-d666-4561-bc64-f1f965389ece,2020dbde-685b-4b4a-8c87-b5ace54add20,453.65,2026-02-17 00:47:08,completed
6a14e9b2-8309-483a-9f66-25ba818b0955,2020dbde-685b-4b4a-8c87-b5ace54add20,1700.12,2026-02-11 23:47:08,completed
ee610e43-df6c-4b63-a0bc-c51d961299dc,2020dbde-685b-4b4a-8c87-b5ace54add20,7119.15,2026-03-17 06:47:08,refunded
1bf33634-7a36-46e3-8148-a6c1a87a45b4,fcd43e58-9d77-4478-a6a6-89c7c9e964bf,2610.8,2026-05-13 03:43:17,completed
cc2251e1-74f3-4c07-95b2-37bbd8b8aca9,fcd43e58-9d77-4478-a6a6-89c7c9e964bf,6390.45,2026-06-03 01:43:17,completed
5b82b8d5-6ec2-487f-aa35-3464eece8ce4,fcd43e58-9d77-4478-a6a6-89c7c9e964bf,6404.42,2026-10-05 08:43:17,completed
5369f5a5-87ac-4063-90a6-679563be2e78,fcd43e58-9d77-4478-a6a6-89c7c9e964bf,4109.57,2026-07-25 17:43:17,completed
ec7a47a8-5538-41af-b41c-1d58d74be1e7,fcd43e58-9d77-4478-a6a6-89c7c9e964bf,3112.16,2026-09-24 11:43:17,completed
f7418631-de7e-4a15-9e7f-aa9e0c5e7b0f,fece9642-6c19-4a5b-9a70-2d4a98ba42d7,7274.79,2026-05-19 11:23:53,completed
1a814a7b-a5e0-458e-b221-eb42fb6b2f92,fece9642-6c19-4a5b-9a70-2d4a98ba42d7,3756.77,2026-03-09 09:23:53,completed
528b23d2-0bb0-4b7f-ad62-d99adc20e108,fece9642-6c19-4a5b-9a70-2d4a98ba42d7,6150.19,2026-01-16 19:23:53,completed
b102195a-dd85-4323-8410-e2cfc7d64b9f,9852bdd8-e105-4090-ad62-74ebfa7233aa,1182.6,2026-08-26 17:12:02,completed
45c61017-2f72-42d8-a6ec-d49d07cf8542,9852bdd8-e105-4090-ad62-74ebfa7233aa,559.71,2027-01-19 16:12:02,completed
1762dd57-4c18-41f0-a0ba-63660de345e2,9852bdd8-e105-4090-ad62-74ebfa7233aa,616.23,2026-12-03 17:12:02,completed
9f40281d-9ddb-4d91-9972-704c58dc45af,9852bdd8-e105-4090-ad62-74ebfa7233aa,1027.3,2026-11-28 08:12:02,completed
69ea8780-4ee6-44ff-aa3b-771f36db8c21,9852bdd8-e105-4090-ad62-74ebfa7233aa,975.29,2026-11-21 20:12:02,completed
9869832d-d387-4f67-9f40-28f935f4cda2,9852bdd8-e105-4090-ad62-74ebfa7233aa,1130.69,2026-12-30 01:12:02,completed
2f46dd22-1cf5-442e-8cc9-a1d58855b8eb,9852bdd8-e105-4090-ad62-74ebfa7233aa,1089.18,2026-09-17 13:12:02,completed
466bb81a-fce4-4d0e-bdee-aac04a5e1de4,7dcc7893-e1b9-463f-9200-d6007e40974e,3175.09,2026-03-07 22:36:12,completed
a6c77548-4c43-4fd0-8dbf-fbd9dbdbf650,7dcc7893-e1b9-463f-9200-d6007e40974e,374.27,2026-04-09 17:36:12,completed
067650f5-bda2-4d14-bcbb-ab778fcba60c,7dcc7893-e1b9-463f-9200-d6007e40974e,4787.21,2026-05-07 10:36:12,refunded
5700514b-a14b-4d47-8ebc-5f442852594c,7dcc7893-e1b9-463f-9200-d6007e40974e,6353.21,2026-06-06 11:36:12,completed
f421be07-fd82-44c8-8324-1f009745ee46,7dcc7893-e1b9-463f-9200-d6007e40974e,1836.31,2026-03-11 16:36:12,completed
4d8f3ecc-ca8a-4401-b10e-d6a064d41f72,7dcc7893-e1b9-463f-9200-d6007e40974e,7625.72,2026-02-28 20:36:12,completed
b9aede52-805b-48c4-9bec-5bad6666e598,7dcc7893-e1b9-463f-9200-d6007e40974e,5820.74,2026-08-02 22:36:12,completed
6d00844d-e4b0-4e09-8e2a-e0a48b5bcd98,7dcc7893-e1b9-463f-9200-d6007e40974e,6595.14,2026-07-19 07:36:12,completed
f00917f6-ef7c-42fe-af56-788ca1da693d,7dcc7893-e1b9-463f-9200-d6007e40974e,3912.92,2026-06-15 10:36:12,completed
dc9c0388-83fc-4a57-8181-26a1175d22ea,7dcc7893-e1b9-463f-9200-d6007e40974e,4208.4,2026-07-09 16:36:12,completed
cef516c4-2b36-4f9e-8c7d-662dd387edde,7dcc7893-e1b9-463f-9200-d6007e40974e,4473.39,2026-03-30 23:36:12,refunded
8e7dc902-905a-4cf8-ac0e-b1290efaa1d2,7dcc7893-e1b9-463f-9200-d6007e40974e,883.5,2026-08-06 18:36:12,completed
82ece0b1-606e-4eac-962b-235ba4210c0a,7dcc7893-e1b9-463f-9200-d6007e40974e,5191.79,2026-05-01 22:36:12,completed
9d7ff32e-b6ba-4903-9c69-fc6bb7214d90,7dcc7893-e1b9-463f-9200-d6007e40974e,2497.6,2026-07-12 04:36:12,completed
a0b49ad7-8260-45ae-84df-7fccfc0ce52d,e6c07095-8a28-46f6-bda4-3ba76653de6a,7157.28,2026-03-13 20:40:22,failed
7959c480-608e-4296-aa53-f979975c9ac2,e6c07095-8a28-46f6-bda4-3ba76653de6a,1541.73,2026-07-04 12:40:22,completed
2f1c54b2-0fc4-4e8c-8154-1aad653aaa52,e6c07095-8a28-46f6-bda4-3ba76653de6a,765.11,2026-05-17 15:40:22,completed
7a113977-f2e3-44e4-913c-298285c2d6ca,e6c07095-8a28-46f6-bda4-3ba76653de6a,7219.53,2026-05-01 06:40:22,completed
edbc8493-ea00-4b42-b839-64d566e57f82,e6c07095-8a28-46f6-bda4-3ba76653de6a,6239.67,2026-07-02 06:40:22,completed
4e7d4233-47e3-442a-ac02-d17fd354cfeb,1d6463f8-3c2a-4de5-a1bc-8422709445a7,4682.85,2027-01-29 19:34:53,completed
5bb9bf82-4121-43ed-9856-f609ca0e6ec7,1d6463f8-3c2a-4de5-a1bc-8422709445a7,6544.43,2026-11-16 12:34:53,completed
42d664a5-0b7c-4b90-a422-2f658e44badc,1d6463f8-3c2a-4de5-a1bc-8422709445a7,7993.05,2026-11-11 13:34:53,completed
afc26a12-7f5e-44f2-93dc-acb353e4de4a,1d6463f8-3c2a-4de5-a1bc-8422709445a7,3017.29,2027-01-24 03:34:53,completed
6c373e33-c228-4eb9-9409-33b0a7d0c309,e5a9186d-e385-490a-857e-a1de138c75e3,3875.82,2026-02-23 23:27:00,completed
d5ec400c-3b94-468a-9492-063f3e89e7cd,e5a9186d-e385-490a-857e-a1de138c75e3,7024.89,2026-02-18 22:27:00,completed
b18390b2-ec15-4351-9f6a-443c065867ea,e5a9186d-e385-490a-857e-a1de138c75e3,3115.97,2026-02-18 05:27:00,completed
caca294e-e6a5-4223-93ad-79f2688d8eb5,de8716c3-d530-4886-9646-9c699ca9071f,1716.1,2026-08-15 15:09:37,completed
ec53b1e1-ad19-4ae9-b5db-234f3864ed0f,de8716c3-d530-4886-9646-9c699ca9071f,2897.33,2026-10-11 02:09:37,completed
0cbe52a9-6697-4016-847c-276250dcfa6d,de8716c3-d530-4886-9646-9c699ca9071f,7655.01,2026-10-10 16:09:37,completed
7152d0f7-059c-4ac0-83b8-eeecdc7852ca,de8716c3-d530-4886-9646-9c699ca9071f,5872.71,2026-08-29 17:09:37,completed
f2cb0701-e09d-45a3-871c-8e9aea4a21a1,77ccf550-2ca1-4c32-a8db-b3136ed9acb7,760.16,2026-07-01 01:24:52,refunded
ac32fcf8-5df2-4099-a187-6721f85977f8,77ccf550-2ca1-4c32-a8db-b3136ed9acb7,4980.2,2026-06-07 20:24:52,completed
cde864b4-5c29-45a5-a337-a601346e076c,77ccf550-2ca1-4c32-a8db-b3136ed9acb7,3505.86,2026-10-01 01:24:52,completed
8c56b9d2-ca13-42d4-815e-8b6fcf17cd43,77ccf550-2ca1-4c32-a8db-b3136ed9acb7,5154.53,2026-08-08 06:24:52,completed
0303fbd0-1429-41cd-bf9e-2bc64b946d57,77ccf550-2ca1-4c32-a8db-b3136ed9acb7,1296.6,2026-09-08 05:24:52,completed
23c5c72d-aff8-4a19-b380-f16e01bb94b1,77ccf550-2ca1-4c32-a8db-b3136ed9acb7,3145.67,2026-08-25 08:24:52,refunded
30ab2b23-fa9c-468e-9714-0ea42770aa46,77ccf550-2ca1-4c32-a8db-b3136ed9acb7,3510.9,2026-06-06 10:24:52,completed
c5793041-28d8-45a5-9daf-a915147e7cca,77ccf550-2ca1-4c32-a8db-b3136ed9acb7,7013.43,2026-08-13 08:24:52,completed
8870b5d5-c106-4875-9ce9-f3b2b064b952,cf98eeb1-8c4e-4520-9e2a-967d1c298e7d,4744.59,2026-10-24 12:16:08,completed
32f68bed-4f09-4515-99c6-2b23b9112b00,cf98eeb1-8c4e-4520-9e2a-967d1c298e7d,6318.28,2026-08-13 08:16:08,completed
4ebb6dd9-ec61-4268-ac2c-83bee87918e2,cf98eeb1-8c4e-4520-9e2a-967d1c298e7d,2125.04,2026-08-23 02:16:08,completed
44f57b3e-5f6a-4452-8ed8-c69d93209311,cf98eeb1-8c4e-4520-9e2a-967d1c298e7d,449.36,2026-10-28 22:16:08,completed
203a02a3-bd84-4170-a7f7-f826fe66892b,38f4843a-7197-4a93-b4c7-992c54e90afd,823.39,2025-09-06 18:09:18,completed
c38f6b3e-578a-41f3-9e48-8e42e6f8c15d,38f4843a-7197-4a93-b4c7-992c54e90afd,1021.95,2025-11-13 15:09:18,completed
f2379731-6a85-4b09-acb6-a6ead50a14ba,38f4843a-7197-4a93-b4c7-992c54e90afd,1078.22,2025-11-16 11:09:18,completed
1c343722-710e-4064-8259-420f39ab31dd,38f4843a-7197-4a93-b4c7-992c54e90afd,661.77,2025-11-08 20:09:18,completed
5aa9860c-e35d-410e-a5d5-f9cd1273d63e,2deb7f9f-cb7b-4325-b51a-3f1bb5e5a998,4032.17,2026-04-08 18:31:32,completed
f9a74ff2-5af3-4e09-8d3b-1b0b91383c36,2deb7f9f-cb7b-4325-b51a-3f1bb5e5a998,5272.98,2026-07-17 16:31:32,completed
4a54c72c-cce9-403e-a920-754f87ee99ac,2deb7f9f-cb7b-4325-b51a-3f1bb5e5a998,5947.33,2026-08-02 05:31:32,completed
049cb4fa-f64c-479b-a49a-d4a33c236c5f,2deb7f9f-cb7b-4325-b51a-3f1bb5e5a998,2474.91,2026-04-21 02:31:32,completed
dd2e2249-ce37-4502-90e4-438b6efc41ff,2deb7f9f-cb7b-4325-b51a-3f1bb5e5a998,384.04,2026-06-19 08:31:32,completed
24c73b9b-ff69-4f41-bd23-62d65b8ca32b,2deb7f9f-cb7b-4325-b51a-3f1bb5e5a998,5317.59,2026-04-07 19:31:32,failed
52795eed-288a-4723-87e5-2664700fffa2,4b817b25-3fdc-48e2-a4f1-5114866fa4a9,1558.04,2026-07-04 11:49:59,completed
232992a3-7a3f-45c1-966d-805cfc37bf64,4b817b25-3fdc-48e2-a4f1-5114866fa4a9,2903.82,2026-06-22 18:49:59,completed
26a3e3ae-e835-421e-bb45-9dd64573e72e,df2b757f-fd4e-4d4b-b9ac-bc113719c50a,4340.03,2026-02-14 02:20:59,completed
4a028383-1c77-4c25-ba95-971912833f17,df2b757f-fd4e-4d4b-b9ac-bc113719c50a,6635.91,2026-01-20 12:20:59,completed
d18a2f49-cca5-4c8f-acf1-94d0f9bc35c2,df2b757f-fd4e-4d4b-b9ac-bc113719c50a,7317.97,2026-02-01 19:20:59,completed
9e13cd2f-762e-4eff-b051-36a9f92ab85f,f031451a-1c6e-4465-8229-c2b6cef635c5,704.12,2026-05-05 08:52:20,completed
77f331fb-c85b-4849-ac7f-81107b9374cf,f031451a-1c6e-4465-8229-c2b6cef635c5,1986.31,2026-01-17 02:52:20,completed
da64ca30-c9d8-4c8b-81c1-b282ccc09d85,f031451a-1c6e-4465-8229-c2b6cef635c5,2786.72,2025-12-29 15:52:20,completed
d225ffd7-dc3c-4bde-996e-663622cba205,32de1c7b-ddf2-4614-9e8f-2e91ff4f1958,4090.15,2025-11-12 17:00:46,completed
5cab2267-0764-4264-8acd-629579b2a2fe,32de1c7b-ddf2-4614-9e8f-2e91ff4f1958,609.0,2026-05-05 14:00:46,completed
19006225-5234-4399-8792-2d9695f321c2,c10b6430-7097-4884-abce-67a406f98a2e,2818.35,2026-12-31 00:52:35,completed
c58b088b-445d-4853-8449-bed03308c07a,c10b6430-7097-4884-abce-67a406f98a2e,521.89,2026-08-28 12:52:35,completed
a2ade733-aa76-4081-bbf3-fd626300fac4,c10b6430-7097-4884-abce-67a406f98a2e,3423.82,2027-01-11 13:52:35,completed
e06d0e79-0e7b-4b03-9203-88f80b61b591,c10b6430-7097-4884-abce-67a406f98a2e,6019.66,2026-08-08 04:52:35,completed
60e53e6e-d92b-4596-ab75-462cfdb80b81,c10b6430-7097-4884-abce-67a406f98a2e,2599.3,2026-09-18 10:52:35,completed
38e133af-95ab-42e5-afe6-5aeba4355698,1eba4dcb-f52b-4351-a7ee-94835c821537,718.63,2026-08-29 16:49:39,completed
a7fabd17-cdf5-4b82-8505-b0828eb7c999,1eba4dcb-f52b-4351-a7ee-94835c821537,483.36,2026-08-23 15:49:39,completed
61961c25-3e99-4cee-aebb-8264204dc49c,5bd6e9f9-869b-4c16-92c8-862de9c5633c,5843.55,2026-01-16 14:28:26,completed
95916aa9-2fe0-4079-baab-04e2b703b32d,5bd6e9f9-869b-4c16-92c8-862de9c5633c,1572.48,2026-02-17 20:28:26,completed
96828213-f11e-440e-a33a-90c0d81a788b,5bd6e9f9-869b-4c16-92c8-862de9c5633c,7898.22,2026-03-16 03:28:26,completed
e96136f8-812a-4218-9611-e0ef51cc00fd,5bd6e9f9-869b-4c16-92c8-862de9c5633c,7109.98,2025-12-25 10:28:26,completed
4d7b7551-485f-4e4c-9c01-03d1ba9239e8,5bd6e9f9-869b-4c16-92c8-862de9c5633c,7590.26,2026-03-30 09:28:26,completed
96a5dd3a-3d22-43d3-a547-09bcfed3c52c,5bd6e9f9-869b-4c16-92c8-862de9c5633c,4674.45,2026-01-08 22:28:26,completed
4dc6ff5c-04d7-442d-815d-4b68cbccee8c,5bd6e9f9-869b-4c16-92c8-862de9c5633c,1769.05,2025-11-05 19:28:26,completed
e643054d-06f5-45ce-98ce-d21778f1e85f,5bd6e9f9-869b-4c16-92c8-862de9c5633c,5332.92,2026-01-26 10:28:26,completed
db0d4949-4ccc-42f6-af5b-8ffd5ef8a05e,4534c3c1-251d-46a2-9a5c-84dc58508f35,7461.97,2025-11-19 16:12:17,completed
4e7b355b-e6c3-4160-a31b-f30567391e80,4534c3c1-251d-46a2-9a5c-84dc58508f35,6030.81,2025-10-25 15:12:17,completed
626ad0ef-dda0-409d-a1d6-a8fd6253462a,4534c3c1-251d-46a2-9a5c-84dc58508f35,1166.92,2025-09-11 03:12:17,completed
1ed404b3-6718-4723-bb79-2d5da55b6e05,4534c3c1-251d-46a2-9a5c-84dc58508f35,2403.14,2025-12-29 06:12:17,completed
03e6dd2b-9459-431d-8208-09eada38c9f3,4534c3c1-251d-46a2-9a5c-84dc58508f35,5626.87,2026-01-26 03:12:17,completed
ae9dcbe0-8708-4b5a-9dbc-74f34a6c71c0,4534c3c1-251d-46a2-9a5c-84dc58508f35,586.14,2025-12-14 09:12:17,completed
0a58fe28-7892-4c22-a463-4f1e36dec76e,4534c3c1-251d-46a2-9a5c-84dc58508f35,402.17,2026-01-01 01:12:17,completed
761f26b1-a96f-414a-b1c9-d689977bcac7,4534c3c1-251d-46a2-9a5c-84dc58508f35,7048.09,2026-02-18 14:12:17,completed
08a4b034-a9fa-4fe9-9c69-9f3d15185637,4534c3c1-251d-46a2-9a5c-84dc58508f35,487.98,2026-01-03 18:12:17,completed
e2bfaa22-71c0-47bd-a35a-28ebe7e9d956,4534c3c1-251d-46a2-9a5c-84dc58508f35,6539.73,2025-10-21 19:12:17,refunded
077c0ba7-d0dc-4f22-aaca-a67fd67ba568,4534c3c1-251d-46a2-9a5c-84dc58508f35,3652.15,2025-09-15 06:12:17,completed
70345f32-d7de-4012-99d6-8c70cdf5822e,4534c3c1-251d-46a2-9a5c-84dc58508f35,6017.45,2026-01-06 19:12:17,completed
c0b078b6-9bcb-4fcc-bb87-6924de7083bf,4534c3c1-251d-46a2-9a5c-84dc58508f35,6619.5,2025-09-26 07:12:17,completed
a0f89ef1-f8fd-43b0-9574-8a5473aa8646,b127650e-f950-463c-945e-a25ee1d356d2,1421.86,2026-11-04 07:40:51,completed
2da30cea-5f2c-4f7e-b287-00fdd8c753a1,b127650e-f950-463c-945e-a25ee1d356d2,3393.7,2026-10-27 21:40:51,completed
0f73c28b-9983-4452-a87c-e6466611d392,b127650e-f950-463c-945e-a25ee1d356d2,5479.47,2026-10-27 17:40:51,completed
24a26f56-b0b2-42f9-bf8c-39db9f01b59e,b127650e-f950-463c-945e-a25ee1d356d2,7702.68,2027-01-20 01:40:51,completed
328587bc-8821-4dff-8a6b-540e35cedcb5,b127650e-f950-463c-945e-a25ee1d356d2,3061.75,2026-10-03 12:40:51,completed
beb57e40-f33c-43cb-8266-d6e2d0151604,b127650e-f950-463c-945e-a25ee1d356d2,629.22,2026-12-17 05:40:51,completed
ce04ba02-7918-4490-8c0c-7bddf34b15e5,b127650e-f950-463c-945e-a25ee1d356d2,4459.63,2027-01-07 12:40:51,completed
218cb3da-69c2-4194-a046-ee2843bfdebb,9b634b76-697a-4da0-a7ed-4f0864e63802,1033.82,2026-02-24 00:51:46,completed
334860ab-5740-412a-b154-b8606d936895,9b634b76-697a-4da0-a7ed-4f0864e63802,1104.58,2026-06-05 00:51:46,refunded
a61f617d-473d-451b-b1f0-f916fb5bb377,9b634b76-697a-4da0-a7ed-4f0864e63802,860.37,2026-07-12 23:51:46,completed
408fe4f8-89c7-472c-b682-b662c1ea8498,9b634b76-697a-4da0-a7ed-4f0864e63802,991.77,2026-07-14 19:51:46,completed
6c7a1506-36f7-4675-addf-67d7a7776fc1,9b634b76-697a-4da0-a7ed-4f0864e63802,985.48,2026-05-20 13:51:46,completed
a2d12f12-2bfa-4162-84cb-d508cb758fa6,9b634b76-697a-4da0-a7ed-4f0864e63802,1055.49,2026-07-14 10:51:46,completed
46625fa1-b3b2-4f0b-9f62-9af129c45032,9b634b76-697a-4da0-a7ed-4f0864e63802,1001.25,2026-05-24 21:51:46,completed
93f3e915-f45f-4778-9633-7092d5e8e4e3,c7aa6b6e-32fd-4ec8-89ce-40ddbd0a852e,539.45,2025-12-01 16:28:16,failed
33dbd68d-5bf4-47f7-bcfb-32bb16add0c7,c7aa6b6e-32fd-4ec8-89ce-40ddbd0a852e,6275.72,2025-12-07 16:28:16,completed
6b850a32-e583-4a14-9415-d821938a76cb,c7aa6b6e-32fd-4ec8-89ce-40ddbd0a852e,3548.76,2026-01-11 00:28:16,completed
f369e0fb-4e52-4b12-b4c9-be1b65497f86,38f59dbb-c7c3-47e8-a6e8-cb76d7d61eae,3285.65,2026-05-29 19:46:59,completed
a9bf5fcc-73d9-4c9e-bd41-6fff447b5b4c,38f59dbb-c7c3-47e8-a6e8-cb76d7d61eae,3983.98,2026-03-21 19:46:59,completed
11fa8c8c-a41f-4547-aabc-180e50f229fa,eb650c5e-9040-4a4f-a155-dcd3943f556a,539.01,2025-12-20 05:47:45,completed
460c1af2-2e69-49c8-9fd9-93f7881d567b,eb650c5e-9040-4a4f-a155-dcd3943f556a,3554.8,2026-03-20 07:47:45,completed
56200ac8-4b87-4ca4-a543-2f1d682f2f20,eb650c5e-9040-4a4f-a155-dcd3943f556a,510.43,2026-03-11 11:47:45,completed
eac243a2-3c80-4745-9140-c78151877664,eb650c5e-9040-4a4f-a155-dcd3943f556a,4486.76,2026-04-14 16:47:45,completed
26a2e7a6-5c61-4ea1-8d75-14974e9be14a,eb650c5e-9040-4a4f-a155-dcd3943f556a,6067.7,2026-05-21 17:47:45,completed
8d1d026b-d14d-44b0-9e8b-9e92ff767e3d,eb650c5e-9040-4a4f-a155-dcd3943f556a,4555.22,2026-04-10 15:47:45,completed
ab191cf3-f9d3-4856-8d5f-38652af9cae3,eb650c5e-9040-4a4f-a155-dcd3943f556a,1031.14,2026-04-05 20:47:45,completed
bf62a6bc-4238-4b47-b6f8-bcf617be5b0e,eb650c5e-9040-4a4f-a155-dcd3943f556a,7503.64,2026-05-12 11:47:45,completed
d2f47b36-798b-4aba-88f4-152e16d0a84f,eb650c5e-9040-4a4f-a155-dcd3943f556a,5667.91,2026-04-18 19:47:45,completed
1ef6beeb-1c8b-4b18-9dbe-2d3ba2f2f232,eb650c5e-9040-4a4f-a155-dcd3943f556a,2249.67,2026-04-28 10:47:45,completed
352adeb3-b442-4340-8145-506d06d36e1c,eb650c5e-9040-4a4f-a155-dcd3943f556a,3778.29,2026-04-23 05:47:45,completed
383b603a-bf5f-4f9f-93f0-c38119b6fc05,eb650c5e-9040-4a4f-a155-dcd3943f556a,3585.83,2025-12-21 23:47:45,completed
9007d483-e24d-46c9-9976-326288fda27a,eb650c5e-9040-4a4f-a155-dcd3943f556a,2217.63,2025-12-30 20:47:45,completed
730d0207-729d-41b7-8082-3fb300479ca5,eb650c5e-9040-4a4f-a155-dcd3943f556a,637.84,2026-05-27 19:47:45,completed
daaeee8a-6609-4ace-937c-0b7c3c1dcc51,eb650c5e-9040-4a4f-a155-dcd3943f556a,4098.8,2026-03-09 11:47:45,completed
35f7406e-bbdd-4b70-82a7-cb7e7a6425e5,eb650c5e-9040-4a4f-a155-dcd3943f556a,1371.88,2026-06-08 17:47:45,completed
02d8d308-1c8c-4e47-a57c-328c8ff80226,eb650c5e-9040-4a4f-a155-dcd3943f556a,4120.32,2026-05-15 08:47:45,failed
eeaa332e-61c4-486b-99e8-55ee5cb8b7b5,eb650c5e-9040-4a4f-a155-dcd3943f556a,4343.85,2026-06-08 03:47:45,failed
05462180-aec6-4759-8b5b-a0d6505689b5,eb650c5e-9040-4a4f-a155-dcd3943f556a,1118.73,2026-06-07 01:47:45,completed
1fd6a453-bd99-4d09-a10e-784f0b0ed600,eb650c5e-9040-4a4f-a155-dcd3943f556a,3551.37,2026-02-21 03:47:45,completed
c3a34fa1-3145-4e34-9c3a-950a61941831,eb650c5e-9040-4a4f-a155-dcd3943f556a,3390.22,2026-02-17 11:47:45,completed
b4cd8ae4-3f74-4fbf-b0c9-7fd8ebe120a7,eb650c5e-9040-4a4f-a155-dcd3943f556a,965.11,2026-01-15 17:47:45,failed
48fc28b8-3cf0-4090-857f-82e96f609dbb,eb650c5e-9040-4a4f-a155-dcd3943f556a,5380.94,2026-01-28 11:47:45,completed
02939bac-e304-49b0-bb6e-c85c884520a9,eb650c5e-9040-4a4f-a155-dcd3943f556a,7775.66,2026-05-02 22:47:45,completed
9c96bba9-09ad-4c13-a0fd-3ec01196ece4,eb650c5e-9040-4a4f-a155-dcd3943f556a,606.12,2026-05-10 03:47:45,completed
97b68727-9550-4eb7-81bb-2c73b6fcfbe8,1f61d766-db07-4abf-96de-bb177de08e98,761.95,2027-01-04 17:04:57,failed
1788ac2e-4cee-4c5c-b3c9-fdaa143a0ed4,4c4f0227-3462-4c1d-9788-7d343c825c3b,4808.91,2026-03-08 00:04:06,completed
afd08737-08ea-4b70-b32d-0ee2385f1665,4c4f0227-3462-4c1d-9788-7d343c825c3b,6926.51,2026-03-14 18:04:06,completed
67232096-f725-48e3-9ab0-e87357abae57,4c4f0227-3462-4c1d-9788-7d343c825c3b,3986.25,2026-03-28 05:04:06,completed
66f11bc2-376b-4312-8e9b-d94f8f4d44ba,4c4f0227-3462-4c1d-9788-7d343c825c3b,4468.8,2026-05-18 01:04:06,completed
9d51b1e8-f894-4028-bb43-4aa157ec179d,4c4f0227-3462-4c1d-9788-7d343c825c3b,4225.98,2026-03-17 05:04:06,completed
7ebae828-e794-45d8-a21a-a7f646b9223d,50434f72-9ad3-46ad-8f02-da2be7a1cfa3,6101.29,2026-12-21 10:33:33,completed
c30e4eb8-e56c-4ab0-a146-9e21340e4926,50434f72-9ad3-46ad-8f02-da2be7a1cfa3,3429.21,2026-10-30 12:33:33,completed
27652328-702e-4968-acd7-45956b3e5924,50434f72-9ad3-46ad-8f02-da2be7a1cfa3,513.02,2026-08-09 15:33:33,completed
29628ed1-cf9f-49e9-8338-d9d59aa4c84c,50434f72-9ad3-46ad-8f02-da2be7a1cfa3,6740.07,2026-11-02 17:33:33,completed
7387748e-6192-4767-b27c-ea1f3424ed70,50434f72-9ad3-46ad-8f02-da2be7a1cfa3,6386.6,2026-08-31 20:33:33,completed
0ca40824-4fd1-4c42-a0e3-ddc3101787eb,50434f72-9ad3-46ad-8f02-da2be7a1cfa3,4912.14,2027-01-12 01:33:33,completed
2fa2f537-baed-4765-9dde-0dfca39a5876,50434f72-9ad3-46ad-8f02-da2be7a1cfa3,3513.34,2026-08-18 18:33:33,completed
dc2d0a73-babe-4d76-b814-d67148945fd5,50434f72-9ad3-46ad-8f02-da2be7a1cfa3,607.6,2027-01-26 09:33:33,completed
d19d8bb8-44f1-4b7e-81b2-3b595c6aaf93,50434f72-9ad3-46ad-8f02-da2be7a1cfa3,7897.43,2026-10-09 19:33:33,completed
f57e7179-6389-4924-857e-e05b9746567c,50434f72-9ad3-46ad-8f02-da2be7a1cfa3,2672.69,2026-12-15 00:33:33,completed
a6c4d006-68e2-429d-b3d9-35aade9362e7,50434f72-9ad3-46ad-8f02-da2be7a1cfa3,7007.92,2026-12-07 20:33:33,completed
271dcd7f-dfb2-46d0-a653-84befe57e99e,50434f72-9ad3-46ad-8f02-da2be7a1cfa3,4960.08,2027-01-23 22:33:33,completed
6d69da8a-a377-43d3-8d90-b111d98eaac3,94f1c5a4-1759-410e-ab9e-87f733a23f4e,4070.5,2026-05-27 16:53:51,completed
4676da39-81d0-4855-874e-c785dfd22932,94f1c5a4-1759-410e-ab9e-87f733a23f4e,2237.27,2026-06-09 01:53:51,completed
b04584c7-b7c6-4208-8a30-10acb2068836,94f1c5a4-1759-410e-ab9e-87f733a23f4e,2054.39,2026-04-06 15:53:51,completed
36225c20-fd7d-45af-b878-488d44749b46,94f1c5a4-1759-410e-ab9e-87f733a23f4e,2983.55,2026-04-19 13:53:51,completed
91a5df9c-6d03-4ae3-84bd-8decd02587c7,33d1bb7b-9733-4659-b3e3-972a297e74ce,2332.11,2026-09-06 22:31:58,completed
d8d9cd48-8b59-4d0d-aaaa-7ac7a3236881,33d1bb7b-9733-4659-b3e3-972a297e74ce,7157.24,2026-10-12 07:31:58,completed
3a98d39e-a2c7-4fbb-835e-83fdb30a5888,33d1bb7b-9733-4659-b3e3-972a297e74ce,5582.04,2026-10-20 10:31:58,completed
26665068-fa79-4014-9e54-32ccf5b53ada,33d1bb7b-9733-4659-b3e3-972a297e74ce,3862.72,2026-09-15 11:31:58,completed
fbdcbdf5-df7d-4299-94c7-3ab8e76bed2d,33d1bb7b-9733-4659-b3e3-972a297e74ce,2544.25,2026-05-28 00:31:58,completed
add48737-9fa4-42e6-b3e3-a014bcd08bd9,2e0c1e71-d8c0-46f5-a628-2e92a7ec6027,5285.58,2026-11-08 21:56:22,completed
8fa4521a-c709-4147-a8ae-f804c6a4b242,2e0c1e71-d8c0-46f5-a628-2e92a7ec6027,2384.7,2026-07-31 23:56:22,completed
5ed30539-aa8b-49bc-881d-8f4ae1700ecd,2e0c1e71-d8c0-46f5-a628-2e92a7ec6027,4966.07,2026-10-14 21:56:22,completed
5a7e615a-238b-4d1d-b2c2-3e51357a87f6,2e0c1e71-d8c0-46f5-a628-2e92a7ec6027,325.16,2026-09-04 04:56:22,completed
4ef285bc-4ab5-48de-84e7-a22aab3f6899,2e0c1e71-d8c0-46f5-a628-2e92a7ec6027,7929.57,2026-08-04 02:56:22,completed
3788bae9-beb1-4a16-9f9b-8ee7cf430ccc,2e0c1e71-d8c0-46f5-a628-2e92a7ec6027,1833.76,2026-08-09 03:56:22,completed
4c8fd1d4-c8ad-4576-951a-a5416ee902f8,3162ca0c-321a-4034-88ff-c74096ce6887,3666.23,2026-05-13 21:50:08,completed
94b10496-2b8a-462c-afb7-b4c9620ab2f5,3162ca0c-321a-4034-88ff-c74096ce6887,6152.96,2026-02-12 07:50:08,refunded
267cab3e-c66d-47f3-84be-ee6e1a32e396,546f7c41-0534-45f7-a18e-df8e574b1633,2366.79,2026-07-13 15:43:45,completed
b7c085bb-e2f8-46d8-9df3-caea5a7ca387,546f7c41-0534-45f7-a18e-df8e574b1633,7163.1,2026-10-26 01:43:45,completed
8fa41e86-58c3-4a2e-9d07-c3cbabfc44cb,546f7c41-0534-45f7-a18e-df8e574b1633,5107.57,2026-05-05 15:43:45,completed
7cc224af-8e43-403e-ab65-560348b969c5,546f7c41-0534-45f7-a18e-df8e574b1633,5061.0,2026-08-21 19:43:45,completed
77fd66c9-1a0d-4970-ad7d-3a5ccb4b40ef,546f7c41-0534-45f7-a18e-df8e574b1633,2119.99,2026-07-11 05:43:45,completed
6cb5d162-ce12-452d-b1a7-5a058d661fbb,546f7c41-0534-45f7-a18e-df8e574b1633,1623.19,2026-09-29 22:43:45,refunded
c7a4334a-ef1a-4f8f-8dac-422620c353bb,546f7c41-0534-45f7-a18e-df8e574b1633,434.29,2026-08-09 18:43:45,completed
e8ffec31-2d27-410a-a574-14f0519b3e3b,546f7c41-0534-45f7-a18e-df8e574b1633,7800.46,2026-09-27 11:43:45,completed
6267ff2a-52a5-492a-8726-d93de4d53714,546f7c41-0534-45f7-a18e-df8e574b1633,3429.3,2026-06-03 15:43:45,completed
d96ee7b9-5745-4593-bec2-abf9740b0c60,546f7c41-0534-45f7-a18e-df8e574b1633,7365.72,2026-10-06 17:43:45,completed
b6e49baf-aeab-44d6-8de8-8ab86f6eb49c,546f7c41-0534-45f7-a18e-df8e574b1633,3650.99,2026-05-03 19:43:45,completed
994eaee2-89a4-4961-aa64-673ba9f1d7c5,546f7c41-0534-45f7-a18e-df8e574b1633,1072.82,2026-08-10 02:43:45,completed
1303a274-bba0-42b0-a19a-da32ba5dd852,e675eb10-7e01-43f8-a321-ff260eadd5e9,3260.46,2026-11-11 18:43:42,completed
71f35778-5353-4e14-aa9c-4f8197adae72,e675eb10-7e01-43f8-a321-ff260eadd5e9,2392.27,2026-10-26 14:43:42,completed
5902f15c-69b8-460c-b3cf-6825592ee262,aba30c56-7264-435e-b35f-2161c3bd2348,2538.23,2026-06-24 00:39:55,completed
3f35f9e0-5378-4aee-8951-a65fbf72836c,aba30c56-7264-435e-b35f-2161c3bd2348,5585.99,2026-08-13 07:39:55,completed
11f32589-b712-4453-a52f-bf02bafbec70,aba30c56-7264-435e-b35f-2161c3bd2348,5790.64,2026-08-25 14:39:55,completed
71392b7a-29e3-426d-94b8-3530cbfce224,aba30c56-7264-435e-b35f-2161c3bd2348,457.8,2026-08-06 03:39:55,completed
6cb28afd-79e8-4265-9e7e-6302a2b79df6,aba30c56-7264-435e-b35f-2161c3bd2348,2262.93,2026-07-05 05:39:55,completed
076391a7-1c82-4aa4-a637-1549a6dba2ae,aba30c56-7264-435e-b35f-2161c3bd2348,1597.77,2026-06-14 00:39:55,completed
98becedf-3f21-4146-a88c-9c689a1dbe19,aba30c56-7264-435e-b35f-2161c3bd2348,6538.09,2026-08-25 08:39:55,completed
9149b31e-bb5c-487b-ae7b-cf8abce361e0,8dc85ea2-301d-46c8-8bf6-bf0262ada2d3,992.79,2026-02-08 00:36:05,completed
8ff0b09c-237c-4f7f-a64d-032d69e90417,8dc85ea2-301d-46c8-8bf6-bf0262ada2d3,685.5,2025-11-30 18:36:05,completed
79e593e4-6217-4853-a8b0-ddf9bd8b127a,8dc85ea2-301d-46c8-8bf6-bf0262ada2d3,1390.58,2026-01-11 13:36:05,completed
334651d2-ae28-4e6e-8398-1366f3a5d9aa,8dc85ea2-301d-46c8-8bf6-bf0262ada2d3,1583.04,2025-12-24 06:36:05,completed
d44ac2d3-7c5e-4b9b-9954-8961afdb37e9,944f057d-9e69-4d43-a2cd-61afb35d6f75,6329.88,2026-12-04 16:17:02,completed
c6d3025f-da72-47db-b3a9-71371f11c7de,944f057d-9e69-4d43-a2cd-61afb35d6f75,7553.52,2026-08-14 00:17:02,completed
5e06cbf4-4fe4-4e68-972d-9ff1f71a4727,944f057d-9e69-4d43-a2cd-61afb35d6f75,1804.46,2026-08-28 15:17:02,completed
1ea24735-092c-49cd-b509-79468215df7a,944f057d-9e69-4d43-a2cd-61afb35d6f75,6330.21,2026-07-16 18:17:02,completed
fc735d40-7966-4db3-b712-a2e4ca562b5e,71877f5b-27d3-40e4-87b6-f27f4318aa80,1475.93,2026-06-29 02:21:45,completed
9ee78bc7-291b-4986-a9ab-5e863f3e48c0,71877f5b-27d3-40e4-87b6-f27f4318aa80,1622.82,2026-04-10 15:21:45,completed
18d49554-848e-4450-b6bd-255c4a5d4158,71877f5b-27d3-40e4-87b6-f27f4318aa80,737.75,2026-02-13 07:21:45,completed
d897e95f-62dd-4118-a9be-905ddd586ea1,ac76e68e-955a-4974-bd8a-bd52239de1dc,6723.96,2026-02-21 11:07:00,completed
eda01ab1-855d-4968-a901-a46823e5be00,ac76e68e-955a-4974-bd8a-bd52239de1dc,1648.62,2026-03-31 18:07:00,completed
784f7f31-8998-4336-87e6-7606920f9beb,ac76e68e-955a-4974-bd8a-bd52239de1dc,6109.75,2026-03-23 09:07:00,completed
2b774e34-cf5f-4e20-bc99-ae5e1753e45c,ac76e68e-955a-4974-bd8a-bd52239de1dc,3847.95,2026-04-25 08:07:00,failed
72d10767-9bb5-4914-9a4f-6de7f53d6134,ac76e68e-955a-4974-bd8a-bd52239de1dc,4537.43,2026-05-25 01:07:00,completed
fb0ec14e-6c66-46fc-a00a-ada98809f9cd,ac76e68e-955a-4974-bd8a-bd52239de1dc,7563.3,2026-06-02 18:07:00,completed
a877c318-b26d-4340-8af4-5bfadeb62d56,ac76e68e-955a-4974-bd8a-bd52239de1dc,6069.94,2026-06-23 22:07:00,completed
179aecf7-10ec-46ec-b576-6af8c5eff612,ac76e68e-955a-4974-bd8a-bd52239de1dc,6906.04,2026-06-02 17:07:00,completed
122c63a9-24f9-4c00-9fa2-070adb2b188e,ac76e68e-955a-4974-bd8a-bd52239de1dc,7959.3,2026-01-28 10:07:00,completed
9b96e2c1-3f42-4557-bf77-e08b24691a28,ac76e68e-955a-4974-bd8a-bd52239de1dc,3245.81,2026-02-17 23:07:00,completed
f77f9a1e-f67f-48a1-bcb8-53b257df485a,ac76e68e-955a-4974-bd8a-bd52239de1dc,6077.4,2026-01-25 14:07:00,completed
a18fb7e9-a23d-4de4-a044-786843d1b91e,ac76e68e-955a-4974-bd8a-bd52239de1dc,4846.31,2026-07-01 08:07:00,completed
186df0c9-db3c-4206-a211-334f92f2a30a,ac76e68e-955a-4974-bd8a-bd52239de1dc,3351.98,2026-02-24 00:07:00,completed
f6575131-8cc9-4760-a3aa-f83500bf5416,ac76e68e-955a-4974-bd8a-bd52239de1dc,3374.14,2026-03-18 18:07:00,completed
3f293a15-a302-4212-aaea-7018cea6f276,73683ea3-e8ac-45a6-936a-874c996ac0cd,6448.54,2025-11-23 09:26:58,completed
63d316dc-d8b7-44ca-8a77-26c47c08a8ef,73683ea3-e8ac-45a6-936a-874c996ac0cd,692.06,2026-04-25 05:26:58,completed
354db881-a3d9-4d83-b981-e28f02d5d675,47ff324e-829f-4128-832d-6391ab2926d3,811.18,2025-11-23 17:45:27,completed
241dfd5c-19c1-42d1-9ebb-c2dc99b89dfd,47ff324e-829f-4128-832d-6391ab2926d3,804.76,2026-04-13 12:45:27,refunded
a0300adc-9a8c-456f-99fd-fa0afd4ac3ef,47ff324e-829f-4128-832d-6391ab2926d3,971.42,2026-01-02 01:45:27,completed
65b0f865-b52d-4017-84a2-f1e133a9224d,47ff324e-829f-4128-832d-6391ab2926d3,1009.69,2026-05-04 21:45:27,completed
c606bacb-e860-4991-a7bd-246a840ff540,47ff324e-829f-4128-832d-6391ab2926d3,576.19,2026-04-30 01:45:27,completed
27b91928-e98d-4f56-9f55-3556546bfe43,47ff324e-829f-4128-832d-6391ab2926d3,855.44,2025-11-26 17:45:27,completed
3e127003-c3c6-47ce-8fd9-c9346eb1f331,3132b9b9-10b3-42a8-8a36-4071090bcb91,2264.64,2026-09-04 21:55:05,completed
1f7707ae-5275-4dba-a306-ce87b4bae7cd,3132b9b9-10b3-42a8-8a36-4071090bcb91,588.45,2026-07-28 10:55:05,completed
fa2f4420-6913-4ed1-be3d-379390ede872,3132b9b9-10b3-42a8-8a36-4071090bcb91,7855.22,2026-08-13 15:55:05,completed
b1c8fae8-fa30-46ae-a631-01cd29f4247b,3132b9b9-10b3-42a8-8a36-4071090bcb91,3838.97,2026-12-01 11:55:05,completed
cd76a5ab-33b2-4304-bdd9-1314be257d57,a1db11a7-7e7a-42dd-b657-14a670130424,2287.24,2026-11-05 02:13:47,completed
0b770e58-0b5d-4bd4-a4b4-36867704819a,a1db11a7-7e7a-42dd-b657-14a670130424,4355.66,2026-10-25 07:13:47,completed
b8eeaeaf-2c58-46af-88d5-cc323dca78de,4118c138-fac5-480d-9a86-ec329d742742,6507.65,2026-07-31 01:45:09,completed
3d645684-4906-4408-bc8d-2a49fbc186fc,4118c138-fac5-480d-9a86-ec329d742742,3640.82,2026-05-03 16:45:09,completed
e43bf64b-2112-4c82-a6ae-8030063bb8ab,4118c138-fac5-480d-9a86-ec329d742742,5876.93,2026-07-10 18:45:09,completed
4cd107e8-49c6-45a1-9880-4a964185cd6c,eebd6d05-4c08-4a9f-acca-e934df14a5f5,1439.38,2026-03-10 19:55:07,completed
119e62f1-fefb-4fd9-b0dd-83c85b7317d3,eebd6d05-4c08-4a9f-acca-e934df14a5f5,1480.09,2026-02-18 18:55:07,completed
978be184-b347-4848-aa47-1784ea2dc4c6,eebd6d05-4c08-4a9f-acca-e934df14a5f5,6017.43,2026-05-12 03:55:07,completed
69e0d7af-bae2-4576-a9c7-c7908f387d44,eebd6d05-4c08-4a9f-acca-e934df14a5f5,1550.83,2026-03-18 20:55:07,completed
ddad5974-185b-4b37-ad4a-56b253e6ae66,eebd6d05-4c08-4a9f-acca-e934df14a5f5,7431.16,2026-06-11 13:55:07,completed
bcfe27ac-3f13-45c8-85c7-e405cadcaeb6,dedeebc4-1543-4d75-b99e-2217f9619d11,695.45,2027-02-06 07:30:22,completed
91033ce7-0d9b-47be-b38f-98120cf4ffff,dedeebc4-1543-4d75-b99e-2217f9619d11,6795.56,2026-08-19 15:30:22,completed
568f2018-170d-4ad9-85d6-cd736d21053d,dedeebc4-1543-4d75-b99e-2217f9619d11,973.91,2027-02-06 22:30:22,completed
7af9346f-772d-4d4d-b0dd-dc03a3e2402f,dedeebc4-1543-4d75-b99e-2217f9619d11,7971.63,2026-10-29 21:30:22,completed
45cb522c-146f-4428-85a7-835b745f0213,dedeebc4-1543-4d75-b99e-2217f9619d11,7403.64,2026-08-22 06:30:22,failed
b837a9aa-2b24-4af7-82ce-b568ca2f2402,dedeebc4-1543-4d75-b99e-2217f9619d11,4075.77,2026-09-23 23:30:22,completed
6f4702b5-69da-4cac-a6b4-44b4754d0142,dedeebc4-1543-4d75-b99e-2217f9619d11,851.96,2026-10-25 06:30:22,completed
2b60c8fe-d080-45a0-9d9c-5e7579b91b1a,dedeebc4-1543-4d75-b99e-2217f9619d11,6863.44,2026-09-15 13:30:22,completed
8b42e358-efd8-4461-b5b1-2352fa86b97f,dedeebc4-1543-4d75-b99e-2217f9619d11,4969.92,2027-02-07 03:30:22,completed
936b7667-8a7e-4590-8650-e11b7783197c,c14f6e22-080c-4686-b394-2d49ab644a10,6539.09,2026-10-27 21:25:42,completed
8e62686d-947a-406e-9146-6cd6d03fad2a,c14f6e22-080c-4686-b394-2d49ab644a10,5733.56,2026-09-18 01:25:42,completed
138e7be3-e2e4-475b-bc58-2f1646c6130d,c14f6e22-080c-4686-b394-2d49ab644a10,1921.21,2026-07-10 01:25:42,completed
c7febbb6-cbe6-47bf-be51-fed1073b5e67,c14f6e22-080c-4686-b394-2d49ab644a10,752.36,2026-11-06 20:25:42,failed
5ae6b893-6b80-4f7c-8062-732626a6f97e,c14f6e22-080c-4686-b394-2d49ab644a10,3756.69,2026-06-09 20:25:42,completed
32743705-7044-4f51-a234-1cf9833df873,c14f6e22-080c-4686-b394-2d49ab644a10,5595.49,2026-05-29 01:25:42,completed
64f661da-b1b5-4521-8090-ac9caf6870c3,c14f6e22-080c-4686-b394-2d49ab644a10,7460.02,2026-09-11 05:25:42,completed
409dfd05-0348-451b-aff4-4268c46f09d6,c14f6e22-080c-4686-b394-2d49ab644a10,2629.6,2026-10-29 09:25:42,completed
7a2f4402-2eac-4094-9242-ce8bfa5af052,c14f6e22-080c-4686-b394-2d49ab644a10,1505.29,2026-09-09 12:25:42,failed
97d49dbb-b348-4f00-a1e3-32d47418cb01,c14f6e22-080c-4686-b394-2d49ab644a10,541.62,2026-06-29 03:25:42,completed
02e0b4ca-be21-4968-82ec-f14d0c702454,c14f6e22-080c-4686-b394-2d49ab644a10,4131.65,2026-07-14 04:25:42,completed
cb55e596-776c-4ecc-95e6-bd0820007e8e,c14f6e22-080c-4686-b394-2d49ab644a10,3762.01,2026-08-20 14:25:42,completed
b766d807-1ae6-4464-953a-0c4c93189768,c14f6e22-080c-4686-b394-2d49ab644a10,7349.3,2026-08-27 13:25:42,completed
8585924b-3f42-4c3d-b938-cc8fc59fea8e,c14f6e22-080c-4686-b394-2d49ab644a10,6330.69,2026-11-05 21:25:42,failed
b3784f21-81eb-4b6c-96be-6179163e818e,c14f6e22-080c-4686-b394-2d49ab644a10,7041.51,2026-07-14 05:25:42,completed
18854a6b-3deb-4005-a33e-8afea293096d,c14f6e22-080c-4686-b394-2d49ab644a10,4950.2,2026-05-20 20:25:42,completed
458034ac-1d42-48ca-9fbd-dc5e81f45d28,c14f6e22-080c-4686-b394-2d49ab644a10,596.06,2026-07-01 15:25:42,completed
9bf2dcf3-4c3d-4bc5-a9fa-6bb7dd0adb3f,c14f6e22-080c-4686-b394-2d49ab644a10,5034.55,2026-08-11 14:25:42,completed
91dfde06-f929-4478-a374-62ef93702bd4,c14f6e22-080c-4686-b394-2d49ab644a10,7763.41,2026-06-06 07:25:42,completed
ac1346ae-e13b-4db0-a1b3-07d63951528d,c14f6e22-080c-4686-b394-2d49ab644a10,6904.86,2026-06-17 02:25:42,completed
5c8d0a1a-7fe6-49df-b674-89961b94304c,4a8bff7e-ef90-4578-8757-06fa0bc2f747,5015.97,2026-06-10 21:11:48,completed
6027f6d2-cec9-4964-aedc-ffd652be24fe,4a8bff7e-ef90-4578-8757-06fa0bc2f747,3803.13,2026-06-22 04:11:48,completed
4d112377-1b3b-454e-9700-bb8ac48944d1,4a8bff7e-ef90-4578-8757-06fa0bc2f747,6119.46,2026-07-20 14:11:48,completed
1898b4ec-19f7-4bcd-81a7-b6673242d446,905aaaff-d4c5-4fc0-a8d6-e37f2fcaa0b4,6397.15,2026-02-10 19:41:45,completed
a0bb1dc2-eea5-48bb-b209-160c33ac1d7a,905aaaff-d4c5-4fc0-a8d6-e37f2fcaa0b4,4987.46,2026-02-12 15:41:45,completed
9b4d05dd-e09f-4d53-8757-ebb1afa59ed3,905aaaff-d4c5-4fc0-a8d6-e37f2fcaa0b4,2338.19,2026-01-17 19:41:45,completed
794c246c-dcc4-42c7-8b83-f29cce93bd54,29b0881c-d47c-4865-b6d0-aa48dce5b020,2256.89,2026-06-11 05:52:12,completed
7ec89031-5bc5-40be-abbc-ab42ca6bffad,29b0881c-d47c-4865-b6d0-aa48dce5b020,7630.47,2026-08-26 15:52:12,completed
1a3101b2-637a-47da-a2e9-ee94725d5879,29b0881c-d47c-4865-b6d0-aa48dce5b020,7681.51,2026-07-23 08:52:12,completed
bf2bbf33-7887-44b6-879d-3fab696efe6b,29b0881c-d47c-4865-b6d0-aa48dce5b020,4508.4,2026-06-23 01:52:12,completed
378bb8b9-6b72-40d3-9925-1d26e7b046d8,29b0881c-d47c-4865-b6d0-aa48dce5b020,5228.15,2026-08-20 07:52:12,completed
26cf84a4-e243-4ada-9732-03ca15554a16,e7339583-2ec9-4591-aa34-af38a3c7ee75,1943.29,2026-01-02 16:35:05,completed
f12eead8-bddb-41f3-ae17-1b38824616b7,fe1ef83f-6630-43f5-b5df-adb9565c9bdf,3295.5,2026-05-06 08:42:47,completed
33c749d6-a92b-41e1-b3b7-91aab0f9d64b,fe1ef83f-6630-43f5-b5df-adb9565c9bdf,409.43,2026-05-22 18:42:47,completed
1dc10379-f6c2-43dc-af68-64aebcbd0085,fe1ef83f-6630-43f5-b5df-adb9565c9bdf,3994.96,2026-06-30 21:42:47,completed
1f3bc683-dbe3-402b-89d1-0ed40621d4c6,fe1ef83f-6630-43f5-b5df-adb9565c9bdf,5472.94,2026-06-12 06:42:47,completed
2761e9ad-2ad9-440f-9dc3-69f78adf0b37,fe1ef83f-6630-43f5-b5df-adb9565c9bdf,3083.01,2026-07-25 07:42:47,completed
7b8c90ee-547b-41be-86c3-39c3b5e3dac5,ff87b084-4980-4c3b-811d-1dd5d4fc5c37,828.14,2026-01-19 04:58:40,refunded
e10d1ad5-0279-4078-83a7-fa217b296637,ff87b084-4980-4c3b-811d-1dd5d4fc5c37,808.06,2025-10-03 06:58:40,completed
a2c16582-e6d6-47f1-bb35-05e852b13cea,ff87b084-4980-4c3b-811d-1dd5d4fc5c37,3774.95,2025-11-10 11:58:40,completed
a96830e9-bd47-4ada-964c-d41a1d69ab23,ff87b084-4980-4c3b-811d-1dd5d4fc5c37,4005.56,2026-01-16 20:58:40,completed
1f667507-8442-4f3a-9930-473a471628d8,74fe65b6-e702-4fd4-bae7-175fedc16f53,6311.89,2026-07-19 10:38:25,completed
368196d5-f102-4547-b640-44253ca7fa9e,74fe65b6-e702-4fd4-bae7-175fedc16f53,3140.31,2026-09-16 01:38:25,completed
f66a2d5b-538c-43cf-8f5e-3cdfc68056c5,74fe65b6-e702-4fd4-bae7-175fedc16f53,4696.23,2026-05-31 03:38:25,completed
8bbe25c1-3b15-4aa1-9fb6-63de64b7b43e,a4374666-ecce-4ae5-ba55-eb3e9e55d337,6072.94,2026-03-26 00:05:09,completed
dbd54ffd-3c7b-479a-8ecd-502dbc781e5f,a4374666-ecce-4ae5-ba55-eb3e9e55d337,6791.27,2026-03-10 18:05:09,completed
f1c7e3cc-9c78-4db9-8e86-7b9ea4c00036,a4374666-ecce-4ae5-ba55-eb3e9e55d337,3945.41,2026-05-12 07:05:09,completed
5fac25ee-aabd-4fb6-9d21-bbc7d1871047,6dcfc7d1-56c2-40dc-8bdc-f4754c572655,550.1,2026-01-21 12:46:02,completed
85d59d53-b311-459b-8a3a-efcb2c7183e3,6dcfc7d1-56c2-40dc-8bdc-f4754c572655,6630.67,2026-01-15 16:46:02,completed
3836fdc2-a251-481b-aa81-ae75e812ca47,6dcfc7d1-56c2-40dc-8bdc-f4754c572655,5419.14,2025-11-22 10:46:02,refunded
691c371c-222b-48fe-9c6e-1d7d672398e9,6dcfc7d1-56c2-40dc-8bdc-f4754c572655,7994.46,2026-04-22 17:46:02,completed
4569fed2-563a-4e4f-88c3-b3796d50a78d,59186d8f-fa1a-4139-9c28-f8b0e9a50816,4136.81,2026-08-09 12:23:55,completed
0b9ea56e-3126-431b-bc26-ff20bbdd270b,59186d8f-fa1a-4139-9c28-f8b0e9a50816,2495.7,2026-11-01 20:23:55,failed
99054bde-f205-4fb2-9f89-be9d76cc2029,59186d8f-fa1a-4139-9c28-f8b0e9a50816,1358.17,2026-09-06 18:23:55,completed
55d915cf-e576-4540-99e5-e84127dc5f4c,59186d8f-fa1a-4139-9c28-f8b0e9a50816,1032.71,2026-12-20 23:23:55,completed
c6988fda-d741-4767-bdcf-ca3ff0a73fca,59186d8f-fa1a-4139-9c28-f8b0e9a50816,1706.17,2026-10-14 06:23:55,completed
6869cbe2-e36a-43f8-8a82-61f10006e332,59186d8f-fa1a-4139-9c28-f8b0e9a50816,2698.46,2026-08-10 03:23:55,completed
8c1fbd21-7e66-43f7-af26-819487995802,59186d8f-fa1a-4139-9c28-f8b0e9a50816,4526.81,2026-12-05 22:23:55,completed
26968be6-de1e-4a0f-bd6d-549f53044f68,055473aa-3113-47bb-965c-c7b3a38598a4,1073.36,2026-04-27 08:08:06,completed
a8097370-d9ad-496c-a2bd-50a678cfa08c,d28e2fd2-c2e3-4d22-bff3-7a7ad823c8aa,2866.15,2026-06-06 05:02:22,completed
9d3e6885-b571-4ca9-b67f-164e6af37dfd,d28e2fd2-c2e3-4d22-bff3-7a7ad823c8aa,7574.16,2026-04-22 18:02:22,completed
ad6f34ec-a039-45cb-ab67-90a9248727c5,d28e2fd2-c2e3-4d22-bff3-7a7ad823c8aa,3080.69,2026-07-18 17:02:22,completed
22215e40-9a7a-4793-b0db-60c0169a7b38,d28e2fd2-c2e3-4d22-bff3-7a7ad823c8aa,4621.17,2026-05-24 21:02:22,completed
23b9b989-d8d1-4a50-bf9e-c2ab01944f6b,d28e2fd2-c2e3-4d22-bff3-7a7ad823c8aa,5293.34,2026-04-08 02:02:22,completed
0f26fbc7-2cc6-4a81-bd23-4c9f7bf62138,e551c35d-be50-478a-9917-383ce0b08cc4,5911.36,2026-06-01 21:27:31,completed
4e6ce253-669d-4f88-9f6f-f9ab99edac0e,e551c35d-be50-478a-9917-383ce0b08cc4,3440.91,2026-06-15 13:27:31,completed
f62c7696-34b2-4bc6-8fc4-c422763d0d07,e551c35d-be50-478a-9917-383ce0b08cc4,6277.22,2026-03-02 15:27:31,completed
6701eeb5-a037-4cc1-ba4c-a6149b67ccd9,e551c35d-be50-478a-9917-383ce0b08cc4,1924.76,2026-05-12 04:27:31,completed
62a68d42-7fe0-44a6-955d-8c9bac889375,e551c35d-be50-478a-9917-383ce0b08cc4,1348.82,2026-02-10 13:27:31,refunded
1d5b09e7-1505-4365-846d-8ec827556473,4783fef1-03c7-4ac0-a7fd-e8378cce5ced,5046.16,2026-03-21 04:24:48,completed
64a5f3b9-69e1-4bd9-ae08-2acff62c92b0,4783fef1-03c7-4ac0-a7fd-e8378cce5ced,4960.47,2026-04-22 08:24:48,completed
7708330a-7fde-4260-be2f-02041416cdd0,4783fef1-03c7-4ac0-a7fd-e8378cce5ced,6050.25,2025-11-22 07:24:48,completed
164d97d0-c3ee-4542-af16-880bfafd6f1f,4783fef1-03c7-4ac0-a7fd-e8378cce5ced,4767.57,2026-03-20 00:24:48,refunded
684fe1ab-14e0-4e64-a76b-b20ec9b6947d,bd447ffc-4a27-4875-978e-366455cbf398,6035.58,2026-02-19 23:54:04,completed
1e3d6982-8c69-4897-93c4-fa6f21e5fee5,bd447ffc-4a27-4875-978e-366455cbf398,1979.64,2026-08-04 04:54:04,completed
b43d9a4d-837e-4d6a-b8ad-30ba392de916,bd447ffc-4a27-4875-978e-366455cbf398,5822.72,2026-07-06 16:54:04,completed
0c04f67c-4ae7-43ba-bcf0-343dde0d9ea9,bd447ffc-4a27-4875-978e-366455cbf398,1888.77,2026-02-13 05:54:04,completed
bf8aad9f-367f-4aec-8220-aeacd8ae05e8,bd447ffc-4a27-4875-978e-366455cbf398,2803.36,2026-07-24 19:54:04,completed
66027dc1-6a78-4ce7-81f8-0c797ac90b0e,50cef43c-2a3c-46f3-8a41-9b82bb3e9ae8,1851.93,2026-05-19 07:28:39,completed
5c2605c6-c729-4b55-a9ca-8038ee922e29,50cef43c-2a3c-46f3-8a41-9b82bb3e9ae8,6998.62,2026-01-17 11:28:39,completed
29df437d-bd6f-4dcf-ae11-6cd8c121b076,50cef43c-2a3c-46f3-8a41-9b82bb3e9ae8,7608.4,2026-05-14 06:28:39,completed
94db0b52-0930-45a3-b1eb-c5406c3165f8,50cef43c-2a3c-46f3-8a41-9b82bb3e9ae8,1521.26,2026-01-28 23:28:39,completed
47df1fa2-749d-4d0f-85d7-e9ef44e87862,50cef43c-2a3c-46f3-8a41-9b82bb3e9ae8,2525.86,2025-12-11 22:28:39,completed
3aa8a67f-cd83-4db2-be65-c1b0fb86e1c1,112b4f5e-84b5-405a-8895-1067ab92946d,3581.37,2026-05-25 08:45:17,completed
6e2ed97b-7ad9-475b-b44f-0b194c308030,112b4f5e-84b5-405a-8895-1067ab92946d,2978.39,2026-09-01 01:45:17,completed
e7731530-3309-4849-b89f-b8b7b1adadd3,112b4f5e-84b5-405a-8895-1067ab92946d,2422.24,2026-08-12 05:45:17,completed
b053b59c-6271-4ecb-898e-9781e86aa83c,112b4f5e-84b5-405a-8895-1067ab92946d,1998.36,2026-07-27 07:45:17,completed
7a1bdede-27e7-48b1-88d6-b4d386ceedfa,112b4f5e-84b5-405a-8895-1067ab92946d,3261.28,2026-04-23 06:45:17,refunded
659ae228-e907-4ee5-9661-c2e42d7d7a47,3390806b-2e58-4279-b6ad-48915b117121,7113.03,2025-09-07 09:18:02,completed
2a64e2d4-8a2d-43af-9af0-e44648ed5f98,3390806b-2e58-4279-b6ad-48915b117121,6134.57,2025-11-13 15:18:02,completed
ae34fa20-d84a-4d5d-8ac6-9a67ff62b479,3390806b-2e58-4279-b6ad-48915b117121,7418.12,2026-01-23 02:18:02,completed
46dbc483-131f-41d8-a6a4-36ae65888181,3390806b-2e58-4279-b6ad-48915b117121,325.96,2026-02-09 22:18:02,completed
67b7452a-3dd0-45f8-8c47-089b9080ed03,3390806b-2e58-4279-b6ad-48915b117121,3531.89,2025-11-25 05:18:02,completed
6db839c0-171a-4073-a2dd-673db4b8e06a,3390806b-2e58-4279-b6ad-48915b117121,5941.17,2026-01-03 13:18:02,completed
a1e4dfa6-d645-4b19-a753-b35b8baa8f65,97dfb367-3a00-47f9-8f84-6b6e38c42018,5142.12,2026-04-10 18:44:53,completed
93cc542d-eec2-4daa-aca0-ab92ef801272,97dfb367-3a00-47f9-8f84-6b6e38c42018,1039.89,2026-03-18 04:44:53,completed
801a6a17-19fc-4baf-b7a6-4d96a11a7d5d,97dfb367-3a00-47f9-8f84-6b6e38c42018,6905.03,2025-12-03 17:44:53,completed
426516ac-5c22-4099-ac3c-d6e294aab779,97dfb367-3a00-47f9-8f84-6b6e38c42018,2052.35,2025-12-15 03:44:53,completed
2ed3dd81-88bb-4510-a54c-e162f4176e31,97dfb367-3a00-47f9-8f84-6b6e38c42018,4651.72,2025-10-19 08:44:53,completed
01263f17-5bc4-4149-8ff1-30053a02d117,97dfb367-3a00-47f9-8f84-6b6e38c42018,3475.17,2026-01-27 11:44:53,refunded
5a97bdc0-f1a6-4d1f-8bc6-934b9ffce165,97dfb367-3a00-47f9-8f84-6b6e38c42018,7814.64,2025-11-01 13:44:53,completed
f22449b1-fd6c-4c34-a489-d83e85a0d819,aed2522b-88c0-4656-b185-0509ca046e17,477.48,2026-04-21 20:59:16,completed
4486c6bb-a2db-42f5-bb0b-df23c157a671,aed2522b-88c0-4656-b185-0509ca046e17,624.33,2026-09-19 07:59:16,completed
4645ec2f-85c6-4659-91cf-82b738f72c65,aed2522b-88c0-4656-b185-0509ca046e17,1138.85,2026-08-15 00:59:16,completed
cfaed0cb-4d96-4953-85a0-9e12b1676b4e,aed2522b-88c0-4656-b185-0509ca046e17,829.51,2026-05-15 02:59:16,completed
bf9243d5-7f5e-42b0-8f0d-c693829d03e4,aed2522b-88c0-4656-b185-0509ca046e17,621.67,2026-06-21 19:59:16,completed
af294205-2be5-48bc-9d9c-58fac4a30f6a,aed2522b-88c0-4656-b185-0509ca046e17,1073.64,2026-10-17 17:59:16,failed
90adc4c9-d9fa-4fea-8520-a6287caa5e98,aed2522b-88c0-4656-b185-0509ca046e17,480.07,2026-06-16 07:59:16,completed
3b535815-7193-4734-955b-e2dbec041d15,aed2522b-88c0-4656-b185-0509ca046e17,741.68,2026-06-19 12:59:16,completed
e5993ee0-5a1b-4a0a-9008-d2e3c26098b4,d300958f-0947-414d-89ee-5a7fe3d9a557,507.13,2026-02-09 15:08:35,completed
ae65967f-647c-4bff-8302-a371c8f51013,778be2ad-4aa1-41aa-be87-b6981c48c2f2,1624.93,2026-04-25 01:10:15,completed
d77471e7-32ff-4ec1-9627-9d51cee9c457,778be2ad-4aa1-41aa-be87-b6981c48c2f2,6670.04,2026-05-01 03:10:15,completed
53fe76aa-31fc-4d07-8bc8-0194b7ea810c,778be2ad-4aa1-41aa-be87-b6981c48c2f2,3760.9,2026-07-03 18:10:15,completed
dcbd280b-44b4-416d-b1c0-73c4c8ebafad,778be2ad-4aa1-41aa-be87-b6981c48c2f2,5875.28,2026-04-27 07:10:15,completed
560a58e9-a335-46df-9ad3-5ecdd2b63e2c,778be2ad-4aa1-41aa-be87-b6981c48c2f2,5596.96,2026-07-05 01:10:15,completed
6dc9bc7f-bd2a-48f4-af9b-1a33d10761fa,60453ca4-91af-4772-a138-f5bf2c129dac,428.1,2025-10-09 08:19:23,completed
1c923e1a-4983-4e7a-a38d-f93c40dfc78b,60453ca4-91af-4772-a138-f5bf2c129dac,526.03,2026-01-24 10:19:23,completed
89382ef2-060d-4d27-9732-56da19d7921a,60453ca4-91af-4772-a138-f5bf2c129dac,959.75,2026-01-23 10:19:23,completed
a7ec2e01-3de3-4473-9e71-6926ba47afef,60453ca4-91af-4772-a138-f5bf2c129dac,941.71,2026-02-20 05:19:23,completed
52c02cf3-6df9-40a0-8a9b-7cc135260164,60453ca4-91af-4772-a138-f5bf2c129dac,1109.11,2026-03-10 01:19:23,completed
8fbb7e84-974b-4b75-8186-904c7a9cfb15,60453ca4-91af-4772-a138-f5bf2c129dac,572.47,2026-03-11 00:19:23,completed
efd48a0a-f002-48e3-ba71-9196941dfdee,c590e488-e851-4f9a-84bf-2fcf1d5b09ba,885.03,2025-11-18 04:05:33,completed
fa82b4d5-7e14-4e3d-832c-5fb4837fe3a9,c590e488-e851-4f9a-84bf-2fcf1d5b09ba,700.42,2025-11-23 07:05:33,completed
47c97099-356d-4f06-9312-85fef087d320,c590e488-e851-4f9a-84bf-2fcf1d5b09ba,955.61,2025-12-11 19:05:33,completed
8e1f9520-96ec-4daf-be13-2972a7ea6cd4,c590e488-e851-4f9a-84bf-2fcf1d5b09ba,1159.65,2026-01-16 00:05:33,completed
3695f69a-2279-4bf4-ada3-ce4b0addf541,c590e488-e851-4f9a-84bf-2fcf1d5b09ba,864.53,2026-03-20 13:05:33,completed
5af2275b-d28c-40f0-859f-99f27199b700,c590e488-e851-4f9a-84bf-2fcf1d5b09ba,831.22,2025-12-22 02:05:33,completed
858c6f8d-ae8d-4824-b874-9c80aa56120c,1ad5cf56-9f41-4dfd-9af9-cc6391afc061,834.94,2025-11-08 12:29:32,completed
d5e267a3-a96b-48e5-90dc-72f6f8b34ef3,1ad5cf56-9f41-4dfd-9af9-cc6391afc061,820.06,2026-03-26 00:29:32,completed
3ffe7438-84d1-4a4b-8bad-fd21d70a92ee,1ad5cf56-9f41-4dfd-9af9-cc6391afc061,1062.49,2026-01-13 17:29:32,completed
e3ac5f00-7515-4a59-a0fa-07d6a5846a9b,421ea7d0-b094-4c29-b011-88bbda3fa27a,1997.91,2026-09-19 14:05:06,completed
fadc7aa5-4033-471b-a340-f0c97472f644,421ea7d0-b094-4c29-b011-88bbda3fa27a,850.05,2026-12-08 14:05:06,completed
173623d8-06dd-42cb-b8a1-72a304d82713,421ea7d0-b094-4c29-b011-88bbda3fa27a,2778.19,2026-12-15 12:05:06,completed
2870d322-b579-4d78-98c4-5e1d113fbe11,c9e17f29-db17-4889-88ec-a1cdb633b7d2,388.78,2026-04-10 02:43:10,failed
80d3ca93-0cda-4975-b3d7-8bdb98e2cd9d,c9e17f29-db17-4889-88ec-a1cdb633b7d2,6944.22,2026-01-20 23:43:10,completed
15bd7dd3-5be2-4343-8590-746aeb6cf7c8,c9e17f29-db17-4889-88ec-a1cdb633b7d2,6014.92,2026-02-04 12:43:10,completed
70f8bfb2-27da-46b2-91ba-fe085d504140,b82717d3-431f-49eb-80be-e660dc04d37d,1044.3,2025-10-15 03:54:07,completed
531c18b4-2d38-49a6-bead-8060d8128a85,b82717d3-431f-49eb-80be-e660dc04d37d,1029.97,2026-03-01 21:54:07,completed
f2202f3d-6fdb-4928-bcf7-1bf0a268f7a4,b82717d3-431f-49eb-80be-e660dc04d37d,1190.72,2026-03-18 01:54:07,completed
86a93833-9427-4ec0-9105-f795a7d39634,b82717d3-431f-49eb-80be-e660dc04d37d,803.22,2026-04-05 04:54:07,completed
03c586a6-db56-44a7-abc7-d3fb3b5fd3c5,b82717d3-431f-49eb-80be-e660dc04d37d,836.62,2025-12-28 09:54:07,completed
ef8af0ad-62c5-42bc-b3e3-2bfb9b77ff44,b82717d3-431f-49eb-80be-e660dc04d37d,629.75,2026-04-04 19:54:07,completed
2a0e5690-53bd-419a-ad99-f915fb50a64a,b82717d3-431f-49eb-80be-e660dc04d37d,1010.58,2025-11-03 05:54:07,completed
99ffe981-d224-4239-b4c1-495d464aa575,b82717d3-431f-49eb-80be-e660dc04d37d,432.31,2025-10-25 11:54:07,completed
b210994d-0bf6-479e-8e5f-ebaf88ece12b,784481bc-2ade-47ff-940c-defab9d34535,2191.22,2026-01-04 17:08:13,completed
2951eeee-8e90-459c-b2b3-5bfd5620a794,784481bc-2ade-47ff-940c-defab9d34535,4272.36,2026-03-31 22:08:13,completed
c6839b15-275d-41c2-b63e-decbe14ef1e3,784481bc-2ade-47ff-940c-defab9d34535,2115.67,2026-04-17 08:08:13,completed
6b1be47f-01c5-407e-833c-b5484d8450fe,784481bc-2ade-47ff-940c-defab9d34535,2776.63,2026-03-13 12:08:13,completed
85dafb6c-e1ed-4f76-b07b-d4850a7cecb0,784481bc-2ade-47ff-940c-defab9d34535,6345.58,2026-04-07 05:08:13,completed
c08d231d-9fe2-49f2-968d-da5916c1c47e,784481bc-2ade-47ff-940c-defab9d34535,5112.63,2026-01-14 13:08:13,completed
1faf2259-ff0e-4a5b-a898-ae83e82bbbf2,784481bc-2ade-47ff-940c-defab9d34535,6891.4,2026-02-26 03:08:13,completed
9a4023cf-73eb-4ffc-89ee-4375faa607c7,784481bc-2ade-47ff-940c-defab9d34535,430.86,2026-06-11 07:08:13,completed
b83a5189-ff3f-436d-9684-26d7710045c3,784481bc-2ade-47ff-940c-defab9d34535,796.76,2026-06-15 12:08:13,completed
413131ca-7d25-4633-97b4-cac925daf2e1,784481bc-2ade-47ff-940c-defab9d34535,2246.68,2026-01-15 23:08:13,completed
296f5f80-b365-4940-99cb-7c080f3540ea,784481bc-2ade-47ff-940c-defab9d34535,2314.38,2026-05-26 12:08:13,completed
6743c832-0a21-4b18-bafd-04f06f5c0073,f0ade25c-7a07-44ef-818c-cd1a224cd68a,3947.04,2026-05-05 23:19:24,completed
bcf878a0-580b-44bd-b32c-0e1c815f43e1,f0ade25c-7a07-44ef-818c-cd1a224cd68a,5830.0,2026-01-25 10:19:24,completed
326f65e6-0e03-4983-a5c4-1921686c4350,f0ade25c-7a07-44ef-818c-cd1a224cd68a,2165.15,2026-05-06 20:19:24,completed
41c6aa3d-2632-471c-8e79-1d55d22d50a3,f0ade25c-7a07-44ef-818c-cd1a224cd68a,5519.85,2025-12-29 16:19:24,completed
0e9d3d3d-a882-4e38-aae2-df2f0c31dcef,1dbebee7-57c4-42a8-8bdb-909841b3835c,2667.72,2026-05-05 22:51:46,completed
572ee49b-c36e-4708-aafb-5a352dc70c14,1dbebee7-57c4-42a8-8bdb-909841b3835c,6124.89,2025-11-26 08:51:46,completed
9abbba50-6366-49e7-bf89-2395abb0284f,e155f293-8cde-45ab-82c0-0ab180cca93c,2683.8,2026-08-26 04:31:17,completed
d864ac0c-3f36-4225-a4b6-1ba0254ad338,e155f293-8cde-45ab-82c0-0ab180cca93c,6629.68,2026-05-04 05:31:17,completed
2a1cf3c5-cb77-46b8-83c6-b182874ac483,ee9423b3-364c-4df3-bca2-661adbce1809,6077.26,2026-08-12 00:35:04,completed
f53971f7-ba9e-41aa-849e-67879e08fe6d,ee9423b3-364c-4df3-bca2-661adbce1809,2063.91,2026-05-15 00:35:04,completed
204f1998-f311-49d5-b57c-c1e33819a18d,ee9423b3-364c-4df3-bca2-661adbce1809,2562.51,2026-07-31 12:35:04,completed
6556459f-4b3f-4fbc-9aed-1123a173d500,ee9423b3-364c-4df3-bca2-661adbce1809,3204.99,2026-05-10 16:35:04,completed
427cbdd6-2016-45c8-9714-bc70c317fbba,ee9423b3-364c-4df3-bca2-661adbce1809,7691.78,2026-07-15 04:35:04,completed
767ac7ab-d25d-42d2-bee7-3e65dd42b853,ee9423b3-364c-4df3-bca2-661adbce1809,3136.46,2026-05-10 02:35:04,completed
2ccbec43-c046-4aae-a803-1d93c26e824f,460fba48-4142-4e7d-8ff2-d456ca49a089,7788.07,2026-04-03 08:00:20,completed
e26292e6-301c-4c11-91da-f720fcb885ae,9e5d087e-d346-4cc8-9f25-327f90426ddb,1388.9,2026-08-01 12:41:31,completed
56475da0-e816-4c77-b387-423e1ca10230,9e5d087e-d346-4cc8-9f25-327f90426ddb,4351.83,2026-05-16 11:41:31,completed
4325cf5c-dd3b-4c21-ba41-aee7e5f47095,9e5d087e-d346-4cc8-9f25-327f90426ddb,7812.05,2026-05-23 06:41:31,completed
feaa4df0-dcda-426c-b41c-bd7978de9ba1,9e5d087e-d346-4cc8-9f25-327f90426ddb,4092.87,2026-05-15 09:41:31,completed
7960d2db-8ca5-40df-8aa6-19364b6bded5,d738bff6-61dc-4d85-9d30-219a1ef5d7b7,6882.06,2026-05-22 20:15:09,completed
24ebca71-cfa8-425b-9547-674d4b4005d8,d738bff6-61dc-4d85-9d30-219a1ef5d7b7,4124.33,2026-04-17 14:15:09,refunded
3dd3a2fc-3a9c-40ac-86b9-eee22e560eb7,d738bff6-61dc-4d85-9d30-219a1ef5d7b7,4155.26,2026-07-03 22:15:09,completed
e651f4cb-65ec-4dbf-8870-e891c9e60475,5ce1dd45-8abf-4869-b096-c0419c4a02f1,1723.18,2026-04-20 20:55:25,failed
1ca91f21-d597-4715-875f-7932a06b37fd,5ce1dd45-8abf-4869-b096-c0419c4a02f1,2876.33,2025-12-13 20:55:25,completed
b346a0a2-d85a-467e-ae1d-99238261c5f0,5ce1dd45-8abf-4869-b096-c0419c4a02f1,4333.8,2026-04-27 00:55:25,completed
f7cc87b5-117d-4803-89fe-a25b46fa4c2d,6cc74daf-3f9c-48b6-bc3c-e399ec2db2d8,4129.61,2026-07-28 10:35:09,completed
9791d590-a73d-42b4-9d2e-92299efb72d6,6cc74daf-3f9c-48b6-bc3c-e399ec2db2d8,7291.11,2026-10-02 22:35:09,completed
aaf49ed1-0b38-4c65-a5cc-fff14aa46c64,665cb9cd-d19e-44b6-b0eb-a498294b537a,4995.02,2026-12-02 01:52:59,completed
807d076e-31fa-4f80-84dd-77955af42391,665cb9cd-d19e-44b6-b0eb-a498294b537a,846.03,2026-06-24 21:52:59,completed
77b39b62-66f6-4e9a-b2ac-c3cd5d9ce592,68cd1c74-83ab-4895-9fc4-48963c08d7fe,2550.27,2026-08-14 12:49:52,completed
c0f24f7e-bd7c-4f78-97c5-241158d0ee27,68cd1c74-83ab-4895-9fc4-48963c08d7fe,503.1,2026-08-02 18:49:52,completed
37b40e3a-5edf-4c90-947e-58565f76f480,68cd1c74-83ab-4895-9fc4-48963c08d7fe,5866.75,2026-07-02 09:49:52,completed
9765b54b-c3f8-4858-b845-810d706e98ee,68cd1c74-83ab-4895-9fc4-48963c08d7fe,865.96,2026-08-22 22:49:52,completed
043830f2-703f-4102-b21d-ca5a5d501f95,cc91113a-7d27-463a-9bb6-af3fbec8c10c,7490.09,2026-11-22 01:29:57,completed
55459dc6-646c-4ff3-b9d4-5fee737a0162,cc91113a-7d27-463a-9bb6-af3fbec8c10c,3435.81,2026-10-21 03:29:57,completed
af37c935-39ff-4991-966e-4535f30e3b0a,6c25ca59-9f72-4bd7-8d0a-1e8d94a4bb90,2898.69,2026-07-01 12:12:59,completed
ac12267d-e8ce-4efb-91a3-7e8f2dadbb36,6c25ca59-9f72-4bd7-8d0a-1e8d94a4bb90,6388.64,2026-05-03 01:12:59,completed
be886f13-22bf-4b44-a9d9-4994a00a4bf7,6c25ca59-9f72-4bd7-8d0a-1e8d94a4bb90,1291.66,2026-07-17 15:12:59,completed
abde94f6-f9fe-43fb-aa0a-5cca84a6bb4d,465b1c14-6cda-48fa-a85a-a1032e5dfbe5,1864.5,2026-06-09 17:07:45,completed
56e7610c-3830-41c4-8d6c-eef0d06d0354,465b1c14-6cda-48fa-a85a-a1032e5dfbe5,6173.07,2026-09-23 18:07:45,completed
6231eb92-f31c-4096-b499-50cf3b6d3dd5,465b1c14-6cda-48fa-a85a-a1032e5dfbe5,7540.38,2026-10-14 06:07:45,completed
fbe90802-dfe2-465c-a993-5b2bfd520ceb,465b1c14-6cda-48fa-a85a-a1032e5dfbe5,2922.11,2026-06-04 22:07:45,completed
811ef1d5-7ee1-4293-97fa-3f529a14bf2b,465b1c14-6cda-48fa-a85a-a1032e5dfbe5,3659.05,2026-08-10 08:07:45,completed
c618cdb7-ee01-4e92-99c3-afcde324ba88,465b1c14-6cda-48fa-a85a-a1032e5dfbe5,4622.56,2026-09-29 07:07:45,completed
60882b6b-c70f-4ffa-921c-483f7164c433,465b1c14-6cda-48fa-a85a-a1032e5dfbe5,6701.71,2026-09-27 22:07:45,completed
96557edb-d77a-4517-895f-31e3f7eb21eb,465b1c14-6cda-48fa-a85a-a1032e5dfbe5,7201.98,2026-05-01 19:07:45,completed
dd45813b-ba05-4a26-bdd7-63bff5f980c4,465b1c14-6cda-48fa-a85a-a1032e5dfbe5,2938.09,2026-09-04 06:07:45,completed
f8a176ee-cbdd-482f-a5b9-1f33c9903a49,465b1c14-6cda-48fa-a85a-a1032e5dfbe5,4370.28,2026-10-09 09:07:45,completed
9526541e-06e6-48b6-b347-36afa70358aa,465b1c14-6cda-48fa-a85a-a1032e5dfbe5,5031.72,2026-06-14 23:07:45,completed
b33e4c3d-fbf4-4380-a5ef-808f3b60040e,c05e0146-9295-4989-b27f-035feeab5d82,414.44,2025-09-04 19:08:37,completed
51268366-5081-486a-87cc-ff5b571ed283,c05e0146-9295-4989-b27f-035feeab5d82,864.67,2026-01-12 02:08:37,completed
be5a855e-6c75-45da-b6ec-9a48374e6320,c05e0146-9295-4989-b27f-035feeab5d82,1147.97,2025-11-18 00:08:37,completed
5724e1e0-1558-4edf-be05-dab1046a2529,c05e0146-9295-4989-b27f-035feeab5d82,532.48,2025-12-28 23:08:37,completed
3bbb9157-c342-4e16-8500-3f800c62f82f,c05e0146-9295-4989-b27f-035feeab5d82,900.77,2026-03-04 09:08:37,completed
22f3ae85-f635-4a1a-a2e3-c232fd39d1e4,1b88c370-4be2-4305-87c6-5ac34f75c1e2,4555.78,2026-06-07 09:21:37,completed
aac6c49b-3292-4525-b723-65922c1d5653,7ad21d34-9675-47be-b812-453cb72753d2,6877.36,2027-02-17 19:13:40,completed
e0239f4b-0562-4af0-8f96-55d38400864c,7ad21d34-9675-47be-b812-453cb72753d2,6333.19,2027-01-08 07:13:40,completed
df1d598c-d271-427f-b843-28493a971d6d,085b5cfa-f7ce-43b1-b831-46c881161f6a,4653.12,2026-09-18 22:53:18,completed
5c66b14e-40d9-4db0-bb88-31f70bf888a5,085b5cfa-f7ce-43b1-b831-46c881161f6a,6400.7,2026-09-02 00:53:18,completed
a3300211-14dd-4bca-a444-977e50cdb9c2,085b5cfa-f7ce-43b1-b831-46c881161f6a,6761.74,2026-06-09 21:53:18,completed
e985c4f9-478d-4611-8473-9caa9e022183,085b5cfa-f7ce-43b1-b831-46c881161f6a,6277.27,2026-06-23 00:53:18,completed
110b36ed-a2e0-426c-a6ed-369f98d2e6eb,085b5cfa-f7ce-43b1-b831-46c881161f6a,721.75,2026-09-18 08:53:18,completed
e32bd55c-067b-419d-8f91-b3a0db043369,085b5cfa-f7ce-43b1-b831-46c881161f6a,3364.55,2026-05-02 08:53:18,completed
b95016d5-971f-407c-a3e4-8ec65534c36b,085b5cfa-f7ce-43b1-b831-46c881161f6a,1639.14,2026-08-10 15:53:18,completed
09d3ecf5-9a0c-4c86-8094-06a66058078c,085b5cfa-f7ce-43b1-b831-46c881161f6a,4971.83,2026-09-17 14:53:18,completed
097fcb33-8ecf-4cad-a947-d39f05333736,fcef62e9-e25a-4b54-a02a-da2c5d55e7a0,7615.5,2026-06-03 01:58:36,completed
c6d92a8a-e6a7-47f5-93b3-f324a81e9d03,fcef62e9-e25a-4b54-a02a-da2c5d55e7a0,7853.21,2026-07-23 05:58:36,completed
10a1638f-06bb-47b7-9fa6-b60be3719eeb,fcef62e9-e25a-4b54-a02a-da2c5d55e7a0,1207.1,2026-05-29 18:58:36,completed
4d1adff8-0a19-4504-9ece-4a8bc47d1dc3,fcef62e9-e25a-4b54-a02a-da2c5d55e7a0,2928.32,2026-08-26 23:58:36,completed
0ffd7515-61db-4149-a32a-6c2ddaf3b948,fcef62e9-e25a-4b54-a02a-da2c5d55e7a0,3062.16,2026-04-08 17:58:36,completed
ee05090f-c0ae-4245-9764-4f2d30cb5382,fcef62e9-e25a-4b54-a02a-da2c5d55e7a0,6333.73,2026-06-22 02:58:36,completed
9208f852-ff51-4864-bb80-cd03aa973f4c,fcef62e9-e25a-4b54-a02a-da2c5d55e7a0,860.59,2026-06-06 16:58:36,completed
501e5b9b-a9d2-4e68-b792-a62d6c1b4428,e99700c7-1729-4f42-aad8-bb29cfd7a496,5579.67,2026-03-07 20:53:16,completed
93c937d5-b9af-41b2-8f7c-26b09eb72055,e99700c7-1729-4f42-aad8-bb29cfd7a496,2893.76,2026-01-06 09:53:16,completed
ab91cf8f-1c05-4246-8b69-4906384b4c7c,e99700c7-1729-4f42-aad8-bb29cfd7a496,6284.58,2025-12-19 01:53:16,completed
ba1ee141-0986-4289-bdef-a6715b9b4471,e99700c7-1729-4f42-aad8-bb29cfd7a496,6253.22,2025-12-27 00:53:16,completed
0c3a3a11-a3b3-40a3-a9fd-d281f4d88636,e99700c7-1729-4f42-aad8-bb29cfd7a496,6880.7,2026-01-27 13:53:16,completed
55d4a564-9283-4c51-be81-3294b7565891,e99700c7-1729-4f42-aad8-bb29cfd7a496,307.53,2025-12-31 08:53:16,completed
ef9ee708-c90b-4fbb-8b9c-a2a518f97b58,e99700c7-1729-4f42-aad8-bb29cfd7a496,7286.51,2026-03-30 06:53:16,completed
1514e104-3106-4e79-948b-4cc780c3ac3c,e99700c7-1729-4f42-aad8-bb29cfd7a496,6177.06,2025-12-02 20:53:16,completed
99916b77-231c-4521-8384-8f10ff5ec367,e99700c7-1729-4f42-aad8-bb29cfd7a496,6570.22,2025-12-07 19:53:16,completed
e84e22ab-3c0a-4061-b40b-bea9e705fc74,e99700c7-1729-4f42-aad8-bb29cfd7a496,3188.97,2025-11-24 18:53:16,completed
12aadf8f-d23c-4a2e-8d80-e44de52a9c02,e99700c7-1729-4f42-aad8-bb29cfd7a496,5149.94,2026-05-03 01:53:16,completed
9a121943-0583-4ad5-a822-19bacf435257,e99700c7-1729-4f42-aad8-bb29cfd7a496,6257.14,2026-02-08 18:53:16,completed
9adacc62-4ba1-43f5-a9a3-cd8effaeb2ab,e99700c7-1729-4f42-aad8-bb29cfd7a496,7610.56,2026-03-31 23:53:16,completed
35bca2b6-d457-4d82-aeb2-dc5d817af7d2,e99700c7-1729-4f42-aad8-bb29cfd7a496,3136.38,2026-04-27 21:53:16,completed
b0752207-bdf3-4dd3-9c0d-596320b479ee,e99700c7-1729-4f42-aad8-bb29cfd7a496,3693.0,2026-01-26 17:53:16,completed
3c3b4c16-3fc6-4a82-bbc2-51d6cf3d5c72,e99700c7-1729-4f42-aad8-bb29cfd7a496,7560.57,2026-02-26 22:53:16,completed
8c4d77d4-526f-46a3-ac56-9fc0b1acd501,e99700c7-1729-4f42-aad8-bb29cfd7a496,4891.6,2026-03-02 06:53:16,completed
66ff91e3-3d62-45c9-9c3f-099dd4c97359,e99700c7-1729-4f42-aad8-bb29cfd7a496,4089.12,2026-04-09 19:53:16,completed
04532e73-17d9-43f8-a6fe-dbb0f8c53643,e99700c7-1729-4f42-aad8-bb29cfd7a496,7861.26,2026-03-20 05:53:16,completed
d86a58e8-739c-466e-87b6-333ebbc13b3b,e99700c7-1729-4f42-aad8-bb29cfd7a496,2329.3,2026-04-21 19:53:16,completed
7656c3ab-5a2a-4e14-9b15-f97a201fa673,e99700c7-1729-4f42-aad8-bb29cfd7a496,817.12,2026-04-02 14:53:16,completed
6aeaa8ef-c627-49a4-a281-84f2adb4457f,e99700c7-1729-4f42-aad8-bb29cfd7a496,7516.76,2026-01-09 07:53:16,completed
0fa6d0d3-243f-4589-a8d6-ed1d4e3d0e92,e99700c7-1729-4f42-aad8-bb29cfd7a496,1618.61,2026-02-07 04:53:16,completed
2a8b1530-4af6-4598-b518-c0b64dc2823e,e99700c7-1729-4f42-aad8-bb29cfd7a496,7439.18,2026-02-28 20:53:16,completed
50122149-cda0-4ee1-bd72-5d33c3495682,e99700c7-1729-4f42-aad8-bb29cfd7a496,905.18,2026-01-09 22:53:16,completed
bac51386-f2c1-4c69-a448-ace2435547f2,66af23ac-f633-48e5-b366-1215615d3cfe,4252.37,2026-03-29 05:52:51,completed
f580c3f3-e4ec-4c0c-bdc2-454c07811a59,66af23ac-f633-48e5-b366-1215615d3cfe,4715.45,2026-03-06 06:52:51,completed
248b8dd3-f7aa-46d6-b915-b06b17bcd9a6,ceeb96fd-d2d6-4747-8c61-49e448964ed3,934.3,2026-06-11 21:26:52,completed
df5f9686-1db4-476e-b561-3faaf271dafb,ceeb96fd-d2d6-4747-8c61-49e448964ed3,1168.99,2026-08-18 11:26:52,completed
afdd0e93-9759-4bdb-ae63-996c659db1f2,ceeb96fd-d2d6-4747-8c61-49e448964ed3,716.47,2026-09-01 18:26:52,completed
27acca8d-43d3-417d-89ac-1df106d99972,ceeb96fd-d2d6-4747-8c61-49e448964ed3,1195.94,2026-07-06 06:26:52,completed
ece9d424-d914-409c-a5ca-df6a41dac910,ca6a7f85-c434-409e-882c-cea88a305bd0,4413.2,2026-01-06 00:40:10,completed
39748e7b-5ad9-4f05-81cd-b543351f33d2,ca6a7f85-c434-409e-882c-cea88a305bd0,5438.03,2026-03-01 20:40:10,completed
a438079f-f3c3-4b0d-8227-4c8af7397bcc,04bd115c-0cf2-4414-ac78-8298cc5ecef1,7062.0,2026-08-13 16:35:59,completed
356b7caa-6c20-481d-9e94-800d877b63cb,04bd115c-0cf2-4414-ac78-8298cc5ecef1,1088.0,2027-01-08 04:35:59,completed
f1b8b191-0069-42be-aee9-ce63067b49b1,04bd115c-0cf2-4414-ac78-8298cc5ecef1,4505.16,2026-12-21 00:35:59,completed
1fe70b26-3426-450f-8f38-0a5b6424c69e,04bd115c-0cf2-4414-ac78-8298cc5ecef1,3672.07,2026-12-14 10:35:59,completed
98b240cc-9512-4b0c-9952-9251eb0ee732,04bd115c-0cf2-4414-ac78-8298cc5ecef1,1185.39,2026-10-09 04:35:59,completed
7b06c827-05a0-4390-86a9-058419865f8e,1d37b604-86e9-4e07-ab8f-7e8e6e4af27c,2062.59,2026-07-30 16:07:14,failed
bdf315fb-8965-4bf7-b594-43cadb14ae9a,1d37b604-86e9-4e07-ab8f-7e8e6e4af27c,6349.18,2026-09-03 02:07:14,failed
1a951d9e-1f39-4d6e-90a0-11364984c565,1d37b604-86e9-4e07-ab8f-7e8e6e4af27c,3600.91,2026-10-07 20:07:14,completed
d331c6d1-1fee-4787-8055-b82996faa47a,1d37b604-86e9-4e07-ab8f-7e8e6e4af27c,770.38,2026-06-09 17:07:14,completed
6979c6b4-2186-4ac7-9913-ef1746eeb6f8,1d37b604-86e9-4e07-ab8f-7e8e6e4af27c,4290.74,2026-09-14 10:07:14,completed
971ae984-d8cb-4506-b402-c39eeb84eeec,1d37b604-86e9-4e07-ab8f-7e8e6e4af27c,3196.1,2026-05-13 14:07:14,completed
acb03df2-0d47-40d1-83ac-04ca8f1a947c,02172873-e073-4356-8ad4-b8b28aa1ce7e,2989.64,2025-11-01 08:48:43,completed
0573665e-7223-43b9-b22c-3d3a887915f2,02172873-e073-4356-8ad4-b8b28aa1ce7e,5378.57,2025-10-11 15:48:43,completed
9ee5f593-1488-4205-bddb-f1b705229c43,02172873-e073-4356-8ad4-b8b28aa1ce7e,7515.35,2025-12-13 20:48:43,completed
f3135003-4f09-499f-aa25-1004e34d0604,02172873-e073-4356-8ad4-b8b28aa1ce7e,861.04,2025-12-31 21:48:43,completed
7543e767-b9f1-4b53-9e52-1f30920abfbf,02172873-e073-4356-8ad4-b8b28aa1ce7e,1368.33,2025-11-02 05:48:43,completed
e5e6b474-09a0-4128-b23a-1f2286560f05,02172873-e073-4356-8ad4-b8b28aa1ce7e,4592.95,2026-01-13 22:48:43,completed
4e7d3999-40da-4eea-af1b-a6a5d9086f58,7875744d-5c89-45c6-b3c7-f4df75dae1fd,1005.83,2026-07-23 07:53:46,completed
4fe3e2e0-3047-47f4-b6b4-ccb114d2de25,7875744d-5c89-45c6-b3c7-f4df75dae1fd,3306.82,2026-09-12 02:53:46,completed
b52517a5-f044-4088-a87c-583805d6a7ff,7875744d-5c89-45c6-b3c7-f4df75dae1fd,5039.99,2026-12-28 14:53:46,failed
6f02b030-e95d-4db0-a5f4-e6cf23219f6e,7875744d-5c89-45c6-b3c7-f4df75dae1fd,7719.13,2026-09-21 21:53:46,completed
39732cdc-c254-4fb4-9fcc-c452fe81a6d9,c976cfe1-cfdc-43d8-b296-f652dc3b5964,4092.03,2026-03-12 09:24:14,completed
e300fa4c-0f2f-4c2e-88ac-ae89cbbcc68d,c976cfe1-cfdc-43d8-b296-f652dc3b5964,4194.7,2026-04-22 12:24:14,completed
5352d807-81a2-4d5f-833c-0248338d734d,c976cfe1-cfdc-43d8-b296-f652dc3b5964,4741.39,2025-12-22 22:24:14,completed
94d6ab20-8f6e-4d44-964a-b7bb5ccbfb5a,c976cfe1-cfdc-43d8-b296-f652dc3b5964,5548.03,2025-11-23 14:24:14,completed
791571ad-096d-47bd-a9f6-92f00110e494,c976cfe1-cfdc-43d8-b296-f652dc3b5964,6401.52,2026-04-26 23:24:14,completed
1c950077-78a0-46ae-b2f8-122f3bc38471,c976cfe1-cfdc-43d8-b296-f652dc3b5964,5409.49,2026-05-11 02:24:14,completed
f7588b94-2d92-4bc7-8f98-ac43b4ebdf88,c976cfe1-cfdc-43d8-b296-f652dc3b5964,2855.45,2026-02-21 06:24:14,completed
ebaa2b07-5a04-4064-b12e-479cf739d851,c976cfe1-cfdc-43d8-b296-f652dc3b5964,1592.98,2025-11-22 18:24:14,completed
563129d0-7e9f-4b49-a731-0be689956005,15be46d9-4bb5-4cf2-8c34-f85f1e605131,614.66,2025-12-24 05:58:48,completed
dec1d0c7-72a1-4fbd-ac02-bded3b5fafd9,15be46d9-4bb5-4cf2-8c34-f85f1e605131,715.25,2026-05-07 14:58:48,completed
90829cdc-526a-4950-b5dd-0679630381bb,15be46d9-4bb5-4cf2-8c34-f85f1e605131,597.3,2026-05-29 11:58:48,completed
31a4faca-9329-4b75-bcf3-f01f47a56faf,15be46d9-4bb5-4cf2-8c34-f85f1e605131,1077.39,2026-06-16 19:58:48,completed
6c1e271b-fc5b-4b38-b87c-51afba65e680,15be46d9-4bb5-4cf2-8c34-f85f1e605131,1121.21,2026-02-18 08:58:48,completed
115ace2b-bf2f-4653-b608-b8c2dae4e16a,15be46d9-4bb5-4cf2-8c34-f85f1e605131,608.58,2026-01-19 12:58:48,completed
15c9b134-585d-4bf8-861a-adcc4de87d42,15be46d9-4bb5-4cf2-8c34-f85f1e605131,670.31,2026-03-17 07:58:48,refunded
bea87e29-a489-4728-9c28-45d19cb842d6,15be46d9-4bb5-4cf2-8c34-f85f1e605131,674.68,2026-04-26 07:58:48,completed
a2d7de52-f6fa-4584-8cc6-c417dc544e09,fb170986-7d7e-4976-aa98-8d94509533de,5648.4,2026-09-20 18:50:45,completed
3f28952c-6636-431d-afc2-0d8c1fb5fa1e,fb170986-7d7e-4976-aa98-8d94509533de,2021.36,2026-11-11 21:50:45,refunded
d6b16bf1-46b8-4389-ab6b-8b588f4328b1,fb170986-7d7e-4976-aa98-8d94509533de,3312.39,2026-10-16 03:50:45,completed
689495d6-52d4-4106-8421-13f6c491e22e,fb170986-7d7e-4976-aa98-8d94509533de,7663.19,2026-11-21 15:50:45,completed
e4f65b9a-69f7-42d0-bc32-1a9412f09856,73b8cffc-96a3-4a8e-a8a5-efe295f9e057,4055.82,2025-11-07 01:41:19,completed
8f62018a-9e1f-419c-9a90-e5943038db09,73b8cffc-96a3-4a8e-a8a5-efe295f9e057,2660.97,2026-01-07 13:41:19,failed
1f136053-0d20-4a75-a49c-541cbcc371d4,73b8cffc-96a3-4a8e-a8a5-efe295f9e057,7182.78,2026-04-10 09:41:19,completed
ca59fffb-637f-4a51-b06c-1f67b5ec8339,73b8cffc-96a3-4a8e-a8a5-efe295f9e057,4912.31,2025-11-21 09:41:19,completed
695850a5-7711-4668-b67e-0d2c15cc7849,2f11bb6e-8531-4e78-8cd9-fa29d060c545,2372.33,2026-10-27 12:56:35,completed
c2f12068-76fb-4571-996b-6d68a447b34e,2f11bb6e-8531-4e78-8cd9-fa29d060c545,979.2,2026-08-01 08:56:35,completed
bfd3a441-e5bf-4a8f-abdb-1e604f09b40e,2f11bb6e-8531-4e78-8cd9-fa29d060c545,1857.69,2026-05-27 12:56:35,completed
de8df39d-f227-4b5e-a5d5-dfc7359e6c74,2f11bb6e-8531-4e78-8cd9-fa29d060c545,1951.4,2026-06-13 13:56:35,completed
fa7eb126-6ed6-4551-ad22-2bc30e95acf2,95128691-5704-4296-bed2-c955f0e899b9,3582.13,2026-01-19 18:56:29,completed
1e206b2c-2f58-450a-a3b3-0c5837794b6c,95128691-5704-4296-bed2-c955f0e899b9,2346.31,2025-09-18 15:56:29,completed
41da1bff-de76-482c-b208-6b1951163c38,95128691-5704-4296-bed2-c955f0e899b9,2482.79,2026-03-05 11:56:29,completed
4a743418-90d8-41e8-bc07-1b15740f9e0a,95128691-5704-4296-bed2-c955f0e899b9,1665.4,2025-09-29 16:56:29,completed
a93688c9-c58f-4c01-bbbc-75def28b4428,95128691-5704-4296-bed2-c955f0e899b9,4332.65,2026-01-20 18:56:29,completed
f2811153-8383-4b87-85dc-7a1f0dd6f67a,8c12bcc2-4480-4645-abef-90d347374c3c,2901.76,2025-11-22 17:27:17,completed
b75a3834-0cc3-4129-ab1e-29f2467c95ef,8c12bcc2-4480-4645-abef-90d347374c3c,2914.43,2026-03-31 21:27:17,completed
a82df83f-6f83-4b7c-9467-e91b43da0a49,8c12bcc2-4480-4645-abef-90d347374c3c,6780.14,2026-01-12 23:27:17,completed
e04f6c03-73f6-4d20-bb17-cff7dcc07264,8c12bcc2-4480-4645-abef-90d347374c3c,5030.75,2026-02-16 17:27:17,completed
ce5f41da-6cd2-4d58-a329-ad7cfaeb81b6,6fd9dc30-99d2-42d7-8796-bd05f64ef82c,420.32,2025-12-05 01:27:49,completed
972b66b0-5a5d-4220-91cf-769fad2eb6f1,6fd9dc30-99d2-42d7-8796-bd05f64ef82c,1041.3,2025-12-05 22:27:49,completed
99de7b98-4c1b-409c-9be6-439c8a90262d,6fd9dc30-99d2-42d7-8796-bd05f64ef82c,585.67,2026-02-01 15:27:49,completed
890dca4d-ce9c-4498-ad07-dcbdac601da7,6fd9dc30-99d2-42d7-8796-bd05f64ef82c,1106.47,2026-01-07 17:27:49,completed
36613822-e23a-4068-b440-cfec4be88cdf,6fd9dc30-99d2-42d7-8796-bd05f64ef82c,404.46,2026-02-26 07:27:49,completed
1070978a-2045-4b90-a477-5b7f2ab886ff,6fd9dc30-99d2-42d7-8796-bd05f64ef82c,906.4,2025-12-13 13:27:49,completed
df5aec24-63f2-40c9-8956-5e98c06acbe2,6fd9dc30-99d2-42d7-8796-bd05f64ef82c,642.61,2026-01-20 18:27:49,completed
e7559b99-483d-4b85-9ea8-318f6d25b8e6,6fd9dc30-99d2-42d7-8796-bd05f64ef82c,869.15,2026-04-18 16:27:49,refunded
39d147d7-7906-4096-8849-74d9db5155d6,d2656235-273e-423a-aee4-bdb9d977e86f,2010.06,2026-12-29 01:31:09,completed
0c99cf48-e394-4b56-972d-e05be724f39a,d2656235-273e-423a-aee4-bdb9d977e86f,2553.55,2027-02-02 17:31:09,completed
23631a83-1ce7-4806-83d8-9e439cf82473,d2656235-273e-423a-aee4-bdb9d977e86f,4267.92,2026-08-24 07:31:09,completed
963cc1c3-1dd5-4fd7-8377-4b776d1a43ac,d2656235-273e-423a-aee4-bdb9d977e86f,7612.71,2026-10-04 14:31:09,completed
776f0e5d-3231-43a0-a270-9ba8e90c2d20,53f85d7c-cf0a-4b8d-9cf0-bb026f0e7c5d,6585.94,2026-08-06 09:08:17,completed
71fbc24b-bde4-4bef-977c-2b3044f22932,53f85d7c-cf0a-4b8d-9cf0-bb026f0e7c5d,4970.66,2026-08-09 13:08:17,completed
98144377-8e4f-4c51-92a1-4ab4f5e61f16,53f85d7c-cf0a-4b8d-9cf0-bb026f0e7c5d,5105.32,2026-12-04 11:08:17,completed
af89ad73-34dc-4d00-872e-c2335448f185,53f85d7c-cf0a-4b8d-9cf0-bb026f0e7c5d,3498.33,2026-06-24 13:08:17,completed
dfe8f3dd-663b-47e2-b5b3-420b917112fb,4a3e6414-c95e-46bd-9012-997ce306dec2,4400.35,2026-12-30 21:47:42,completed
25f84a25-dfe8-41f0-9a54-9f4448a08905,4a3e6414-c95e-46bd-9012-997ce306dec2,5421.71,2026-11-22 23:47:42,completed
5d3511cd-299c-4f6e-9dff-404d9b8e974d,4a3e6414-c95e-46bd-9012-997ce306dec2,2770.54,2026-09-26 18:47:42,completed
f7a95ef6-90b7-44fc-ab15-a23e2734511d,ed1ffc21-7d4b-4793-8a4d-fe75ff6f6460,3217.6,2026-06-09 05:21:20,completed
34c0dc41-8568-41b9-a3cf-575c1306fa40,ed1ffc21-7d4b-4793-8a4d-fe75ff6f6460,994.8,2026-01-08 07:21:20,completed
555616bb-cc95-4930-84a9-77abb67f39c5,ed1ffc21-7d4b-4793-8a4d-fe75ff6f6460,7227.32,2026-06-20 20:21:20,completed
88ebb105-2878-4df5-b3ba-e80e25f641fc,ed1ffc21-7d4b-4793-8a4d-fe75ff6f6460,6991.53,2026-01-26 09:21:20,completed
bcc3be83-6b08-4068-bc77-72fb6b82ac1f,ed1ffc21-7d4b-4793-8a4d-fe75ff6f6460,787.58,2026-01-30 17:21:20,completed
168d70d5-fd6a-4e6f-b715-2ed199d831b5,5158fede-99df-48c0-9c58-0679d385a442,7742.98,2026-08-16 04:36:07,completed
660b7a52-550b-47a6-b70e-eee7aca5c69d,5158fede-99df-48c0-9c58-0679d385a442,1494.98,2026-06-28 20:36:07,completed
bd9d1416-3da3-4ad6-8591-ff2efe2737dd,1add7b62-c55c-44f2-bd70-6cbba64cdedc,1618.18,2026-07-30 00:11:09,completed
8524f5da-bbff-411a-9460-858e2e08b612,a41742bf-cf98-46e7-8509-534144fda636,880.29,2026-11-03 13:27:32,completed
6b78fd52-0557-4082-9aea-9e56a4324dbf,a41742bf-cf98-46e7-8509-534144fda636,7204.64,2026-12-31 09:27:32,completed
862c2cb2-03a5-4dc3-9a11-a2af81e0e325,a41742bf-cf98-46e7-8509-534144fda636,6378.01,2026-11-13 14:27:32,completed
3c03b18d-634f-489e-a6cf-abdcf1ce4b07,a41742bf-cf98-46e7-8509-534144fda636,7535.66,2026-12-27 22:27:32,completed
23e7fd5c-2001-4148-a3bd-2d314c38ca9b,a41742bf-cf98-46e7-8509-534144fda636,3865.31,2026-09-12 07:27:32,completed
5779ebcc-c090-4e19-a0a7-1766fef9db3c,a41742bf-cf98-46e7-8509-534144fda636,3326.73,2026-12-15 23:27:32,completed
dbbd691f-e4df-4db6-9470-ecd3a0fddf6c,a41742bf-cf98-46e7-8509-534144fda636,6963.84,2026-08-17 10:27:32,completed
1b611270-05a2-4f1e-afc1-d5b84b4c8297,a41742bf-cf98-46e7-8509-534144fda636,1196.89,2026-12-17 11:27:32,completed
fe9f7132-4d23-4153-8a30-7a34b0369872,6788c61e-87ec-4736-b182-7c265f681bf0,1949.63,2026-08-18 08:27:31,completed
dcfd03b5-1930-4673-92f2-952ad339e147,6788c61e-87ec-4736-b182-7c265f681bf0,4599.0,2026-06-27 21:27:31,completed
59cec00a-0e82-4ec4-bd04-900106e7b54d,554e20e0-d916-4443-9cb2-60680291ea4a,6096.17,2025-10-19 11:43:26,completed
a821b38d-a16e-46b5-87e5-37c2627d708a,554e20e0-d916-4443-9cb2-60680291ea4a,5891.04,2025-12-13 23:43:26,completed
1de452a9-0b03-46e9-b0b2-fe9409dc9e06,6c6c6ffa-7dd5-40ae-a747-48383ebfd134,4567.42,2026-01-07 22:34:58,completed
2a759ff4-a46b-46ef-afa3-e27cf43345a2,6c6c6ffa-7dd5-40ae-a747-48383ebfd134,4195.55,2026-06-23 11:34:58,completed
c0712f02-2800-40f4-8ab6-df82252064d3,6c6c6ffa-7dd5-40ae-a747-48383ebfd134,5997.85,2026-03-29 18:34:58,completed
bca2a474-6322-4bd6-8d2b-f02b01396b2c,6c6c6ffa-7dd5-40ae-a747-48383ebfd134,1721.85,2026-04-04 18:34:58,completed
79119d82-3a92-4bba-b101-3f7f5ee6ed2f,6c86071b-6778-4522-90ff-0bf868bbcd37,2441.6,2025-12-15 02:00:47,completed
f874df8c-16d1-490a-ac08-f2563ab868bf,6c86071b-6778-4522-90ff-0bf868bbcd37,4709.53,2026-03-09 21:00:47,completed
dd6889e8-a888-4ae4-b265-c30f94e7ff25,c9d1d46a-d6f1-4554-a7c9-3c03c35491e4,7013.05,2026-07-25 03:12:51,completed
f1496998-782e-491e-87f1-91b0ed5cb7f4,c9d1d46a-d6f1-4554-a7c9-3c03c35491e4,1448.96,2026-08-23 03:12:51,failed
f3134d1c-09ec-452c-a2ec-962451ba3214,c9d1d46a-d6f1-4554-a7c9-3c03c35491e4,5919.2,2026-08-24 06:12:51,completed
2b626b3a-3bfd-48bd-bf32-241a5d41b24c,c9d1d46a-d6f1-4554-a7c9-3c03c35491e4,2631.49,2026-06-27 22:12:51,failed
2b91b244-c2b7-4572-be45-32375b3efc49,5c5a4d75-5d6d-4470-ad6c-ec3149d23730,736.5,2026-03-05 01:13:48,completed
9383f6c6-2ac1-48a0-a7a3-11197a9245e0,5c5a4d75-5d6d-4470-ad6c-ec3149d23730,3919.74,2025-09-19 20:13:48,completed
c6972ca4-ea73-4bc4-981b-5c49cc357bda,5c5a4d75-5d6d-4470-ad6c-ec3149d23730,7749.09,2026-02-16 17:13:48,completed
f1e4f711-82b7-41f5-b2b5-a6addfbd3995,5c5a4d75-5d6d-4470-ad6c-ec3149d23730,1468.76,2025-09-30 22:13:48,completed
4229cc35-2451-475c-b893-cdcc492c275c,5c5a4d75-5d6d-4470-ad6c-ec3149d23730,7692.88,2025-10-18 23:13:48,completed
0d47dffc-7946-4fe9-bb26-6ddb7205e663,5c5a4d75-5d6d-4470-ad6c-ec3149d23730,4964.95,2026-03-06 06:13:48,completed
66eb6a3c-3968-4cef-87d2-8741191ebcd6,5c5a4d75-5d6d-4470-ad6c-ec3149d23730,3400.76,2025-10-10 05:13:48,completed
0b59429b-447f-49ac-8ee6-81ff3209b918,427fc6f8-103e-4dca-a41c-ce3b03063518,3737.98,2025-12-11 08:33:00,completed
a9e00b77-02ec-4985-b3a2-1ba3ba2d5b2b,427fc6f8-103e-4dca-a41c-ce3b03063518,6151.63,2026-04-29 12:33:00,completed
368c23f7-360f-4247-8d66-79f57091d57a,16c181c1-2ae3-4303-9799-ac8ca955b829,585.08,2026-05-18 18:04:26,completed
c1ace256-fa39-4c84-942c-97046b41f21b,16c181c1-2ae3-4303-9799-ac8ca955b829,4428.34,2026-03-30 07:04:26,completed
96737e6d-0990-4d75-b67c-06773c69b211,16c181c1-2ae3-4303-9799-ac8ca955b829,6546.7,2026-04-05 15:04:26,completed
57a2df28-7453-417d-97c9-19c9df8498dc,1b6bf11e-1ca4-4d38-859b-1e59eb160f4f,627.56,2026-03-07 17:45:28,completed
baddaee1-3390-4c36-87ab-77c6f8dd6aab,1b6bf11e-1ca4-4d38-859b-1e59eb160f4f,512.49,2026-08-29 03:45:28,completed
a6836142-cbb1-473c-9871-a52cd212db63,1b6bf11e-1ca4-4d38-859b-1e59eb160f4f,1185.59,2026-03-10 09:45:28,completed
f9ebaf98-6e92-4325-a54b-0e14e1b56ca2,1b6bf11e-1ca4-4d38-859b-1e59eb160f4f,1071.99,2026-05-20 03:45:28,completed
92008a75-3d7a-4801-88b8-968a67d8db1a,1b6bf11e-1ca4-4d38-859b-1e59eb160f4f,679.98,2026-09-03 02:45:28,completed
b975a435-f34c-4111-8d52-696d74442f0b,a97760be-35be-4cdb-ac4b-1a68c09d2239,2297.05,2026-02-17 08:24:16,completed
be8f30c5-6330-4c67-ad0d-73ae9dfef404,a97760be-35be-4cdb-ac4b-1a68c09d2239,4010.26,2026-02-23 02:24:16,completed
a233540a-ef09-40b8-a9b2-330b374a2252,a97760be-35be-4cdb-ac4b-1a68c09d2239,3990.69,2026-02-15 13:24:16,completed
efdec9cd-913d-41a7-b779-404613b36307,a97760be-35be-4cdb-ac4b-1a68c09d2239,5069.57,2026-03-27 03:24:16,completed
8e12c540-1acf-4d8f-9e6a-44376bfeddca,045c044a-b312-4f8b-aebb-8df199595968,4849.26,2026-08-31 10:47:31,completed
9d888ea8-9826-4f14-b5cc-12605784eae5,045c044a-b312-4f8b-aebb-8df199595968,4389.06,2026-09-12 01:47:31,completed
3818bca8-274a-44ec-ae6d-2f06c45485f8,045c044a-b312-4f8b-aebb-8df199595968,7637.44,2026-09-06 07:47:31,completed
abb1221b-7a98-43e7-9361-6c31b564cc26,045c044a-b312-4f8b-aebb-8df199595968,2008.14,2027-02-01 17:47:31,completed
3a54afe0-650c-4e3b-9966-14117a496b70,045c044a-b312-4f8b-aebb-8df199595968,1260.15,2026-10-21 22:47:31,completed
39c89bd8-9ad3-478c-81a3-3727cf284f09,045c044a-b312-4f8b-aebb-8df199595968,6216.78,2026-11-21 12:47:31,completed
307496d6-95d7-4221-b643-ad28b3746270,045c044a-b312-4f8b-aebb-8df199595968,3155.84,2026-11-26 06:47:31,completed
61c2e555-e5bd-448d-aa88-8ab756e04a01,045c044a-b312-4f8b-aebb-8df199595968,6794.99,2026-11-07 08:47:31,completed
ba756f41-d9bb-4645-bc66-4e58772155d3,fc4bdb72-f6fb-44f6-94be-5299f258779a,2233.47,2026-03-07 05:54:38,completed
3a9cef48-cd50-4201-bf08-1097819d83a1,fc4bdb72-f6fb-44f6-94be-5299f258779a,6222.51,2026-03-08 02:54:38,completed
976134cc-66b7-42d1-9b9a-58f4b0be1d84,fc4bdb72-f6fb-44f6-94be-5299f258779a,505.17,2026-06-19 04:54:38,failed
e1750474-36b4-40f5-873c-c496087873d7,fc4bdb72-f6fb-44f6-94be-5299f258779a,3759.81,2026-05-24 18:54:38,completed
5adc0a5f-cb06-47b9-982c-20cb678a84ce,fc4bdb72-f6fb-44f6-94be-5299f258779a,4275.36,2026-03-03 16:54:38,completed
50b6722e-0332-4c01-916b-26aa37a46b7a,fc4bdb72-f6fb-44f6-94be-5299f258779a,5460.5,2026-06-20 04:54:38,completed
3641f71d-cd49-4906-928e-3f8c93a66010,636de62b-904e-4565-8d6a-f59df57459cd,674.18,2026-01-22 18:04:55,completed
65023806-94b7-4154-a853-491ead98cc9a,636de62b-904e-4565-8d6a-f59df57459cd,726.87,2026-02-12 18:04:55,completed
1e814128-e4b0-4d7f-a44b-ba1f87ce4a34,636de62b-904e-4565-8d6a-f59df57459cd,665.71,2026-02-05 02:04:55,refunded
5f79a177-24e7-4829-a455-b001a484a7ba,18f603f4-b75a-48fb-8dce-c3e5cf5cdbe8,7644.93,2026-03-02 02:47:28,completed
c64fc55f-3356-4892-a564-cdaaf7242ab3,18f603f4-b75a-48fb-8dce-c3e5cf5cdbe8,5721.3,2026-02-08 03:47:28,completed
ce598ba8-17d9-45ea-a926-70555f50b810,18f603f4-b75a-48fb-8dce-c3e5cf5cdbe8,4394.03,2026-05-12 04:47:28,completed
d9047314-1d17-4fb8-8eb8-770a7a50fa17,543582fa-09cb-4a90-8178-06a42c6eb0ff,2253.96,2026-08-04 23:02:36,completed
ebc696bb-c9ad-4c94-8fec-85f671f1cda8,543582fa-09cb-4a90-8178-06a42c6eb0ff,1832.03,2026-05-17 18:02:36,failed
97270998-f105-4b27-b906-208e2fcb158a,8247fd5b-446b-49d6-ab64-7f264d9ca850,6633.91,2026-04-08 09:35:36,completed
8f2da52c-cdae-4068-a714-30d675a9a438,8247fd5b-446b-49d6-ab64-7f264d9ca850,7150.2,2026-06-07 22:35:36,completed
cc249576-2e1e-45c5-a381-056d3865bb15,8247fd5b-446b-49d6-ab64-7f264d9ca850,793.37,2026-03-25 16:35:36,completed
053511a5-6c52-4e83-a819-38e871d1691a,8247fd5b-446b-49d6-ab64-7f264d9ca850,446.15,2026-03-23 12:35:36,completed
028a0271-328c-4ec4-8b5f-93f015f28d72,8247fd5b-446b-49d6-ab64-7f264d9ca850,1071.29,2026-04-25 02:35:36,refunded
d9bf9ffd-ca80-4f9d-bba7-cc0be126c2b1,8247fd5b-446b-49d6-ab64-7f264d9ca850,822.15,2026-07-26 08:35:36,failed
55e44f47-ddd2-4ec8-a8fd-15de288fd7b4,8247fd5b-446b-49d6-ab64-7f264d9ca850,4039.53,2026-03-16 15:35:36,completed
dc99ec46-2049-4c66-ad55-714f6678f00f,8247fd5b-446b-49d6-ab64-7f264d9ca850,5344.29,2026-04-20 15:35:36,failed
f4b5bd79-b444-488c-941c-91e1c95cddd2,dc92ccb9-30a0-4e54-80d4-7b1ad3642e11,5804.75,2026-05-28 07:38:11,completed
0eb54184-58c1-472b-97b2-c34dd34d63c6,dc92ccb9-30a0-4e54-80d4-7b1ad3642e11,323.31,2026-06-19 12:38:11,completed
4bc7a737-aebf-4f71-8ada-dca8b6106d8f,dc92ccb9-30a0-4e54-80d4-7b1ad3642e11,625.69,2026-01-25 00:38:11,completed
24d61e8e-bc8f-40c5-aa02-e8ccb569a111,dc92ccb9-30a0-4e54-80d4-7b1ad3642e11,2591.74,2026-05-16 15:38:11,completed
66e53619-e64f-4223-b414-1e2002138028,dc92ccb9-30a0-4e54-80d4-7b1ad3642e11,4374.75,2026-05-16 02:38:11,completed
eab04f20-14eb-4738-a123-f1cffa1335a6,dc92ccb9-30a0-4e54-80d4-7b1ad3642e11,3867.01,2026-03-07 10:38:11,completed
1643d7b3-e0a2-426b-a804-4683de85ccf1,c3cd2804-45e9-4318-ad4b-3b5b69eaabcc,999.93,2026-07-24 05:03:02,completed
f1e5a359-8d0b-401f-9344-a855abe703ca,c3cd2804-45e9-4318-ad4b-3b5b69eaabcc,787.96,2026-10-29 04:03:02,completed
3ed4a28b-d01c-41c1-8637-345d30f89483,c3cd2804-45e9-4318-ad4b-3b5b69eaabcc,598.59,2026-11-25 16:03:02,completed
8cd328f4-80cf-479c-b4f0-d5d0fc08590a,c3cd2804-45e9-4318-ad4b-3b5b69eaabcc,989.57,2026-10-14 14:03:02,refunded
cc500947-8cf9-4e8f-b35f-a65749dd88e3,c3cd2804-45e9-4318-ad4b-3b5b69eaabcc,866.29,2027-01-11 19:03:02,completed
ba9d5588-1e66-4b0e-8ef8-a8cd0271d6c2,c3cd2804-45e9-4318-ad4b-3b5b69eaabcc,453.6,2026-12-27 15:03:02,completed
4e6d1b78-4ab2-489b-8f98-dfd7869d5469,86c0552b-f6db-4a67-89c6-ab25b6f4f6b3,1950.44,2026-01-22 17:11:36,completed
9e2176e4-9268-4a73-9682-217654b70120,86c0552b-f6db-4a67-89c6-ab25b6f4f6b3,1113.82,2026-01-29 13:11:36,completed
00cd793c-fb5e-40ef-a982-ad4601846fa6,86c0552b-f6db-4a67-89c6-ab25b6f4f6b3,511.21,2025-11-13 17:11:36,completed
27c4eac2-44b6-4d1f-9162-069933373fee,86c0552b-f6db-4a67-89c6-ab25b6f4f6b3,7467.84,2026-03-13 04:11:36,completed
3a52f90b-824d-4e85-9ca3-27b44336362e,c0b236a2-15bd-4ffd-91fb-88015e8bb63f,2531.2,2026-02-18 09:38:47,completed
b7dadaba-5c23-43ca-afa6-08fdeb593624,c0b236a2-15bd-4ffd-91fb-88015e8bb63f,7446.18,2025-10-19 15:38:47,completed
70af593b-e4c5-48a9-8ed0-43ab8e8c10ca,c0b236a2-15bd-4ffd-91fb-88015e8bb63f,6135.31,2025-12-29 06:38:47,completed
2db5b6a5-e3a9-453d-8b4c-a9c0f3595b2c,c0b236a2-15bd-4ffd-91fb-88015e8bb63f,7438.69,2026-01-12 05:38:47,completed
b3ca34ef-ac3a-4d08-8415-a10656f3721f,49c3b073-6e66-4cee-b7f9-4c4a110bcb60,388.81,2026-05-09 02:53:52,completed
704ca527-ca26-4db3-895d-6fcd16483c78,49c3b073-6e66-4cee-b7f9-4c4a110bcb60,3524.66,2026-01-05 23:53:52,completed
c3863f54-f765-42be-85de-d3b7b3843f0e,49c3b073-6e66-4cee-b7f9-4c4a110bcb60,1684.69,2026-06-18 17:53:52,completed
17a740e7-1d1d-4a8b-abac-f9c8a2c22877,f4cb4e4d-d3c1-48b4-98d2-f130026a05fd,6187.49,2026-09-30 13:17:54,completed
69ced80a-27ee-4e25-8ea5-d8871759dee4,f4cb4e4d-d3c1-48b4-98d2-f130026a05fd,5492.42,2026-08-25 10:17:54,completed
8f1841b2-837e-4970-804b-80270b699706,f4cb4e4d-d3c1-48b4-98d2-f130026a05fd,4609.6,2026-08-27 13:17:54,completed
cc155f99-c97f-4152-b873-ee6512ffacff,f4cb4e4d-d3c1-48b4-98d2-f130026a05fd,4755.19,2026-11-11 17:17:54,refunded
b735e728-4be0-4f7c-8102-3da57a34e672,f4cb4e4d-d3c1-48b4-98d2-f130026a05fd,2356.94,2026-11-15 15:17:54,completed
ee350f67-3a3e-481d-a75a-56cc448328a7,c82e9163-ea28-4c19-a28d-e3f3e559aab3,6497.05,2026-05-31 20:08:08,completed
3c84f748-d438-4548-8b6e-030007de7619,c82e9163-ea28-4c19-a28d-e3f3e559aab3,647.79,2026-05-15 07:08:08,completed
0c9dbb3f-ffd5-4624-819e-009365931d6f,c82e9163-ea28-4c19-a28d-e3f3e559aab3,6730.17,2026-05-22 00:08:08,completed
626ea0c4-d605-4c9a-9214-da91cde35d91,c82e9163-ea28-4c19-a28d-e3f3e559aab3,7503.79,2026-06-22 09:08:08,completed
a518552e-df2c-424f-8067-b299f2688a78,3da43750-00fe-45b9-9ac3-867d53936639,3718.39,2026-03-26 19:48:53,completed
648a4ce5-0148-4c30-b499-0ba3cfc186de,3da43750-00fe-45b9-9ac3-867d53936639,1530.52,2026-02-10 13:48:53,completed
b151dff7-f9ea-4dc9-b55b-5a0c0de2ea8e,3da43750-00fe-45b9-9ac3-867d53936639,3431.06,2026-04-13 17:48:53,completed
03ab58c9-0bfd-4786-93e9-2d0ed16f1c44,3da43750-00fe-45b9-9ac3-867d53936639,4718.8,2025-12-18 10:48:53,completed
4d81b72b-186b-4b64-9d27-4bbab7b10a24,3da43750-00fe-45b9-9ac3-867d53936639,4401.82,2026-01-11 18:48:53,completed
1182c72c-fb29-4976-b99d-8b838e6e0095,3da43750-00fe-45b9-9ac3-867d53936639,1358.44,2026-04-22 11:48:53,completed
f6b1acb6-6219-477b-bc71-152d04d38268,3da43750-00fe-45b9-9ac3-867d53936639,6097.29,2026-03-18 14:48:53,completed
1992a727-2387-41c3-a52f-fef24baf0fb8,f2a3a3be-1267-41c6-bac6-eba882dd1ac1,788.26,2026-12-16 04:10:05,completed
7398cac9-f76e-498a-bcf2-6cbdead504c6,f2a3a3be-1267-41c6-bac6-eba882dd1ac1,6126.5,2026-10-23 07:10:05,completed
aea5af10-c9f0-4882-b1bb-e3f0e8f776e0,2f26c7e4-e856-4d94-a05a-ee21097eebfc,5045.35,2026-10-14 05:51:57,completed
5d32d486-9a70-4e37-b497-90f4ecc33bb3,2f26c7e4-e856-4d94-a05a-ee21097eebfc,5667.01,2026-11-23 02:51:57,completed
053a0429-82a5-48ea-b5e4-055ec85e79a6,2f26c7e4-e856-4d94-a05a-ee21097eebfc,786.48,2026-11-02 14:51:57,completed
7b66ac32-1951-422d-963b-681caade5b81,d11496e9-ae9b-4090-9675-a1c4781b3003,2291.93,2026-03-20 06:41:53,completed
0315ecfe-42b4-43c4-9c01-f3f7e4b13e0f,d11496e9-ae9b-4090-9675-a1c4781b3003,4466.02,2026-07-21 10:41:53,completed
63e23dc1-0663-40c6-8b9a-bb7b5321ecb1,d11496e9-ae9b-4090-9675-a1c4781b3003,4543.88,2026-03-04 02:41:53,completed
dc0d4667-8722-47b8-8f1f-27a0643e27e5,02f23935-d1bf-4751-afd6-a65f29ffc96e,1105.31,2026-01-17 04:57:45,completed
c34cfdc8-492d-4d21-bd52-55ef86e97d7a,02f23935-d1bf-4751-afd6-a65f29ffc96e,3337.8,2025-12-26 07:57:45,completed
8d2600ea-102f-4ce0-9e4e-4bf334f20791,02f23935-d1bf-4751-afd6-a65f29ffc96e,5406.39,2025-12-10 05:57:45,completed
576264d3-53ec-466b-afa2-3c637d909385,02f23935-d1bf-4751-afd6-a65f29ffc96e,3347.87,2025-12-06 10:57:45,completed
5749bd8d-93f4-4180-bed0-50924ce1a5e5,02f23935-d1bf-4751-afd6-a65f29ffc96e,3234.95,2026-01-23 21:57:45,completed
0051c2ef-895c-486a-a4f1-ecdce012edc3,02f23935-d1bf-4751-afd6-a65f29ffc96e,2311.39,2025-10-26 22:57:45,completed
f3f35308-8cf4-4b22-8b69-ce526fcdd320,02f23935-d1bf-4751-afd6-a65f29ffc96e,5025.47,2026-03-20 13:57:45,completed
a4f2d311-f118-4260-b97a-9f5fb299ba71,02f23935-d1bf-4751-afd6-a65f29ffc96e,5593.39,2026-03-25 17:57:45,completed
01883d01-038e-4783-834f-72f937bf83b4,02f23935-d1bf-4751-afd6-a65f29ffc96e,3237.47,2026-01-03 19:57:45,completed
07a73b8d-cb73-4df9-9009-bec3f5c2a4fc,02f23935-d1bf-4751-afd6-a65f29ffc96e,905.27,2025-12-31 15:57:45,completed
e902f99b-f8af-4507-bc2a-2c4658d8441b,02f23935-d1bf-4751-afd6-a65f29ffc96e,4441.19,2025-10-18 19:57:45,completed
85a0f85a-31c3-41e7-855f-0052efb6282c,02f23935-d1bf-4751-afd6-a65f29ffc96e,2213.86,2026-01-12 18:57:45,refunded
109ff633-a438-4667-b144-e410f1ae0185,02f23935-d1bf-4751-afd6-a65f29ffc96e,4760.37,2026-03-17 16:57:45,completed
dbb8bf70-9909-4b0a-a902-dd6fcacf85a4,02f23935-d1bf-4751-afd6-a65f29ffc96e,359.12,2026-03-05 13:57:45,completed
2c8ab0a2-4d26-43bd-bb6a-c0c7af01fa2f,02f23935-d1bf-4751-afd6-a65f29ffc96e,6513.85,2026-03-20 08:57:45,completed
379de12f-cf22-4004-84c3-ea33bf629a99,02f23935-d1bf-4751-afd6-a65f29ffc96e,2558.54,2026-02-28 20:57:45,completed
6fb5a7d9-d5de-4a3e-91fb-f0f91b4eda0e,02f23935-d1bf-4751-afd6-a65f29ffc96e,6348.48,2026-01-08 09:57:45,completed
1438ecbc-8385-4327-9ca7-8db6fb72d02c,02f23935-d1bf-4751-afd6-a65f29ffc96e,4130.78,2026-02-23 07:57:45,completed
eddfeac6-6940-44a4-99eb-3d3de8290dd9,685c9b53-f805-4d72-8f8a-a7f57a7d7f0c,6386.87,2026-03-29 13:24:42,failed
837f7033-1e48-4bb9-be1e-d4e92eb2c1bb,685c9b53-f805-4d72-8f8a-a7f57a7d7f0c,3104.24,2026-04-10 18:24:42,completed
56ccb22d-a4ea-4884-96dd-0f69cbb145ac,685c9b53-f805-4d72-8f8a-a7f57a7d7f0c,4698.32,2026-04-19 01:24:42,completed
6607d28d-c001-43c0-9d38-9f6b6bd7f91b,685c9b53-f805-4d72-8f8a-a7f57a7d7f0c,1780.61,2026-04-09 18:24:42,completed
cdc4f7ad-089c-4c22-ba99-81e96dd70eae,c76d1be7-21a8-4543-98ec-c24294bce6b6,6323.18,2026-12-12 15:32:43,completed
a6d00d4f-a30d-4583-a3bd-30bc23926a52,c76d1be7-21a8-4543-98ec-c24294bce6b6,6878.02,2026-12-07 23:32:43,completed
5195ed90-bc02-4359-b420-08b5112ea6cb,c76d1be7-21a8-4543-98ec-c24294bce6b6,717.28,2026-12-11 21:32:43,completed
f4fffdac-312c-446c-805d-0de1a1543e7d,c76d1be7-21a8-4543-98ec-c24294bce6b6,2062.55,2026-11-20 06:32:43,completed
9eda009d-e866-42a5-a41e-60798c1412fe,1adc5522-02dd-4369-a99c-dcd35ebd214d,1737.88,2027-02-09 11:58:25,completed
04129110-324f-4f30-84d2-8753bbcc3c50,1adc5522-02dd-4369-a99c-dcd35ebd214d,6446.08,2026-11-04 03:58:25,completed
fecada25-0d63-4d80-ab93-0e538a1f627c,9b598c9a-0eea-438a-b7c1-ba1a2a19f321,3389.52,2026-09-13 19:47:34,completed
daccefb7-5fc5-4f93-9e4d-3f0357e0843f,9b598c9a-0eea-438a-b7c1-ba1a2a19f321,1098.15,2026-08-23 00:47:34,completed
81a3ed75-2596-476b-acb7-84b822e73839,9b598c9a-0eea-438a-b7c1-ba1a2a19f321,7787.57,2026-04-14 00:47:34,completed
6719075b-8b74-473e-a429-423ebfc49581,9b598c9a-0eea-438a-b7c1-ba1a2a19f321,5223.52,2026-05-23 15:47:34,refunded
da77939f-580b-4529-8fb3-0788f51c7f42,ca9a1076-f32a-45ad-8ea7-3d5c4f885fa9,7861.23,2026-01-24 22:05:20,completed
36d4abb0-d580-41f4-aef6-89fbeeda8222,ca9a1076-f32a-45ad-8ea7-3d5c4f885fa9,7034.56,2026-05-04 00:05:20,completed
f75e9aa5-74fb-48f3-8541-2f58d536256e,ca9a1076-f32a-45ad-8ea7-3d5c4f885fa9,6349.07,2026-05-29 18:05:20,completed
92721f89-c49c-42ea-929d-bff89e4478f5,ca9a1076-f32a-45ad-8ea7-3d5c4f885fa9,5830.74,2026-03-07 21:05:20,completed
8f510243-9f92-47a8-9684-6fb10db8d41b,ca9a1076-f32a-45ad-8ea7-3d5c4f885fa9,886.28,2026-02-09 03:05:20,completed
1c56eea9-46f5-49be-a4f3-ed29227efbc0,ca9a1076-f32a-45ad-8ea7-3d5c4f885fa9,2234.46,2026-02-08 08:05:20,completed
beef413d-ae6a-44d0-85b6-680e5c27a84c,ca9a1076-f32a-45ad-8ea7-3d5c4f885fa9,2962.04,2026-04-29 17:05:20,completed
2e168b76-1e7c-47bf-a74e-0e6789dc758f,ca9a1076-f32a-45ad-8ea7-3d5c4f885fa9,4566.63,2026-04-06 00:05:20,refunded
7c89082e-f18d-494a-9437-45c60002f20c,ca9a1076-f32a-45ad-8ea7-3d5c4f885fa9,2338.4,2026-06-08 12:05:20,completed
435863a0-84e8-433a-98f8-141ba4fffdcd,ca9a1076-f32a-45ad-8ea7-3d5c4f885fa9,4592.69,2026-03-17 11:05:20,completed
30bd8f92-0937-4ab7-b62f-1b3880f0ece8,eb44369c-1f9a-42c3-87a1-18750c57e307,7845.6,2026-06-12 17:52:30,completed
a1c81002-d6f7-4e4b-9218-c9a050497190,eb44369c-1f9a-42c3-87a1-18750c57e307,2259.38,2026-04-18 03:52:30,completed
800c2d81-1c62-4cae-bbca-620640da9fea,eb44369c-1f9a-42c3-87a1-18750c57e307,5996.21,2026-06-22 02:52:30,completed
c2b2d0e1-27cd-4707-b9ab-b62837d81f92,2613a34a-2b84-4146-8971-5f19a6335ee2,1790.33,2025-11-27 17:38:26,completed
0b91eb9e-55c8-4eb1-a8e0-c193d364c816,2613a34a-2b84-4146-8971-5f19a6335ee2,5033.78,2026-03-02 23:38:26,completed
2a957ca4-9987-4820-9fde-ffa362419e8d,2613a34a-2b84-4146-8971-5f19a6335ee2,5947.49,2026-03-14 11:38:26,refunded
7134bcc4-64f2-4f76-b81d-af531e1faaaf,2613a34a-2b84-4146-8971-5f19a6335ee2,3365.71,2026-03-04 04:38:26,completed
7afa4f77-6d3a-49b3-b3eb-20199f86c94b,2613a34a-2b84-4146-8971-5f19a6335ee2,5524.59,2026-04-27 23:38:26,completed
88fa6228-41e5-44cd-9171-4e6c7666dd37,5c7fd962-1964-411c-85c7-cb8c30f0d81f,948.07,2025-11-06 13:29:02,completed
15997eab-e836-49d2-aed8-dd84c8c7270c,5c7fd962-1964-411c-85c7-cb8c30f0d81f,924.04,2026-03-07 19:29:02,completed
ae83da5f-ea0d-4132-8a9c-67eac1b5fc83,5c7fd962-1964-411c-85c7-cb8c30f0d81f,1169.85,2025-11-24 03:29:02,completed
e52cfb43-4e6b-469a-8ebd-12d68e563bbb,5c7fd962-1964-411c-85c7-cb8c30f0d81f,555.49,2026-01-10 18:29:02,completed
b1a8dfa4-c4e5-44ab-a1cf-f9249d8670da,0573c342-dbc7-44b1-868f-a8a3f835c70b,4173.42,2026-06-20 11:55:55,completed
4c92571f-bc0e-4f42-8593-223d169f3363,0573c342-dbc7-44b1-868f-a8a3f835c70b,2067.29,2026-09-29 08:55:55,completed
0aeca30f-cf7b-4c09-897b-28b102824070,0573c342-dbc7-44b1-868f-a8a3f835c70b,6000.36,2026-05-02 23:55:55,completed
ebd8e83e-4d5e-44a2-a175-c7250df9ac4f,0573c342-dbc7-44b1-868f-a8a3f835c70b,2506.86,2026-08-02 15:55:55,completed
404e7fda-6c42-4fe6-8aa4-15bd7f916ef5,0573c342-dbc7-44b1-868f-a8a3f835c70b,2447.18,2026-08-09 12:55:55,completed
d2a53d8d-24da-4100-9537-eb3927039243,0573c342-dbc7-44b1-868f-a8a3f835c70b,3591.73,2026-10-11 12:55:55,completed
a9164e09-5d0b-4151-aa71-cc32884acdad,0573c342-dbc7-44b1-868f-a8a3f835c70b,5600.94,2026-06-15 18:55:55,completed
f126411b-07f0-46d8-8548-6311b7ceb0eb,fad77a65-4f44-4ff6-aebc-53f349d3008d,6766.04,2026-09-23 23:31:55,completed
d747d041-1b71-41fa-9c49-28a956614440,fad77a65-4f44-4ff6-aebc-53f349d3008d,6538.72,2026-10-23 20:31:55,completed
02a4b927-0b37-4a02-a0a4-afa126ccccd5,fad77a65-4f44-4ff6-aebc-53f349d3008d,3236.31,2027-01-21 01:31:55,completed
2d934c98-192d-492c-aff4-b0bd9791b5ce,fad77a65-4f44-4ff6-aebc-53f349d3008d,6703.64,2026-10-27 12:31:55,completed
03a401e2-4860-469b-b67f-9b9e45720cbb,fad77a65-4f44-4ff6-aebc-53f349d3008d,2113.09,2027-01-18 22:31:55,completed
0332cd33-8646-4ccc-8f60-1658ed96ab44,fad77a65-4f44-4ff6-aebc-53f349d3008d,7887.04,2026-09-15 12:31:55,completed
2cf24a5d-f390-420e-b80b-3b79e630caf0,990d4c19-b87b-449f-b592-8b7253730c20,4662.68,2026-09-29 04:45:40,refunded
830239e5-f7d1-4f4f-a192-1b7473acda24,990d4c19-b87b-449f-b592-8b7253730c20,5780.02,2026-10-31 15:45:40,completed
e7bdc97b-3c58-4dba-ae97-1e76859708fa,990d4c19-b87b-449f-b592-8b7253730c20,644.82,2026-08-14 04:45:40,completed
9b945ff2-eea6-443d-8507-8caccbd28881,990d4c19-b87b-449f-b592-8b7253730c20,316.27,2026-08-07 06:45:40,completed
b4223a81-2b40-4e3c-8ce5-b48e0c030a2f,e2e4914a-2ac0-4d7d-9906-83149916b26d,648.88,2026-05-31 05:13:29,completed
894922d6-b947-4f9b-a086-e2e79ff1b819,e2e4914a-2ac0-4d7d-9906-83149916b26d,4597.43,2026-07-13 11:13:29,completed
08a72ab3-444c-43f1-a653-7540e93cfc18,e2e4914a-2ac0-4d7d-9906-83149916b26d,386.27,2026-06-05 14:13:29,completed
b4542334-90b2-477a-903b-9ab3e872e000,e2e4914a-2ac0-4d7d-9906-83149916b26d,6435.82,2026-04-17 22:13:29,completed
2ed51bd8-648d-4c0e-b291-fb132a01d7dd,cff0604d-f719-4bcd-9db5-e33ae446ff3e,2758.8,2026-09-14 22:52:59,completed
67538d5c-b7b5-476a-b577-65797edd2228,1a9798fd-7ba8-428d-b042-17a117ca7c4a,6353.5,2026-04-23 10:29:08,completed
52c16b4e-a032-4ae1-abb0-d2eaac8c14c7,1a9798fd-7ba8-428d-b042-17a117ca7c4a,2724.44,2026-04-13 14:29:08,completed
6f4c9b28-550a-4286-b800-a373cb3fd62c,1a9798fd-7ba8-428d-b042-17a117ca7c4a,6383.81,2026-04-23 04:29:08,completed
b5507397-7713-4f43-a810-503a2729e83a,1a9798fd-7ba8-428d-b042-17a117ca7c4a,430.14,2026-01-13 17:29:08,completed
568662dd-b88d-42f2-950f-9de41c2ad6b4,01b41c30-481c-44ef-8920-8db4073a9210,6579.97,2026-10-04 13:10:32,completed
fc8a61bf-b746-4afc-a170-07976908d75d,01b41c30-481c-44ef-8920-8db4073a9210,873.9,2027-01-17 01:10:32,completed
ba68673c-251e-431a-861d-987d2fdee2e0,01b41c30-481c-44ef-8920-8db4073a9210,7787.82,2027-02-11 14:10:32,completed
1db3d34f-34fe-4fd7-8281-4f5a7c5462d7,01b41c30-481c-44ef-8920-8db4073a9210,400.42,2026-12-05 21:10:32,completed
56859741-1382-49d1-aed8-5e21b77be023,01b41c30-481c-44ef-8920-8db4073a9210,5758.98,2026-11-21 22:10:32,completed
6d31f4b4-bf34-4081-9680-6669fdefd478,bc93e11a-5b6e-471a-8d20-21fe8753e953,3742.06,2026-09-09 18:07:19,failed
29555570-e61f-4174-a75b-807eff5ae0bf,bc93e11a-5b6e-471a-8d20-21fe8753e953,6598.18,2026-10-04 12:07:19,completed
53e8dfbb-5040-498a-a365-7659e63098cb,bc93e11a-5b6e-471a-8d20-21fe8753e953,4325.5,2026-09-21 04:07:19,completed
035245c6-3df5-424f-b702-83016e474265,bc93e11a-5b6e-471a-8d20-21fe8753e953,4521.41,2026-12-04 15:07:19,completed
0e9ab6c8-c4c3-471b-83c5-5807574669b4,bc93e11a-5b6e-471a-8d20-21fe8753e953,4669.5,2026-08-19 21:07:19,completed
2e2137a4-e4f8-4472-97c7-2eea16cfb38e,bc93e11a-5b6e-471a-8d20-21fe8753e953,6343.82,2026-08-23 21:07:19,completed
c2173169-9285-44f1-a844-64b76522a56c,bc93e11a-5b6e-471a-8d20-21fe8753e953,4304.3,2026-11-29 22:07:19,completed
e9c41b1c-40c0-4932-830a-6e19b0926661,e8e77053-e08e-48c0-b444-7aac746d23e2,788.24,2025-11-22 12:05:35,completed
f9e646db-51f4-43f8-a497-12771a097696,e8e77053-e08e-48c0-b444-7aac746d23e2,873.09,2026-02-23 06:05:35,completed
f9371863-c7ff-4ce3-870a-fc5390b7ee68,e8e77053-e08e-48c0-b444-7aac746d23e2,1117.43,2026-03-18 08:05:35,completed
020b7769-13e6-458d-9d97-1ad9742f0a65,e8e77053-e08e-48c0-b444-7aac746d23e2,1154.61,2026-04-23 13:05:35,completed
8773e36a-2521-4eb1-addf-7076cc9fc2e0,e8e77053-e08e-48c0-b444-7aac746d23e2,1170.71,2026-05-20 17:05:35,completed
22d19872-7282-47ff-839f-c62038c2fd43,e8e77053-e08e-48c0-b444-7aac746d23e2,642.18,2026-04-14 11:05:35,completed
1a51ad03-97b3-4e7e-a0ac-f690d37c7050,e8e77053-e08e-48c0-b444-7aac746d23e2,511.36,2025-11-24 00:05:35,completed
203b8160-0746-49d2-a252-5e320866be7a,05632564-0f4f-4142-a2b2-0700623f0634,7671.49,2026-03-31 06:09:11,completed
39412cc7-3ac2-4f0a-85f1-23d6684b3f86,05632564-0f4f-4142-a2b2-0700623f0634,5466.42,2026-04-30 23:09:11,completed
63ff8e26-a285-496b-a972-baea27ff40fb,05632564-0f4f-4142-a2b2-0700623f0634,6337.25,2026-03-21 02:09:11,completed
ec3cf6aa-3cfd-432d-a8df-a35faa120ebf,4ca9a937-ca27-4afa-a457-e0c34f621c9f,1007.65,2026-05-14 15:59:47,completed
cc306feb-b470-43d2-a89c-6c4ac5eaf13a,4ca9a937-ca27-4afa-a457-e0c34f621c9f,1663.1,2026-03-13 02:59:47,completed
01fee946-565f-4221-9886-16c675884b56,e28f440f-7e74-4718-b7f6-5808a7cc0a85,3759.45,2026-02-25 17:52:09,completed
63f566af-3edf-414b-945e-8addbf42357c,e28f440f-7e74-4718-b7f6-5808a7cc0a85,2351.29,2026-02-08 00:52:09,completed
9187857a-89f7-428d-8650-1336f6406b10,e28f440f-7e74-4718-b7f6-5808a7cc0a85,3170.93,2026-04-22 12:52:09,completed
c8462824-9b4b-47e6-aeeb-789c23e4ecca,b555832d-637d-4df4-997f-d11004e70744,573.52,2026-09-13 09:29:32,completed
9632d62b-2c5b-412b-a601-d2263cc82a8d,b555832d-637d-4df4-997f-d11004e70744,5412.71,2026-08-28 21:29:32,completed
aaf4f173-ba44-4969-9458-bab16aa2d19c,b555832d-637d-4df4-997f-d11004e70744,7171.49,2027-01-11 15:29:32,completed
f62716ff-0443-4cf7-a000-92f4704f8254,03d21a39-5082-4ae8-b145-75606da83981,6182.34,2026-08-06 01:12:31,completed
92907195-7bf8-48b2-951a-0eef8cc5fd7e,03d21a39-5082-4ae8-b145-75606da83981,765.66,2026-07-30 15:12:31,completed
d11f77ce-2631-4240-8896-89e13e6548aa,484c6f97-c606-4ebd-90d7-44ebb5dc5922,1361.83,2026-11-13 14:57:42,completed
9c081db3-ee08-463c-8bce-c7b914aef689,484c6f97-c606-4ebd-90d7-44ebb5dc5922,3721.37,2026-08-29 06:57:42,completed
2358714b-1903-4d66-a2e7-29719645743b,484c6f97-c606-4ebd-90d7-44ebb5dc5922,5073.03,2026-06-17 17:57:42,completed
e281e35c-d611-4356-8371-786454cae62e,484c6f97-c606-4ebd-90d7-44ebb5dc5922,4647.2,2026-09-06 17:57:42,completed
21f220cd-d171-4c3d-bdd7-10a4936860f7,484c6f97-c606-4ebd-90d7-44ebb5dc5922,7514.26,2026-06-08 00:57:42,failed
a165b81e-5e71-41cc-a417-7c84796191f7,484c6f97-c606-4ebd-90d7-44ebb5dc5922,5142.87,2026-08-27 08:57:42,completed
fdaadeb5-87fd-4754-8d77-9d7a5eaff429,447c817a-12a2-4c2e-8e92-876ad3499dbd,7975.22,2025-11-26 09:54:16,completed
24d8b556-a05f-4a02-8ed2-59fed4bc4781,447c817a-12a2-4c2e-8e92-876ad3499dbd,7894.36,2026-02-04 18:54:16,completed
0c4825e0-1229-426f-9acb-c6b70d326f8f,447c817a-12a2-4c2e-8e92-876ad3499dbd,3727.93,2025-12-21 15:54:16,completed
99a1b426-fff4-4cb0-a658-b1aff2da56e6,447c817a-12a2-4c2e-8e92-876ad3499dbd,5180.61,2026-03-23 04:54:16,completed
9bee0f34-6dac-42a6-b6eb-aa133148b7d7,447c817a-12a2-4c2e-8e92-876ad3499dbd,2726.48,2026-03-05 17:54:16,completed
22ab2728-6f6a-4771-b485-7317c4bbdaaf,447c817a-12a2-4c2e-8e92-876ad3499dbd,5555.93,2025-12-06 04:54:16,refunded
5e21801c-b66b-4624-bb9c-4737da0b2f02,447c817a-12a2-4c2e-8e92-876ad3499dbd,3670.58,2025-10-20 03:54:16,completed
53697193-ca50-4c6d-9122-1527bfbb81a6,447c817a-12a2-4c2e-8e92-876ad3499dbd,758.31,2026-02-19 17:54:16,completed
656d44f6-1b19-4cae-83ed-f97f0bcbb832,447c817a-12a2-4c2e-8e92-876ad3499dbd,907.84,2026-01-13 04:54:16,completed
72208850-cd3c-492b-a894-71481f812bac,447c817a-12a2-4c2e-8e92-876ad3499dbd,7280.09,2025-11-22 05:54:16,completed
2a88493c-3953-4dcf-8496-ff3dbbc10fd3,447c817a-12a2-4c2e-8e92-876ad3499dbd,2299.15,2026-03-15 03:54:16,completed
4eb64ac8-a3e4-47ab-ac50-9e0209d0e0b0,447c817a-12a2-4c2e-8e92-876ad3499dbd,2475.4,2026-03-05 16:54:16,failed
f407ff14-5049-4f21-8158-9ddc07194a24,447c817a-12a2-4c2e-8e92-876ad3499dbd,5722.22,2026-02-01 09:54:16,completed
9bf884cc-388e-4688-bbd2-d4cb865f0da8,f8ef15f2-8335-4771-be7d-d83ab808983b,5753.89,2026-02-01 01:35:09,completed
d78b509a-c413-4ab1-9966-1c5e1cfe98e3,f8ef15f2-8335-4771-be7d-d83ab808983b,2075.62,2025-12-16 20:35:09,failed
5130eb80-996d-416c-baba-89199be9b3ae,f8ef15f2-8335-4771-be7d-d83ab808983b,3323.56,2025-09-30 01:35:09,failed
f3447ee9-1ee6-48e1-8ccb-179d4c91f0e9,f8ef15f2-8335-4771-be7d-d83ab808983b,2641.28,2026-03-06 19:35:09,completed
9e115579-4585-4d17-b0a9-8ede3596d1d5,f8ef15f2-8335-4771-be7d-d83ab808983b,1212.58,2025-11-05 22:35:09,completed
0ca090bf-cd24-418b-9f19-9da143852df7,f8ef15f2-8335-4771-be7d-d83ab808983b,3598.74,2025-10-16 01:35:09,completed
1bb5ef35-e367-46e0-b025-0926bc06b0ab,f8ef15f2-8335-4771-be7d-d83ab808983b,4479.26,2026-03-11 09:35:09,completed
4232bdbe-4db2-4e23-a766-935533d6c04b,5aaf4769-f5c4-486b-ad2a-e3df05bfb78a,5038.38,2026-10-15 20:17:34,completed
88aa6beb-02b1-481c-ab40-63643d848c20,5aaf4769-f5c4-486b-ad2a-e3df05bfb78a,6075.33,2027-01-06 11:17:34,completed
006d5102-ef73-48dd-b07a-c094bd50f05c,5aaf4769-f5c4-486b-ad2a-e3df05bfb78a,651.93,2027-02-11 18:17:34,completed
479a4368-3110-4fee-ac6a-7130566bd164,5aaf4769-f5c4-486b-ad2a-e3df05bfb78a,4049.07,2026-08-28 01:17:34,completed
15af513f-67ee-47de-8aaa-5b5a9ea86772,5aaf4769-f5c4-486b-ad2a-e3df05bfb78a,4698.19,2026-08-23 20:17:34,failed
caefe32e-ee89-41f6-9b3b-736c53fdf8b5,03a4537e-6e91-4531-81ac-6878c41ae458,3278.8,2026-05-03 03:24:46,completed
b8d1d81c-af04-461d-9f09-442aa4594d58,03a4537e-6e91-4531-81ac-6878c41ae458,7194.88,2026-02-19 03:24:46,refunded
72b0cf70-b234-4f6d-b93b-5deee4330f7c,03a4537e-6e91-4531-81ac-6878c41ae458,1264.86,2026-04-21 10:24:46,completed
0ab4ac68-2114-4b3a-be87-5e7e97b6db75,371b0b14-2cf3-4e1a-88ef-85b8eda212c3,2662.03,2026-07-20 19:08:51,completed
323b4ac5-7bac-49a1-9c8a-2992b223d3f0,371b0b14-2cf3-4e1a-88ef-85b8eda212c3,3323.25,2026-09-04 08:08:51,failed
0b54b5bf-df13-4982-9d8a-86ac475a3e25,371b0b14-2cf3-4e1a-88ef-85b8eda212c3,6818.14,2026-09-26 13:08:51,completed
10e20dec-08a5-4545-ab0e-3422b8856551,371b0b14-2cf3-4e1a-88ef-85b8eda212c3,2979.13,2026-06-03 07:08:51,completed
7f1d9bb5-cee4-4b29-8678-9b63aca7b305,371b0b14-2cf3-4e1a-88ef-85b8eda212c3,2710.9,2026-10-05 07:08:51,completed
6173bbac-0412-4356-bab9-86b1e691da63,371b0b14-2cf3-4e1a-88ef-85b8eda212c3,3837.21,2026-09-09 06:08:51,completed
e79f4d2a-cbb8-43f5-a327-b8571413886d,17ad94db-8df5-4fbb-9087-d6f5798f1ce6,4709.65,2026-03-22 05:43:39,completed
54971e6f-1303-458c-b1ad-c80b4f2d145e,17ad94db-8df5-4fbb-9087-d6f5798f1ce6,6891.29,2025-12-08 07:43:39,completed
891fe64b-c858-4dd0-83f5-fde400b4e40d,17ad94db-8df5-4fbb-9087-d6f5798f1ce6,7191.73,2025-10-21 18:43:39,failed
bf973780-041b-405f-8ac9-8de722e4c36c,17ad94db-8df5-4fbb-9087-d6f5798f1ce6,2181.0,2026-01-28 21:43:39,completed
3a7da793-7fcc-4e7f-9e67-2ff54f0c6634,17ad94db-8df5-4fbb-9087-d6f5798f1ce6,4230.36,2026-02-28 17:43:39,completed
753cb75c-eedc-4e3e-9340-daf8c3615980,b86f5c90-57d3-4780-91d8-ceeff7fee477,755.26,2026-06-19 15:13:26,completed
a97c0e00-17d1-42b1-903e-28e6530630b8,b86f5c90-57d3-4780-91d8-ceeff7fee477,942.67,2026-11-23 14:13:26,completed
7e11af66-6928-485c-9af0-eb42a1050a32,b86f5c90-57d3-4780-91d8-ceeff7fee477,1196.82,2026-10-14 00:13:26,completed
a534a695-06f5-4dc2-8e41-a53fc8ece118,378c5f91-3c8a-48b1-97ee-91b87664058b,6927.42,2026-11-07 06:31:11,completed
0e93a667-d7b8-43d2-9d76-98840f2258b5,378c5f91-3c8a-48b1-97ee-91b87664058b,3560.93,2026-12-13 19:31:11,completed
ea9884cc-3e25-4d01-8590-cd41ef17d568,378c5f91-3c8a-48b1-97ee-91b87664058b,2150.07,2026-07-26 03:31:11,completed
12466c67-6b4f-4088-8bd3-df82865dd757,378c5f91-3c8a-48b1-97ee-91b87664058b,1389.28,2026-08-28 20:31:11,completed
38a77218-bbc0-443a-a1e9-b60d47202a87,ae28d3c1-a518-48bb-8e43-c1dbe358cdb1,3867.93,2026-02-10 00:58:03,completed
23fa97cd-b11b-4f9e-9879-ed7d8b8787e9,ae28d3c1-a518-48bb-8e43-c1dbe358cdb1,3725.87,2026-06-22 20:58:03,failed
cddfc541-cef1-47b6-a25f-cf3c7e7b4902,ae28d3c1-a518-48bb-8e43-c1dbe358cdb1,2037.5,2026-02-14 03:58:03,completed
90c57fbe-2a5a-4131-9249-dd93103e5477,ae28d3c1-a518-48bb-8e43-c1dbe358cdb1,5693.27,2026-01-22 21:58:03,completed
41175da9-463b-4078-9b73-952e427c6fea,ae28d3c1-a518-48bb-8e43-c1dbe358cdb1,1616.06,2026-07-06 11:58:03,completed
3981c18f-8da4-40de-952f-3e15682c52fa,818fab79-92eb-4486-9522-1dd29eb95eca,1162.9,2026-01-20 04:43:19,completed
5703837c-d945-4476-b5b2-91dd6f04e6fe,818fab79-92eb-4486-9522-1dd29eb95eca,4539.63,2026-05-13 02:43:19,completed
cfa0f82a-230b-4479-8778-2c6e839ea80f,818fab79-92eb-4486-9522-1dd29eb95eca,5615.06,2026-03-17 09:43:19,completed
8eb36a7d-e634-4a28-b71b-50be3270825f,667bc85e-6210-4b6d-b1eb-bc1ae90dcf0a,642.32,2026-07-01 10:08:56,completed
cf65b9e2-5e9a-4a13-83b2-fb45dc7738dd,667bc85e-6210-4b6d-b1eb-bc1ae90dcf0a,6195.03,2026-09-01 05:08:56,completed
eff4596b-e02b-41a1-a650-6d19e611498d,667bc85e-6210-4b6d-b1eb-bc1ae90dcf0a,3190.87,2026-08-01 00:08:56,completed
4abe5cb1-2eca-4ba7-9fdd-9687f03d684e,962e9b8a-dd41-445d-b23e-dfd414254173,6488.53,2026-04-24 01:35:49,completed
8508b9ca-5f7b-414f-af09-8a036292ed5b,962e9b8a-dd41-445d-b23e-dfd414254173,7964.8,2026-02-13 11:35:49,completed
4989c144-69b9-4406-a0d9-03096c652462,962e9b8a-dd41-445d-b23e-dfd414254173,1667.77,2026-03-28 15:35:49,failed
78be6a0e-4438-4682-86a9-0c5e0bc11739,962e9b8a-dd41-445d-b23e-dfd414254173,1281.45,2026-01-20 05:35:49,completed
ef610142-0a48-479f-8e6d-a1ee3c2c98a4,08a234f6-de2a-49da-8ff6-1ebeded1496f,3687.77,2026-10-03 00:01:00,completed
8f73edc8-9a03-437a-bbd3-9546ac9eba54,08a234f6-de2a-49da-8ff6-1ebeded1496f,4436.97,2026-08-13 11:01:00,completed
1526955c-369d-4b47-b726-959ff115dd5d,08a234f6-de2a-49da-8ff6-1ebeded1496f,1546.62,2026-05-22 14:01:00,failed
312c2b1b-81da-4d28-bae2-5decfa0da2bb,08a234f6-de2a-49da-8ff6-1ebeded1496f,7102.65,2026-10-03 19:01:00,completed
063829c8-181c-44c9-b02e-fb63a7f6a6b4,08a234f6-de2a-49da-8ff6-1ebeded1496f,6961.96,2026-05-22 08:01:00,completed
5e2c0ca3-73ec-4b58-8a84-ddcaa4d5e739,08a234f6-de2a-49da-8ff6-1ebeded1496f,4387.82,2026-06-13 11:01:00,completed
87b48f02-7a84-45b3-85d7-4618e54eba1e,f6b1a5aa-f7a5-4b5b-aa6d-cc0bfc750e6d,6012.43,2026-04-08 06:19:07,completed
1ae111cc-88a3-4c2b-ac2a-86a22ecd2507,f6b1a5aa-f7a5-4b5b-aa6d-cc0bfc750e6d,1548.96,2026-02-17 18:19:07,completed
1a531ba0-00f5-4124-9996-b9f8bafedb21,f6b1a5aa-f7a5-4b5b-aa6d-cc0bfc750e6d,407.74,2026-03-23 02:19:07,completed
ceda3fa3-bb49-4e76-b937-4c8d277ae916,1f041bdb-a38f-49e4-a368-d29ca78365c8,7287.07,2026-10-30 04:45:10,completed
f0da4b24-a769-4a4e-b7ef-22f076b56514,1f041bdb-a38f-49e4-a368-d29ca78365c8,3333.81,2026-08-07 03:45:10,completed
94f19e86-f1dd-4bf0-bf96-c11cc02fb05f,1f041bdb-a38f-49e4-a368-d29ca78365c8,3087.79,2026-12-21 07:45:10,completed
b126493a-8ac1-482c-a448-c6f733c51c72,1f041bdb-a38f-49e4-a368-d29ca78365c8,6330.81,2026-12-23 00:45:10,completed
1abe0853-1f2e-43af-9d6c-108ece8495f9,1f041bdb-a38f-49e4-a368-d29ca78365c8,3314.68,2026-08-06 05:45:10,completed
9c5b0172-9f7c-437e-8d45-de015f1daf2f,f903f722-7373-41e8-afa7-1ccfaa1efc10,3509.61,2026-07-10 09:50:27,completed
5c0d5d37-8ff1-4fe5-8e0e-47d7e2e7e1eb,f903f722-7373-41e8-afa7-1ccfaa1efc10,3792.84,2026-11-04 06:50:27,completed
9689b833-8c89-447f-8f7c-d9c1d3fa68ff,f903f722-7373-41e8-afa7-1ccfaa1efc10,7091.89,2026-07-04 23:50:27,completed
c8c0a76c-1e9a-4cab-b897-7a9874c9c29d,f903f722-7373-41e8-afa7-1ccfaa1efc10,6350.89,2026-08-05 15:50:27,completed
30ebd38b-6632-4035-a6d7-7058334fe023,f903f722-7373-41e8-afa7-1ccfaa1efc10,2768.32,2026-08-18 07:50:27,completed
6434345f-72b2-4edf-8f9f-c8aeedd2593b,f903f722-7373-41e8-afa7-1ccfaa1efc10,4251.93,2026-06-17 08:50:27,completed
eedf1f45-77a9-4f32-82c6-84b8a289de6a,a252405e-d9c4-4a5e-ab27-9ffc2520a15a,5997.27,2026-08-09 06:16:32,completed
fdc456ce-47aa-4c78-a4b5-53b3c3975fe5,a252405e-d9c4-4a5e-ab27-9ffc2520a15a,2695.74,2026-04-16 05:16:32,completed
914b1f57-9bd7-4ae1-a95a-9a6b12f64b33,a252405e-d9c4-4a5e-ab27-9ffc2520a15a,5556.78,2026-03-31 06:16:32,completed
b9be700b-e8a1-4268-aacf-4e523094899f,a252405e-d9c4-4a5e-ab27-9ffc2520a15a,2143.55,2026-04-30 02:16:32,completed
eab08eea-1a2e-4b6c-b8aa-dd2a1b513100,a252405e-d9c4-4a5e-ab27-9ffc2520a15a,1737.27,2026-05-20 23:16:32,completed
f34cdf4d-6a15-4e0b-89e7-da4bfd7bf192,a252405e-d9c4-4a5e-ab27-9ffc2520a15a,2031.83,2026-03-23 20:16:32,completed
c85240b0-e609-4e8d-9d4b-56ec1a967553,a252405e-d9c4-4a5e-ab27-9ffc2520a15a,2154.82,2026-04-29 10:16:32,completed
49d7ad6e-9f94-4ee0-8383-c7fba61b1790,a252405e-d9c4-4a5e-ab27-9ffc2520a15a,3423.64,2026-06-11 06:16:32,completed
dcf9006b-0e36-42dd-baa3-1c1036f8846f,a252405e-d9c4-4a5e-ab27-9ffc2520a15a,6293.39,2026-05-16 20:16:32,completed
1f4cd168-cfb8-4c8b-8535-a6910ce77119,a252405e-d9c4-4a5e-ab27-9ffc2520a15a,4145.22,2026-09-02 03:16:32,completed
66e40894-a456-47ec-9d44-dbfc75326e8a,a252405e-d9c4-4a5e-ab27-9ffc2520a15a,5848.25,2026-06-20 03:16:32,refunded
96897754-7385-4b20-bf36-9e5f7c5055df,a252405e-d9c4-4a5e-ab27-9ffc2520a15a,3075.79,2026-08-18 19:16:32,completed
7a086c13-b459-4695-bc16-781430299195,a252405e-d9c4-4a5e-ab27-9ffc2520a15a,6900.8,2026-06-12 03:16:32,completed
6846ca58-f22f-475c-ae04-914eb4c0b81e,a252405e-d9c4-4a5e-ab27-9ffc2520a15a,6513.08,2026-08-09 01:16:32,completed
ae79927a-da95-4a91-be73-405356969e2f,a252405e-d9c4-4a5e-ab27-9ffc2520a15a,2943.08,2026-05-19 13:16:32,completed
738c64af-d049-46c8-bbcb-b2e776d3ca48,a252405e-d9c4-4a5e-ab27-9ffc2520a15a,4709.69,2026-07-25 07:16:32,completed
d0c4d5dd-027d-4ea4-8ff8-935a54eee65a,a252405e-d9c4-4a5e-ab27-9ffc2520a15a,6573.7,2026-08-14 18:16:32,completed
4e4a59dd-6739-4451-b9bb-05f19d1d4f84,a252405e-d9c4-4a5e-ab27-9ffc2520a15a,6356.26,2026-06-20 04:16:32,completed
78b4a349-8fbf-4092-841e-d811acd0a609,a252405e-d9c4-4a5e-ab27-9ffc2520a15a,3739.47,2026-06-14 21:16:32,completed
7ad432a5-5f06-429d-b7a8-fe0946f2708b,a252405e-d9c4-4a5e-ab27-9ffc2520a15a,7852.45,2026-05-09 09:16:32,completed
ced31ebe-1101-42a1-8e7c-79466b15a415,a252405e-d9c4-4a5e-ab27-9ffc2520a15a,1213.71,2026-06-12 07:16:32,completed
6ca3eaf4-248c-43ee-8149-b8168152a0b2,a252405e-d9c4-4a5e-ab27-9ffc2520a15a,5441.27,2026-04-09 18:16:32,completed
8e397e67-3a85-4fe1-ae1d-f7a8468fa08f,a252405e-d9c4-4a5e-ab27-9ffc2520a15a,6403.32,2026-07-27 03:16:32,completed
202c1ba4-b706-4877-8f48-e5630d60fa3c,a252405e-d9c4-4a5e-ab27-9ffc2520a15a,2738.86,2026-06-23 12:16:32,completed
91a338fe-bab4-4e4a-b8b7-ec758040b1e1,a252405e-d9c4-4a5e-ab27-9ffc2520a15a,1994.08,2026-03-23 23:16:32,completed
a71dbdd4-fa61-4877-8e0c-ad74d55ef59a,ba7751ef-d645-492a-8a3c-bd5682154e6f,5271.25,2026-03-02 13:34:37,failed
5153fe0b-29a5-44b4-849d-a272705b5417,ba7751ef-d645-492a-8a3c-bd5682154e6f,6629.03,2025-10-11 04:34:37,completed
3b9a999f-b2ea-4a8b-992f-ab9890b039a2,ba7751ef-d645-492a-8a3c-bd5682154e6f,5920.15,2025-10-15 16:34:37,completed
f8a122a5-ae32-4807-a075-e3691ac42245,86964127-1564-46b8-9c37-c08a9456e5f4,1910.19,2026-12-02 15:25:49,completed
a4ec340b-4999-4fba-bb93-dceffddc4588,86964127-1564-46b8-9c37-c08a9456e5f4,1656.88,2026-12-28 15:25:49,completed
a91d042f-5068-4d3e-95f2-1b464ed2bfcc,63f79545-5d15-439c-babd-266c6164ba4a,5538.13,2026-02-12 17:49:03,completed
3284a098-3482-4ef2-b8fa-6518f94c8bad,c8156fbd-f010-4e89-8e7a-57c27b9196de,7729.53,2025-10-17 04:15:10,completed
dab10255-4a48-4aeb-b135-5a103e62f71d,c8156fbd-f010-4e89-8e7a-57c27b9196de,3464.1,2026-03-10 13:15:10,completed
a6f11f3c-34d0-411c-beb6-12b7722546d4,c8156fbd-f010-4e89-8e7a-57c27b9196de,3863.55,2025-10-25 20:15:10,completed
1da906e7-6fb3-48d4-8f90-1f20d322bd2e,c8156fbd-f010-4e89-8e7a-57c27b9196de,3431.88,2026-01-07 01:15:10,completed
939e700b-a518-4b1e-9ae5-296ab47b611b,c8156fbd-f010-4e89-8e7a-57c27b9196de,776.98,2025-09-18 16:15:10,completed
99028ca7-1132-4e83-9a4a-fda78db9736c,8273da65-984d-49e3-b0f1-76fbe2052882,1474.26,2027-01-08 00:14:39,completed
415603c0-e8c8-4b54-9f70-3b9fbe49b54e,8273da65-984d-49e3-b0f1-76fbe2052882,7507.59,2026-12-14 04:14:39,failed
dddbe545-4012-4a6e-bc42-7e1819a205cd,8273da65-984d-49e3-b0f1-76fbe2052882,7877.44,2026-10-21 22:14:39,completed
104ca25e-bafc-426d-a571-5b89d329a218,8273da65-984d-49e3-b0f1-76fbe2052882,1672.0,2026-09-06 17:14:39,completed
315a3b47-9932-4bf3-925d-1abfb1417fdf,6d92e2d8-42ac-4fb6-aa80-ae557b4dc6d7,7579.3,2026-11-21 08:14:42,completed
667f3c7b-3565-40e7-92b7-63f4707cd5ad,6d92e2d8-42ac-4fb6-aa80-ae557b4dc6d7,7750.98,2026-09-07 13:14:42,completed
5208f9ea-3011-4f39-b00e-f620d8f8c7d3,6d92e2d8-42ac-4fb6-aa80-ae557b4dc6d7,4373.97,2026-10-02 00:14:42,completed
62025da2-fee6-464e-b139-90fab4b7c66e,6d92e2d8-42ac-4fb6-aa80-ae557b4dc6d7,7294.94,2026-09-23 09:14:42,completed
6ba3d8ad-9498-4d34-8183-a9ff821c9719,6d92e2d8-42ac-4fb6-aa80-ae557b4dc6d7,3003.2,2026-10-21 06:14:42,completed
9d6c380c-bf6f-48cb-b0da-ff028efd2662,d9e6e153-a56c-4c54-b40e-dcfb720c6c9b,5265.54,2026-01-20 16:47:52,failed
1211d311-0d41-4417-babe-c3bb11e4ec48,d9e6e153-a56c-4c54-b40e-dcfb720c6c9b,4031.73,2026-05-02 16:47:52,completed
c9fc6df1-72a4-4dfe-9e4d-fa3a7d2eb95f,924d566b-f017-4cbc-846f-7cf16941d163,1114.6,2025-11-26 03:14:40,completed
5ec09931-8f29-4967-8c38-5d4f6fc540f9,924d566b-f017-4cbc-846f-7cf16941d163,520.62,2026-01-19 05:14:40,completed
bd8c96fe-45cf-40b2-b2b0-3c3aa1ece814,924d566b-f017-4cbc-846f-7cf16941d163,552.08,2026-03-19 05:14:40,completed
9d42b521-03e0-484c-91eb-79a0e479f0e4,924d566b-f017-4cbc-846f-7cf16941d163,690.87,2026-04-30 03:14:40,failed
595ef6d4-e46c-4256-b83a-1ffbc7135bab,924d566b-f017-4cbc-846f-7cf16941d163,1115.52,2026-03-27 20:14:40,completed
8896ec0d-a99e-44cf-8b57-d4ecfb5319dc,af5b3ff8-44fe-49f3-afb8-5a596d6949fe,3586.53,2026-08-15 18:54:56,completed
9922929e-bbaf-4aab-bf8b-17f406973773,af5b3ff8-44fe-49f3-afb8-5a596d6949fe,7286.96,2026-06-28 05:54:56,completed
970dd2ed-a924-4d9d-ad98-3423707980c3,4ce68ebc-449a-465b-947c-3ab0e480e101,3708.14,2026-07-01 06:12:25,completed
0f41d4c9-f1c9-4843-b46c-6246265beaad,4ce68ebc-449a-465b-947c-3ab0e480e101,7724.13,2026-04-25 21:12:25,refunded
ee21b401-320b-4cec-b48c-d57ce58e956a,e04de898-cc64-45a8-8b16-b03f5b0d90f3,4214.36,2025-12-13 17:20:19,completed
37b7bb99-66a1-4dac-921e-a69ffb266c8b,e04de898-cc64-45a8-8b16-b03f5b0d90f3,1485.56,2026-04-11 21:20:19,completed
965eda91-c3dd-44b7-8a07-6d9fe1d7af80,e04de898-cc64-45a8-8b16-b03f5b0d90f3,5823.63,2026-04-28 11:20:19,completed
5be36f89-b9fc-46d0-b427-b90aa89b57dc,4b2a0dfd-4ca9-40fd-b0c5-53f72692b5c1,3023.79,2026-01-28 15:36:30,completed
b0acac18-6edd-487f-b0b8-355537aa5511,4b2a0dfd-4ca9-40fd-b0c5-53f72692b5c1,2899.01,2026-01-28 05:36:30,completed
a86864b7-0e48-4091-bb7b-55d5579cc6f6,4b2a0dfd-4ca9-40fd-b0c5-53f72692b5c1,7207.58,2025-12-24 22:36:30,completed
8629ce29-0dce-418f-8fac-7d503dc7cac9,4b2a0dfd-4ca9-40fd-b0c5-53f72692b5c1,5287.71,2026-04-13 17:36:30,completed
33d4c473-295f-4c39-89d0-76697147e182,4b2a0dfd-4ca9-40fd-b0c5-53f72692b5c1,4086.68,2026-02-19 22:36:30,completed
366b3be1-039e-4247-a6de-2b2eb2d7b82c,4b2a0dfd-4ca9-40fd-b0c5-53f72692b5c1,2727.47,2026-02-10 10:36:30,completed
5aa96744-1fd3-437f-aae2-e0d6dc847a8f,b1cd14d8-d48d-435d-b6c4-e4bd746e2cf6,1443.43,2025-11-13 01:47:37,completed
d277d66e-8102-438a-bd68-6678465e4cbd,b1cd14d8-d48d-435d-b6c4-e4bd746e2cf6,1643.76,2025-10-30 12:47:37,completed
0719de78-9004-4049-add1-61f3b3ed7a33,b1cd14d8-d48d-435d-b6c4-e4bd746e2cf6,2065.14,2026-02-19 14:47:37,completed
af42b9c1-a33f-4253-9ca3-5e7260066940,0b9262f2-a4ff-4d78-a907-d2dc867c57e0,5475.27,2026-09-19 05:34:14,completed
209aa2f2-c898-4abc-a716-909a64c44c59,0b9262f2-a4ff-4d78-a907-d2dc867c57e0,1260.11,2027-01-12 15:34:14,completed
ce0d5dfd-99d2-4fdc-9d0f-f547f224e179,0b9262f2-a4ff-4d78-a907-d2dc867c57e0,6784.67,2026-09-01 23:34:14,completed
55301618-6d7b-4cfd-b8fc-b13ea6be7869,232bf4af-7841-4933-b7dd-e8ccbb9cd69d,4635.41,2025-12-20 20:33:11,completed
a699ea8e-0284-4fd9-902b-3fbe0f0cb615,232bf4af-7841-4933-b7dd-e8ccbb9cd69d,684.55,2025-11-27 03:33:11,failed
d561f61a-9168-4c90-9ccf-9f2eadd455bb,232bf4af-7841-4933-b7dd-e8ccbb9cd69d,3874.86,2025-10-21 01:33:11,completed
f3d0803c-5dd2-46b1-bc72-50ad702234e8,b99f6b54-297f-4450-9e36-68ea03e11985,4707.45,2026-01-14 01:46:23,completed
97cbf377-df7c-4ae0-9009-f730d69adcd9,b99f6b54-297f-4450-9e36-68ea03e11985,1850.06,2025-12-12 12:46:23,completed
96367951-0d42-4c73-9979-10fe719ef362,b99f6b54-297f-4450-9e36-68ea03e11985,2278.37,2026-01-12 08:46:23,completed
32eac7e1-2a4f-43ad-b76a-2f58da1f2df6,b99f6b54-297f-4450-9e36-68ea03e11985,2723.46,2025-09-29 23:46:23,completed
49e7fd0c-fe1c-432e-b119-87f5670d4897,b99f6b54-297f-4450-9e36-68ea03e11985,3273.13,2025-11-13 11:46:23,completed
88318859-3647-4161-adca-f5c942bc4d89,b99f6b54-297f-4450-9e36-68ea03e11985,3875.9,2026-01-12 05:46:23,completed
7e42a06b-26d0-45b4-b30c-332271778845,db1452cd-2608-432a-8ac2-8b25f2c33bf5,4683.69,2026-05-14 06:17:56,completed
4a23026b-993e-42b8-b302-43956992d48a,db1452cd-2608-432a-8ac2-8b25f2c33bf5,3156.41,2026-03-12 16:17:56,completed
1436e0b8-c70c-4381-afeb-cd281902194d,db1452cd-2608-432a-8ac2-8b25f2c33bf5,1147.94,2025-12-22 15:17:56,completed
b6bc007d-059c-4ec8-84d5-e4a316e6b4c9,db1452cd-2608-432a-8ac2-8b25f2c33bf5,3584.56,2026-04-17 23:17:56,completed
e8073e6d-84b5-4e64-ab21-f636318b19ff,10565aa6-1876-4c82-bf42-bd0f1a4ec227,5079.89,2026-11-20 12:34:49,completed
12b73420-0c8b-46a6-8ff7-e2f6fbfca65b,10565aa6-1876-4c82-bf42-bd0f1a4ec227,2984.84,2026-11-08 13:34:49,completed
2d3f5da9-c589-4327-acfc-407dad679181,10565aa6-1876-4c82-bf42-bd0f1a4ec227,7787.28,2026-12-01 16:34:49,completed
3145e34d-3e16-4d3e-aee4-2ed76f7e4d78,10565aa6-1876-4c82-bf42-bd0f1a4ec227,5759.58,2026-08-30 02:34:49,completed
24c6b595-1eae-492f-8991-b56f282be3c3,10565aa6-1876-4c82-bf42-bd0f1a4ec227,4684.27,2026-09-02 22:34:49,completed
07b62630-d5e4-4eed-8699-00e935c9dff1,10565aa6-1876-4c82-bf42-bd0f1a4ec227,5733.79,2026-08-17 22:34:49,completed
4f9d17a3-15e2-438c-82bf-b6d73f4aa334,10565aa6-1876-4c82-bf42-bd0f1a4ec227,2043.4,2026-08-25 21:34:49,completed
b29333e3-c63f-4923-aa7b-70bca5baf01c,10565aa6-1876-4c82-bf42-bd0f1a4ec227,6144.84,2026-09-28 11:34:49,failed
53a5fefb-1665-46cb-8898-49b9ed854a6e,10565aa6-1876-4c82-bf42-bd0f1a4ec227,1425.0,2026-12-02 01:34:49,completed
630177f2-36de-47b5-8cdd-513eefd2758e,10565aa6-1876-4c82-bf42-bd0f1a4ec227,4961.88,2026-09-08 19:34:49,completed
20979142-df8c-4d36-bf97-d08f99aa0f60,10565aa6-1876-4c82-bf42-bd0f1a4ec227,4405.48,2026-08-10 21:34:49,completed
df4f1a77-13b6-4bee-a523-066007aa02c1,10565aa6-1876-4c82-bf42-bd0f1a4ec227,2375.99,2026-10-27 21:34:49,completed
560bf463-fa66-4daa-b2e2-21c539cb148a,10565aa6-1876-4c82-bf42-bd0f1a4ec227,6153.92,2026-07-12 03:34:49,completed
1f54e221-0ade-47c0-9ce2-89f45cd16180,10565aa6-1876-4c82-bf42-bd0f1a4ec227,6925.24,2026-07-02 01:34:49,completed
13a32750-ea07-45bc-92c1-d3ff7c1c1596,10565aa6-1876-4c82-bf42-bd0f1a4ec227,6857.52,2026-10-16 13:34:49,completed
83f0a954-d16f-4263-b65b-9fac90503448,10565aa6-1876-4c82-bf42-bd0f1a4ec227,3478.55,2026-08-28 23:34:49,completed
df0fda5c-f5bd-4d76-97fe-4306eaf04961,10565aa6-1876-4c82-bf42-bd0f1a4ec227,1267.59,2026-11-12 07:34:49,completed
0350b2b7-3991-4f04-9d21-2473fae72c30,10565aa6-1876-4c82-bf42-bd0f1a4ec227,3632.85,2026-06-26 12:34:49,completed
0376f808-cb72-4400-87ea-72a76bf21c56,10565aa6-1876-4c82-bf42-bd0f1a4ec227,2020.53,2026-07-02 07:34:49,completed
74c13a0e-918a-48a0-bd93-1dc0756c71e4,10565aa6-1876-4c82-bf42-bd0f1a4ec227,7034.74,2026-06-23 07:34:49,completed
d1b2ef28-0d4d-44ec-a06a-b3fb6090d790,f24628ff-040d-4282-afa7-6a73a12d01c3,2866.55,2026-06-20 23:32:49,completed
78334855-b7b6-436b-a1dc-9d89f5fa4a5b,f24628ff-040d-4282-afa7-6a73a12d01c3,3315.37,2026-07-29 16:32:49,completed
78e0a33a-1a16-4fc7-a713-c6c8911c3f16,f24628ff-040d-4282-afa7-6a73a12d01c3,3929.42,2026-07-24 20:32:49,completed
d4f6ee24-c9ce-405a-8d17-c8a1942eb060,1a31b5a6-efa6-48dc-9ce4-b81d2bd9bd82,7571.74,2026-03-27 21:09:59,completed
72191bc0-5b12-4de0-9ab2-aff8b29fc7ab,1a31b5a6-efa6-48dc-9ce4-b81d2bd9bd82,2297.19,2026-06-07 20:09:59,completed
26c7f7f0-2d99-48ba-a8cf-f5f1dc8a979d,1a31b5a6-efa6-48dc-9ce4-b81d2bd9bd82,2015.73,2026-06-14 10:09:59,completed
d54a63ef-8c3c-475f-a432-ea401b38cccc,1a31b5a6-efa6-48dc-9ce4-b81d2bd9bd82,2584.0,2026-06-09 04:09:59,completed
fa8489a1-cd49-4a61-9488-e5da34d51a67,1a31b5a6-efa6-48dc-9ce4-b81d2bd9bd82,6004.63,2026-06-19 08:09:59,completed
07ff4f14-12fd-4b65-bc79-07ed8fce9d9f,e65d6120-fd7d-48db-a530-ad3ce4efa85a,2341.45,2026-09-06 18:14:32,completed
d47dd8c8-2339-47f3-b277-cb753456834e,e65d6120-fd7d-48db-a530-ad3ce4efa85a,5407.3,2026-07-16 04:14:32,completed
f9f2f7a9-b9de-4ae4-935a-a844d127a2b2,e65d6120-fd7d-48db-a530-ad3ce4efa85a,5495.94,2026-10-03 20:14:32,completed
61e0c96d-43d0-41bc-95b7-2644988d5df2,e65d6120-fd7d-48db-a530-ad3ce4efa85a,6394.32,2026-11-04 04:14:32,failed
aa4a145b-e3b1-4ec0-a7be-17d15c9f269f,e65d6120-fd7d-48db-a530-ad3ce4efa85a,7208.34,2026-12-02 14:14:32,completed
e466650a-8f58-4dcf-b7ea-b55a9c290f9f,e65d6120-fd7d-48db-a530-ad3ce4efa85a,7686.33,2026-08-29 16:14:32,completed
93a785f5-993c-4d19-9f62-ed0fb3bcee40,e65d6120-fd7d-48db-a530-ad3ce4efa85a,7786.55,2026-12-03 06:14:32,completed
fc60565d-9d15-400c-8f9c-d7ed2315eadd,e65d6120-fd7d-48db-a530-ad3ce4efa85a,1750.09,2026-08-31 06:14:32,completed
471bf857-0243-4e01-98b9-b4b0f722729c,a65d54a0-0999-431d-bb13-80ec47aacbcc,4431.52,2026-03-15 18:15:43,completed
daab65cc-09b2-4b5f-ba88-c34d6b6e6086,a65d54a0-0999-431d-bb13-80ec47aacbcc,6576.01,2026-03-27 18:15:43,completed
50d4e2a3-7e28-4766-a6ab-b3c8f6b40a31,254491ea-8901-413d-9902-a59a6a63e84f,6087.37,2025-12-10 14:00:02,completed
0bc6a6a4-5878-42f9-82c3-f21eaacefe94,254491ea-8901-413d-9902-a59a6a63e84f,4306.42,2025-10-11 10:00:02,completed
afb587fe-5181-4060-97f9-2ab83ec18989,254491ea-8901-413d-9902-a59a6a63e84f,1335.2,2025-10-30 04:00:02,completed
12df2a61-e0de-4330-bfcf-bd024dee5cfa,254491ea-8901-413d-9902-a59a6a63e84f,376.7,2025-09-28 10:00:02,completed
2124e78b-f199-4928-869b-31677e4d614a,254491ea-8901-413d-9902-a59a6a63e84f,3695.49,2025-10-21 12:00:02,completed
ce565e8e-5e22-4f31-911e-1313b853bcd3,254491ea-8901-413d-9902-a59a6a63e84f,6331.51,2025-10-03 01:00:02,completed
cb32e06c-b682-4607-bc2c-a7ac5de47cd6,254491ea-8901-413d-9902-a59a6a63e84f,1393.36,2025-09-03 18:00:02,completed
f9a44218-098a-4ad5-862f-e56950f0248a,254491ea-8901-413d-9902-a59a6a63e84f,2726.95,2026-02-04 15:00:02,completed
61e5514b-1fbe-4dd3-8d3a-6e0f9b936e0c,1ccea952-55b6-4bde-8a3b-393c1157509f,902.46,2026-09-08 18:46:40,completed
7e2c946a-3150-4e42-98fe-d75664b6314f,1ccea952-55b6-4bde-8a3b-393c1157509f,6225.79,2026-05-27 06:46:40,completed
0371bf0c-7599-4d73-9f0b-55fc0a5c35d5,1ccea952-55b6-4bde-8a3b-393c1157509f,2385.57,2026-05-10 14:46:40,failed
26aae635-c54c-4c78-93bd-4696685d2c17,1ccea952-55b6-4bde-8a3b-393c1157509f,2579.24,2026-04-30 08:46:40,completed
1fb91a4f-f9f8-41a7-9150-2552200bd17f,1ccea952-55b6-4bde-8a3b-393c1157509f,7362.99,2026-08-24 06:46:40,completed
c389c0c3-a4ec-4cd6-8e3b-2d35b8352cd5,1ccea952-55b6-4bde-8a3b-393c1157509f,1558.23,2026-07-23 05:46:40,completed
ac7d9598-2a16-4313-ae4f-f7408146c042,1ccea952-55b6-4bde-8a3b-393c1157509f,750.37,2026-06-10 08:46:40,completed
fa20a782-e62a-4d8b-9a60-6a5c1965dfb7,1ccea952-55b6-4bde-8a3b-393c1157509f,4507.78,2026-07-11 15:46:40,completed
ea16ade9-7e5c-4282-8ed5-ac9d21fc2d17,1ccea952-55b6-4bde-8a3b-393c1157509f,5620.58,2026-04-23 22:46:40,completed
c47aa4fd-4d57-425e-9a88-d8ba30233473,1ccea952-55b6-4bde-8a3b-393c1157509f,6357.28,2026-06-02 20:46:40,completed
b4e8b1e5-96ab-4aab-8db7-82f8845e1dad,1ccea952-55b6-4bde-8a3b-393c1157509f,3070.16,2026-05-13 15:46:40,completed
de27daf6-772f-4063-b91c-17874f2e2606,1ccea952-55b6-4bde-8a3b-393c1157509f,5517.81,2026-08-12 21:46:40,completed
ece946b3-8aa9-4b4a-ae13-5fecd8fa3a5b,1ccea952-55b6-4bde-8a3b-393c1157509f,793.49,2026-06-22 23:46:40,completed
b2bf62a2-5721-42fc-b435-302d87631a9d,1ccea952-55b6-4bde-8a3b-393c1157509f,4803.99,2026-08-28 08:46:40,completed
54926ad8-6dfe-40e0-9ea7-9e285af8ae82,1ccea952-55b6-4bde-8a3b-393c1157509f,2469.46,2026-07-04 19:46:40,completed
516d5212-410a-4b28-a8f3-abce3345b787,1ccea952-55b6-4bde-8a3b-393c1157509f,7593.09,2026-08-05 06:46:40,completed
c9904ba8-5bf1-48ed-ab1e-b6d5247285c3,1ccea952-55b6-4bde-8a3b-393c1157509f,6224.54,2026-09-04 13:46:40,completed
37166f54-25fa-45ee-b9c3-e6dcd835abb3,1ccea952-55b6-4bde-8a3b-393c1157509f,961.84,2026-05-14 10:46:40,completed
f88238d2-13aa-4d8b-a19e-dc530cf754cf,223117d1-7656-400a-96d1-5420034abb14,2969.25,2026-02-15 01:12:58,completed
ef6ea900-67ba-4bc2-85c9-91834c4036fe,223117d1-7656-400a-96d1-5420034abb14,5455.99,2026-01-21 23:12:58,completed
15ecfc94-020f-4537-b970-86fa86ca4516,223117d1-7656-400a-96d1-5420034abb14,6944.74,2025-10-25 14:12:58,completed
fc89ae5c-f1d3-411c-8261-adeadaace8d6,223117d1-7656-400a-96d1-5420034abb14,7480.5,2026-04-02 01:12:58,completed
9638e4f6-ebbf-4ff9-9869-e7767458d15a,b52b0772-e737-47ca-bf83-c781ac844646,5647.23,2026-03-26 03:40:39,completed
494d26cb-3ff6-4d02-a3a9-63d4661d49e4,b52b0772-e737-47ca-bf83-c781ac844646,6185.25,2026-01-16 07:40:39,completed
1815ce0d-e50b-4491-b2cc-be641b2658c5,f4c696ef-5a1b-4935-951e-8f222000f832,998.75,2025-10-22 02:57:00,completed
62555494-7754-48f4-8ff2-34453d6ef6a5,f4c696ef-5a1b-4935-951e-8f222000f832,417.17,2026-03-13 12:57:00,completed
2e808213-7eba-40e7-bd9a-cd746d708bd0,f4c696ef-5a1b-4935-951e-8f222000f832,540.92,2025-11-29 02:57:00,completed
9e439b22-8f1a-43fe-aff8-27e2ade72605,f4c696ef-5a1b-4935-951e-8f222000f832,916.84,2026-04-15 06:57:00,completed
cf27905a-b5b0-437d-894c-61dcf84ebaac,d3146f42-816c-4b38-9e92-c563f498fed4,5631.14,2026-04-24 13:42:06,completed
cb03c7e5-b16e-4a2a-9354-312392cbd0f9,d3146f42-816c-4b38-9e92-c563f498fed4,3709.7,2026-04-25 23:42:06,completed
75b15aa4-e51d-493e-87ec-b8b13b69888d,d3146f42-816c-4b38-9e92-c563f498fed4,4292.95,2026-03-09 23:42:06,completed
9ac2a8fd-3c9b-4918-a423-bff397db6d9a,b488dfb3-1e52-4215-8d1b-5d000230ed1c,460.23,2026-04-22 06:58:57,completed
390b85d4-d7a8-4c91-915b-148119fefd4c,b488dfb3-1e52-4215-8d1b-5d000230ed1c,6197.86,2026-05-04 01:58:57,completed
c4c8583a-eadb-4ee6-8e3f-bfc7cfab306e,85a10994-a714-4a50-a22e-7922464a941f,2281.82,2026-10-13 01:54:52,completed
e2f5093e-6f21-405c-a9e1-da2b8a781186,85a10994-a714-4a50-a22e-7922464a941f,5366.08,2026-10-10 16:54:52,completed
2294f51b-8047-4bdf-b4fd-3173520ae4a2,85a10994-a714-4a50-a22e-7922464a941f,2095.42,2027-01-26 03:54:52,completed
6ff40985-9add-46c1-8cac-44b15199567f,85a10994-a714-4a50-a22e-7922464a941f,1612.82,2026-12-30 19:54:52,completed
0c47c875-b1af-406b-b239-f9e448c40ecc,85a10994-a714-4a50-a22e-7922464a941f,920.26,2027-01-17 08:54:52,failed
8e9a3d26-87bf-4619-bb66-db5e204a67d6,85a10994-a714-4a50-a22e-7922464a941f,1391.55,2026-12-05 15:54:52,completed
e802b960-c59a-4d42-affa-d1b4b9bc5c64,85a10994-a714-4a50-a22e-7922464a941f,5883.48,2026-09-02 00:54:52,completed
a145d2ae-e182-4242-abf0-f755b9d05d71,85a10994-a714-4a50-a22e-7922464a941f,2783.87,2027-01-23 13:54:52,completed
6b7398ca-abd8-4c5e-8ff2-47e8de3c4bc4,85a10994-a714-4a50-a22e-7922464a941f,4853.88,2026-12-08 10:54:52,completed
ae4a9779-c5de-497e-b3dc-1b096ed92e8d,85a10994-a714-4a50-a22e-7922464a941f,2090.95,2027-02-12 02:54:52,completed
4d246f7a-ac80-4288-bd97-804b6d758b81,85a10994-a714-4a50-a22e-7922464a941f,5272.3,2027-02-13 03:54:52,completed
cc63a4a0-6a24-42e8-a5da-f98d7a612c68,85a10994-a714-4a50-a22e-7922464a941f,6182.38,2027-02-01 03:54:52,completed
002f9de6-8ac9-4172-a074-2e1d368b2b39,85a10994-a714-4a50-a22e-7922464a941f,5406.99,2026-12-13 16:54:52,completed
eccc079f-c25b-4f0d-909a-b5619c3087f9,85a10994-a714-4a50-a22e-7922464a941f,2915.25,2026-09-01 00:54:52,completed
2df78ff4-775d-4a17-a874-057842d4b44d,85a10994-a714-4a50-a22e-7922464a941f,6154.18,2026-09-21 11:54:52,completed
9ee3d386-596d-4b37-b837-8c3e969f3af2,85a10994-a714-4a50-a22e-7922464a941f,6852.63,2026-11-02 22:54:52,completed
e346e57e-b307-4a83-89c4-7397d4c99e03,85a10994-a714-4a50-a22e-7922464a941f,944.55,2026-10-04 06:54:52,completed
b55acbe0-c577-4607-af59-9d61fe0f5de3,85a10994-a714-4a50-a22e-7922464a941f,3165.27,2026-09-18 09:54:52,completed
3fd12c6c-d4d8-426b-9f86-f7fe592b16a1,85a10994-a714-4a50-a22e-7922464a941f,4445.11,2027-02-10 07:54:52,completed
a679c961-4b18-4c9c-b445-f65a68db5c1a,85a10994-a714-4a50-a22e-7922464a941f,7934.04,2027-01-11 17:54:52,completed
d389671d-1eb3-4a27-b1e1-bb796c1683a0,549dcc10-fb47-4c8e-940f-8df30cb2ae29,4436.7,2026-09-28 00:44:19,completed
215d6429-c23c-461e-afdd-08492acba70d,549dcc10-fb47-4c8e-940f-8df30cb2ae29,5487.64,2026-08-01 18:44:19,completed
bd7afc2d-3f71-4b6c-8022-3514ffafaff9,549dcc10-fb47-4c8e-940f-8df30cb2ae29,4169.07,2026-08-22 19:44:19,completed
f59bec02-40e9-4df6-ae0b-4670ec01ca6c,549dcc10-fb47-4c8e-940f-8df30cb2ae29,2183.05,2026-09-06 10:44:19,completed
8cd58458-bc0c-46d5-99a6-3d6b65272af3,549dcc10-fb47-4c8e-940f-8df30cb2ae29,5211.11,2026-08-07 13:44:19,completed
f7df97ce-5b84-4401-83fe-3615c338ade1,549dcc10-fb47-4c8e-940f-8df30cb2ae29,6039.24,2026-08-26 13:44:19,completed
4fa9243a-483f-45a7-bbeb-3b4604ebea84,549dcc10-fb47-4c8e-940f-8df30cb2ae29,1688.25,2026-06-17 20:44:19,completed
dda16338-cbe7-4929-8313-d6dcd25206b2,549dcc10-fb47-4c8e-940f-8df30cb2ae29,1788.47,2026-09-03 18:44:19,completed
1301a7b9-bea4-45c5-8530-37c34987e43b,549dcc10-fb47-4c8e-940f-8df30cb2ae29,1555.83,2026-11-07 16:44:19,completed
4ed7f8ba-dfbd-4798-870e-281aba22abd8,549dcc10-fb47-4c8e-940f-8df30cb2ae29,4039.1,2026-07-09 17:44:19,completed
42d0c567-74b3-489d-a5b3-482bd66206b0,549dcc10-fb47-4c8e-940f-8df30cb2ae29,993.37,2026-10-08 12:44:19,completed
6739b872-7764-4c85-b0c4-b9552e9b39e1,549dcc10-fb47-4c8e-940f-8df30cb2ae29,3428.13,2026-09-06 18:44:19,completed
b197ad9e-826b-494c-95dc-954f4cd2929f,549dcc10-fb47-4c8e-940f-8df30cb2ae29,4356.71,2026-10-18 22:44:19,completed
0c6f8f7c-df06-47b1-ab64-2261aa1c38ba,3a0c68ce-0d76-4e1e-ac96-2299ee27cdb9,453.25,2026-02-23 05:01:41,completed
5235222e-c666-4698-b6b4-213b9505c0ab,3a0c68ce-0d76-4e1e-ac96-2299ee27cdb9,5978.75,2026-04-24 15:01:41,completed
57441df5-9923-410d-856f-1a3d9a13c4f9,3a0c68ce-0d76-4e1e-ac96-2299ee27cdb9,2978.33,2026-07-03 02:01:41,completed
a4339a2c-98f0-4fe5-a606-f99aabd80416,3a0c68ce-0d76-4e1e-ac96-2299ee27cdb9,4488.58,2026-02-14 19:01:41,completed
928ad9af-ba4a-40f0-b6e5-2834c4607391,3a0c68ce-0d76-4e1e-ac96-2299ee27cdb9,657.38,2026-01-28 02:01:41,completed
0ad97647-3def-4e25-a004-df31ea5729bc,c63caebd-360a-442f-aa5f-221c363adf82,314.71,2026-08-09 05:03:18,completed
43bf63c1-11b7-45c5-86f3-3c412587c65d,c63caebd-360a-442f-aa5f-221c363adf82,6786.87,2026-09-19 03:03:18,completed
9217196e-1576-433e-8fc7-b5b6301746cb,c63caebd-360a-442f-aa5f-221c363adf82,780.85,2026-09-11 16:03:18,completed
50f66b47-c584-46fd-8607-c4d443d60bfd,c63caebd-360a-442f-aa5f-221c363adf82,6634.29,2026-08-10 20:03:18,completed
af4ebce7-ae88-4baa-982e-2d32ec3e12c7,4835b10e-4f69-4cb2-9d44-976783facb62,7945.66,2025-11-20 23:15:13,completed
e2643135-e292-4482-b9f4-d49c8a9239a0,4835b10e-4f69-4cb2-9d44-976783facb62,5483.45,2026-01-30 13:15:13,completed
48477565-ecfd-44c9-915d-d6fdac63d321,4835b10e-4f69-4cb2-9d44-976783facb62,3437.82,2025-11-15 00:15:13,completed
a6913794-ffa5-45c2-9896-d4fa41839689,2ec3b36a-7fbb-4c6c-806b-5e73880a9e8b,7718.76,2026-03-02 18:02:43,completed
607fbe4e-ef09-4b2a-ab51-56365d9ff582,2ec3b36a-7fbb-4c6c-806b-5e73880a9e8b,1106.61,2026-01-02 20:02:43,completed
fdf25d2e-510b-4ec1-b02a-4d4e275039f5,75617ad1-6200-4cec-9b60-6d72e176ae14,1762.01,2026-07-15 03:48:57,completed
f6434b90-facf-4e0b-a0ec-be19ea64c110,75617ad1-6200-4cec-9b60-6d72e176ae14,5820.1,2026-07-28 09:48:57,completed
5eea40a2-5da7-448b-bcae-450febca2893,75617ad1-6200-4cec-9b60-6d72e176ae14,5929.39,2026-12-07 20:48:57,completed
97e763ad-2e62-4b88-8eac-600b82897815,ada30406-30fc-4fbe-ace7-31b22120af14,6892.27,2026-07-31 19:03:35,completed
a95f1359-1769-459a-a59a-c449da50b5e8,ada30406-30fc-4fbe-ace7-31b22120af14,5969.38,2026-06-26 18:03:35,completed
77e4bb4a-d5f1-43a6-b621-3223843c2d1b,ada30406-30fc-4fbe-ace7-31b22120af14,1031.28,2026-07-16 11:03:35,completed
4a00782a-9e14-4d70-bacb-bc2e7f7a9b2d,ada30406-30fc-4fbe-ace7-31b22120af14,4781.41,2026-09-12 19:03:35,completed
15213c71-8a9b-4be7-9593-375565d42539,cdfa3b9e-4de4-4c16-b183-2b0d64d49d4b,5337.26,2026-12-01 17:15:14,completed
4b25fe55-47fd-4371-ac6b-6efdf8c3a745,cdfa3b9e-4de4-4c16-b183-2b0d64d49d4b,4971.58,2026-08-05 20:15:14,completed
f6bf4ade-d5a6-40cd-ae0d-7f669a19fc30,cdfa3b9e-4de4-4c16-b183-2b0d64d49d4b,5649.91,2026-08-15 15:15:14,completed
75fda15e-3fdf-49b9-8ed9-328eaa45e6a0,cdfa3b9e-4de4-4c16-b183-2b0d64d49d4b,4405.96,2026-12-15 14:15:14,completed
f55dd40b-652d-4801-8783-5807dae67d3a,d7dc46ef-3b42-42d2-9ee9-abf88a6ad065,5955.07,2026-03-02 12:31:58,completed
45e004aa-9056-40d1-ae4e-365789690ba7,d7dc46ef-3b42-42d2-9ee9-abf88a6ad065,3138.52,2026-01-10 13:31:58,completed
a2aa29fc-3ab8-4bed-b6e6-83ebadafc95e,49c4e1c7-b162-4ed8-90d1-69815c6c45a7,3025.04,2026-10-10 17:23:22,completed
4264ad20-6398-444e-ab81-0e4bce9756cf,49c4e1c7-b162-4ed8-90d1-69815c6c45a7,2671.97,2026-08-08 22:23:22,completed
c923d163-6091-434f-987a-48e59eb46d77,49c4e1c7-b162-4ed8-90d1-69815c6c45a7,2021.07,2026-11-25 17:23:22,completed
bdab3f3d-50fd-4874-91c9-e4df3e325e9c,49c4e1c7-b162-4ed8-90d1-69815c6c45a7,6182.77,2026-10-24 08:23:22,completed
c425f9c5-c363-451a-8aa0-7889f43b69a0,49c4e1c7-b162-4ed8-90d1-69815c6c45a7,473.06,2026-08-08 06:23:22,completed
89a0c564-0fac-4be0-a1c4-f02f0c23cbcb,49c4e1c7-b162-4ed8-90d1-69815c6c45a7,3472.44,2026-11-02 16:23:22,completed
088ae89d-d083-4ae4-b066-1f5c19abe7da,49c4e1c7-b162-4ed8-90d1-69815c6c45a7,4720.53,2026-09-19 14:23:22,completed
73d3d6d6-a76e-45a9-a1f3-d73ce272798e,49c4e1c7-b162-4ed8-90d1-69815c6c45a7,6320.22,2026-07-10 05:23:22,failed
eed4c1be-f4cb-46b4-88ec-1f64e0b8a77e,dfd8a400-ba25-41d4-aeed-70b3e88a99bf,4605.45,2027-02-06 16:02:31,completed
8b45aade-d894-4337-b863-e2b94e69fbe5,dfd8a400-ba25-41d4-aeed-70b3e88a99bf,879.56,2027-01-08 04:02:31,completed
db6b7c40-b3cd-4e1b-81d1-4f6c3804edde,dfd8a400-ba25-41d4-aeed-70b3e88a99bf,1166.59,2027-01-17 11:02:31,completed
d9b858bf-1979-4603-850c-53a89418ded1,3684fb26-31f5-40a8-866c-ea4b20857f86,2943.89,2026-07-10 02:23:19,completed
db7a2f0b-f2b9-418e-8496-4d1d74fb2722,3684fb26-31f5-40a8-866c-ea4b20857f86,1122.5,2026-08-10 03:23:19,completed
e3841043-3001-4bad-b761-2c311d961a6f,3684fb26-31f5-40a8-866c-ea4b20857f86,2533.12,2026-08-11 03:23:19,failed
abab07ac-aded-4c6c-a16f-8c32d46714c2,3684fb26-31f5-40a8-866c-ea4b20857f86,5228.07,2026-03-17 05:23:19,completed
a3be7aba-6fcf-4cb7-be28-e950fc9279c1,4d061882-689f-498a-94bb-27cea635085a,5434.03,2025-11-19 15:05:20,completed
ffa4e741-37d3-4774-8a53-a4d3246f73ec,4d061882-689f-498a-94bb-27cea635085a,3947.7,2026-01-09 00:05:20,completed
741ced04-a923-4ec1-b074-6da9259138c5,4d061882-689f-498a-94bb-27cea635085a,7878.71,2025-12-06 22:05:20,completed
e642d96a-efcd-4c25-a4c3-7bc574902a78,4d061882-689f-498a-94bb-27cea635085a,7347.03,2025-12-17 19:05:20,completed
819c3cbb-ed7f-40ba-83e3-96c383c5ba56,058fd34f-8bcc-49a2-9a8a-0e98ea57a415,6150.25,2027-01-15 04:23:28,completed
622b1367-5624-4df4-a932-e0bbd2852ae3,058fd34f-8bcc-49a2-9a8a-0e98ea57a415,1865.45,2026-12-24 12:23:28,completed
df3a1443-ca21-41bb-b781-242c5acfc5f0,058fd34f-8bcc-49a2-9a8a-0e98ea57a415,4596.28,2026-10-25 05:23:28,completed
46d52742-92f9-49a1-8b73-1943c7f22bcf,058fd34f-8bcc-49a2-9a8a-0e98ea57a415,5420.24,2026-09-13 07:23:28,completed
37e7aa2e-291a-4d4c-ad7d-8bc36fd2fb59,058fd34f-8bcc-49a2-9a8a-0e98ea57a415,698.75,2026-10-09 06:23:28,completed
c05dccb4-32f2-4122-a8be-20ff432ba05d,058fd34f-8bcc-49a2-9a8a-0e98ea57a415,3935.2,2026-07-30 13:23:28,completed
4a880f32-91e0-475a-88ad-6bfc628a4e3f,058fd34f-8bcc-49a2-9a8a-0e98ea57a415,5158.88,2027-01-05 18:23:28,failed
4bc9948c-0c48-472a-8ed5-9e0af3f2b514,a8146706-6687-41f2-9852-659c57ae6f1e,2078.13,2026-02-04 23:32:13,completed
150073a1-b5c6-4835-b61c-90816d7b83a7,a8146706-6687-41f2-9852-659c57ae6f1e,4883.86,2026-01-17 09:32:13,completed
c98a9cc9-f384-43d5-990d-aed64a7fd820,a8146706-6687-41f2-9852-659c57ae6f1e,7651.13,2026-03-04 09:32:13,completed
5f8db62e-8683-43ff-9ecd-56dccda26707,a8146706-6687-41f2-9852-659c57ae6f1e,7537.99,2026-02-11 12:32:13,completed
fe79322c-4bcf-4b8e-8812-3126c11e2c07,a8146706-6687-41f2-9852-659c57ae6f1e,2950.29,2025-12-03 04:32:13,completed
79c68686-e238-4fdd-959e-3813caa95608,a8146706-6687-41f2-9852-659c57ae6f1e,3576.12,2026-03-03 05:32:13,completed
f2ecc950-cf15-4c78-9646-8fe38e7a0d10,e459b0eb-b127-48bf-8e22-8b770ffd5cd7,2854.75,2026-01-02 05:09:24,completed
6039f8f7-23a8-49ba-81bc-14046de44d4c,e459b0eb-b127-48bf-8e22-8b770ffd5cd7,3684.74,2026-04-28 22:09:24,completed
ce70ba5f-087f-4460-9f78-3de216427325,e459b0eb-b127-48bf-8e22-8b770ffd5cd7,3293.74,2026-03-24 11:09:24,completed
78be36f2-88d7-49da-a48a-a3cd85ec35e7,5133281e-fe44-435d-a716-5fc83dcb06c2,4926.02,2026-03-27 10:18:28,completed
08b6b026-6338-40eb-beca-450c291c395a,5133281e-fe44-435d-a716-5fc83dcb06c2,2706.56,2026-01-27 06:18:28,completed
99e100a4-949f-4d89-9fca-161e004d17bf,3cfcd163-c37b-4ca4-8ac4-c3c25b51f869,678.16,2025-10-02 11:32:10,completed
6bfadc13-6fad-4218-9df8-97af69df32be,3cfcd163-c37b-4ca4-8ac4-c3c25b51f869,992.82,2026-03-31 03:32:10,completed
2c7ed714-cef8-4c7b-a905-25a3e4037604,3cfcd163-c37b-4ca4-8ac4-c3c25b51f869,1144.41,2026-03-19 13:32:10,completed
7150b757-eff1-445d-9331-03fa463e0672,3cfcd163-c37b-4ca4-8ac4-c3c25b51f869,912.07,2026-01-30 15:32:10,completed
a19a8fda-800c-4c1e-95ba-7a6548703f65,0bb32c68-42c5-4a76-bae1-502a2dc48834,4427.75,2026-07-05 16:19:03,completed
f2443b08-606a-43c5-9d1a-838456d493fe,0bb32c68-42c5-4a76-bae1-502a2dc48834,2771.58,2026-07-28 22:19:03,completed
79a7860d-50f0-4a19-8f52-eed88f1484e2,0bb32c68-42c5-4a76-bae1-502a2dc48834,4800.31,2026-10-14 13:19:03,completed
92d98cb5-e5e0-4614-bb6e-906b67d77c3a,0bb32c68-42c5-4a76-bae1-502a2dc48834,6915.97,2026-11-16 14:19:03,completed
c192a869-9bc0-4adb-acc3-bd75a69941a9,0bb32c68-42c5-4a76-bae1-502a2dc48834,3135.47,2026-06-24 19:19:03,completed
e1a2612a-2419-42e8-b8d5-9e20f56c5e95,0bb32c68-42c5-4a76-bae1-502a2dc48834,702.14,2026-06-12 04:19:03,completed
f3763bd9-194f-40e5-85e7-539936225dff,c8e13276-ce8c-4534-a6ab-d0bf1e8cff4d,3796.63,2026-08-13 16:07:23,completed
c0310523-ccff-4e8c-9e7d-901f1615e931,c8e13276-ce8c-4534-a6ab-d0bf1e8cff4d,3045.99,2026-05-11 01:07:23,completed
d4c77b91-850b-42c1-ba0b-bd1b2d7d92a0,c8e13276-ce8c-4534-a6ab-d0bf1e8cff4d,6869.45,2026-07-04 06:07:23,completed
8fe14a24-44d6-4e4d-bb47-88542b125a2f,c8e13276-ce8c-4534-a6ab-d0bf1e8cff4d,2612.16,2026-07-09 17:07:23,completed
73c90369-6619-42c1-8e83-66d845d75865,c8e13276-ce8c-4534-a6ab-d0bf1e8cff4d,2528.26,2026-08-07 04:07:23,completed
967c11ff-f80d-4b95-a0f0-f0517e9e3229,c8e13276-ce8c-4534-a6ab-d0bf1e8cff4d,4060.14,2026-05-04 15:07:23,completed
751836ac-4bcf-4be4-8819-fdd3c9bb4f46,c8e13276-ce8c-4534-a6ab-d0bf1e8cff4d,1976.85,2026-05-08 20:07:23,completed
0e8604c2-91ac-4447-852b-79c003582f14,c8e13276-ce8c-4534-a6ab-d0bf1e8cff4d,6656.34,2026-03-31 12:07:23,completed
a5bbad56-f11a-4238-a8cd-5e99c03db7d5,c8e13276-ce8c-4534-a6ab-d0bf1e8cff4d,588.25,2026-08-13 19:07:23,completed
bfcc9e34-38b7-4f2e-8a7c-b0d0830e7ff8,c8e13276-ce8c-4534-a6ab-d0bf1e8cff4d,4587.49,2026-07-27 19:07:23,completed
4386f509-8fec-4d1b-92b1-dded93830730,c8e13276-ce8c-4534-a6ab-d0bf1e8cff4d,1811.5,2026-04-27 05:07:23,completed
46849730-4ee8-47ad-8ea3-d1a0b9bed99f,c8e13276-ce8c-4534-a6ab-d0bf1e8cff4d,5568.89,2026-08-03 03:07:23,completed
6380d7f8-3b00-42ba-901e-eeae0392d9fe,c8e13276-ce8c-4534-a6ab-d0bf1e8cff4d,3446.17,2026-04-14 04:07:23,completed
7d7b6f20-1c90-490e-8c87-0b803b3e2109,c8e13276-ce8c-4534-a6ab-d0bf1e8cff4d,4016.26,2026-05-07 00:07:23,completed
2c724968-5399-456d-bf8c-e7554f362029,c8e13276-ce8c-4534-a6ab-d0bf1e8cff4d,4646.84,2026-07-22 15:07:23,completed
8f563aec-405a-4def-949e-c5e32c41652f,c8e13276-ce8c-4534-a6ab-d0bf1e8cff4d,2552.54,2026-06-30 11:07:23,completed
943e9a89-df55-425b-b06c-0831bb07da03,c8e13276-ce8c-4534-a6ab-d0bf1e8cff4d,3708.74,2026-07-18 16:07:23,completed
106d0617-4817-4550-8774-758cb04d5b8e,c8e13276-ce8c-4534-a6ab-d0bf1e8cff4d,4834.15,2026-04-24 08:07:23,completed
00b77fc8-9072-47e8-8714-7f9e2ff8e0dc,c8e13276-ce8c-4534-a6ab-d0bf1e8cff4d,3349.61,2026-05-31 21:07:23,completed
e69ad50e-b6a1-47e3-be4e-7753261a685b,196ef888-df52-4237-bef1-eab3fa732d96,2317.35,2026-02-28 09:29:51,completed
b8e52701-0810-4c73-80aa-c36027899491,196ef888-df52-4237-bef1-eab3fa732d96,4810.95,2025-12-07 08:29:51,completed
0cc00daa-0010-4ce2-8549-bd2675a5dbc5,196ef888-df52-4237-bef1-eab3fa732d96,4885.95,2025-12-02 16:29:51,completed
f2dc6ca8-43e2-4490-88ce-ceec016a61cb,196ef888-df52-4237-bef1-eab3fa732d96,7275.59,2026-01-21 07:29:51,failed
92c34508-72a7-4897-9ca9-bee392adcc48,1671818b-cfd0-4725-8864-da5293c3a8df,1033.04,2026-08-07 22:09:15,completed
09bb7192-8722-484f-b306-675447c8400e,1671818b-cfd0-4725-8864-da5293c3a8df,2536.92,2026-07-15 13:09:15,completed
e512b572-ac83-4d40-97d1-3595de5334c4,1671818b-cfd0-4725-8864-da5293c3a8df,5968.14,2026-07-29 09:09:15,completed
bda0afd6-85d0-49a5-959f-1659cdd99ebb,1671818b-cfd0-4725-8864-da5293c3a8df,7531.56,2026-06-25 09:09:15,completed
08ecd3e5-8108-44c3-a022-8b8d5506ca7c,1671818b-cfd0-4725-8864-da5293c3a8df,3154.48,2026-07-20 23:09:15,completed
bbef630b-2c1e-4e2e-ad19-195b18fb998b,1671818b-cfd0-4725-8864-da5293c3a8df,5766.84,2026-05-18 15:09:15,completed
43f54781-7c89-4ee3-9813-f05c09e9088b,b6bb0bb4-4218-46f6-bb5a-eac45af5ae4f,4860.99,2026-02-14 14:37:53,completed
2133a390-06e9-4424-b5f3-0648b15d2d3e,b6bb0bb4-4218-46f6-bb5a-eac45af5ae4f,3863.26,2025-10-23 05:37:53,completed
cc8517a9-fed3-4069-903d-3632aa164bf6,8b7d513d-7680-492b-8722-9def44b0eecf,6614.01,2026-12-16 04:00:03,completed
a09cf52b-2d2b-402c-aab3-f5b3e4e66a7e,8b7d513d-7680-492b-8722-9def44b0eecf,7286.24,2026-11-14 14:00:03,completed
22e191f0-8603-4871-b069-6535d22d5672,8b7d513d-7680-492b-8722-9def44b0eecf,2826.88,2026-07-19 22:00:03,failed
3a4f78d1-1b34-4dd1-ae33-5098a52ca6c4,8b7d513d-7680-492b-8722-9def44b0eecf,7734.24,2026-11-25 00:00:03,completed
24febd77-5c1f-4c7e-80d9-7e00e9c5cad2,328dfba7-bb2a-444d-8a5c-a18e18b973f3,6156.23,2026-09-29 12:11:28,completed
19e2d4aa-7a61-444a-be15-9a1783d8c08c,328dfba7-bb2a-444d-8a5c-a18e18b973f3,1703.13,2026-10-31 22:11:28,completed
00e7508b-9c77-4132-8f94-513f4db081f4,328dfba7-bb2a-444d-8a5c-a18e18b973f3,2931.24,2026-07-30 12:11:28,completed
19d1b3d2-aeab-487b-a284-816d7ade7712,328dfba7-bb2a-444d-8a5c-a18e18b973f3,4751.54,2026-12-07 09:11:28,completed
dcd64cdf-7bbc-4765-8be0-cefebb75bdda,26e27a0e-e788-4ffe-9d0a-b8de3c4356d8,7356.55,2026-06-16 16:42:50,completed
b5208b9f-f0e3-4a63-9b4e-6f4ae8150d1b,26e27a0e-e788-4ffe-9d0a-b8de3c4356d8,5356.52,2026-02-05 13:42:50,completed
7f1f7775-a5a7-4de4-8216-e3be31360f4b,26e27a0e-e788-4ffe-9d0a-b8de3c4356d8,6717.14,2026-06-26 10:42:50,completed
ce11179d-33fa-405f-9410-c7489f780c9a,26e27a0e-e788-4ffe-9d0a-b8de3c4356d8,1438.11,2026-06-26 15:42:50,completed
a57ae368-13d8-4e33-a90c-310c99659035,21ddd0fa-d401-4070-8a13-a19e5e35fb72,6377.75,2026-03-14 20:15:57,completed
0179914e-1928-48a1-9051-2b79997dc6e0,21ddd0fa-d401-4070-8a13-a19e5e35fb72,4446.15,2026-04-03 00:15:57,completed
93b7f887-fe67-4a6e-ac58-ce840fb1f6de,21ddd0fa-d401-4070-8a13-a19e5e35fb72,6738.24,2026-02-12 13:15:57,failed
ada765bc-2f6d-4f8b-b9cd-0262ee5a91c7,ba0a01fd-8936-44b2-bed4-826f858e5436,2666.78,2026-09-05 01:24:35,completed
9bd0fe53-9522-413b-aeed-379f4b275b08,ba0a01fd-8936-44b2-bed4-826f858e5436,5871.0,2026-10-22 18:24:35,completed
39ffd02e-db8c-42b8-ba2e-64f94c90c17d,ba0a01fd-8936-44b2-bed4-826f858e5436,6662.91,2026-08-19 05:24:35,completed
91cd6e09-138d-4c4c-ae41-5743452fab70,ba0a01fd-8936-44b2-bed4-826f858e5436,2482.23,2026-12-10 05:24:35,completed
4005aae5-1692-49c6-8229-5bbf126187d9,ba0a01fd-8936-44b2-bed4-826f858e5436,3850.0,2026-09-06 16:24:35,completed
d6686e17-8a6e-4249-88aa-f891e71fa783,55f3ec17-4396-4093-8165-731c81a2d0b1,3219.18,2026-08-05 23:20:10,completed
037ca69e-65ff-43cc-9b3a-f5daca9fd310,55f3ec17-4396-4093-8165-731c81a2d0b1,2984.83,2026-05-31 09:20:10,completed
7d9bb661-676d-4f51-a30f-817bad078041,e9491385-9728-4665-adb9-6dc8b6fc035e,6448.29,2026-03-15 00:10:37,completed
ea79364d-2e9e-4728-ac69-294d23e1d3ee,e9491385-9728-4665-adb9-6dc8b6fc035e,2777.53,2026-01-13 14:10:37,completed
a1b27422-74d5-499f-964b-f3ff9f47a851,e9491385-9728-4665-adb9-6dc8b6fc035e,7658.32,2026-05-01 20:10:37,completed
2de2c892-587f-4205-8e68-8740dc7b9113,e9491385-9728-4665-adb9-6dc8b6fc035e,6927.96,2026-03-15 20:10:37,completed
7ca9e435-885b-4a95-9ac4-20322fcb8acd,e9491385-9728-4665-adb9-6dc8b6fc035e,1731.72,2026-03-14 12:10:37,completed
af572471-dfdf-4618-88d4-29752f4a7a17,e9491385-9728-4665-adb9-6dc8b6fc035e,2194.96,2026-02-09 21:10:37,completed
ad17079d-e06f-4ce0-bea4-6d6792f199b7,e9491385-9728-4665-adb9-6dc8b6fc035e,6755.06,2026-06-17 19:10:37,completed
54d30f5d-9393-4e72-9b6a-834217a018dc,e9491385-9728-4665-adb9-6dc8b6fc035e,516.93,2026-05-12 09:10:37,completed
a466b1ef-58b7-4987-b6b9-4660ec071f58,3a207b2d-9ed8-43aa-a112-52cd3a9e0129,2941.99,2026-02-25 13:53:23,completed
eb3d01f3-3061-4500-a8a0-e07214930325,3a207b2d-9ed8-43aa-a112-52cd3a9e0129,6515.73,2025-10-27 17:53:23,completed
794fbd23-0fea-4c3f-a220-e51455787a89,3a207b2d-9ed8-43aa-a112-52cd3a9e0129,569.21,2026-03-11 22:53:23,completed
af42cde1-4ce8-4685-aeb1-853fcb681ff8,f9c9c215-c511-41fe-967a-7f9fc08065ab,1876.48,2026-12-21 05:51:34,completed
05c9991a-ae7e-47e1-b20f-20378f25523c,f9c9c215-c511-41fe-967a-7f9fc08065ab,2345.13,2027-02-03 04:51:34,refunded
cd9fb3ba-861a-4ac8-999d-f00139eec2b4,f9c9c215-c511-41fe-967a-7f9fc08065ab,4613.67,2026-09-24 20:51:34,completed
92ade9f4-fe56-4aa9-a804-595ba0d8c9dc,f9c9c215-c511-41fe-967a-7f9fc08065ab,1398.87,2026-12-28 01:51:34,failed
5fde2d22-39cc-435e-86a9-d8e091790acc,2289f0b5-a12c-4661-92bc-8b02d417a0f2,4220.15,2026-10-30 15:37:07,completed
ab891e97-9a20-47e8-90f8-ce3e332bd62d,2289f0b5-a12c-4661-92bc-8b02d417a0f2,3790.31,2026-12-23 19:37:07,completed
c2b3ad68-0bc6-46a9-b7bf-db6a366b0e8e,2289f0b5-a12c-4661-92bc-8b02d417a0f2,6415.7,2026-12-09 18:37:07,completed
56c56a3b-f9a3-4405-ae87-dfc088ac3b29,2289f0b5-a12c-4661-92bc-8b02d417a0f2,645.76,2026-12-09 00:37:07,completed
52c445b5-ddf2-4f68-af4b-daad77d38e33,30e13423-1e89-497d-b59b-071ffd70a8c8,5628.83,2027-01-03 11:13:41,completed
739cbe7d-b67d-4318-9c92-df48636a9dd9,30e13423-1e89-497d-b59b-071ffd70a8c8,6179.19,2026-08-31 21:13:41,completed
50044f81-a8bb-4f80-9e88-f72e14d90d54,30e13423-1e89-497d-b59b-071ffd70a8c8,2376.09,2026-12-23 08:13:41,completed
b5a194fc-d5e9-46a9-af3f-8c942cc983f6,30e13423-1e89-497d-b59b-071ffd70a8c8,2125.9,2026-10-15 19:13:41,completed
9658c81c-0aef-4a9b-a9db-3f8e777159ae,30e13423-1e89-497d-b59b-071ffd70a8c8,3793.29,2026-10-11 09:13:41,completed
ecb08420-5c75-4a78-9f45-5f95a9c2c74f,30e13423-1e89-497d-b59b-071ffd70a8c8,1813.4,2026-08-19 06:13:41,completed
7c6d7366-2a53-4b46-803c-64e1f52cbe88,30e13423-1e89-497d-b59b-071ffd70a8c8,7885.42,2026-11-04 09:13:41,completed
f2edc855-f4cd-4728-99b3-4359409e9778,53705b02-2c4f-4097-9544-cbf8c720bf23,570.38,2026-03-13 07:25:05,completed
391fbce1-4986-4719-98ef-99c93979826b,53705b02-2c4f-4097-9544-cbf8c720bf23,4324.92,2026-02-25 02:25:05,completed
6a829485-b3ed-429d-9cee-26b396238a63,53705b02-2c4f-4097-9544-cbf8c720bf23,3712.54,2026-05-08 14:25:05,completed
9d5cc847-e91e-4f4d-8515-6421e2fca9de,8962df63-51d7-4bb6-942f-8fab9648aac8,3416.21,2026-10-05 15:27:55,completed
8a1a92cf-5e0f-4d2f-b6cf-585dbe02f19f,8962df63-51d7-4bb6-942f-8fab9648aac8,1026.06,2026-12-02 16:27:55,completed
1fb7d05a-49f6-4878-ac9e-ff47d58702b0,fb1d70d5-50ae-47f5-b38f-93bd9a271d9a,2988.12,2026-09-24 08:03:58,completed
d2962f8a-2059-4bb6-a450-1d9f6526447b,fb1d70d5-50ae-47f5-b38f-93bd9a271d9a,1734.43,2026-09-28 18:03:58,completed
f6abc1bd-d153-4e18-9ebe-5cbbc5295a52,fb1d70d5-50ae-47f5-b38f-93bd9a271d9a,1584.81,2026-05-22 16:03:58,completed
a100b852-ebab-46ef-9054-76baf19fb8b6,fb1d70d5-50ae-47f5-b38f-93bd9a271d9a,1611.97,2026-06-24 07:03:58,completed
e0c27979-2a1e-497d-80bb-01de90477c4b,fb1d70d5-50ae-47f5-b38f-93bd9a271d9a,5323.27,2026-05-10 00:03:58,failed
cac83451-adee-4ddc-bffe-bd046a3ed50a,fb1d70d5-50ae-47f5-b38f-93bd9a271d9a,2367.69,2026-08-11 19:03:58,completed
62b21912-9692-4003-a04a-0654b911108e,77c2d471-5483-4e44-814d-cb8b2fc6772f,2395.26,2026-04-02 07:31:59,completed
54a30b02-f2c2-45b7-9a03-79a866583f4f,77c2d471-5483-4e44-814d-cb8b2fc6772f,6312.03,2025-11-16 21:31:59,completed
5ee08e11-480c-48b3-ae12-7deb2b4e1572,77c2d471-5483-4e44-814d-cb8b2fc6772f,4016.95,2026-03-20 15:31:59,completed
a7d65dd3-43e7-4e7c-afbb-fcd5509e6742,77c2d471-5483-4e44-814d-cb8b2fc6772f,1410.33,2025-11-02 09:31:59,completed
9b51c74d-5b60-43e9-b5ef-a6bb32004f1a,77c2d471-5483-4e44-814d-cb8b2fc6772f,5962.42,2026-02-03 13:31:59,completed
d953c2ed-dd7a-4106-9b97-8d0e741db6a1,77c2d471-5483-4e44-814d-cb8b2fc6772f,4722.39,2026-01-14 21:31:59,completed
38f5a449-4f4b-4bce-90bb-8701e0b7db52,77c2d471-5483-4e44-814d-cb8b2fc6772f,4119.27,2025-11-22 00:31:59,completed
51a10d77-8892-408d-8a26-5fe1cc7ab053,77c2d471-5483-4e44-814d-cb8b2fc6772f,2340.61,2025-11-12 18:31:59,completed
e5007a84-60c5-4d25-b985-d51177d46915,77c2d471-5483-4e44-814d-cb8b2fc6772f,3527.96,2026-03-22 10:31:59,completed
2e5d66cf-c24a-45b3-9941-96c8fa33d7cf,77c2d471-5483-4e44-814d-cb8b2fc6772f,2652.19,2026-03-15 14:31:59,failed
bdc07455-7eff-40cc-adca-cf0826ace4fb,77c2d471-5483-4e44-814d-cb8b2fc6772f,3237.42,2026-02-19 02:31:59,completed
1ea89478-eed6-4653-81cf-67790b66410e,77c2d471-5483-4e44-814d-cb8b2fc6772f,3754.61,2025-10-10 17:31:59,completed
7e94f581-fbca-41f9-b5f3-da46e593783b,77c2d471-5483-4e44-814d-cb8b2fc6772f,544.84,2025-10-21 17:31:59,completed
cd3a99d6-b43a-453f-8102-872efbe3ed93,77c2d471-5483-4e44-814d-cb8b2fc6772f,3488.61,2025-12-07 01:31:59,completed
fb77da38-f156-4ef9-bfb9-c9db7115c683,77c2d471-5483-4e44-814d-cb8b2fc6772f,7679.96,2026-03-03 00:31:59,completed
1b9eb924-ae08-479b-9c5a-217378b9b463,77c2d471-5483-4e44-814d-cb8b2fc6772f,4957.85,2025-10-09 23:31:59,completed
979143ec-3b2a-404b-aedc-89381a730b81,77c2d471-5483-4e44-814d-cb8b2fc6772f,2868.25,2025-11-01 04:31:59,completed
34d211f7-0c5e-4522-afab-5c35dda28ccf,77c2d471-5483-4e44-814d-cb8b2fc6772f,1964.65,2025-10-10 13:31:59,completed
a870a39a-8d31-4735-90a7-622e7b4705da,77c2d471-5483-4e44-814d-cb8b2fc6772f,1621.82,2025-11-24 14:31:59,completed
eacfc3cc-e58c-4f40-b361-9c077772743e,77c2d471-5483-4e44-814d-cb8b2fc6772f,4661.06,2025-11-29 06:31:59,completed
ef38290b-e8f9-4f01-9401-9fddc37bc94e,77c2d471-5483-4e44-814d-cb8b2fc6772f,4116.23,2026-02-04 15:31:59,completed
ec58c252-1881-4d50-a6fe-65f1edae4c79,77c2d471-5483-4e44-814d-cb8b2fc6772f,7399.78,2025-10-13 21:31:59,completed
5380c2fc-28f9-441e-894e-2aace797db25,77c2d471-5483-4e44-814d-cb8b2fc6772f,1154.39,2026-01-19 16:31:59,completed
04ee07b9-264d-4e0c-ab96-da2c9886591f,77c2d471-5483-4e44-814d-cb8b2fc6772f,3801.87,2025-10-25 04:31:59,completed
62af9d16-5aea-435a-b312-18414c67cdca,77c2d471-5483-4e44-814d-cb8b2fc6772f,1414.19,2026-01-19 14:31:59,completed
a97e251b-22d4-4197-9da7-9e6ec543ee7c,d1f420dc-b702-4fd9-be67-e8af31665013,1014.89,2025-11-12 17:35:31,completed
1ffdc4bc-552f-4aa8-8c05-465aae43095a,d1f420dc-b702-4fd9-be67-e8af31665013,7317.55,2025-11-15 22:35:31,completed
2386488b-bd84-4f4f-80cc-0897052b1f2f,d1f420dc-b702-4fd9-be67-e8af31665013,7336.74,2025-10-31 16:35:31,completed
5fe060aa-4145-4cf7-ac2b-9dd7ebf12032,9cf6c04f-3514-4858-be66-52e719eac3be,6443.34,2026-10-27 15:05:06,completed
3803557b-edf4-4997-b165-1820e3101b8b,9cf6c04f-3514-4858-be66-52e719eac3be,1903.48,2026-09-25 04:05:06,completed
e5a30710-4695-43f5-9492-87c9ac0f6c00,9cf6c04f-3514-4858-be66-52e719eac3be,1026.68,2027-01-21 12:05:06,completed
b1daf034-d165-4a21-9c17-189952ff4ff4,9cf6c04f-3514-4858-be66-52e719eac3be,3885.26,2026-12-08 05:05:06,completed
ffa8fa1d-54cb-48ae-a12b-b7d9b09e26f0,9cf6c04f-3514-4858-be66-52e719eac3be,5513.88,2026-12-29 16:05:06,completed
2d9b75cb-6c54-449d-aba3-06ff0a29c127,9cf6c04f-3514-4858-be66-52e719eac3be,4458.38,2026-11-06 14:05:06,completed
d855fd0d-4f95-4cb0-87aa-3bd5fb86cf37,9cf6c04f-3514-4858-be66-52e719eac3be,4727.29,2026-08-18 20:05:06,completed
d3341e51-6565-4512-ad27-62d180a1cae9,9cf6c04f-3514-4858-be66-52e719eac3be,1000.07,2026-12-25 10:05:06,completed
dd27c765-d870-4ef4-87b5-f210aefca868,9cf6c04f-3514-4858-be66-52e719eac3be,5714.01,2026-12-26 04:05:06,completed
4ed7ec10-b392-4599-baad-5b75ccdbdd66,9cf6c04f-3514-4858-be66-52e719eac3be,4581.22,2026-12-25 05:05:06,completed
b89fc2c1-7f8c-4b60-b29c-1ade0270b1bd,9cf6c04f-3514-4858-be66-52e719eac3be,1946.98,2026-12-19 13:05:06,completed
ddcc696f-a6f6-4a4e-968b-afa3a4fd3775,9cf6c04f-3514-4858-be66-52e719eac3be,2373.1,2026-08-24 16:05:06,completed
cb268bd9-524e-4fe5-91a4-dea10debe002,9cf6c04f-3514-4858-be66-52e719eac3be,3675.08,2026-08-16 08:05:06,completed
14f22901-02af-4e09-bbee-30318b021040,9cf6c04f-3514-4858-be66-52e719eac3be,550.47,2026-09-01 10:05:06,completed
e242f143-c7a1-4838-b1a9-7dd43af6a661,9cf6c04f-3514-4858-be66-52e719eac3be,2615.97,2027-01-01 20:05:06,completed
9db7bace-386e-4ee6-ad87-25b0d14d7a7a,9cf6c04f-3514-4858-be66-52e719eac3be,4373.97,2027-01-03 15:05:06,completed
9e8d9803-5f79-482a-8e97-f23da2713339,9cf6c04f-3514-4858-be66-52e719eac3be,5923.79,2026-09-30 04:05:06,completed
9848d2b6-f3fc-4197-9b9c-38a614c9a589,9cf6c04f-3514-4858-be66-52e719eac3be,2445.24,2026-09-29 02:05:06,completed
2c821210-5932-41d5-9b30-0a52eee3e107,f523ef9f-d733-44e6-af55-b6dcf3a49880,1202.97,2026-10-12 02:44:43,completed
5b81f260-3d3d-4fbe-9919-13ae1561458e,f523ef9f-d733-44e6-af55-b6dcf3a49880,3624.04,2026-11-02 14:44:43,completed
29e3bce1-f115-4789-8066-98c3f29b4996,f523ef9f-d733-44e6-af55-b6dcf3a49880,1582.05,2026-06-22 06:44:43,completed
99a98f8f-d10b-43d9-ab68-563f9e06dd12,f523ef9f-d733-44e6-af55-b6dcf3a49880,1442.56,2026-10-23 22:44:43,completed
603d7eb0-b1a2-4d02-84e6-d206240ad42b,f523ef9f-d733-44e6-af55-b6dcf3a49880,6162.49,2026-09-12 01:44:43,completed
95241857-45ef-4868-828a-72c0e7c6e63c,f523ef9f-d733-44e6-af55-b6dcf3a49880,3202.16,2026-06-25 01:44:43,completed
c67a7374-df56-4d41-b1be-fd4ffd4c8f97,f523ef9f-d733-44e6-af55-b6dcf3a49880,1156.47,2026-10-01 15:44:43,completed
2633f185-9a90-4490-9dd0-c6e57a345d66,2e9a805b-ebcd-40ea-b2a7-0d34fe4ac0c2,1234.15,2026-10-22 06:29:46,completed
e32c8e6c-fd6c-4e18-b0f0-76532e1e6ec6,2e9a805b-ebcd-40ea-b2a7-0d34fe4ac0c2,6890.23,2026-05-28 12:29:46,completed
0c17a6c0-e343-4172-a9a2-00de57015992,2e9a805b-ebcd-40ea-b2a7-0d34fe4ac0c2,6617.08,2026-10-21 11:29:46,completed
a1e26916-a2d3-4cdd-bf9b-8f943132c778,2e9a805b-ebcd-40ea-b2a7-0d34fe4ac0c2,6014.67,2026-10-01 18:29:46,completed
f56b6c2b-1ebc-4412-9708-e2c921a6c502,c95a5776-74eb-4f8d-a65f-37016ff74022,5815.98,2026-12-25 23:22:06,completed
c1f60bfe-4410-4847-98e1-712309e5f20f,c95a5776-74eb-4f8d-a65f-37016ff74022,2893.66,2026-08-02 17:22:06,completed
44ef1058-bd66-4d67-9e1d-59ac539740fa,c95a5776-74eb-4f8d-a65f-37016ff74022,7999.81,2026-08-21 17:22:06,completed
775cf1b3-0b29-4840-8e23-1328c2dd2f03,c95a5776-74eb-4f8d-a65f-37016ff74022,4894.78,2026-08-10 01:22:06,failed
270e78d7-9b8d-4917-96a4-0337be2f1ae2,c95a5776-74eb-4f8d-a65f-37016ff74022,1987.21,2026-12-28 16:22:06,completed
1ee61b7a-5f64-47d1-8d75-0dbd085da60e,d94ad9d2-bfb8-4a64-ad65-be10df45113e,1040.13,2026-04-15 12:28:26,completed
d001d628-ae87-4a34-b1b0-9e67a1ffdd70,d94ad9d2-bfb8-4a64-ad65-be10df45113e,4575.78,2026-05-04 00:28:26,completed
66e98c0b-fa03-4ccb-a62f-5d9dca6e4e1f,d94ad9d2-bfb8-4a64-ad65-be10df45113e,6146.07,2026-04-19 08:28:26,refunded
f9d19743-9705-4ef6-814b-0a32fb431a6b,5d2b1d9e-56fb-44c1-99a3-e14b37c05976,6497.88,2025-12-17 00:19:31,completed
6e0f2e26-066b-4faf-bf3f-be7b930aab11,19bf7417-d043-43fd-960e-3832ac453326,3465.59,2026-09-02 04:42:06,completed
61b04a73-1601-4836-b128-41c2822f9556,19bf7417-d043-43fd-960e-3832ac453326,2227.95,2026-09-16 15:42:06,completed
169dd90b-6f41-4b49-b44f-cd917dcea449,19bf7417-d043-43fd-960e-3832ac453326,3625.96,2026-12-09 05:42:06,completed
5077a94c-5db2-4bb9-9add-539f0e3ae76e,19bf7417-d043-43fd-960e-3832ac453326,1362.2,2026-06-25 00:42:06,completed
287278a6-3049-4203-81ea-8cfd202996bd,19bf7417-d043-43fd-960e-3832ac453326,4450.88,2026-06-16 01:42:06,completed
47e74f60-e1d1-46f4-bf6c-e731d707cf9c,19bf7417-d043-43fd-960e-3832ac453326,5325.16,2026-10-19 01:42:06,completed
a4551795-10a8-4f00-9dac-e1fb469f2513,19bf7417-d043-43fd-960e-3832ac453326,1449.55,2026-11-11 06:42:06,completed
308759d0-7e48-44fc-9bc3-c784e03d66d4,19bf7417-d043-43fd-960e-3832ac453326,4156.14,2026-07-17 22:42:06,completed
40b1930f-f4b6-4c01-8736-d8c7a3749154,19bf7417-d043-43fd-960e-3832ac453326,1346.76,2026-08-18 19:42:06,completed
c742a85a-cf90-456f-89b4-17b596715c55,19bf7417-d043-43fd-960e-3832ac453326,3469.21,2026-09-11 17:42:06,completed
24c53053-e577-48ac-ab63-3f1e890b5737,19bf7417-d043-43fd-960e-3832ac453326,433.96,2026-08-07 08:42:06,completed
c248bb14-8130-4f74-a2ed-55467b3b5168,19bf7417-d043-43fd-960e-3832ac453326,6241.24,2026-07-22 16:42:06,completed
13780c7f-e1cb-4ab7-b917-7ef0cf45fc87,19bf7417-d043-43fd-960e-3832ac453326,4526.93,2026-10-31 19:42:06,completed
7516b454-14d0-471f-805b-3eac1b9bf056,19bf7417-d043-43fd-960e-3832ac453326,5162.91,2026-06-29 17:42:06,completed
8677bd49-9c9f-4291-af49-634be71a019c,19bf7417-d043-43fd-960e-3832ac453326,6970.34,2026-11-02 21:42:06,completed
06d30260-748e-4a7a-a533-c61f8992bd40,19bf7417-d043-43fd-960e-3832ac453326,1631.28,2026-06-19 22:42:06,completed
e6628bba-100a-4947-870d-f451ce4db64a,570ebde8-de0f-4e21-ba56-c8509de5b620,4623.99,2025-10-21 09:34:52,completed
4fa08098-6a9c-4f99-a005-31be0ff9e3bd,570ebde8-de0f-4e21-ba56-c8509de5b620,5870.23,2026-02-09 10:34:52,failed
f536314c-176f-4e09-83b8-5390920b2596,570ebde8-de0f-4e21-ba56-c8509de5b620,1279.07,2025-11-28 14:34:52,completed
9a62de28-11c7-4649-a955-4fc529e75bdb,570ebde8-de0f-4e21-ba56-c8509de5b620,989.7,2026-03-24 21:34:52,completed
16fe6c19-181a-40d5-baeb-088948ce47bf,fa8fab94-dfb7-4a01-97d5-b3bdffc6a3b8,4132.74,2026-03-22 23:03:32,completed
64369d18-0556-47f2-82e4-9145da55de2e,fa8fab94-dfb7-4a01-97d5-b3bdffc6a3b8,6243.66,2026-01-28 08:03:32,completed
6cc5d393-ff3a-4a01-acc4-bb1e63fa2d6a,fa8fab94-dfb7-4a01-97d5-b3bdffc6a3b8,654.23,2026-01-11 10:03:32,completed
505e15fe-c71d-4e9f-a508-3a3e43261ace,fa8fab94-dfb7-4a01-97d5-b3bdffc6a3b8,7834.21,2026-04-22 06:03:32,completed
f5c4563e-8016-4286-b610-90b7fa3941bc,fa8fab94-dfb7-4a01-97d5-b3bdffc6a3b8,6654.17,2026-01-01 21:03:32,completed
1d167f01-5352-41af-ab47-e10d4c81bdb3,fa8fab94-dfb7-4a01-97d5-b3bdffc6a3b8,352.7,2026-04-14 03:03:32,completed
629d26be-4b61-4d85-8c6c-769f6f2e3b36,97a93688-dfb6-4a45-866f-b6e5358e8d8b,2680.28,2027-01-23 08:20:28,completed
369b8091-8c49-406d-977d-d42c8849c427,97a93688-dfb6-4a45-866f-b6e5358e8d8b,7700.49,2026-10-21 09:20:28,completed
e5c946d3-716b-4ddb-920e-fa0f22458929,97a93688-dfb6-4a45-866f-b6e5358e8d8b,7539.55,2026-11-28 19:20:28,completed
43da2a60-bfe5-4c74-8e29-07438f2da8e3,97a93688-dfb6-4a45-866f-b6e5358e8d8b,5444.97,2027-02-05 06:20:28,completed
f8d1fac8-28bc-4b14-a68f-6027cee38ec9,8b531139-c690-4bb4-85ef-7eaba850c4a2,3520.95,2026-08-06 09:56:20,completed
6f7ae386-3e20-4529-901b-29480db1f26d,8b531139-c690-4bb4-85ef-7eaba850c4a2,7635.82,2026-11-03 15:56:20,completed
6743136e-8ef0-4507-8530-ccce6da7a917,8b531139-c690-4bb4-85ef-7eaba850c4a2,5084.79,2026-10-14 19:56:20,completed
3257ce50-0c91-454b-8cbe-884029079fc6,4355a010-95a9-4c69-aa2d-1dfa61ff62e5,6801.18,2026-08-18 03:23:07,completed
d56aaa0e-2afc-45d9-8619-a4e30f7adce9,4355a010-95a9-4c69-aa2d-1dfa61ff62e5,920.0,2026-06-15 04:23:07,completed
0db5b531-9f48-4651-9b17-937a127a7e9e,4355a010-95a9-4c69-aa2d-1dfa61ff62e5,415.84,2026-04-16 09:23:07,completed
13447237-f80f-4688-a18a-9aad0f121850,4355a010-95a9-4c69-aa2d-1dfa61ff62e5,4655.31,2026-04-28 05:23:07,refunded
30bf63bf-c344-452d-8197-25a9405c3782,2d6c288b-59e3-4990-bf37-2fcbe7a069ca,2393.44,2026-08-31 10:55:31,completed
ac7f57bf-c9c8-4a5b-96bd-dcba1d965e80,2d6c288b-59e3-4990-bf37-2fcbe7a069ca,7066.03,2026-08-12 12:55:31,completed
218a4333-7763-41ac-8ba8-7bbe05237c90,2d6c288b-59e3-4990-bf37-2fcbe7a069ca,1461.28,2026-12-17 07:55:31,completed
f24ecfb6-4f7a-4e15-989b-18977013bfde,2d6c288b-59e3-4990-bf37-2fcbe7a069ca,4955.43,2027-01-09 16:55:31,completed
60345cf9-401d-462d-9163-d13e8f9f2b28,b2eb785f-f004-4871-ab32-5612a306ce48,5874.92,2026-11-11 01:49:33,completed
3b0f149b-e954-459d-9040-4499caa6d946,b2eb785f-f004-4871-ab32-5612a306ce48,4433.67,2026-09-14 03:49:33,refunded
61bd075b-6e71-4f56-a8cf-e3d4b9dcb822,b2eb785f-f004-4871-ab32-5612a306ce48,440.81,2026-10-16 17:49:33,completed
b4cc7c28-6012-49c0-b6a8-1019361911d8,21e61736-adb7-4c8f-89a7-f847546e4e6a,7583.95,2026-05-30 04:13:21,failed
47ba0448-eb55-4677-98f5-2a75c0d0bbd5,21e61736-adb7-4c8f-89a7-f847546e4e6a,5920.85,2026-05-21 19:13:21,completed
f7fdb3d4-c1f3-43a0-b4cb-930bcca02a02,21e61736-adb7-4c8f-89a7-f847546e4e6a,1860.3,2026-04-22 16:13:21,completed
b541b49e-0915-479a-8d86-a514814210f0,21e61736-adb7-4c8f-89a7-f847546e4e6a,3739.76,2026-07-11 21:13:21,completed
4de29069-4c18-4b4c-8fea-02f6987c21c4,8f4ea18c-c650-4afa-8809-7224966a0719,2425.37,2026-02-23 19:31:39,completed
c3cc512b-128e-4833-918c-cb83fa8b2b37,8f4ea18c-c650-4afa-8809-7224966a0719,3956.3,2026-04-06 02:31:39,completed
625bbd41-7eb3-401d-992e-a776859a61ae,8f4ea18c-c650-4afa-8809-7224966a0719,1061.54,2026-03-11 15:31:39,completed
2ed7f4c7-77c1-4531-94bd-d344a068ca34,c2fad008-cfd7-46fc-acf0-a655660e3fea,6068.96,2026-05-19 14:43:18,completed
6ba89e93-e1cd-4c4f-8288-09f72e6c4183,c2fad008-cfd7-46fc-acf0-a655660e3fea,7537.28,2026-04-06 05:43:18,completed
5775c8ad-a84f-451e-8c9d-5d080e6dbd2f,14cefa35-90a9-4825-a183-a3235e516c3f,1058.62,2026-02-20 21:50:23,completed
b376d4d4-9ecd-4b7d-a898-5500a1d29b72,14cefa35-90a9-4825-a183-a3235e516c3f,2830.66,2026-07-19 12:50:23,completed
720ea08a-abf8-4c81-902f-879c666e2071,14cefa35-90a9-4825-a183-a3235e516c3f,1886.45,2026-02-09 18:50:23,completed
1585371d-f79b-4ad3-8fd6-b18b8ce46f49,4b691fae-b8d1-4fda-893d-6302f06b5663,474.28,2026-02-03 14:56:38,completed
847e9701-4e06-4125-b7e9-39042310fbd5,4b691fae-b8d1-4fda-893d-6302f06b5663,6745.83,2026-02-11 01:56:38,completed
4742e2a8-06fc-4a1b-84f0-a47d09e0af6c,4b691fae-b8d1-4fda-893d-6302f06b5663,3903.46,2025-09-22 00:56:38,completed
adcdcd7c-c99c-49f1-a6fc-c191499b20a3,4b691fae-b8d1-4fda-893d-6302f06b5663,3499.36,2025-11-18 23:56:38,completed
c1952700-89f8-4db7-9d2c-c04ab219a830,4b691fae-b8d1-4fda-893d-6302f06b5663,6299.82,2026-02-10 07:56:38,completed
713f9a81-8047-44c9-8988-1e1b332acba4,5824a15d-97bf-41d8-9a87-7501e7627b86,7069.19,2026-06-29 01:44:40,completed
265d5473-5d94-4b41-8ef4-3be612c81bb3,5824a15d-97bf-41d8-9a87-7501e7627b86,6266.68,2026-09-02 03:44:40,completed
29d2442e-447d-48ba-bdff-211f65c145aa,5824a15d-97bf-41d8-9a87-7501e7627b86,610.45,2026-09-28 05:44:40,completed
4eca6f68-7e00-481c-8898-f84a0580ae7b,5824a15d-97bf-41d8-9a87-7501e7627b86,353.7,2026-10-16 22:44:40,completed
47d90be4-65a0-4ff7-adbb-826382f6ae3c,5824a15d-97bf-41d8-9a87-7501e7627b86,5815.65,2026-10-13 19:44:40,completed
80ced616-0312-465c-9d46-fe3690b950e9,7942a57e-ee07-4d02-89aa-707ed7a29901,5072.03,2026-08-28 22:32:41,completed
fbe5f4a8-79fb-4924-bd67-42dc4df48cdc,7942a57e-ee07-4d02-89aa-707ed7a29901,7534.94,2026-08-01 22:32:41,completed
614f97b9-71f8-435e-b491-4cb621ec4e64,7942a57e-ee07-4d02-89aa-707ed7a29901,1188.89,2026-03-29 21:32:41,completed
62cfbda7-9994-4127-ba4c-a7e6fe1e09c9,7942a57e-ee07-4d02-89aa-707ed7a29901,333.97,2026-05-22 15:32:41,completed
732c06c6-c6e0-48a1-91cf-246584d33bb1,a0ce524f-61cb-453e-afc1-2c70a6c4ce63,7653.43,2026-03-25 07:17:07,completed
4b234dee-d8ac-4a71-aeb5-f3edd3b3ab7c,a0ce524f-61cb-453e-afc1-2c70a6c4ce63,1931.49,2026-02-26 11:17:07,completed
6ac64e58-e74e-463b-a200-d52335995413,a0ce524f-61cb-453e-afc1-2c70a6c4ce63,2010.41,2026-01-20 01:17:07,completed
cc5e1071-409d-4ee2-82f9-763b87f63f07,a0ce524f-61cb-453e-afc1-2c70a6c4ce63,1997.01,2026-05-09 15:17:07,completed
75a5ed70-15c7-4c3a-8a94-e9a60b863040,ccacad38-448b-4a88-9aa4-77706e3f790b,874.38,2025-12-22 16:39:45,completed
495dd828-056b-4fc7-b3ca-0627c426bd88,ccacad38-448b-4a88-9aa4-77706e3f790b,3135.92,2025-11-01 22:39:45,completed
d4c0992f-3dc3-4b44-b25c-16e0dcafa9ed,33dbbc5e-13b6-441c-a3ca-de0016247534,3288.64,2026-05-04 05:50:05,completed
01a80175-7e9e-4b40-b4e7-8aba3ec4a0e9,33dbbc5e-13b6-441c-a3ca-de0016247534,7505.03,2026-04-02 14:50:05,completed
6cf39dbc-99ed-4f3c-a520-a1ba4d3c3e05,33dbbc5e-13b6-441c-a3ca-de0016247534,1019.74,2026-03-30 16:50:05,completed
bda7f928-64e7-44c3-93fe-8edd6efcfd63,33dbbc5e-13b6-441c-a3ca-de0016247534,3538.71,2026-03-01 15:50:05,completed
50036469-cb87-4206-95a3-401078ff298f,33dbbc5e-13b6-441c-a3ca-de0016247534,6524.56,2026-03-10 22:50:05,completed
4c69da8b-b22a-421c-b58b-e0e551681718,4e0c434b-f736-4c53-8abe-8c2611f40e8d,4548.93,2026-07-30 04:11:07,completed
50a14488-6232-4be0-9328-4f69976ccddc,4e0c434b-f736-4c53-8abe-8c2611f40e8d,887.97,2026-07-26 22:11:07,completed
27073eaf-6708-4d4d-8d55-6c17c8b480e0,4e0c434b-f736-4c53-8abe-8c2611f40e8d,1331.7,2026-11-02 04:11:07,completed
921cdfd1-49f3-4b11-9ac2-2a70c877c8b6,23a532d9-5ae8-4a72-984c-ca98aa7d36a9,3089.56,2026-12-21 17:38:34,completed
32c72823-4230-4041-b862-4776fa5dec3a,23a532d9-5ae8-4a72-984c-ca98aa7d36a9,6553.16,2027-01-26 02:38:34,completed
88d5b0a8-e4f6-4398-b44d-315c489175c1,23a532d9-5ae8-4a72-984c-ca98aa7d36a9,1482.01,2026-10-14 00:38:34,completed
12469725-771f-4c3b-abd1-21160a41af47,0493d11a-0488-4e87-bce1-4bdd4d8c3df8,3861.84,2026-01-24 16:37:16,completed
2baafb23-3328-4521-be50-be9238c42eeb,0493d11a-0488-4e87-bce1-4bdd4d8c3df8,510.34,2026-01-21 10:37:16,completed
5f717018-3602-4d4b-bee5-470f03b967fc,0493d11a-0488-4e87-bce1-4bdd4d8c3df8,3258.91,2026-02-27 22:37:16,completed
b3c40b9d-028d-4e2d-9c50-c2321d85a23f,95da418e-9ed7-4304-9220-366fc35e7090,4004.89,2026-01-28 08:45:50,completed
f4852e96-853f-492c-9268-36b80e5f0031,95da418e-9ed7-4304-9220-366fc35e7090,2663.1,2025-11-07 15:45:50,completed
9caef4bb-4b15-4032-954e-4491878ee19f,95da418e-9ed7-4304-9220-366fc35e7090,2583.1,2025-09-17 17:45:50,completed
1a546aa6-cc01-44e9-8b9f-a7b0f95fd295,95da418e-9ed7-4304-9220-366fc35e7090,5733.72,2025-11-30 04:45:50,completed
7d9ef7ff-6ab1-41ad-ba66-466d80240e9c,95da418e-9ed7-4304-9220-366fc35e7090,1630.24,2025-12-20 13:45:50,completed
77c03c2a-5d22-4644-bd0e-f1131915a84b,95da418e-9ed7-4304-9220-366fc35e7090,7855.74,2025-12-23 09:45:50,completed
d3739c53-aa5c-4789-a6dd-88a9d65f803b,95da418e-9ed7-4304-9220-366fc35e7090,2611.98,2025-10-31 05:45:50,completed
731b1c9a-44e1-4d00-bd74-3334bbd10c59,7ebc351d-b302-4611-ad35-cf403f1a7704,5325.81,2026-10-19 05:17:01,failed
d3e506c8-3278-4c99-bda0-f6a8593a880a,7ebc351d-b302-4611-ad35-cf403f1a7704,3982.41,2026-11-20 22:17:01,completed
b4e3f9cb-6b25-4ea8-8cf9-2e474b6266f6,7fb4b873-8e7b-4584-99b2-22b41246deba,2327.0,2026-03-13 12:57:06,failed
3d0117fc-fd11-4a4c-a27e-d19f6c6ffbc6,7fb4b873-8e7b-4584-99b2-22b41246deba,2099.92,2026-02-03 02:57:06,completed
e128ce77-df20-4da2-a60b-9e89ca2df668,7fb4b873-8e7b-4584-99b2-22b41246deba,2299.75,2025-12-17 01:57:06,completed
d6581e99-1656-44b4-8064-41b821c18d91,2a0492bc-52d9-40a7-950e-33de75516d0a,6014.97,2026-01-28 04:32:25,completed
447638f3-233e-43ab-887e-00204cc115e2,2a0492bc-52d9-40a7-950e-33de75516d0a,3603.8,2025-12-21 17:32:25,completed
3c3f59d2-95cc-4844-b843-e120f09acf4b,2a0492bc-52d9-40a7-950e-33de75516d0a,5353.03,2025-10-01 08:32:25,completed
ad8b5da2-ecb5-4f66-bfe7-47292a6ae401,2a0492bc-52d9-40a7-950e-33de75516d0a,4151.48,2026-01-21 23:32:25,completed
82a09708-85d2-470a-a58c-477c9ffa9a2a,2a0492bc-52d9-40a7-950e-33de75516d0a,2261.12,2026-02-03 20:32:25,completed
cf425da5-e9a8-451f-9c9f-74e9971ca84f,2a0492bc-52d9-40a7-950e-33de75516d0a,512.68,2025-10-18 16:32:25,completed
ec374fe8-d97c-4e5f-b4c9-f4a4c9c43b71,2a0492bc-52d9-40a7-950e-33de75516d0a,1693.14,2026-02-10 06:32:25,completed
4b5de197-1f49-4d5e-947d-a7225e7ec2b0,2a0492bc-52d9-40a7-950e-33de75516d0a,3806.9,2026-01-10 21:32:25,completed
5bd7b912-a755-4cde-b0e6-a9fe5ffd4143,2a0492bc-52d9-40a7-950e-33de75516d0a,7566.44,2025-10-14 20:32:25,completed
16257612-38d7-4292-a4a0-a863201138a9,2a0492bc-52d9-40a7-950e-33de75516d0a,6736.56,2025-10-25 01:32:25,completed
6807156b-d43b-4167-a324-e63dcf41e9a3,2a0492bc-52d9-40a7-950e-33de75516d0a,1229.33,2026-03-14 13:32:25,completed
f3e1312b-4a3e-447e-bf32-a7440ebfcb0d,2a0492bc-52d9-40a7-950e-33de75516d0a,2567.87,2026-01-15 03:32:25,completed
2ba571f4-f003-4391-a74a-100e1abd839a,2a0492bc-52d9-40a7-950e-33de75516d0a,2365.18,2026-02-15 09:32:25,completed
94e7b2e4-1fe9-48f9-b0cc-a288c0bc4b05,2a0492bc-52d9-40a7-950e-33de75516d0a,3185.94,2026-02-23 15:32:25,completed
9b5eb27d-af84-42bf-b7d3-90db31e0869e,5b5f50fc-8a4b-4203-97c6-139e6db9d2db,6894.88,2026-05-24 11:00:58,completed
b8f4e137-b5fe-41ff-b3df-ad13f68583f3,5b5f50fc-8a4b-4203-97c6-139e6db9d2db,7960.74,2026-01-03 16:00:58,refunded
2121852e-b94c-4725-807c-a6c25594c54f,5b5f50fc-8a4b-4203-97c6-139e6db9d2db,7840.6,2026-05-16 11:00:58,completed
497f9419-64d3-4f2f-92dc-68d228a88385,10dafc2b-5d8b-4460-a3a4-a67489b87d04,766.24,2025-12-31 18:03:56,completed
2df386f5-5bf9-4657-bb49-011f0c6db7ce,10dafc2b-5d8b-4460-a3a4-a67489b87d04,7130.36,2025-11-11 17:03:56,completed
a50abc85-d3bd-49ff-a0f6-e2c7ae5f2d0e,10dafc2b-5d8b-4460-a3a4-a67489b87d04,1793.94,2025-12-18 05:03:56,completed
d500739b-fd8b-4208-81a5-e0283c01e8b6,10dafc2b-5d8b-4460-a3a4-a67489b87d04,7548.49,2025-11-03 13:03:56,completed
be763299-680a-4739-bbc4-27f02979ee49,10dafc2b-5d8b-4460-a3a4-a67489b87d04,6730.51,2025-12-13 09:03:56,completed
330432d7-dde4-4a1f-be1b-147a376fe8a6,10dafc2b-5d8b-4460-a3a4-a67489b87d04,6866.65,2026-01-03 15:03:56,completed
e06c73a2-83b3-4ca8-ba95-461c40a210d3,7f079a17-34a8-4d30-9ebb-cae66c68d5e9,3635.88,2026-11-30 07:57:47,completed
abb2bb8d-3db4-4b71-a2a8-134ddb1f8d12,7f079a17-34a8-4d30-9ebb-cae66c68d5e9,7675.85,2026-11-27 23:57:47,completed
2c6d6d9b-a55f-4eab-8dc9-3f05725b3f0d,7f079a17-34a8-4d30-9ebb-cae66c68d5e9,1503.31,2026-10-18 09:57:47,completed
c59ab852-f2e8-403c-b8c0-8f1a4b05a199,7f079a17-34a8-4d30-9ebb-cae66c68d5e9,5681.38,2026-12-12 16:57:47,completed
cc294de9-5ae6-448a-80f9-0823590d6353,deffadec-4a64-45c9-bbdd-faafa14284e6,7933.06,2026-04-07 02:46:20,completed
34e4f8fa-541e-423c-8d2f-24907f0d2ebd,deffadec-4a64-45c9-bbdd-faafa14284e6,4708.96,2026-07-21 14:46:20,completed
3a8f46c4-c555-4b87-b603-be58dfb92843,41de00a8-e325-4147-9f79-e650d09c62d5,6247.51,2026-03-26 04:49:38,completed
9784fea5-4381-4450-826f-78d3c5c209d7,41de00a8-e325-4147-9f79-e650d09c62d5,5832.65,2025-10-26 07:49:38,completed
4ecd32b8-2082-412e-91d8-b887c06d04cf,41de00a8-e325-4147-9f79-e650d09c62d5,3792.85,2026-03-25 13:49:38,completed
aec68b37-e325-47d2-ab38-a32a94c2f943,41de00a8-e325-4147-9f79-e650d09c62d5,1881.65,2026-03-24 12:49:38,completed
5a1ee155-ac4c-4de3-b42c-bfecd086e32a,88c65ae1-9c02-4b36-a4c3-6005178be464,3785.36,2026-11-06 13:58:15,completed
e1bd045d-168c-4bee-b8bd-286a1ac25cc7,88c65ae1-9c02-4b36-a4c3-6005178be464,321.48,2026-10-16 08:58:15,completed
702a5ec3-faab-48c3-83a4-cc10f4938fd3,88c65ae1-9c02-4b36-a4c3-6005178be464,467.09,2026-08-31 08:58:15,completed
1252fcd8-bd1d-40e2-9db3-f0253b726b21,88c65ae1-9c02-4b36-a4c3-6005178be464,1095.28,2026-06-01 16:58:15,completed
343f1f25-d8a5-4b44-98db-236d50cedeee,88c65ae1-9c02-4b36-a4c3-6005178be464,1733.51,2026-07-12 14:58:15,completed
5510e061-c2be-49e0-879c-58461936df03,88c65ae1-9c02-4b36-a4c3-6005178be464,2134.11,2026-09-02 04:58:15,completed
9d280dc2-c1bf-476d-bec5-cf0937364708,08161055-34db-4719-abe0-200716f96f50,1634.82,2026-12-25 17:34:39,completed
0fce8eed-faee-4781-9eed-3f204108db02,08161055-34db-4719-abe0-200716f96f50,350.52,2026-09-19 23:34:39,completed
5de4d9c1-6296-4082-b736-40cff7d3f527,08161055-34db-4719-abe0-200716f96f50,6533.82,2026-10-31 18:34:39,completed
8f209a95-f29a-448e-a6d4-ce8971a5a023,08161055-34db-4719-abe0-200716f96f50,757.22,2026-10-25 03:34:39,completed
c17a77e1-415b-4259-b7ab-81615743ae68,08161055-34db-4719-abe0-200716f96f50,6430.85,2026-09-28 02:34:39,completed
ee371c26-316e-4f1b-9f30-9a640b302011,9907b579-2573-48b0-ba9e-7067e7f8a978,6525.73,2027-01-20 15:07:38,completed
c6ddea7e-191f-44db-baec-b6b7a130dd5c,9907b579-2573-48b0-ba9e-7067e7f8a978,6273.39,2026-10-17 18:07:38,completed
b6119eaf-77e7-45a8-b6ef-4d5142572d6a,9907b579-2573-48b0-ba9e-7067e7f8a978,3334.68,2026-10-05 08:07:38,completed
9bcf21a9-811b-4202-b489-557c1a963a2f,9907b579-2573-48b0-ba9e-7067e7f8a978,4438.01,2026-12-12 03:07:38,failed
33d62fbb-840a-4556-bb76-1791b83883a4,9907b579-2573-48b0-ba9e-7067e7f8a978,4445.42,2026-11-21 17:07:38,completed
93a484c4-7751-4e85-bce4-88956e0d41ce,9907b579-2573-48b0-ba9e-7067e7f8a978,6372.68,2026-09-25 03:07:38,completed
4c767fb5-125e-43db-89b3-86aca2538194,9907b579-2573-48b0-ba9e-7067e7f8a978,743.0,2026-09-17 04:07:38,completed
901dfd07-7e14-447c-9413-87a1f1788399,9907b579-2573-48b0-ba9e-7067e7f8a978,7034.16,2027-01-25 11:07:38,completed
2964e4e6-2d36-441e-8ce9-e3fc44ec681b,9907b579-2573-48b0-ba9e-7067e7f8a978,2169.0,2026-09-28 00:07:38,completed
ac9bd52b-639a-43e2-ba38-2fc0c73776ac,9907b579-2573-48b0-ba9e-7067e7f8a978,2679.22,2026-10-14 01:07:38,completed
05f3fec6-a525-4f0b-adb6-770a2d7c145c,9907b579-2573-48b0-ba9e-7067e7f8a978,3256.27,2026-10-04 01:07:38,completed
c1bf259f-c47d-423c-a5c3-2676ba011921,9907b579-2573-48b0-ba9e-7067e7f8a978,1864.25,2026-11-01 19:07:38,completed
1b313e06-0d22-436c-bda4-3e3aaab49dc6,9907b579-2573-48b0-ba9e-7067e7f8a978,1692.25,2027-01-31 02:07:38,completed
324b5109-f7b2-426b-815e-c0869f3e5285,9907b579-2573-48b0-ba9e-7067e7f8a978,3167.3,2027-02-20 06:07:38,completed
b776c38d-4347-4ce0-9dc5-fa70d3c43aee,9907b579-2573-48b0-ba9e-7067e7f8a978,2410.33,2026-09-26 12:07:38,completed
34299ffa-6f11-4299-8e38-37827ee7983b,9907b579-2573-48b0-ba9e-7067e7f8a978,3369.54,2027-02-11 15:07:38,completed
3818c3f0-3e9b-49fc-899f-76ad490e7896,9907b579-2573-48b0-ba9e-7067e7f8a978,5080.24,2026-09-30 21:07:38,failed
4963aa43-f977-4eea-803a-97d58690deca,9907b579-2573-48b0-ba9e-7067e7f8a978,2059.98,2026-09-24 13:07:38,completed
a262a661-9c6a-4a95-b82e-3cda5c17238f,9907b579-2573-48b0-ba9e-7067e7f8a978,7071.07,2027-01-23 04:07:38,completed
bfd9b81b-cc9c-4c33-9020-1e8da0f272f2,9907b579-2573-48b0-ba9e-7067e7f8a978,1771.1,2026-11-13 03:07:38,completed
f69615bf-a9f9-4f86-90a5-43113494c6f8,9907b579-2573-48b0-ba9e-7067e7f8a978,6922.46,2026-09-10 10:07:38,completed
4fc10a80-d36a-4282-8bf3-917a3af9119b,9907b579-2573-48b0-ba9e-7067e7f8a978,5842.42,2026-11-14 02:07:38,completed
502df080-3acf-4a91-aba9-e3ffdbc0df77,ec34f306-9afe-4cb7-be2f-d9e67855e872,6778.13,2026-02-22 01:50:32,completed
8dba50ea-6107-45c2-a5c9-72525173ed9f,ec34f306-9afe-4cb7-be2f-d9e67855e872,3849.67,2026-05-20 07:50:32,completed
84325fe6-55be-43e7-9a5d-e9369923d612,ec34f306-9afe-4cb7-be2f-d9e67855e872,3182.59,2026-05-26 11:50:32,completed
9ab56a56-4a03-481a-9959-68853f6c9780,ec34f306-9afe-4cb7-be2f-d9e67855e872,4163.23,2026-02-28 20:50:32,completed
52a5e9af-6cff-479e-b7f3-3102adb01d26,ec34f306-9afe-4cb7-be2f-d9e67855e872,2774.29,2026-04-02 12:50:32,completed
eabaf0ef-66d2-49bd-92c8-391e3309d6bd,b51f1196-7ef7-4468-8bb3-e80877d6ccd2,7762.28,2026-10-12 20:25:14,completed
d7a7965d-6ae9-4b46-94f8-1bfd465eb56e,b51f1196-7ef7-4468-8bb3-e80877d6ccd2,3621.95,2026-09-30 06:25:14,completed
7cfcde5b-326f-4345-997e-2e7b63fe45d9,b51f1196-7ef7-4468-8bb3-e80877d6ccd2,7080.83,2026-10-08 21:25:14,completed
4216ed8d-f5b3-4610-80f3-f72355207192,b51f1196-7ef7-4468-8bb3-e80877d6ccd2,3610.99,2026-10-12 09:25:14,completed
960a2282-4602-49d1-b3e1-55430c69acc2,b51f1196-7ef7-4468-8bb3-e80877d6ccd2,3897.98,2026-10-19 16:25:14,completed
fc62e5bb-43cd-4912-962f-b3d59705ce61,b51f1196-7ef7-4468-8bb3-e80877d6ccd2,7102.34,2026-07-28 04:25:14,completed
bd3410d1-46cd-4dd8-8ffc-f57ee8630e10,42e4edb0-8942-4e70-bc6f-27f9fb0353bd,1779.21,2025-12-24 08:00:08,completed
76337e47-b830-4c86-8581-fd12cb9f2eba,42e4edb0-8942-4e70-bc6f-27f9fb0353bd,5771.63,2025-11-05 19:00:08,completed
96422b89-5a2e-4459-98e5-7da98dbbb13f,42e4edb0-8942-4e70-bc6f-27f9fb0353bd,4210.95,2026-01-04 14:00:08,failed
c252920c-602a-436c-a8cc-741e306771ce,96a6d085-b279-4579-8a25-9e31f67e266a,1595.77,2026-06-14 17:16:27,completed
00a82cf5-e061-4d8b-aab4-118abc9e76d0,96a6d085-b279-4579-8a25-9e31f67e266a,5975.78,2026-07-07 16:16:27,completed
757b0216-d54a-4904-b614-d4c584289940,96a6d085-b279-4579-8a25-9e31f67e266a,1524.48,2026-10-09 08:16:27,completed
cf72bad4-01e2-4389-b8a8-b2c2331933e1,96a6d085-b279-4579-8a25-9e31f67e266a,4406.28,2026-08-09 20:16:27,completed
01c28b18-2ef7-4ed7-9d8c-edcfc8fe8820,d064e265-8b2f-416f-9e13-eee42b971cb1,7098.51,2026-06-25 22:40:07,completed
cfab69e9-e7b8-44ed-a41e-6b549928b65b,d064e265-8b2f-416f-9e13-eee42b971cb1,4835.16,2026-02-28 03:40:07,completed
af7a2342-f404-4abb-a9ed-80d5aa571e98,d064e265-8b2f-416f-9e13-eee42b971cb1,6853.33,2026-03-02 06:40:07,failed
4444c5eb-ead2-433a-8e8e-08aba8043754,41ba9683-fced-42aa-9942-07b978505a48,469.75,2026-01-05 12:31:50,completed
cccf0154-4d1d-4935-b190-ceaa9d9f158f,41ba9683-fced-42aa-9942-07b978505a48,410.76,2026-02-19 05:31:50,failed
e620a2b7-beac-4b12-a983-35b77cee980d,41ba9683-fced-42aa-9942-07b978505a48,536.19,2026-07-04 06:31:50,completed
5fdc6d8b-a673-46c7-8862-ee27a8efbd8a,41ba9683-fced-42aa-9942-07b978505a48,400.2,2026-01-15 14:31:50,completed
21ca7324-91a2-4d57-85c4-b6dfa47accbe,a4bc4f56-2877-4092-aeda-387dd8da5e3c,379.49,2026-11-19 12:46:01,completed
1a430723-1eae-4e09-a29d-5f7a213d8d72,a4bc4f56-2877-4092-aeda-387dd8da5e3c,2389.6,2026-09-04 04:46:01,completed
4fa13748-b505-4244-b413-78f58fe0f704,a4bc4f56-2877-4092-aeda-387dd8da5e3c,2016.57,2026-10-24 11:46:01,completed
dbb6474f-92eb-428f-a3b9-182fe15bb054,a4bc4f56-2877-4092-aeda-387dd8da5e3c,5250.44,2026-08-27 03:46:01,completed
b75b17ca-c0bb-47f3-93f2-5f96ff6e3afd,18bcf0cb-75f3-4586-80bc-4898fb249a96,7527.92,2026-03-15 23:43:21,completed
1f0affd6-c309-48e5-99a6-0085db12f4fd,18bcf0cb-75f3-4586-80bc-4898fb249a96,6591.88,2026-05-30 21:43:21,completed
a6127486-8cb7-4d87-b7cf-51934b931e0f,18bcf0cb-75f3-4586-80bc-4898fb249a96,3917.99,2026-04-12 00:43:21,completed
e5828560-09c0-43e4-815b-4be672bee64b,18bcf0cb-75f3-4586-80bc-4898fb249a96,3535.72,2026-07-03 21:43:21,completed
5b1f7f0c-3ee8-424c-aecd-a5217cc40f4b,18bcf0cb-75f3-4586-80bc-4898fb249a96,1904.9,2026-02-28 23:43:21,completed
1935b4f8-b66e-4f32-a52c-022de357a06d,09e6aa6c-78f7-449d-bb21-2938890d396b,7076.0,2026-10-26 11:04:02,completed
15031408-eb46-4bf8-81f2-70069a2b6667,09e6aa6c-78f7-449d-bb21-2938890d396b,1070.67,2026-09-18 20:04:02,completed
e139c4b3-c5e6-4f3d-8017-cc97315a7648,09e6aa6c-78f7-449d-bb21-2938890d396b,4106.99,2026-05-25 12:04:02,completed
0d2e90a9-cd69-4843-b6ab-7c85a573a626,09e6aa6c-78f7-449d-bb21-2938890d396b,1707.19,2026-07-07 15:04:02,completed
ec8c265a-849c-4477-911e-3c3d86359da8,09e6aa6c-78f7-449d-bb21-2938890d396b,2668.92,2026-08-02 03:04:02,completed
ae2e7c20-e3cd-49a0-96a4-11af1469d944,09e6aa6c-78f7-449d-bb21-2938890d396b,2368.75,2026-06-09 01:04:02,completed
d76fd865-bfee-4e52-b8f5-c37cd096c511,2ecbeaf3-b875-4e21-98c8-cfbdd930d938,5118.83,2026-07-26 22:47:54,completed
b121df37-449b-4c62-bd7f-7ab329708e0d,2ecbeaf3-b875-4e21-98c8-cfbdd930d938,5891.07,2026-08-05 11:47:54,completed
717a0d05-a2d3-4945-8fd2-849bdcb96784,2ecbeaf3-b875-4e21-98c8-cfbdd930d938,6445.24,2026-10-28 01:47:54,failed
d610bc14-acec-412f-9a52-c7dad72d961b,2ecbeaf3-b875-4e21-98c8-cfbdd930d938,897.92,2026-10-24 13:47:54,completed
fc722ed7-3473-47d2-b718-2456c6e49148,d7536a52-d0bb-4641-9f54-300f8529e31d,1022.75,2026-11-25 07:08:15,completed
c05d1a3e-6e29-4b6b-9dbd-3df62b6eedf2,d7536a52-d0bb-4641-9f54-300f8529e31d,1934.55,2026-10-20 03:08:15,completed
cd302f54-5564-4825-bf32-1a59041568c9,d7536a52-d0bb-4641-9f54-300f8529e31d,3775.57,2026-09-16 13:08:15,completed
656fb5d9-d575-46b9-92cf-0bcae57cb5fc,d7536a52-d0bb-4641-9f54-300f8529e31d,3488.52,2026-09-10 00:08:15,completed
859c7e6c-703d-43a5-8442-56b96228b6fc,d7536a52-d0bb-4641-9f54-300f8529e31d,3411.82,2026-12-02 23:08:15,completed
352df8f3-bbfa-4a88-8d18-c78037adb4d1,d7536a52-d0bb-4641-9f54-300f8529e31d,7093.46,2026-06-29 22:08:15,completed
6cad16de-0729-4115-83de-31c4961bd010,d7536a52-d0bb-4641-9f54-300f8529e31d,4698.65,2026-09-16 03:08:15,completed
ab15a8fa-c08c-4c1b-b73b-7a1d5452ac4d,d7536a52-d0bb-4641-9f54-300f8529e31d,5657.49,2026-07-21 01:08:15,completed
c41c34c7-e7df-45ca-8799-a0e5e7e2a22f,d7536a52-d0bb-4641-9f54-300f8529e31d,2672.1,2026-07-10 11:08:15,completed
a8845c04-1a17-4724-a2bf-cb92323e9cd8,d7536a52-d0bb-4641-9f54-300f8529e31d,4628.17,2026-10-07 07:08:15,completed
ba94cd62-8988-49fb-9bcb-b9508d2695e5,d7536a52-d0bb-4641-9f54-300f8529e31d,7093.73,2026-08-11 22:08:15,completed
43b62195-a4ba-463e-8b5d-3252c154a694,d7536a52-d0bb-4641-9f54-300f8529e31d,3720.39,2026-06-21 18:08:15,completed
7b148499-1316-45e1-8d7d-a8b31901bcef,d7536a52-d0bb-4641-9f54-300f8529e31d,508.28,2026-11-11 03:08:15,completed
7375c875-1398-48ca-bb7b-73b4ac551c0c,d7536a52-d0bb-4641-9f54-300f8529e31d,6594.16,2026-10-03 08:08:15,completed
a04ea79a-33a8-4520-8ee1-a2cac02eb3c9,d7536a52-d0bb-4641-9f54-300f8529e31d,1709.38,2026-07-13 04:08:15,completed
b6cd104c-8b08-4843-90a9-44a54967886c,d7536a52-d0bb-4641-9f54-300f8529e31d,5246.27,2026-09-26 02:08:15,completed
60d74bf8-7f6c-4be2-88dd-30ffe3f0ba7e,d7536a52-d0bb-4641-9f54-300f8529e31d,3781.34,2026-11-16 11:08:15,completed
8ff2f3f6-a2f5-4945-a8fd-823a6b71dad1,d7536a52-d0bb-4641-9f54-300f8529e31d,6151.44,2026-09-30 21:08:15,completed
fc179113-1787-40b3-b125-b278811075e1,d7536a52-d0bb-4641-9f54-300f8529e31d,1880.4,2026-06-23 23:08:15,completed
39884d96-8b51-4e25-9194-fc70363ac497,d7536a52-d0bb-4641-9f54-300f8529e31d,5662.09,2026-08-29 08:08:15,completed
b7156e26-3ab4-4f00-9ad9-e3d884001ba9,d7536a52-d0bb-4641-9f54-300f8529e31d,485.34,2026-10-19 02:08:15,completed
6c61d799-acd4-4ef1-b24f-6d09802194e4,d7536a52-d0bb-4641-9f54-300f8529e31d,6797.59,2026-11-22 21:08:15,completed
e7e7bf12-786a-4172-906b-0ff1ca796f46,d7536a52-d0bb-4641-9f54-300f8529e31d,1208.2,2026-11-05 15:08:15,completed
c2096c27-b90f-40df-9d11-b32ce49d47ec,d7536a52-d0bb-4641-9f54-300f8529e31d,3553.92,2026-08-19 07:08:15,completed
782a10b2-41e8-4111-b658-11970e2976e9,d7536a52-d0bb-4641-9f54-300f8529e31d,5557.51,2026-07-02 04:08:15,completed
92221635-cd20-4c04-ba11-61a6aa2c1555,daf571ec-c8f6-4364-b994-b5d0c695006a,3420.23,2026-02-06 17:52:11,completed
b73f4d80-61bc-41a5-a2e4-0a7f6837a62c,daf571ec-c8f6-4364-b994-b5d0c695006a,4853.46,2025-11-27 04:52:11,completed
3a09018e-1327-4923-94f3-7ae21a3daab0,daf571ec-c8f6-4364-b994-b5d0c695006a,970.65,2026-05-09 05:52:11,completed
23af8ed2-5932-4d77-930d-9bf139ba4a7a,daf571ec-c8f6-4364-b994-b5d0c695006a,5225.95,2026-02-11 07:52:11,completed
44b332b4-923c-4c46-bbad-af5c075d582e,daf571ec-c8f6-4364-b994-b5d0c695006a,4654.97,2025-12-18 07:52:11,refunded
f2a4a603-03f5-4b78-b857-27b896c18221,daf571ec-c8f6-4364-b994-b5d0c695006a,4910.87,2026-03-14 22:52:11,completed
b027ff97-2163-4d14-aa49-9eb3a8b2fb87,daf571ec-c8f6-4364-b994-b5d0c695006a,315.34,2026-02-15 15:52:11,completed
454422b0-3141-4448-a0ce-a3f830ca3f71,daf571ec-c8f6-4364-b994-b5d0c695006a,7994.91,2026-04-24 14:52:11,completed
d4c5bb2d-c012-4928-915b-fdf2d9d53509,daf571ec-c8f6-4364-b994-b5d0c695006a,5371.9,2026-03-31 21:52:11,completed
9c4a0538-eab5-4bb4-a63f-027d6461552f,daf571ec-c8f6-4364-b994-b5d0c695006a,7011.05,2025-12-03 20:52:11,completed
1f054713-fc79-4c84-acd8-583597c975e9,daf571ec-c8f6-4364-b994-b5d0c695006a,1159.67,2025-12-09 12:52:11,completed
d6b74a71-f2b9-482c-80f9-f51ac60f9e83,daf571ec-c8f6-4364-b994-b5d0c695006a,7644.63,2025-11-21 10:52:11,completed
5e0b87da-93f9-4f9f-85cc-2b89a4d2dfc4,daf571ec-c8f6-4364-b994-b5d0c695006a,7099.32,2026-01-15 19:52:11,completed
c0c10ccc-8548-459d-be64-d28f58345128,daf571ec-c8f6-4364-b994-b5d0c695006a,6852.04,2025-12-03 01:52:11,completed
9c28dba0-43af-4eb2-b930-13aa6abfb50e,daf571ec-c8f6-4364-b994-b5d0c695006a,7239.64,2026-04-17 21:52:11,completed
2843aae6-f2cd-4458-84b9-f026c8790a1e,daf571ec-c8f6-4364-b994-b5d0c695006a,7534.01,2025-12-13 08:52:11,failed
41d8f6ab-f503-47bb-a0bf-83c97c3a43de,daf571ec-c8f6-4364-b994-b5d0c695006a,7514.25,2025-12-01 01:52:11,refunded
36db52bd-d2c7-4925-b8d3-062006423910,daf571ec-c8f6-4364-b994-b5d0c695006a,3736.25,2026-03-05 18:52:11,completed
56b30df3-3a54-4611-89dd-b65064780488,daf571ec-c8f6-4364-b994-b5d0c695006a,542.13,2025-11-27 14:52:11,completed
69fea000-0f22-4665-a735-07a7f2f8d66a,daf571ec-c8f6-4364-b994-b5d0c695006a,1456.71,2025-12-06 12:52:11,completed
64bf7bf6-6ff4-41a5-b89b-6357db206459,daf571ec-c8f6-4364-b994-b5d0c695006a,6999.91,2026-03-06 15:52:11,completed
0c34342a-2c2d-4119-a73a-a6b9193b916b,daf571ec-c8f6-4364-b994-b5d0c695006a,7588.25,2026-02-04 14:52:11,completed
302530d8-538b-4ea5-81d8-3ba4dd117f07,daf571ec-c8f6-4364-b994-b5d0c695006a,4208.85,2025-11-24 12:52:11,completed
b013cfdf-e039-4bbf-a97a-ecb121ea04b6,d5f09ede-722b-4c65-9413-a62a7125215d,3895.34,2026-10-27 23:53:40,completed
9deb69d7-c260-46cb-954a-69c4494f3672,d5f09ede-722b-4c65-9413-a62a7125215d,3556.96,2026-06-25 07:53:40,completed
658161f5-8388-405a-bc2d-e27cbf7f5fba,d5f09ede-722b-4c65-9413-a62a7125215d,7186.47,2026-07-04 17:53:40,completed
9146f81c-a7ef-4251-8262-d81182783d35,d5f09ede-722b-4c65-9413-a62a7125215d,1319.72,2026-07-19 09:53:40,completed
d5c87e47-4a5a-4c88-a7f2-13ddb31a0a05,d5f09ede-722b-4c65-9413-a62a7125215d,2148.83,2026-10-18 22:53:40,completed
dfdb3746-e7a0-4678-9a52-b7510cdb8436,ebdf97fc-aa44-49b3-b9b8-4ee19fa30e9e,7094.2,2026-06-10 23:32:36,completed
e61681ee-4fed-4132-9965-894c5afba471,ebdf97fc-aa44-49b3-b9b8-4ee19fa30e9e,3237.44,2026-04-20 03:32:36,completed
aa580d5e-a83c-44b5-8f6f-29438b0ed36f,ebdf97fc-aa44-49b3-b9b8-4ee19fa30e9e,4318.79,2026-08-07 01:32:36,completed
30b8b432-a8d7-47d3-8e8b-14a1b005e50b,ebdf97fc-aa44-49b3-b9b8-4ee19fa30e9e,384.33,2026-06-27 17:32:36,completed
53d1057b-d502-48fd-a3d8-3b24e8011d2b,ebdf97fc-aa44-49b3-b9b8-4ee19fa30e9e,1549.76,2026-08-12 14:32:36,completed
1b1dc609-45fc-4b67-a87b-c96863c0ea24,ebdf97fc-aa44-49b3-b9b8-4ee19fa30e9e,4808.86,2026-04-20 06:32:36,completed
4c2b526f-ea57-4407-a5b6-b9cfe07fe42f,ebdf97fc-aa44-49b3-b9b8-4ee19fa30e9e,2214.56,2026-04-04 00:32:36,completed
c7814ce0-628c-4264-904d-92e43582ab01,ebdf97fc-aa44-49b3-b9b8-4ee19fa30e9e,6636.47,2026-05-03 11:32:36,completed
b99b7a6e-5b29-4fb0-af80-7c9a733c9d1e,ebdf97fc-aa44-49b3-b9b8-4ee19fa30e9e,5297.49,2026-03-11 00:32:36,completed
dea52ec4-ab97-4138-aeb2-5bd2a7ccef4b,ebdf97fc-aa44-49b3-b9b8-4ee19fa30e9e,2750.49,2026-03-29 02:32:36,completed
a0842d05-9852-41a8-954a-9377adf74b74,ebdf97fc-aa44-49b3-b9b8-4ee19fa30e9e,3032.42,2026-08-19 02:32:36,completed
b9f8a890-6b62-4597-be3c-7b8ae4071424,ebdf97fc-aa44-49b3-b9b8-4ee19fa30e9e,909.53,2026-06-12 01:32:36,completed
66428397-e005-477f-a7c7-a3c3bd6cd339,ebdf97fc-aa44-49b3-b9b8-4ee19fa30e9e,2443.54,2026-06-16 04:32:36,completed
757cb098-8dcc-4adf-a0ea-8a4305291c2d,ebdf97fc-aa44-49b3-b9b8-4ee19fa30e9e,2394.22,2026-04-27 05:32:36,completed
bd3ee1e5-be2d-465f-b211-d84e8d27bf0e,ebdf97fc-aa44-49b3-b9b8-4ee19fa30e9e,3012.54,2026-07-04 10:32:36,completed
f664329e-0dfb-435a-bdf5-1f212b4f517e,2f61ac7e-2b0a-4510-879a-025b9719dc29,2428.63,2026-04-18 22:35:50,completed
b2e3785e-47ad-4753-ad0c-64e19bd943ee,2f61ac7e-2b0a-4510-879a-025b9719dc29,7697.62,2026-03-27 19:35:50,completed
cc54f395-b616-49ae-9b1b-014b39a068a9,2f61ac7e-2b0a-4510-879a-025b9719dc29,3869.66,2025-12-22 03:35:50,completed
373168e0-38d8-402c-94be-e994439af242,2f61ac7e-2b0a-4510-879a-025b9719dc29,867.41,2026-04-27 04:35:50,completed
03bc3590-1be6-4736-b0d1-244fc90a4f5c,2f61ac7e-2b0a-4510-879a-025b9719dc29,7751.99,2026-03-02 09:35:50,completed
ed60d2ad-ff06-458d-9867-e84c4aefd35c,1a0efb5d-b4ba-4347-ad6c-a2eddc6b2fce,7625.13,2026-07-17 12:32:36,completed
3e5202b6-81a2-4f6f-9c17-0fcc4921f037,1a0efb5d-b4ba-4347-ad6c-a2eddc6b2fce,7701.59,2026-10-15 20:32:36,completed
3ce2f0d9-da1c-4f32-87de-b10c5d9757a3,1a0efb5d-b4ba-4347-ad6c-a2eddc6b2fce,3365.79,2026-07-05 08:32:36,refunded
2eb59371-f7ec-4d37-ad29-f6f52089e38e,1a0efb5d-b4ba-4347-ad6c-a2eddc6b2fce,1756.41,2026-10-27 02:32:36,completed
b087e5b2-4668-49bd-ab1d-c9ca722f70c5,b85c3080-1ac8-4a44-877d-d2c0ac6e0cb0,1488.26,2026-06-18 02:37:30,completed
ba583167-0dc8-4c4c-bfbe-2536006b2be3,b85c3080-1ac8-4a44-877d-d2c0ac6e0cb0,1958.09,2026-06-21 06:37:30,completed
1ff51e80-ade0-451a-91aa-3e27be61ecf8,b85c3080-1ac8-4a44-877d-d2c0ac6e0cb0,3872.73,2026-05-19 19:37:30,completed
ccbe6921-e2d3-44e6-9044-2ede060cad3e,caae37b6-e47e-42a6-809a-870623a3b77a,1234.92,2026-09-04 21:20:22,failed
59fab9d2-6bb1-44a6-b0a7-6211130f39d5,caae37b6-e47e-42a6-809a-870623a3b77a,4329.08,2026-08-06 00:20:22,completed
b6c9bf0b-a5db-4cf5-bd13-dbb302b291b7,caae37b6-e47e-42a6-809a-870623a3b77a,1036.47,2026-08-05 03:20:22,completed
bd13a7ce-1d78-464b-a054-dd4d5bd2ea0d,caae37b6-e47e-42a6-809a-870623a3b77a,6186.16,2026-10-15 07:20:22,completed
08925d2f-0c80-436f-8d98-8c2ccb9fbb67,caae37b6-e47e-42a6-809a-870623a3b77a,334.03,2026-07-03 20:20:22,failed
33af0d02-b7a5-4ec6-8ded-d9337809df4c,caae37b6-e47e-42a6-809a-870623a3b77a,5323.26,2026-06-18 17:20:22,completed
d74f813e-8065-4c9e-8b4e-632ccdca3581,458a8e81-68bd-4bed-8931-b0ba382db7b3,5877.7,2026-10-21 23:39:48,completed
ae14f45d-1426-4b67-9f26-72868acd78c0,458a8e81-68bd-4bed-8931-b0ba382db7b3,2046.58,2026-09-28 18:39:48,completed
16c46b0f-3df0-4a5f-9f40-b54a2c18f208,74c84926-610d-49b9-880a-6e810406e034,1210.21,2026-11-21 10:54:12,completed
3a2b7469-bccc-49a7-8b16-efefebe54277,74c84926-610d-49b9-880a-6e810406e034,7238.73,2026-11-24 23:54:12,completed
76aa58e0-b151-4c13-9994-6d29ce8e2946,74c84926-610d-49b9-880a-6e810406e034,5019.31,2026-10-28 12:54:12,failed
c6a7fa95-7796-4418-8240-a6c965efd034,74c84926-610d-49b9-880a-6e810406e034,5469.49,2026-10-20 04:54:12,completed
58198893-5fb8-417b-80c4-20da5b18e9bf,74c84926-610d-49b9-880a-6e810406e034,7296.15,2026-12-18 06:54:12,completed
8f368090-3479-4b14-9f67-8451863ff21b,74c84926-610d-49b9-880a-6e810406e034,1706.42,2026-12-13 12:54:12,completed
3f674323-3bd4-4851-bccc-959fdaa3f940,74c84926-610d-49b9-880a-6e810406e034,4030.49,2026-08-28 08:54:12,completed
a90bee1a-1cc2-41ec-9ae2-1e95ae7603df,74c84926-610d-49b9-880a-6e810406e034,2309.84,2026-12-02 11:54:12,completed
4ed662fa-4cae-4e06-bd21-beb6393ecd3c,3b8b11c4-ebcb-43c6-8e0c-c0efb69d5076,7838.28,2026-03-26 07:13:55,completed
2241ce06-c4e4-4cf7-a11f-af339435e06c,3b8b11c4-ebcb-43c6-8e0c-c0efb69d5076,7070.97,2026-02-03 02:13:55,completed
3741e497-5398-422d-89a8-0d6d07cbbb02,3b8b11c4-ebcb-43c6-8e0c-c0efb69d5076,7501.37,2026-04-18 01:13:55,completed
881ced36-c325-4410-ba49-6950bba87bb2,3b8b11c4-ebcb-43c6-8e0c-c0efb69d5076,4351.68,2026-02-13 03:13:55,completed
70fd2e77-c6d6-42c4-b019-fe92480f5ad7,91c43007-c067-46f7-b0cb-bfa714a73a9c,5243.06,2025-10-26 21:04:42,completed
009840f6-99a0-4eeb-9d06-a26c22186b88,91c43007-c067-46f7-b0cb-bfa714a73a9c,7533.2,2025-09-18 10:04:42,completed
d33dfac2-bf96-46bc-b17b-74e177cd8454,91c43007-c067-46f7-b0cb-bfa714a73a9c,2036.65,2025-10-17 23:04:42,completed
66e269c2-89db-4df5-b630-92ec71c2cc4c,91c43007-c067-46f7-b0cb-bfa714a73a9c,2731.26,2025-11-05 16:04:42,completed
dc2a9031-3a77-4a6e-932d-c4fa4e40509d,91c43007-c067-46f7-b0cb-bfa714a73a9c,4118.18,2025-09-20 02:04:42,completed
becefa7c-999c-4c59-bdf9-2a0a55c8fdc7,0802fca8-ddc3-4f71-ba88-9774bc718343,6133.28,2025-09-23 17:48:10,completed
3b0f1697-cf30-40c9-81b5-fe888cb73c65,0802fca8-ddc3-4f71-ba88-9774bc718343,2868.15,2025-10-23 11:48:10,completed
e3427c10-0cba-4977-ab6d-d52549361ffe,0802fca8-ddc3-4f71-ba88-9774bc718343,4849.05,2026-02-05 05:48:10,completed
154976cc-2626-4b06-b873-649cea08dc0d,0802fca8-ddc3-4f71-ba88-9774bc718343,1762.06,2025-10-27 16:48:10,completed
f8361eb9-1bc3-41a8-a5ab-66d511906dab,0802fca8-ddc3-4f71-ba88-9774bc718343,3753.87,2025-11-22 19:48:10,completed
b61f5ce6-01fd-49c0-9ce7-bc73646f7a7f,0802fca8-ddc3-4f71-ba88-9774bc718343,497.68,2025-09-08 18:48:10,completed
28765b8b-c767-4fac-862c-dff40a9858f6,0802fca8-ddc3-4f71-ba88-9774bc718343,6263.39,2026-01-22 23:48:10,completed
3e4903f2-046d-4d70-9789-5d7792b230b7,0802fca8-ddc3-4f71-ba88-9774bc718343,3922.36,2025-09-24 10:48:10,completed
d494b731-0cec-4a96-824a-949b79a3c403,0802fca8-ddc3-4f71-ba88-9774bc718343,5150.04,2026-02-10 12:48:10,refunded
5bfdcfa8-dedc-470f-bb13-a7b8f1ac6519,0802fca8-ddc3-4f71-ba88-9774bc718343,7807.41,2026-03-04 03:48:10,completed
365e82e6-b1d7-4fae-a745-44b227821f71,0802fca8-ddc3-4f71-ba88-9774bc718343,1581.73,2026-03-04 17:48:10,completed
0e501e21-cf59-4d0f-9550-c08e33476d8b,0802fca8-ddc3-4f71-ba88-9774bc718343,3253.16,2025-12-05 12:48:10,refunded
07f67e5e-b7ed-419d-9c8e-592360d79571,0802fca8-ddc3-4f71-ba88-9774bc718343,4599.25,2025-09-18 05:48:10,completed
346d5dbe-816a-44f1-8171-6cb39e059a4b,0802fca8-ddc3-4f71-ba88-9774bc718343,6013.3,2025-09-08 21:48:10,completed
4b042d81-7daa-4006-a90c-1232a436f84d,0802fca8-ddc3-4f71-ba88-9774bc718343,3779.57,2025-10-02 20:48:10,completed
a418f076-0a17-4d69-99d7-12c7d41b40ef,0802fca8-ddc3-4f71-ba88-9774bc718343,2216.35,2026-02-13 22:48:10,completed
6d390c33-3549-44f7-98d1-aa47f2a123e0,0802fca8-ddc3-4f71-ba88-9774bc718343,6623.69,2025-12-18 11:48:10,completed
e1b83bb3-2c7f-4b8a-ad5d-7476d463e4cd,0802fca8-ddc3-4f71-ba88-9774bc718343,7170.41,2025-11-19 10:48:10,completed
e8941868-4cac-495c-acdc-5b3bf57c7bf8,0802fca8-ddc3-4f71-ba88-9774bc718343,1202.67,2025-11-26 20:48:10,completed
fd759801-2f42-44fb-9d9e-a7d58a9f5012,0802fca8-ddc3-4f71-ba88-9774bc718343,6371.16,2025-09-12 17:48:10,completed
4ca33b02-6231-4b6c-8385-ba3d27598a48,0802fca8-ddc3-4f71-ba88-9774bc718343,485.83,2025-10-23 12:48:10,completed
8ed6ecf5-3503-4461-9ded-cdf567cbf377,10081471-7724-4d70-be92-b7566fac4211,2136.82,2026-04-13 15:43:19,completed
702572b9-d8a5-403b-bfc6-cf9b1516ee28,10081471-7724-4d70-be92-b7566fac4211,7603.6,2026-07-20 09:43:19,completed
9b226042-a27c-41a8-837a-ad520676b95a,10081471-7724-4d70-be92-b7566fac4211,3725.08,2026-08-27 15:43:19,failed
670d3068-ccd8-49be-a34b-2825076f492a,9cc190cb-62b9-492d-8dd9-aa86c8620976,4982.22,2026-08-01 07:50:06,completed
fe41bc69-922d-411e-b585-6434c7657746,9d973303-ab60-443b-a825-31e26fafc6d2,5761.56,2026-02-25 15:41:13,completed
1753e536-d949-4f85-8be7-8606d59a029b,9d973303-ab60-443b-a825-31e26fafc6d2,5850.41,2026-01-12 05:41:13,completed
7b8145d4-e158-4cc3-9538-fc4e8fd81cd6,9d973303-ab60-443b-a825-31e26fafc6d2,3906.86,2025-12-04 12:41:13,completed
44105ce5-1e1d-4390-ab6c-638e8a01c673,9d973303-ab60-443b-a825-31e26fafc6d2,7230.02,2025-11-25 22:41:13,completed
c0a84899-1223-4300-8a76-5b3003f66925,9d973303-ab60-443b-a825-31e26fafc6d2,5842.72,2026-03-10 21:41:13,completed
983e4828-c54e-48cb-a53d-9bf4cc46e31e,e7ca34d8-9669-452b-ac64-bd2d4c0aeb4e,7838.67,2026-01-14 06:01:04,completed
c41017dd-c753-4acc-b54a-88cee7c55a65,e7ca34d8-9669-452b-ac64-bd2d4c0aeb4e,4464.56,2026-06-06 09:01:04,completed
20a7d814-b6dd-42a6-ac14-28b3accb508b,e7ca34d8-9669-452b-ac64-bd2d4c0aeb4e,2472.54,2026-06-30 07:01:04,completed
c41ad0d9-751e-4ac4-8fca-751428b927f3,e7ca34d8-9669-452b-ac64-bd2d4c0aeb4e,7310.61,2026-01-26 17:01:04,completed
4f854dd1-be7e-4e31-b744-cb8a8e5f921e,b3d0e0e2-5e8d-4e34-8d51-72d21df688cf,4562.3,2026-02-17 22:36:00,completed
add097bb-6c31-4b2d-a57e-27c6c0edad27,b3d0e0e2-5e8d-4e34-8d51-72d21df688cf,2155.46,2026-04-21 17:36:00,completed
fd702bcf-a626-4c66-bbac-d7725b66ff11,b3d0e0e2-5e8d-4e34-8d51-72d21df688cf,549.08,2026-02-22 07:36:00,refunded
ffad113c-9658-434f-af48-d42bad75ad07,b3d0e0e2-5e8d-4e34-8d51-72d21df688cf,1429.9,2026-07-19 09:36:00,completed
32fee143-42fe-477e-9d48-53fc3e899a7a,b3d0e0e2-5e8d-4e34-8d51-72d21df688cf,3965.58,2026-06-27 03:36:00,completed
eab12392-be2e-4eb0-aacc-83b782f1c187,3c9cc097-234b-42b1-b74e-9c85b8fd0945,1318.48,2026-04-10 16:40:22,completed
dd0a2cb2-d0e5-4d80-84b3-1a72522db1a6,3c9cc097-234b-42b1-b74e-9c85b8fd0945,4736.88,2026-02-08 14:40:22,completed
2ecd4826-5817-4a8d-8d6d-66c805b438f9,2394db19-795a-453c-b26a-2a39f4185d92,867.28,2025-11-20 04:15:40,completed
86aad058-ab55-4ac7-8b63-b17a86309dd5,9aed05d5-8827-41c8-ba06-af8c8e48567c,345.72,2026-08-18 07:35:32,completed
24cd27bb-73c2-4198-8c05-2f627c4c5993,9aed05d5-8827-41c8-ba06-af8c8e48567c,7446.57,2026-08-26 02:35:32,completed
d706a12a-d48a-46e7-b52f-04e2f21868c5,9aed05d5-8827-41c8-ba06-af8c8e48567c,2138.04,2026-06-14 15:35:32,completed
519e06e1-41de-4187-b828-bc0001913655,9aed05d5-8827-41c8-ba06-af8c8e48567c,4387.94,2026-07-18 15:35:32,completed
08f0bc99-df1f-4ec2-a923-2d3121e7fce3,9aed05d5-8827-41c8-ba06-af8c8e48567c,6748.13,2026-09-28 10:35:32,completed
a2a48544-3526-42ec-a6d3-fb5cdbab3dcc,9aed05d5-8827-41c8-ba06-af8c8e48567c,1965.94,2026-09-12 17:35:32,failed
8c53b497-03d4-41e5-9b00-d7ba17acd2be,9aed05d5-8827-41c8-ba06-af8c8e48567c,1569.8,2026-04-27 08:35:32,completed
713d4437-44a3-4fdd-99f9-bc7ccc500cd5,9aed05d5-8827-41c8-ba06-af8c8e48567c,3109.24,2026-06-15 10:35:32,failed
b1226dfc-9a7a-4c12-afb8-7499e4f000b4,9aed05d5-8827-41c8-ba06-af8c8e48567c,1517.21,2026-04-21 09:35:32,completed
9cf5ed84-eff3-4fd6-a5c9-b3ed6ad3d851,9aed05d5-8827-41c8-ba06-af8c8e48567c,5660.08,2026-08-11 01:35:32,completed
7e9b01c6-9ab4-4d79-969d-a165f2eb4a19,9aed05d5-8827-41c8-ba06-af8c8e48567c,1737.38,2026-05-14 08:35:32,completed
e212aab7-a3bd-4555-9ddd-634e98697683,9aed05d5-8827-41c8-ba06-af8c8e48567c,3613.95,2026-04-28 09:35:32,completed
0890a4ee-fead-4a2a-885d-905bd34817b1,9aed05d5-8827-41c8-ba06-af8c8e48567c,7595.92,2026-08-12 01:35:32,completed
440ef3d2-dcc6-43c9-88aa-47b00d600664,9aed05d5-8827-41c8-ba06-af8c8e48567c,2404.83,2026-10-02 00:35:32,completed
26f0a353-5a31-4b83-b7e5-2e4fd630460b,9aed05d5-8827-41c8-ba06-af8c8e48567c,6053.18,2026-05-20 15:35:32,refunded
b2f7393f-6eae-4fb7-b244-8b8573ec361f,9aed05d5-8827-41c8-ba06-af8c8e48567c,2836.21,2026-06-27 12:35:32,completed
83922df5-f93c-48df-ad5d-e2ca0a4b3a52,9aed05d5-8827-41c8-ba06-af8c8e48567c,4620.16,2026-05-17 07:35:32,failed
25e30c04-bef3-477b-a54d-37d5fee451c4,9aed05d5-8827-41c8-ba06-af8c8e48567c,5145.23,2026-09-03 09:35:32,completed
83587b11-2987-4ba2-aba0-6fa1ed87348f,9aed05d5-8827-41c8-ba06-af8c8e48567c,3365.65,2026-06-26 23:35:32,completed
a4aa339f-cea4-40ad-932d-d7364fa04b95,9aed05d5-8827-41c8-ba06-af8c8e48567c,3156.66,2026-05-28 09:35:32,completed
5f3b598b-4854-4426-8115-d4d76947b025,9aed05d5-8827-41c8-ba06-af8c8e48567c,5685.47,2026-09-20 05:35:32,completed
9f9f8751-71da-410d-91cb-38b5e3c76fe9,1836c88d-589e-42e0-a8b2-62b532380ec6,6770.74,2026-04-20 23:16:05,completed
06725d9f-6a1c-455a-870c-f6aa3a83184d,1836c88d-589e-42e0-a8b2-62b532380ec6,2581.76,2026-04-24 20:16:05,completed
ad0b02f6-f105-4d20-9b62-e0d5f4e11b95,1836c88d-589e-42e0-a8b2-62b532380ec6,3427.01,2026-02-15 09:16:05,completed
a2a5fce8-f4d0-4b65-89fd-f54d69ed9810,1836c88d-589e-42e0-a8b2-62b532380ec6,3111.78,2026-04-06 22:16:05,completed
44486047-658d-4d2f-b0ad-dcb8597e7b8a,e3051b85-9166-458b-8bcd-57c9e343eef1,2074.08,2026-09-08 08:23:27,completed
65be0e64-6f53-4121-9613-6b7aa1df89a7,e3051b85-9166-458b-8bcd-57c9e343eef1,1022.95,2026-04-10 21:23:27,completed
848a2f49-58b3-413f-b091-b82ca6e4f12a,e3051b85-9166-458b-8bcd-57c9e343eef1,776.16,2026-06-15 00:23:27,completed
156f9705-c557-4022-9d46-838afc758017,5b7996f6-ef49-4fcc-aa3a-e0745c40a23e,2813.26,2026-08-28 21:46:14,completed
8989f874-c8f2-4d20-a373-c453d7079bc5,5b7996f6-ef49-4fcc-aa3a-e0745c40a23e,7758.44,2026-10-15 16:46:14,completed
09d78d66-25f2-4f4b-8458-f524dcd2bbee,5b7996f6-ef49-4fcc-aa3a-e0745c40a23e,6549.71,2026-11-10 21:46:14,completed
c4113f4c-27b5-4d96-9cdf-9eb04d51ac69,5b7996f6-ef49-4fcc-aa3a-e0745c40a23e,5864.65,2026-12-07 09:46:14,completed
af6181d7-36b8-43e6-a852-27cdbce4e041,5b7996f6-ef49-4fcc-aa3a-e0745c40a23e,5206.63,2026-08-30 11:46:14,completed
cb976172-5be9-4677-9018-4b79443fdfdd,5b7996f6-ef49-4fcc-aa3a-e0745c40a23e,6826.62,2026-11-29 14:46:14,completed
c010cddd-123e-49da-97d6-57121b5e2883,5b7996f6-ef49-4fcc-aa3a-e0745c40a23e,7115.85,2026-10-03 04:46:14,completed
eb1ecc68-6825-4646-b07e-3596ec994cf8,234c593c-0850-44c7-9ec8-5bc36f06a999,2331.59,2026-09-01 10:59:06,completed
82f4b7bb-a5fa-489b-bd33-2b313f13ec65,234c593c-0850-44c7-9ec8-5bc36f06a999,353.25,2026-10-06 00:59:06,completed
68be495c-5411-48e9-965b-2e5f237127ad,234c593c-0850-44c7-9ec8-5bc36f06a999,7952.42,2026-06-22 17:59:06,completed
a2e942fc-c211-4a72-a42a-225d77276425,5ade48f4-ad7f-4a6c-aafc-8d185327bdbb,6887.65,2026-09-12 03:28:03,completed
724f58e2-6ee9-4f1a-98c4-fca1351e789e,5ade48f4-ad7f-4a6c-aafc-8d185327bdbb,496.61,2026-09-15 04:28:03,completed
72f88d67-e8c1-4b19-a510-cc574bfa7586,5ade48f4-ad7f-4a6c-aafc-8d185327bdbb,6847.38,2026-12-23 17:28:03,completed
d1a24b78-d010-4fdb-9687-dbb247bcee22,5ade48f4-ad7f-4a6c-aafc-8d185327bdbb,1937.8,2027-02-17 05:28:03,completed
7db6bb95-529b-4206-9cbe-c74d897c96bf,5ade48f4-ad7f-4a6c-aafc-8d185327bdbb,3417.52,2026-10-13 04:28:03,completed
90ac613f-8b20-4927-99d1-62dc75b2311a,3e81e2dc-d7d1-4046-b072-d01e66baf2b8,6175.77,2026-09-24 07:51:24,completed
6d92a93e-dfc3-4cc3-a6ff-584bd2833918,3e81e2dc-d7d1-4046-b072-d01e66baf2b8,4871.79,2026-08-29 15:51:24,completed
110d22a6-fed5-460b-b0e4-6b76f45da878,3e81e2dc-d7d1-4046-b072-d01e66baf2b8,2123.03,2026-06-15 17:51:24,completed
c628329f-b72e-4743-b712-d07ea57d80e8,3e81e2dc-d7d1-4046-b072-d01e66baf2b8,6979.49,2026-06-13 10:51:24,completed
1a7593a1-1b60-48ee-b7c9-543a42ac112a,db5971bb-3870-43ed-8504-11d5956a874f,4722.23,2026-07-25 13:44:18,completed
da59d1f3-32d2-4822-8865-228ff27bc6cb,db5971bb-3870-43ed-8504-11d5956a874f,2284.19,2026-05-11 11:44:18,completed
8e010562-745c-41bc-86f4-3e0cf17397bb,db5971bb-3870-43ed-8504-11d5956a874f,5998.71,2026-07-08 05:44:18,failed
ddcc4e24-5c68-4453-9ab6-f83a44145e4b,db5971bb-3870-43ed-8504-11d5956a874f,2472.14,2026-05-20 02:44:18,failed
1ef0e62f-5f7f-4131-9fbd-45cb1fedeb51,db5971bb-3870-43ed-8504-11d5956a874f,6641.3,2026-08-27 13:44:18,completed
329516a3-7bf5-4ff9-86b1-dc69d192312b,db5971bb-3870-43ed-8504-11d5956a874f,1314.77,2026-06-20 01:44:18,completed
2a12b06b-2165-43bc-84c2-9e2656e63438,1963a4e1-8eb7-4996-b3bb-fe926804c758,1508.5,2026-11-12 10:02:01,completed
9bc03df2-3480-4ac3-a7aa-85356b948faf,1963a4e1-8eb7-4996-b3bb-fe926804c758,874.65,2027-02-04 00:02:01,completed
87ce4055-ed12-477d-854c-82bf3cc0bc3c,1963a4e1-8eb7-4996-b3bb-fe926804c758,4630.36,2026-09-02 17:02:01,completed
12ac0914-c68f-4d79-b6f4-945355ebb039,1963a4e1-8eb7-4996-b3bb-fe926804c758,863.9,2026-10-10 07:02:01,failed
4155926f-6e1b-4e09-a33c-dedba84d37a5,1963a4e1-8eb7-4996-b3bb-fe926804c758,5682.39,2027-01-29 21:02:01,completed
c164e4d2-4cc4-4d57-a2b5-c1c035142b39,a7b7b5d5-dff2-4cb4-bc3b-0a3f6f39d81a,962.56,2026-08-09 23:24:29,completed
d7cf6fd6-0a67-45fb-922a-da979f169451,a7b7b5d5-dff2-4cb4-bc3b-0a3f6f39d81a,1111.6,2026-12-15 03:24:29,completed
6c3c278c-3251-4540-a3e4-778b00ec41ab,a7b7b5d5-dff2-4cb4-bc3b-0a3f6f39d81a,997.22,2026-11-05 06:24:29,completed
cb1939f0-0886-4356-a0a3-2d50a6b18b5d,a7b7b5d5-dff2-4cb4-bc3b-0a3f6f39d81a,821.08,2026-08-26 10:24:29,completed
02d1ede9-f21c-4104-acef-aa53f298e2d1,21f235d9-98b9-4866-877d-54d1a8941804,919.15,2026-03-28 17:59:53,completed
5fad3bd1-ebf0-425f-ac5e-04850adb4406,21f235d9-98b9-4866-877d-54d1a8941804,632.1,2026-09-13 05:59:53,completed
29ac8a38-a98f-4343-98ba-b32fdbb3961f,21f235d9-98b9-4866-877d-54d1a8941804,1189.96,2026-04-10 00:59:53,completed
bb8e6d54-e07f-431a-81d3-b07a0cdd2f6b,21f235d9-98b9-4866-877d-54d1a8941804,720.65,2026-06-02 06:59:53,completed
82b58350-1360-4e3f-9134-cdac16448408,21f235d9-98b9-4866-877d-54d1a8941804,1095.87,2026-08-23 07:59:53,completed
5fc2698f-95a8-44c5-82b0-4776488d546a,21f235d9-98b9-4866-877d-54d1a8941804,742.71,2026-04-04 09:59:53,completed
f0d36e12-4c3b-4e25-9585-aa83a04a3afd,8b250de7-dcc0-4435-8987-54d52e419953,4470.14,2026-06-27 16:01:09,refunded
6613424c-d402-4f9c-82e3-ef4eceea630f,8b250de7-dcc0-4435-8987-54d52e419953,3341.28,2026-08-26 00:01:09,completed
c5fd503b-0847-4147-a675-83ee61d19bb2,9d967c9c-052e-4d1e-9278-b335656ddf88,3512.29,2026-01-25 02:57:40,completed
8a1ffb90-3ce6-424f-be57-23cd1634e327,9d967c9c-052e-4d1e-9278-b335656ddf88,2784.42,2026-02-11 08:57:40,completed
6c6d0130-0c25-417b-b287-420b6d745eda,9d967c9c-052e-4d1e-9278-b335656ddf88,7623.34,2026-05-05 05:57:40,completed
11f02929-f021-466b-b601-a2379263b515,9d967c9c-052e-4d1e-9278-b335656ddf88,2783.05,2026-06-29 00:57:40,completed
5ffadbc4-12b8-44df-b4bd-dfa531ba2c7c,9d967c9c-052e-4d1e-9278-b335656ddf88,7932.22,2026-04-10 23:57:40,completed
32af37b7-bef2-4f2b-9169-b6482d9eed40,9d967c9c-052e-4d1e-9278-b335656ddf88,352.73,2026-05-09 21:57:40,completed
c7466d05-9ed6-4713-992f-85e5a48f555d,9d967c9c-052e-4d1e-9278-b335656ddf88,6531.57,2026-05-03 18:57:40,completed
6d7c20a7-ee92-4b33-a0b3-4e2743da2092,c6bc64c0-f04d-4988-b8d5-257701f643a0,848.94,2026-08-22 10:16:19,completed
e417a765-d619-4ff3-8003-51a775e02c2a,c6bc64c0-f04d-4988-b8d5-257701f643a0,1648.46,2026-08-12 23:16:19,completed
2beb0da4-a9f5-44fc-9546-1014db722480,08f4d3c8-67ca-4187-8ae9-3d81b340c3b2,3936.78,2025-11-21 21:46:13,completed
3e2f0e06-2e51-4385-a18e-cdcd03b30c1b,08f4d3c8-67ca-4187-8ae9-3d81b340c3b2,3430.33,2025-12-10 11:46:13,completed
8b2c07f3-979a-4adb-873a-c71d88ae7b67,08f4d3c8-67ca-4187-8ae9-3d81b340c3b2,2097.04,2026-02-21 05:46:13,completed
9f8d3d3a-7908-4030-84a5-38a0db7392cb,aec46455-9946-4286-a43c-da19ecd85c84,448.61,2026-04-02 08:43:50,completed
fd3e90d7-a003-4052-88c8-47b775876c14,aec46455-9946-4286-a43c-da19ecd85c84,832.45,2026-09-26 13:43:50,completed
01c1c471-434a-4dfe-844f-5b78dc3b196d,aec46455-9946-4286-a43c-da19ecd85c84,1021.49,2026-05-29 03:43:50,completed
3169a543-96f3-46bf-8a47-5f251ce37100,aec46455-9946-4286-a43c-da19ecd85c84,862.71,2026-04-19 09:43:50,completed
ed4e0a91-0292-4fd4-a60e-8e1b501d0ddb,970043ff-a9c4-4e15-aa78-2221f5dae858,7906.5,2026-06-18 16:49:15,refunded
32e6342a-c3c7-4549-a1b7-f8a3697144e2,970043ff-a9c4-4e15-aa78-2221f5dae858,5229.69,2026-03-17 12:49:15,completed
3e891436-2293-49ff-849f-11c2954cb3b0,970043ff-a9c4-4e15-aa78-2221f5dae858,7139.69,2026-08-07 02:49:15,completed
72eb843e-2b7a-4b5a-999d-51d627612faf,98b7e1c5-755a-48fe-a030-6df5be0e4efe,7865.95,2026-03-29 09:10:51,completed
3a0b7928-88a2-4cd5-8f56-d73223324180,98b7e1c5-755a-48fe-a030-6df5be0e4efe,5310.19,2026-04-15 16:10:51,completed
e686901f-d4fc-4618-b4c4-09288df64454,1f36f16f-3540-4cb7-ab37-deae2b8449f9,4923.58,2025-09-28 13:57:58,completed
c1410cdc-9a32-4b3f-a198-0128fd23dda8,1f36f16f-3540-4cb7-ab37-deae2b8449f9,6779.79,2025-11-29 18:57:58,completed
e9dd72d5-27b0-4572-afc5-44cb5f54777d,1f36f16f-3540-4cb7-ab37-deae2b8449f9,2050.65,2025-10-23 11:57:58,completed
b97a4b4d-a74f-4d48-9643-6537eee67c0a,1f36f16f-3540-4cb7-ab37-deae2b8449f9,2499.91,2025-12-26 23:57:58,completed
f2ef0e64-3bd2-4f26-83e1-0ea0643783c8,1f36f16f-3540-4cb7-ab37-deae2b8449f9,7604.37,2025-12-06 21:57:58,completed
fe70b597-d468-4e5c-8fc8-53aff926999e,1f36f16f-3540-4cb7-ab37-deae2b8449f9,5981.17,2025-09-22 18:57:58,refunded
0dac3e36-cf56-4554-8c5c-0c16342e7181,1f36f16f-3540-4cb7-ab37-deae2b8449f9,1851.29,2026-02-27 18:57:58,completed
628aa52a-f721-4cb6-9a11-a9b789b95e9f,1f36f16f-3540-4cb7-ab37-deae2b8449f9,5238.69,2025-10-08 21:57:58,completed
c1c7f781-fcbc-432f-bdd8-f54b87710cd6,1f36f16f-3540-4cb7-ab37-deae2b8449f9,2428.69,2026-03-02 18:57:58,completed
40d4f5a8-4be1-4c6c-b0b5-cfbad47f35bd,1f36f16f-3540-4cb7-ab37-deae2b8449f9,1992.33,2025-10-15 09:57:58,refunded
2b04f2a2-434d-43b9-9933-41aacdd4b70f,1f36f16f-3540-4cb7-ab37-deae2b8449f9,3076.58,2025-12-23 02:57:58,completed
0db8450d-ad7a-4d14-9546-c245c8ed8f38,1f36f16f-3540-4cb7-ab37-deae2b8449f9,3533.92,2026-02-11 10:57:58,completed
47e91efe-7179-456a-a462-73ea4ec1f077,1f36f16f-3540-4cb7-ab37-deae2b8449f9,7862.86,2026-01-15 08:57:58,completed
225a76e7-8cb3-45b7-b314-b69c0e366ff3,1f36f16f-3540-4cb7-ab37-deae2b8449f9,6794.37,2025-09-05 14:57:58,completed
c141b467-4053-41ae-a245-7f28a52e6f2d,1f36f16f-3540-4cb7-ab37-deae2b8449f9,1010.5,2026-02-16 23:57:58,completed
bdc56831-df9d-48e5-9cc3-808dee15b63b,1f36f16f-3540-4cb7-ab37-deae2b8449f9,1451.78,2025-09-28 16:57:58,completed
41a2b5d7-7f44-42a8-ba0a-e3d524838a81,1f36f16f-3540-4cb7-ab37-deae2b8449f9,4636.07,2025-12-11 13:57:58,completed
59f30d23-e180-4fec-ab86-e97f7888ad2a,129ea02c-8c17-41cb-990f-5392bafe215b,899.74,2025-09-16 06:19:45,completed
0e52eb99-9494-44c5-9ba0-d61250e32543,129ea02c-8c17-41cb-990f-5392bafe215b,582.4,2025-09-22 06:19:45,completed
6cb15fc3-314c-488d-a75c-1b58494b0941,129ea02c-8c17-41cb-990f-5392bafe215b,1050.04,2026-02-09 03:19:45,failed
4a59bf91-b093-4fe8-90af-7c92c2c88e0e,129ea02c-8c17-41cb-990f-5392bafe215b,1098.34,2026-01-03 12:19:45,completed
83fc95af-a4d8-4fbf-984a-d3c828e1cefc,129ea02c-8c17-41cb-990f-5392bafe215b,936.88,2026-02-23 22:19:45,completed
0d47627d-e2ec-486a-9003-a8bbdc801200,129ea02c-8c17-41cb-990f-5392bafe215b,962.61,2026-01-13 16:19:45,completed
d14315bc-9602-4c1c-a92b-a65e7b055ed5,129ea02c-8c17-41cb-990f-5392bafe215b,651.1,2026-01-07 15:19:45,completed
d4e830ea-0060-4d8a-9396-50da006d5086,129ea02c-8c17-41cb-990f-5392bafe215b,948.39,2025-10-05 19:19:45,completed
1e08619c-4bb0-4373-b3df-ae4337b573dd,6395d060-cc05-487c-b8b6-c2ea78df43bf,4790.53,2026-06-19 19:09:06,completed
92e911f0-e11c-4a6e-8a20-417a57d4dc49,6395d060-cc05-487c-b8b6-c2ea78df43bf,2629.25,2026-07-25 04:09:06,completed
f54b916f-afc2-4aea-9781-9518ea726e11,2349b1d3-7c80-40e2-a003-aea51039e7ce,6666.16,2027-01-20 19:40:29,completed
ceba99c9-d5fb-4ec6-a13d-fedb9aedb57d,2349b1d3-7c80-40e2-a003-aea51039e7ce,3464.89,2026-10-20 00:40:29,completed
946f5ff3-f689-450b-aea2-900d74b9d1f6,771d139a-2f3a-40a4-95ea-ed861765281c,910.41,2026-02-16 14:12:59,completed
9793db66-48e7-4e7a-bbfa-d75d9356d79f,771d139a-2f3a-40a4-95ea-ed861765281c,1181.78,2026-05-25 14:12:59,completed
c1cb2e5f-3ade-42fa-b874-0049b1ce7377,771d139a-2f3a-40a4-95ea-ed861765281c,6842.88,2026-08-01 12:12:59,failed
bbf5d34e-ae7a-4c22-8a30-7ed20655eb13,771d139a-2f3a-40a4-95ea-ed861765281c,4510.54,2026-03-06 10:12:59,completed
ea6326a7-2aa8-4b59-a1ca-0932ae1ba0d6,771d139a-2f3a-40a4-95ea-ed861765281c,4327.06,2026-07-07 13:12:59,completed
05de5a4a-c406-4806-9b09-1179a51529fc,771d139a-2f3a-40a4-95ea-ed861765281c,1330.38,2026-07-28 20:12:59,completed
848cc0ea-652f-4156-be52-87d920ba36b0,53e685cd-541e-4f79-af9c-92d70f965d31,3287.78,2026-03-28 04:50:52,completed
eb9e92c6-8a12-4b3c-b1fa-d06eed7353c2,53e685cd-541e-4f79-af9c-92d70f965d31,662.48,2026-04-24 05:50:52,completed
31b26fac-3ecf-42cb-93df-131058d37796,53e685cd-541e-4f79-af9c-92d70f965d31,4838.99,2026-01-18 19:50:52,completed
0e0ab264-6dd5-49aa-8d6e-22838b80d8d8,e6cb21b8-88fd-4c62-b2a0-f1e762facd81,5739.59,2026-04-27 12:13:00,completed
2d50017b-6c18-47a3-9e91-1f35091f2899,e6cb21b8-88fd-4c62-b2a0-f1e762facd81,7246.33,2026-06-19 02:13:00,completed
fd6c234e-66ee-44e5-bb13-4b4b55d54166,e6cb21b8-88fd-4c62-b2a0-f1e762facd81,3539.57,2026-05-01 03:13:00,completed
f61a3ab9-931b-403d-822e-7b85638fd5f1,e6cb21b8-88fd-4c62-b2a0-f1e762facd81,4292.95,2026-07-08 00:13:00,completed
b78bbf8a-34cf-4a95-a0ed-620b330cfac3,e6cb21b8-88fd-4c62-b2a0-f1e762facd81,5616.98,2026-04-25 11:13:00,completed
10b6755a-9c92-47ba-8df0-86222a38f119,e6cb21b8-88fd-4c62-b2a0-f1e762facd81,1082.02,2026-07-01 19:13:00,completed
6be69883-5630-4e4a-8898-f263eea62f43,e6cb21b8-88fd-4c62-b2a0-f1e762facd81,2835.38,2026-08-14 11:13:00,completed
d7eebb03-c96c-4ea0-8d8c-d23224093b89,facc63e9-a398-4208-a582-0268dc4cc49d,552.06,2026-05-24 21:53:32,completed
b5facdd9-b4b9-46de-aafa-8f2fb5679207,facc63e9-a398-4208-a582-0268dc4cc49d,4946.98,2026-03-27 23:53:32,completed
65460ddc-1600-43fe-9c24-da4e437eefc4,facc63e9-a398-4208-a582-0268dc4cc49d,6630.69,2026-04-29 23:53:32,completed
4a259625-17d8-427e-af42-54cebedbce8c,7f5ebf20-47f2-4d23-a9f8-9abf38b43442,7783.31,2026-09-11 12:52:41,completed
61dd7b1a-f4fa-40b6-a858-2829847b8716,7f5ebf20-47f2-4d23-a9f8-9abf38b43442,5315.79,2026-07-21 10:52:41,completed
499d49cb-f406-4186-9098-5142d0980d05,7f5ebf20-47f2-4d23-a9f8-9abf38b43442,6408.25,2026-06-12 02:52:41,completed
47f1f712-92ff-48b1-be74-44ad656e15d2,7f5ebf20-47f2-4d23-a9f8-9abf38b43442,3718.57,2026-06-23 07:52:41,completed
80079abd-91c7-435f-8666-ab6438189edb,7f5ebf20-47f2-4d23-a9f8-9abf38b43442,6026.14,2026-08-12 12:52:41,completed
083ee1cc-31f2-4549-b2f2-b7a83cd3ec1b,7f5ebf20-47f2-4d23-a9f8-9abf38b43442,4440.5,2026-08-24 09:52:41,completed
0ca4b603-43b6-455c-9dc5-84858c3feec5,6c29e3e9-20a0-44e8-9be9-eb5f127fa65f,902.05,2026-02-15 08:06:38,completed
c54a355f-1f75-49ab-ba2f-f407499f6f76,6c29e3e9-20a0-44e8-9be9-eb5f127fa65f,1181.06,2026-06-26 14:06:38,completed
01b4c620-4c7d-49ae-bba2-2822c757ecdb,6c29e3e9-20a0-44e8-9be9-eb5f127fa65f,1191.74,2026-05-01 05:06:38,completed
63637e58-f2ba-450b-9d0d-0b486a88bb19,6c29e3e9-20a0-44e8-9be9-eb5f127fa65f,1163.02,2026-06-04 04:06:38,completed
60402b84-4c08-4342-9b56-33b4362c01da,6c29e3e9-20a0-44e8-9be9-eb5f127fa65f,507.77,2026-03-03 18:06:38,completed
5f104f57-747c-46c9-bbaa-7f4d176ee1df,6c29e3e9-20a0-44e8-9be9-eb5f127fa65f,566.65,2026-04-11 20:06:38,completed
f7c5d66f-bbbf-443c-a7ca-744eb7fe8bc0,6c29e3e9-20a0-44e8-9be9-eb5f127fa65f,965.13,2026-07-14 20:06:38,completed
cc4b2477-53ae-40b0-a18f-d7ab1a40dcc1,6c29e3e9-20a0-44e8-9be9-eb5f127fa65f,751.35,2026-08-15 02:06:38,completed
0e5a9cf9-41a5-43c3-8997-cb0163b4d4a0,0179468c-7d67-47f3-8fb1-8d627a917165,590.64,2026-04-01 22:50:02,completed
14663aff-7769-4d52-96f0-61d984cd593a,0179468c-7d67-47f3-8fb1-8d627a917165,7397.6,2025-12-01 09:50:02,completed
919f347c-ad5b-4f9b-ad47-db1e1fce8e8a,0179468c-7d67-47f3-8fb1-8d627a917165,2046.12,2026-04-22 04:50:02,completed
5e91693d-eda8-416c-989d-2771eddc3ca8,5433a415-f89e-42b8-9f61-a2510545df69,677.57,2026-06-21 16:06:07,completed
ecba98e1-a9c6-46c9-aaba-44c13ba813ae,5433a415-f89e-42b8-9f61-a2510545df69,1037.68,2026-11-05 20:06:07,completed
c3559d32-78f2-40ee-8a54-b7b981ecea9d,5433a415-f89e-42b8-9f61-a2510545df69,1035.77,2026-10-18 19:06:07,completed
e78844f6-80f9-488e-b811-5f99472ebbd6,5433a415-f89e-42b8-9f61-a2510545df69,497.87,2026-08-26 01:06:07,completed
11b6cdf6-7d58-4df5-adb2-12f40532e93f,5433a415-f89e-42b8-9f61-a2510545df69,920.24,2026-11-15 00:06:07,completed
ea92dfca-7f6e-44a4-95eb-33693d3dbbba,5433a415-f89e-42b8-9f61-a2510545df69,1138.68,2026-10-23 21:06:07,completed
df24625e-5ff8-4002-8e17-3ee80bf0200f,5433a415-f89e-42b8-9f61-a2510545df69,669.34,2026-10-07 15:06:07,completed
fd3330f9-4b05-4de4-bd56-edfd1b25e08a,5433a415-f89e-42b8-9f61-a2510545df69,475.23,2026-08-02 15:06:07,completed
f5a60956-b31c-4d2f-b20e-28549ff489cb,4a0fd2e0-a300-42bb-a9ce-a77d9bf4e4ff,2608.86,2025-12-08 06:23:39,completed
df2a9d13-d566-49ac-b319-1a598887fcd3,4a0fd2e0-a300-42bb-a9ce-a77d9bf4e4ff,751.02,2026-03-15 11:23:39,completed
0dce07dd-10b4-4bd1-95a3-5e96409e5bad,4a0fd2e0-a300-42bb-a9ce-a77d9bf4e4ff,6543.63,2026-04-05 05:23:39,completed
aac3e504-4206-47af-a420-2a2f39212e29,4a0fd2e0-a300-42bb-a9ce-a77d9bf4e4ff,6917.6,2025-12-15 17:23:39,completed
57b6e832-5bbb-4dd5-ac76-184607f56ffc,4a0fd2e0-a300-42bb-a9ce-a77d9bf4e4ff,2158.5,2026-01-25 20:23:39,completed
38983f6d-e5e6-41f7-bdf5-9a9227bf95f2,4a0fd2e0-a300-42bb-a9ce-a77d9bf4e4ff,6866.11,2025-11-20 03:23:39,completed
f136323b-da2d-4b2e-a632-ad44f8cdd764,4a0fd2e0-a300-42bb-a9ce-a77d9bf4e4ff,4805.6,2025-11-20 17:23:39,completed
84095b51-432b-4dcc-806e-0b1f3dca3f6c,4a0fd2e0-a300-42bb-a9ce-a77d9bf4e4ff,1752.28,2025-12-30 02:23:39,completed
1b34b642-d620-4638-86fc-9bb43b4ae0ff,4a0fd2e0-a300-42bb-a9ce-a77d9bf4e4ff,3207.17,2026-03-10 02:23:39,completed
04f1579a-6e7e-493e-8839-ee105fdd820e,4a0fd2e0-a300-42bb-a9ce-a77d9bf4e4ff,7979.84,2026-03-04 01:23:39,failed
c8b3ed29-8e05-4a1e-9144-b81fb5b6c4f6,4a0fd2e0-a300-42bb-a9ce-a77d9bf4e4ff,6547.07,2026-02-21 06:23:39,completed
bb50245c-ec02-4f71-9f00-2768026989df,4a0fd2e0-a300-42bb-a9ce-a77d9bf4e4ff,5681.9,2025-12-17 03:23:39,completed
248d3a7d-3b1b-4dff-8525-c684f08b337e,4a0fd2e0-a300-42bb-a9ce-a77d9bf4e4ff,857.25,2026-04-19 17:23:39,refunded
5a3822c1-51c6-4abc-a905-097cfb096ef4,4a0fd2e0-a300-42bb-a9ce-a77d9bf4e4ff,7161.5,2026-03-05 12:23:39,completed
bfd42c28-474e-4a0d-8230-9c1c70ced195,4a0fd2e0-a300-42bb-a9ce-a77d9bf4e4ff,3952.52,2026-04-20 22:23:39,failed
54752513-bdf4-4d88-a065-b9cdb000b67e,4a0fd2e0-a300-42bb-a9ce-a77d9bf4e4ff,1452.84,2026-03-08 18:23:39,completed
131bf69a-f810-4746-bf6b-e36299e2f977,4a0fd2e0-a300-42bb-a9ce-a77d9bf4e4ff,507.14,2026-02-24 02:23:39,completed
7b85abcb-91e9-4884-9dc4-1976473e0ce7,4a0fd2e0-a300-42bb-a9ce-a77d9bf4e4ff,2641.15,2026-01-14 10:23:39,completed
a49ac8c4-7f59-48c6-9e77-66eb0bb7f14d,4a0fd2e0-a300-42bb-a9ce-a77d9bf4e4ff,1378.87,2026-02-13 12:23:39,completed
33a72348-6f02-443c-9d17-15fed85582d2,7c9619a8-4976-4785-8242-974334de5bbd,4070.05,2026-04-15 21:56:38,completed
1dcf249e-e0a1-498c-bc5a-9ee926a1c904,7c9619a8-4976-4785-8242-974334de5bbd,6323.67,2026-05-12 06:56:38,completed
86203292-83b6-4598-9390-d579fc0f7d13,85e32de9-88a2-49d3-ac49-d9c45f1f47ab,3041.32,2026-08-29 22:13:43,completed
d14794a2-7bed-47bb-8828-e41dbc05563d,85e32de9-88a2-49d3-ac49-d9c45f1f47ab,3677.77,2026-11-03 08:13:43,completed
7e9d410f-2222-4085-9420-b54eb4318ab8,4718a1c2-ae99-4609-b52a-a70ee75c72d8,502.71,2026-08-24 19:56:58,completed
52ebf19d-b0d3-43b1-afc5-7d1f88374004,4718a1c2-ae99-4609-b52a-a70ee75c72d8,1677.53,2026-12-19 20:56:58,failed
04a5a1f2-88ed-49be-872c-92e226562d7b,4718a1c2-ae99-4609-b52a-a70ee75c72d8,5859.45,2026-10-25 20:56:58,completed
62f5921d-9bbb-45b3-8991-93606ce2d81d,e80bebd4-2a82-4c8c-8c35-e5e40a71f7a0,2269.8,2026-04-24 10:41:12,completed
4966077a-6666-4d3a-9be7-0e40366768a0,e80bebd4-2a82-4c8c-8c35-e5e40a71f7a0,7311.66,2026-06-17 05:41:12,completed
6745266a-12dd-46b0-b79a-205a2b1ac43c,e80bebd4-2a82-4c8c-8c35-e5e40a71f7a0,2157.24,2026-02-14 10:41:12,completed
6599de67-6282-4df1-a628-8c6b20e21e07,e80bebd4-2a82-4c8c-8c35-e5e40a71f7a0,5930.36,2026-04-19 12:41:12,completed
f57a45f1-51e0-4d48-b9b9-5a331857e2f5,81800627-4f45-4cc5-bb7c-c9237ed6af2f,1824.39,2026-12-17 05:03:35,completed
187c8ca1-dc85-427c-a5ba-47ba56ff383e,81800627-4f45-4cc5-bb7c-c9237ed6af2f,4830.37,2026-09-14 04:03:35,completed
076557ee-b24e-4c75-ada9-125a2d02b3ff,81800627-4f45-4cc5-bb7c-c9237ed6af2f,1945.15,2026-12-13 14:03:35,completed
47e7c3e5-6aac-4f2a-aba8-91c11c71d271,e299824c-17ea-4075-b453-217810759ca3,2497.69,2026-02-07 11:01:20,completed
82874860-29fa-4a6a-b21f-8df4e11b0ae8,e299824c-17ea-4075-b453-217810759ca3,4256.51,2026-05-11 00:01:20,completed
51a28beb-9064-4dac-9cb2-8bbadf93dae1,e26456df-6851-47a0-94a8-04b343f8751e,5318.07,2026-04-05 09:48:37,completed
c5bbadeb-6355-474a-8be1-0346ac52956e,e26456df-6851-47a0-94a8-04b343f8751e,2181.81,2026-07-10 14:48:37,completed
b1e8f333-2805-41bd-b485-1e4c6d0148ef,e26456df-6851-47a0-94a8-04b343f8751e,1679.89,2026-04-10 07:48:37,completed
6a860930-d6aa-4b89-877d-3508ba602d82,e26456df-6851-47a0-94a8-04b343f8751e,1722.08,2026-03-26 08:48:37,failed
4dfce037-4953-498f-9983-88f6a929ded4,e26456df-6851-47a0-94a8-04b343f8751e,3624.38,2026-04-05 01:48:37,completed
25c7929a-c3db-4c10-8976-eb2ca551622d,e26456df-6851-47a0-94a8-04b343f8751e,7306.64,2026-09-04 18:48:37,completed
94d0eec4-c9ec-44db-8dc0-32514d66d15d,b8df444a-f96b-4c7c-9b8d-f40fe5e76843,1035.94,2026-08-03 23:34:17,completed
b6af86e3-95a4-41af-9abf-c82587f5b72e,b8df444a-f96b-4c7c-9b8d-f40fe5e76843,3999.08,2026-08-07 18:34:17,completed
419db74c-08b8-4dba-a8be-bed7f92c9fcb,b8df444a-f96b-4c7c-9b8d-f40fe5e76843,4833.94,2026-07-19 02:34:17,completed
6c880b36-1b1f-4f4b-aef0-cc907d0a7871,7b678b73-2c73-4e53-b671-e61e80bbd36e,4281.08,2026-11-27 10:14:37,completed
c39a7567-90b6-452e-84b0-5925cca2ace7,7b678b73-2c73-4e53-b671-e61e80bbd36e,5943.62,2026-07-15 11:14:37,completed
eacdf276-2a26-40b2-a3d9-e1e0d313f444,4c6e9548-5b00-4cdf-a7b7-9cefa42f217c,1272.05,2026-01-29 16:56:18,completed
ce977ab9-6a99-4478-a36e-84cea41d3721,4c6e9548-5b00-4cdf-a7b7-9cefa42f217c,6492.01,2026-02-21 07:56:18,completed
a6cd5523-e14b-4c94-8b30-d07ee5cc35d6,4c6e9548-5b00-4cdf-a7b7-9cefa42f217c,4794.1,2026-02-01 19:56:18,completed
93b2d676-cfd5-457c-8cfe-e0c942053655,4c6e9548-5b00-4cdf-a7b7-9cefa42f217c,719.72,2025-12-04 03:56:18,completed
c4648983-8155-4ab8-a5c2-42fd0e2bb289,1af932a9-739e-4a74-8de5-bc35e38bb7e0,4536.13,2026-02-16 20:49:32,completed
a93de837-6139-4c3c-aeec-ae457df074fa,1af932a9-739e-4a74-8de5-bc35e38bb7e0,2086.81,2026-01-31 07:49:32,completed
0e353561-0ea5-4a80-92e6-28c1c5af6403,1af932a9-739e-4a74-8de5-bc35e38bb7e0,7979.05,2026-01-08 22:49:32,refunded
7920478f-c5e9-4642-96b9-9c2171d50df4,cd0ddee8-ca2e-4bf1-a266-19f2441e682e,2359.84,2026-07-31 02:27:08,completed
235bed13-32ae-4a08-ad7a-a151f7270f7c,cd0ddee8-ca2e-4bf1-a266-19f2441e682e,2196.42,2026-08-13 13:27:08,completed
96b18ef4-a3d1-4d58-adb3-a09794244281,cd0ddee8-ca2e-4bf1-a266-19f2441e682e,3506.97,2026-05-22 03:27:08,completed
7bc38724-e928-4697-a38b-f4facc82f726,cd0ddee8-ca2e-4bf1-a266-19f2441e682e,3413.26,2026-09-04 19:27:08,completed
c38a62d1-19af-45c7-85ec-d91d7ca87c2e,cd0ddee8-ca2e-4bf1-a266-19f2441e682e,3699.79,2026-08-08 13:27:08,refunded
20d27430-f8c7-4450-891f-299d29dddf87,cd0ddee8-ca2e-4bf1-a266-19f2441e682e,2746.91,2026-07-14 20:27:08,completed
5e391d01-a29f-402d-bbf7-1ded50453b3e,cd0ddee8-ca2e-4bf1-a266-19f2441e682e,5608.38,2026-06-29 01:27:08,completed
f6023a20-9ed3-43c6-9b5f-d8eb94c5dc68,1ada486a-54e0-4418-9681-3ac3cea70d12,671.27,2025-10-31 13:35:29,completed
96308882-c5f1-4262-aa3e-7f746447e7a4,1ada486a-54e0-4418-9681-3ac3cea70d12,965.66,2026-01-13 14:35:29,refunded
b7a61b3f-e152-4863-88fd-bb14d8cc7ee1,1ada486a-54e0-4418-9681-3ac3cea70d12,482.61,2026-03-07 02:35:29,completed
e80b6099-3b64-41b4-81d9-cd38851099d6,1ada486a-54e0-4418-9681-3ac3cea70d12,915.89,2025-12-11 04:35:29,completed
8281355f-5bbd-4ee3-a0d4-8f297cc0f64f,1ada486a-54e0-4418-9681-3ac3cea70d12,1144.98,2025-12-21 07:35:29,completed
24cbdb94-c402-47d1-a08e-863abcaa2716,1ada486a-54e0-4418-9681-3ac3cea70d12,838.82,2025-12-25 05:35:29,completed
41b6dc2f-1df0-47a4-bf54-10d9aa32e615,1ada486a-54e0-4418-9681-3ac3cea70d12,420.91,2026-02-17 15:35:29,completed
5a7bc0b0-5f6d-405f-a911-96e66d4c312b,1ada486a-54e0-4418-9681-3ac3cea70d12,636.83,2026-02-09 07:35:29,completed
93d252c2-0a72-4b47-a924-b37382d541c7,7f0f757c-a062-480c-b0a3-a0f3df274462,6143.66,2026-06-15 00:28:05,completed
96db78c3-0a9a-4cf4-8995-6c02c57bb2fc,7f0f757c-a062-480c-b0a3-a0f3df274462,6925.42,2026-01-27 18:28:05,completed
cc9059d7-8bec-4161-ada3-456ac269f3dc,7f0f757c-a062-480c-b0a3-a0f3df274462,7206.42,2026-05-16 07:28:05,completed
b2e8d38e-c0c8-470c-9f98-8dd5fcc8a312,7f0f757c-a062-480c-b0a3-a0f3df274462,525.05,2026-02-28 03:28:05,completed
ae9f9c17-c1e3-4e8b-aa2e-22539276431b,7f0f757c-a062-480c-b0a3-a0f3df274462,753.77,2026-03-02 20:28:05,completed
dd29dc14-2848-437c-bb32-c0e3e772fb74,7f0f757c-a062-480c-b0a3-a0f3df274462,5024.29,2026-01-09 08:28:05,completed
937ae586-e562-4f7b-a89a-abe0f5fbb79e,7f0f757c-a062-480c-b0a3-a0f3df274462,7201.03,2026-05-30 03:28:05,failed
46c014d0-21ee-4fd0-9796-30d40cd278e5,7f0f757c-a062-480c-b0a3-a0f3df274462,1901.65,2026-04-17 04:28:05,completed
8c2ead8b-2d05-4a45-ab42-526fdc12f4e4,95750e42-5912-4a37-b037-8d3221a2d1d8,873.72,2026-05-15 21:44:54,completed
1522c60a-c7af-41a9-89f6-ccb1b4798479,95750e42-5912-4a37-b037-8d3221a2d1d8,913.96,2026-09-06 05:44:54,completed
72d905ff-6a48-4414-baaa-fc2a31ea5a31,95750e42-5912-4a37-b037-8d3221a2d1d8,1073.96,2026-10-11 13:44:54,completed
110155f1-d498-4545-be96-27c98fad4657,95750e42-5912-4a37-b037-8d3221a2d1d8,553.0,2026-08-26 23:44:54,completed
f590cc45-fbf9-4df5-9955-e6d2d9851f16,95750e42-5912-4a37-b037-8d3221a2d1d8,1088.46,2026-06-20 16:44:54,completed
c4c03641-8ce0-45e4-bea3-dc2376eb7740,f459772c-78fc-4a11-80b0-a3c089f7c7fd,4709.46,2025-12-06 07:09:39,completed
a8068faf-8b66-4755-b580-b4821d3f2867,f459772c-78fc-4a11-80b0-a3c089f7c7fd,1145.75,2026-05-23 03:09:39,completed
7b769b83-bf4a-4cab-8e06-e44067a24eae,f459772c-78fc-4a11-80b0-a3c089f7c7fd,4667.11,2026-06-01 13:09:39,completed
1fde9ff4-b37d-4d0b-a751-2462c4f28b00,f459772c-78fc-4a11-80b0-a3c089f7c7fd,496.93,2026-03-18 15:09:39,completed
08a75465-5af6-427e-9899-aebbe7f0db29,5811bbc3-f3d9-4fdd-95d9-f97b8bcfb636,5427.3,2026-04-28 01:50:33,completed
ebadbf5d-928a-44d3-986f-eb2ef60be6de,5811bbc3-f3d9-4fdd-95d9-f97b8bcfb636,2406.97,2026-08-05 01:50:33,completed
6110485e-5b3a-4b17-80e6-fc07a4f6cf4a,5811bbc3-f3d9-4fdd-95d9-f97b8bcfb636,4500.31,2026-04-30 20:50:33,completed
ad1299ea-d90f-443b-a308-74c35d80458c,5811bbc3-f3d9-4fdd-95d9-f97b8bcfb636,847.92,2026-03-12 18:50:33,completed
a0db7b1b-5c1f-4448-9bd1-7d453446b388,9134808d-31b7-4a2d-8758-b2042f49098e,7297.06,2026-01-17 00:50:59,completed
6258fa7a-a1e2-4f38-95eb-385adc311878,9134808d-31b7-4a2d-8758-b2042f49098e,4753.23,2026-04-19 22:50:59,completed
ca7b4500-195d-4b10-8254-0eec977a8622,9b4a08f3-24f3-4bc4-a993-b7f59c6dd967,2698.94,2026-03-10 10:00:57,completed
d0d7b81e-ed4e-4791-ace6-776d8c6e02ed,9b4a08f3-24f3-4bc4-a993-b7f59c6dd967,4626.02,2026-03-30 11:00:57,completed
5aca860f-fbb2-4d30-9576-9ff8c798d2b9,9b4a08f3-24f3-4bc4-a993-b7f59c6dd967,4491.04,2026-06-03 13:00:57,completed
5bb5f51b-7e4f-4dba-b390-053e52d0f0dd,9b4a08f3-24f3-4bc4-a993-b7f59c6dd967,2197.65,2026-03-08 05:00:57,completed
51e8ed1d-8d73-41a8-808e-adffb66924c4,2f74e537-c60a-49af-a26b-7040def4b7e0,6018.93,2026-06-01 20:19:23,completed
3956c854-445b-45a5-944e-735aebc1a344,2f74e537-c60a-49af-a26b-7040def4b7e0,7972.38,2026-08-30 20:19:23,completed
11dede60-b55a-414a-afb9-c0a84aeab848,2f74e537-c60a-49af-a26b-7040def4b7e0,5654.26,2026-05-31 14:19:23,completed
9b5e5815-9c8c-4888-a27b-a84d4f061489,2f74e537-c60a-49af-a26b-7040def4b7e0,7531.93,2026-09-29 15:19:23,completed
b74b3242-d891-41b0-8316-e77bbfc36904,2f74e537-c60a-49af-a26b-7040def4b7e0,914.75,2026-06-03 05:19:23,completed
708a8591-197f-4f10-b421-c4deabfcc91c,74b0a82d-bb31-4616-a69a-91949f8cf75b,492.8,2026-02-03 13:53:13,completed
05de4c95-5fca-4074-b1de-53dfd48c4f40,74b0a82d-bb31-4616-a69a-91949f8cf75b,647.55,2026-08-02 15:53:13,completed
496859bc-b423-4289-aa5e-72ab53b8fca8,74b0a82d-bb31-4616-a69a-91949f8cf75b,771.14,2026-02-07 16:53:13,completed
bb7c7646-ea3c-44f0-bcf3-d2cee1551922,74b0a82d-bb31-4616-a69a-91949f8cf75b,924.16,2026-03-17 04:53:13,completed
ec5e8308-ffa3-4cfd-b5ae-2456c8a615f9,74b0a82d-bb31-4616-a69a-91949f8cf75b,767.5,2026-03-05 16:53:13,completed
a9a4461f-3e90-44cb-ab4c-4616d7644b89,74b0a82d-bb31-4616-a69a-91949f8cf75b,1147.11,2026-04-25 16:53:13,completed
ed52b511-30bf-44b8-8f9e-3c3c66c332fb,74b0a82d-bb31-4616-a69a-91949f8cf75b,781.15,2026-07-08 18:53:13,completed
e72818b8-28eb-4849-91db-4eae59f47d07,74b0a82d-bb31-4616-a69a-91949f8cf75b,742.96,2026-06-09 00:53:13,completed
dc78362d-b5e6-45e5-b262-a427e710bc00,901e7452-1b82-45fc-a668-747b857d7431,4144.74,2026-09-02 13:35:07,completed
9f78cd98-0607-4c67-a2d5-25c4f59aa1fe,901e7452-1b82-45fc-a668-747b857d7431,1240.28,2026-09-11 09:35:07,completed
0d7d33ec-b91c-4219-97a1-2cbcaf4de8de,901e7452-1b82-45fc-a668-747b857d7431,1468.49,2026-10-25 17:35:07,completed
846b148c-8315-4f25-953b-3b86a654d581,901e7452-1b82-45fc-a668-747b857d7431,934.49,2026-08-25 14:35:07,completed
6551b272-6cbd-4fb3-9c3b-1ac0b6beae3b,901e7452-1b82-45fc-a668-747b857d7431,5408.64,2026-11-05 13:35:07,refunded
66fe4c28-6fa2-460d-a1d8-1d2f40413eb9,eb4d712d-93e5-4669-b7b2-e544ca986c65,6568.95,2026-05-31 18:30:49,completed
130cb42c-cf5e-4d33-951f-190ba72583e4,eb4d712d-93e5-4669-b7b2-e544ca986c65,4125.73,2026-08-04 10:30:49,completed
82438011-b092-4aba-a605-b5b213a2b6f3,161ab7ee-e5a0-4961-b1f7-b3e0d473afe1,5849.11,2026-03-01 04:39:45,completed
670ede6f-d4c5-42df-ba28-b6fc4694a654,161ab7ee-e5a0-4961-b1f7-b3e0d473afe1,5726.86,2026-01-17 11:39:45,completed
eb2dbe1a-c5b3-4cea-bb8e-865da6016c0e,161ab7ee-e5a0-4961-b1f7-b3e0d473afe1,4954.72,2026-02-01 04:39:45,completed
f1ab427b-0d8b-4f16-81fa-cc7124b2ef78,161ab7ee-e5a0-4961-b1f7-b3e0d473afe1,535.82,2026-02-20 00:39:45,completed
de941611-d481-4a65-92a0-a9f2569c6bf9,161ab7ee-e5a0-4961-b1f7-b3e0d473afe1,3631.68,2026-02-27 15:39:45,completed
24aee72b-d430-46df-84ea-42cb8a5b72b7,161ab7ee-e5a0-4961-b1f7-b3e0d473afe1,3103.27,2026-03-08 05:39:45,completed
fa7caf7f-ddb7-49fe-a9fc-43be0cf84b9a,161ab7ee-e5a0-4961-b1f7-b3e0d473afe1,5877.96,2025-10-26 22:39:45,completed
6c47e23d-5c01-45b2-934a-7ae2602b2bf6,161ab7ee-e5a0-4961-b1f7-b3e0d473afe1,5331.26,2025-12-28 05:39:45,completed
abf6fd4c-541c-4617-8e46-4308af012f66,161ab7ee-e5a0-4961-b1f7-b3e0d473afe1,361.56,2025-09-26 01:39:45,completed
e03a4c26-c268-4481-adf9-6fc668e30ab8,161ab7ee-e5a0-4961-b1f7-b3e0d473afe1,7991.8,2025-09-29 19:39:45,completed
79924077-8904-489e-8c0d-18361a4f7396,161ab7ee-e5a0-4961-b1f7-b3e0d473afe1,6601.77,2025-10-18 00:39:45,failed
d32405aa-7ea6-47a0-8b51-3a26a61f9802,161ab7ee-e5a0-4961-b1f7-b3e0d473afe1,3541.54,2026-01-28 13:39:45,completed
33f0a71f-2420-4e66-9b08-1ea8d1be6902,161ab7ee-e5a0-4961-b1f7-b3e0d473afe1,6290.83,2025-09-30 15:39:45,completed
ba63acc8-fd6e-4790-9bcd-e3a249165087,161ab7ee-e5a0-4961-b1f7-b3e0d473afe1,7849.58,2025-09-20 17:39:45,completed
21a0254b-3870-49c7-867a-28c31a56a185,dd8674e4-a28e-42a3-9298-ad5563feb088,7784.37,2026-07-01 03:14:09,completed
729c9329-335a-4c16-8094-ffd4d19e9fd8,dd8674e4-a28e-42a3-9298-ad5563feb088,359.35,2026-10-17 10:14:09,completed
5a59023a-281d-49ed-b6ee-78c370618d65,dd8674e4-a28e-42a3-9298-ad5563feb088,1237.2,2026-08-03 22:14:09,completed
cb5035eb-d6f5-4166-a4a5-26a883f753d3,dd8674e4-a28e-42a3-9298-ad5563feb088,1399.75,2026-11-30 11:14:09,completed
b2e06979-7f00-4f94-bac4-05de67ff19f8,7ad67124-bc36-4cb5-897b-728ed925949e,622.17,2026-07-30 18:22:01,failed
37773ee5-42a7-4e4f-954c-1eaccea6bcad,7ad67124-bc36-4cb5-897b-728ed925949e,686.33,2026-10-21 19:22:01,completed
a83b3292-771b-42fe-b059-f8eebb1cd71e,7ad67124-bc36-4cb5-897b-728ed925949e,618.34,2026-12-30 00:22:01,failed
be8e66e4-911d-4c12-9bc0-1c0a021e8524,7ad67124-bc36-4cb5-897b-728ed925949e,614.38,2026-08-09 14:22:01,completed
b8397426-81c5-4f79-a93f-6f3845cd317b,f45e7af7-4d6b-4d6f-987f-028e9ef6203d,1148.81,2026-04-07 22:12:44,completed
a3ff5f84-5945-48c6-a68f-4e98c2b6270d,f45e7af7-4d6b-4d6f-987f-028e9ef6203d,1173.75,2026-04-15 07:12:44,completed
3c0e0433-16b7-4258-8670-556f96508dd0,f45e7af7-4d6b-4d6f-987f-028e9ef6203d,824.49,2026-05-15 02:12:44,completed
4ca6d2c6-fc60-426b-8c84-653825990b61,f45e7af7-4d6b-4d6f-987f-028e9ef6203d,911.65,2026-04-09 10:12:44,completed
dc53c130-e399-48ce-b60f-9bf46c798487,f45e7af7-4d6b-4d6f-987f-028e9ef6203d,432.75,2026-07-09 12:12:44,completed
80c570a8-cab1-49cc-bf3d-e15847ad5e26,53814b94-c680-4f1f-9a9a-c9d81589a0f3,432.39,2026-09-06 09:49:20,completed
d2bfd62d-bf61-4317-a2b9-fe5f87b86aca,ba920017-9deb-4e22-ab1a-2e6c0fb43e8f,6973.76,2026-09-07 14:21:33,completed
9dd6392a-f938-4c6d-acba-511bcf52e6ea,ba920017-9deb-4e22-ab1a-2e6c0fb43e8f,2863.46,2026-10-13 04:21:33,completed
8e41c782-0130-48bf-98ca-7e4d669a0817,ba920017-9deb-4e22-ab1a-2e6c0fb43e8f,2322.31,2026-12-19 22:21:33,completed
154ede16-1420-42f8-a646-7689c008d61c,947c630a-d8e3-4982-af78-446c14aa076d,5141.82,2026-02-07 15:41:41,completed
33324ea5-4ac1-4425-8846-eb6e274613bc,947c630a-d8e3-4982-af78-446c14aa076d,5490.84,2025-11-27 08:41:41,completed
c06aff7d-ad28-4218-af0f-28c94365a7dc,947c630a-d8e3-4982-af78-446c14aa076d,6121.27,2025-12-10 06:41:41,completed
d2f38a4e-8ea0-4b81-bd50-dafcb352717c,947c630a-d8e3-4982-af78-446c14aa076d,492.02,2026-03-07 02:41:41,refunded
2d1db6d7-bc18-4929-b1d3-3703dc0ada96,947c630a-d8e3-4982-af78-446c14aa076d,1188.65,2026-02-09 23:41:41,completed
5d41d897-b10b-4cd7-997e-f90b9f7bcc84,3c5a6821-6e28-4989-9e8b-b43b18ae6783,2152.56,2026-09-18 13:19:39,completed
8b8639c1-db98-4b96-a186-bcaa59bac51d,3c5a6821-6e28-4989-9e8b-b43b18ae6783,632.88,2026-08-19 14:19:39,completed
4d71107a-cc22-444a-8e70-d1b8be1925df,3c5a6821-6e28-4989-9e8b-b43b18ae6783,7433.61,2026-07-17 17:19:39,completed
26f5db7a-8e9f-44ba-985c-40cc69f634b6,3c5a6821-6e28-4989-9e8b-b43b18ae6783,7221.67,2026-11-01 05:19:39,completed
f5130b3b-262e-4097-93bc-60ead944129a,3c5a6821-6e28-4989-9e8b-b43b18ae6783,4242.62,2026-09-10 10:19:39,completed
c92c2995-e71b-46a3-9d8b-1016775af4cc,3c5a6821-6e28-4989-9e8b-b43b18ae6783,5229.14,2026-09-21 22:19:39,completed
a5617728-6e00-4571-b4df-7946c58621e0,3c5a6821-6e28-4989-9e8b-b43b18ae6783,6258.81,2026-08-25 11:19:39,completed
85358e01-49be-4af8-82f5-6d74d4ec775d,3c5a6821-6e28-4989-9e8b-b43b18ae6783,6549.26,2026-07-27 13:19:39,completed
43906435-5b8f-4fe5-9563-04120ed9a01d,3c5a6821-6e28-4989-9e8b-b43b18ae6783,1384.46,2026-11-30 08:19:39,completed
cf69723e-1cac-4f11-9e84-ac749ea2c346,3c5a6821-6e28-4989-9e8b-b43b18ae6783,6204.3,2026-08-04 12:19:39,completed
4c6d15bf-d679-4b43-baa4-09136ed50b72,3c5a6821-6e28-4989-9e8b-b43b18ae6783,1151.7,2026-10-06 01:19:39,completed
5e86640b-6211-43c7-bc1f-835566875710,746869bc-485e-499a-8b1b-71ad4c1fc334,1105.4,2025-10-19 19:29:02,completed
d41b40e3-eae9-4324-8dbf-8e9698e5b18c,746869bc-485e-499a-8b1b-71ad4c1fc334,788.3,2025-11-12 05:29:02,completed
6d66365f-2144-44de-8ac4-c4244030e1b1,746869bc-485e-499a-8b1b-71ad4c1fc334,421.15,2026-03-21 19:29:02,completed
24b3fa71-8c9f-4a28-afaa-c5e4c74f20af,746869bc-485e-499a-8b1b-71ad4c1fc334,541.47,2026-02-15 08:29:02,completed
18eb12c8-7519-434d-9caa-4c06db0b4a6c,746869bc-485e-499a-8b1b-71ad4c1fc334,1119.88,2026-04-12 22:29:02,completed
cf374dda-0a61-4d49-b72c-4b08b82e1378,746869bc-485e-499a-8b1b-71ad4c1fc334,1067.37,2025-12-12 06:29:02,completed
f03d9fbc-a2f3-4336-a37a-a192a1bbd4e0,65bd9ae3-8df3-4d21-bc72-5f2342985eca,1232.55,2026-01-23 16:46:13,completed
bc3c8a00-9070-4f5e-ba4c-8d295bc9a949,65bd9ae3-8df3-4d21-bc72-5f2342985eca,4393.62,2025-12-05 07:46:13,completed
0f6cfcac-cc86-4f4c-a2b1-d25d558f57c4,65bd9ae3-8df3-4d21-bc72-5f2342985eca,647.14,2026-01-24 15:46:13,completed
901d70c3-2ba7-4666-8202-9e12600691c7,65bd9ae3-8df3-4d21-bc72-5f2342985eca,2143.07,2026-03-23 16:46:13,completed
79bc0c03-8209-4acf-9df2-7e18c0bdbb48,65bd9ae3-8df3-4d21-bc72-5f2342985eca,4952.3,2026-01-29 10:46:13,completed
82b4ec50-40c7-41a9-8d52-8fdc2c20fcd4,5f0272c1-88ad-45b8-941d-2477ca8d646c,4779.61,2026-10-17 04:43:03,completed
c534644d-bf54-4792-9c01-90fcc90242f0,5f0272c1-88ad-45b8-941d-2477ca8d646c,6780.98,2026-05-30 16:43:03,completed
5e13d6bb-9014-4e6e-8a56-22b388773a1b,5f0272c1-88ad-45b8-941d-2477ca8d646c,792.73,2026-10-25 12:43:03,completed
0d4d868e-e0c1-4717-9b77-2ca2ad3f356a,5f0272c1-88ad-45b8-941d-2477ca8d646c,5898.62,2026-08-03 23:43:03,completed
0c2884bf-1f00-46a7-8aea-5828a671e6f5,5f0272c1-88ad-45b8-941d-2477ca8d646c,2499.54,2026-10-11 08:43:03,completed
3c3b4a4e-2eae-4240-b224-20a3c1f5977d,5f0272c1-88ad-45b8-941d-2477ca8d646c,937.9,2026-06-29 08:43:03,completed
5daadffe-dd80-4be5-8c2d-e280b9ca380d,5f0272c1-88ad-45b8-941d-2477ca8d646c,6320.17,2026-10-12 18:43:03,completed
f8395e32-9070-41fb-8f52-9628919a4746,5f0272c1-88ad-45b8-941d-2477ca8d646c,3696.41,2026-07-16 14:43:03,completed
33b5fa8e-5cfc-4d90-be5f-a342e608e38c,5f0272c1-88ad-45b8-941d-2477ca8d646c,5998.69,2026-07-06 18:43:03,failed
ae45daa8-14d2-4a2c-91cc-0c1fbaa099ce,5f0272c1-88ad-45b8-941d-2477ca8d646c,3016.13,2026-10-09 13:43:03,completed
1c8a22e7-30a3-48b6-9a42-13ad97b60ec2,5f0272c1-88ad-45b8-941d-2477ca8d646c,5459.62,2026-10-31 07:43:03,refunded
cb1296db-3f8c-49e7-82ee-16e9a507ca64,a6143858-d5d8-40dd-8ce8-17c097a36066,749.78,2026-01-15 14:47:44,completed
960f08be-fdad-4dc7-b627-ae647ce641d3,a6143858-d5d8-40dd-8ce8-17c097a36066,3519.3,2026-01-28 12:47:44,completed
6c6bf55c-53e8-405a-8695-4502fcbcde71,a6143858-d5d8-40dd-8ce8-17c097a36066,6624.53,2026-02-23 21:47:44,completed
a92993c8-db6b-4784-962a-72282d95fe8f,aa576be3-b4d1-4b67-b304-bfe6b8a18b44,6438.08,2026-08-05 04:27:44,completed
465f8e10-2168-4fe4-99e8-387d67dbc22c,aa576be3-b4d1-4b67-b304-bfe6b8a18b44,5498.83,2026-08-29 19:27:44,completed
8b171b56-6e36-467b-9175-449b0c4fa1cc,aa576be3-b4d1-4b67-b304-bfe6b8a18b44,3701.85,2026-12-29 08:27:44,completed
07d221de-d727-40b6-8b6c-bc8807903f15,aa576be3-b4d1-4b67-b304-bfe6b8a18b44,2881.81,2026-11-21 11:27:44,completed
def1abd8-6e3f-4284-a195-09849274a5c4,aa576be3-b4d1-4b67-b304-bfe6b8a18b44,4451.46,2026-09-10 12:27:44,completed
2c3b2f6c-9abc-4547-bb12-a3098f264a9e,bc48071e-16f7-46a1-83fc-1be9159968ed,2490.53,2026-04-06 07:10:44,completed
e19c8365-06a0-47ae-b1b5-85c991391cf5,bc48071e-16f7-46a1-83fc-1be9159968ed,945.17,2026-04-15 18:10:44,completed
07e009b6-df96-4201-baf2-fb4f9982cb75,bc48071e-16f7-46a1-83fc-1be9159968ed,466.12,2026-02-07 06:10:44,completed
fb117171-63dc-4958-b0f9-488b0c0e2ff3,bc48071e-16f7-46a1-83fc-1be9159968ed,6251.4,2026-03-03 01:10:44,completed
64f7210b-5cf5-4471-b29d-71ec42fe21d3,bc48071e-16f7-46a1-83fc-1be9159968ed,1443.47,2026-05-17 05:10:44,completed
635e40fe-d919-47fa-b294-08b50d31138c,bc48071e-16f7-46a1-83fc-1be9159968ed,2299.33,2026-06-26 13:10:44,completed
035b5aa6-2316-4eb7-8c6e-472320036973,bc48071e-16f7-46a1-83fc-1be9159968ed,3226.76,2026-06-17 07:10:44,completed
b8ea7197-f137-4800-a735-2fa9743f2925,bc48071e-16f7-46a1-83fc-1be9159968ed,4422.37,2026-02-01 02:10:44,completed
016caa1d-6181-46ae-8c8e-9c3ed3a68fc4,bc48071e-16f7-46a1-83fc-1be9159968ed,6471.14,2026-05-05 08:10:44,completed
1fde2ca3-2527-43fa-b88d-ee50dd9a102d,bc48071e-16f7-46a1-83fc-1be9159968ed,7887.82,2026-03-28 05:10:44,completed
22bc457b-62ad-4b4b-a8e5-c85f4c36c23f,bc48071e-16f7-46a1-83fc-1be9159968ed,1057.39,2026-05-13 15:10:44,completed
fe0580cf-c97e-485a-9f92-c310362e89f8,bc48071e-16f7-46a1-83fc-1be9159968ed,1560.24,2026-01-06 23:10:44,completed
88556077-8dd4-4cf7-a8a8-38d96f398190,bc48071e-16f7-46a1-83fc-1be9159968ed,6966.65,2026-03-14 16:10:44,completed
adc97140-ae64-44d8-955a-f3f2f5ce9af0,bc48071e-16f7-46a1-83fc-1be9159968ed,4056.46,2026-04-03 13:10:44,refunded
6cecef38-2628-4fd7-bb3b-8d579f347f1c,a2382f12-39dc-4e72-b895-4e1a66a7ea1f,7303.82,2026-07-29 09:04:05,completed
4b7299b7-0433-4431-be68-4e43258745f5,a2382f12-39dc-4e72-b895-4e1a66a7ea1f,7463.71,2026-08-03 23:04:05,completed
8ad74a92-e168-4c98-afeb-ee2116f4b8ec,a2382f12-39dc-4e72-b895-4e1a66a7ea1f,3697.91,2026-08-30 15:04:05,completed
acf0f9dd-f038-4e46-bdb5-ceebf4fa5b27,b8e44ced-0fbb-453a-ac12-63107880fd8f,4748.72,2026-09-13 22:53:43,completed
824d5883-c0d2-4a50-b41a-009ab2211463,b8e44ced-0fbb-453a-ac12-63107880fd8f,5116.15,2026-09-01 14:53:43,completed
0c3daa67-025a-45d5-a5cc-bbe68e40377f,b8e44ced-0fbb-453a-ac12-63107880fd8f,4669.62,2026-11-16 08:53:43,completed
7960de15-2f1d-4ce6-8bc1-eb7a7e42d051,b8e44ced-0fbb-453a-ac12-63107880fd8f,1401.06,2026-12-17 00:53:43,completed
7869df82-7147-4fd9-b904-a918b87afd48,b8e44ced-0fbb-453a-ac12-63107880fd8f,7043.78,2026-11-17 18:53:43,completed
5249d8cb-4d86-4b72-874b-f980c0822bed,b8e44ced-0fbb-453a-ac12-63107880fd8f,5995.65,2026-09-17 09:53:43,completed
e6cdf95e-be6b-4901-a923-903f0c4edf1a,b8e44ced-0fbb-453a-ac12-63107880fd8f,1959.43,2027-01-07 04:53:43,completed
ac22df5a-226f-4c6c-8d43-77bc421327d0,dac080e3-eb75-43f5-adbd-c911df155dd9,1148.9,2026-08-04 23:40:19,completed
855bc4fe-b9e2-469d-a569-19cb34572979,dac080e3-eb75-43f5-adbd-c911df155dd9,1732.56,2026-12-16 08:40:19,completed
8a13651c-9efd-48ad-84b6-ac0d6e27dd10,dac080e3-eb75-43f5-adbd-c911df155dd9,7876.54,2026-09-13 12:40:19,completed
66707baa-096c-457a-a184-e8b076c4c4fb,69b2df52-5a3c-49ca-bda4-d50890a7333b,2508.93,2026-11-25 12:53:27,completed
75389696-e31a-4e1b-852d-62219af395c7,58c8d9c8-2ee4-4833-99b5-b38712f16508,1354.44,2026-12-01 15:09:27,completed
e3342300-a6fd-4e83-b487-1c25109f45a4,58c8d9c8-2ee4-4833-99b5-b38712f16508,699.93,2026-11-19 10:09:27,completed
a46fc61d-3d7f-43e6-9ad5-fb5dddfc51a9,58c8d9c8-2ee4-4833-99b5-b38712f16508,1331.45,2026-09-05 21:09:27,completed
ee24dae3-7203-4842-8247-3efe81cea763,58c8d9c8-2ee4-4833-99b5-b38712f16508,7566.83,2026-11-28 22:09:27,completed
40b748ec-50b5-426b-a9fe-9bf79ea5b23c,58c8d9c8-2ee4-4833-99b5-b38712f16508,5929.75,2026-09-09 07:09:27,completed
4a405c1c-1249-48ef-8551-3c2e8ff6f7e7,58c8d9c8-2ee4-4833-99b5-b38712f16508,2376.89,2026-07-23 19:09:27,completed
4accac3e-2089-491c-8159-bb690d31b9fb,c3feef87-5cd3-4f1a-9022-fa8619288128,3728.56,2026-10-22 16:23:44,completed
32350d6e-794d-42c9-a08f-e3cf7f5bf35e,c3feef87-5cd3-4f1a-9022-fa8619288128,1382.81,2026-10-03 00:23:44,completed
b83befdd-7382-4a20-a1d9-1429dbcfc451,c3feef87-5cd3-4f1a-9022-fa8619288128,1168.74,2026-10-31 17:23:44,refunded
70bbe5e5-e064-4e5d-9cd0-6ccf2747a0ba,c3feef87-5cd3-4f1a-9022-fa8619288128,6775.79,2026-07-28 04:23:44,completed
fd436075-503b-4d49-b13a-a23dbadc83e0,fb71e261-8404-432a-8f01-69de4194fa99,2366.85,2026-10-31 19:38:39,completed
f43bd8c6-cfe8-43a0-be3a-3b29a5afc48a,fb71e261-8404-432a-8f01-69de4194fa99,7944.95,2026-08-25 03:38:39,completed
59099101-9ab5-4a66-81a7-806f20530691,fb71e261-8404-432a-8f01-69de4194fa99,476.65,2026-10-15 07:38:39,completed
2c877287-047e-4998-9d88-9efaeb137920,4675f44c-7e95-4d24-bde1-0feed9d25989,799.01,2025-12-24 20:46:14,completed
968e5ac8-884d-4ae0-8339-67dbba0f3659,4675f44c-7e95-4d24-bde1-0feed9d25989,406.98,2026-01-15 13:46:14,completed
b1dd0b32-47ef-455a-a169-e20793ac1deb,4675f44c-7e95-4d24-bde1-0feed9d25989,628.83,2026-06-15 23:46:14,completed
496c8316-d255-47dc-9d4e-123036edacc3,4675f44c-7e95-4d24-bde1-0feed9d25989,1188.3,2026-05-26 19:46:14,failed
1381ea64-b67a-448c-b665-1917a2d1a6bf,4675f44c-7e95-4d24-bde1-0feed9d25989,1067.15,2026-04-10 23:46:14,completed
860ae52a-c1ae-4b5b-9a0e-d85835e843e2,4675f44c-7e95-4d24-bde1-0feed9d25989,695.67,2026-02-10 19:46:14,completed
04ea930c-5472-437b-a74d-6e0d4a70a588,4675f44c-7e95-4d24-bde1-0feed9d25989,1059.9,2026-05-17 21:46:14,refunded
8ab9585b-9873-4abe-8fc1-4f78b79611f5,4675f44c-7e95-4d24-bde1-0feed9d25989,665.44,2025-12-24 17:46:14,completed
6152bdd6-fe63-4cec-90f9-0d4a0ff4169b,c55edf77-6d2f-4de8-b353-240543294083,5755.31,2026-12-08 17:00:41,completed
4f4b97cd-7159-4bbb-b7cf-1a104027f13f,c55edf77-6d2f-4de8-b353-240543294083,5949.86,2026-08-07 01:00:41,completed
66bb8917-04d1-4ca7-9bfe-27cd0c8904e5,c55edf77-6d2f-4de8-b353-240543294083,824.66,2026-08-04 04:00:41,completed
d5086c1d-b76b-497a-acc1-3a37df491cb2,c55edf77-6d2f-4de8-b353-240543294083,3423.64,2026-10-03 02:00:41,completed
17a251f2-fb34-4122-838b-9056452cbd02,c55edf77-6d2f-4de8-b353-240543294083,6719.01,2026-10-20 21:00:41,completed
df457ccd-c42f-4c21-9ca2-f440c3084e94,c55edf77-6d2f-4de8-b353-240543294083,4265.9,2027-01-04 15:00:41,completed
83d4939d-d43c-4724-8f0b-2b84b29dd3db,bbfa8196-56aa-4662-95aa-0b05d98ab3ed,1091.8,2026-12-14 21:33:55,completed
7c36063c-35d7-44ed-a5a0-1c15e5ff17de,bbfa8196-56aa-4662-95aa-0b05d98ab3ed,3567.06,2026-09-19 07:33:55,completed
1c027956-af02-4b76-bd30-9a9119e163d8,bbfa8196-56aa-4662-95aa-0b05d98ab3ed,4698.9,2026-10-03 18:33:55,completed
20a6d1a6-ea35-40a5-80a4-e724dab73c5b,bbfa8196-56aa-4662-95aa-0b05d98ab3ed,5965.99,2026-09-24 05:33:55,completed
44dba8e0-f15a-4eab-b061-5c495f889502,bbfa8196-56aa-4662-95aa-0b05d98ab3ed,805.68,2026-12-03 21:33:55,completed
9059a707-20d5-404c-be84-5919f7428080,5529fda6-6d60-44b3-bb32-1db8a1b902da,4429.58,2026-08-30 08:28:49,completed
5e301913-566b-4f44-a7c7-0c457ed43de8,5529fda6-6d60-44b3-bb32-1db8a1b902da,815.7,2026-10-27 09:28:49,completed
6d5db111-af00-49ee-9c04-b8b4ea6d0327,5529fda6-6d60-44b3-bb32-1db8a1b902da,4499.83,2026-11-14 12:28:49,completed
227d625d-1af8-4367-851c-d980c5058984,5529fda6-6d60-44b3-bb32-1db8a1b902da,4868.16,2026-10-23 05:28:49,completed
e479bf84-3ee6-4c47-af56-cf048da20946,5529fda6-6d60-44b3-bb32-1db8a1b902da,3381.38,2026-10-03 07:28:49,completed
735db136-9912-464c-a420-ac4277546072,5529fda6-6d60-44b3-bb32-1db8a1b902da,4608.6,2026-12-20 20:28:49,completed
07b26951-43b5-4e67-be3c-8b777929b7c1,5529fda6-6d60-44b3-bb32-1db8a1b902da,7453.54,2026-11-15 15:28:49,completed
6b2ac37f-4503-40ee-9e88-7a849a7b9346,5529fda6-6d60-44b3-bb32-1db8a1b902da,333.11,2026-12-25 17:28:49,completed
fcb73d8a-9410-4473-9b7f-c98686b15a41,fa5eac3b-d344-41d8-88f6-8db6725e35d4,1513.45,2025-10-17 21:04:50,completed
509cf5f9-186c-456a-a1f0-a107b47a7c5d,fa5eac3b-d344-41d8-88f6-8db6725e35d4,3610.98,2025-10-24 20:04:50,completed
58c6c0ad-d73f-4f12-ba57-5b3075fc440e,fa5eac3b-d344-41d8-88f6-8db6725e35d4,836.17,2026-02-21 12:04:50,completed
103f4997-0d0d-48e7-8230-0b88cfdb5812,45a61c01-19f7-4e93-a939-c40c62cbbfd9,7035.87,2025-12-08 09:48:00,completed
d8a7bebb-0094-4948-8359-dbf009c2c70d,45a61c01-19f7-4e93-a939-c40c62cbbfd9,2136.86,2026-02-07 17:48:00,completed
00a6f3c4-1c2f-4cf3-83cb-f3c7f061cbb8,45a61c01-19f7-4e93-a939-c40c62cbbfd9,358.94,2026-03-22 10:48:00,completed
dd47e563-21a2-460c-9409-4fe8786c8a68,07b4bd96-efbf-450b-8908-41fd08db9720,5219.6,2026-07-31 09:56:32,completed
18933a9d-e049-4a2b-852b-3d8fcb344faa,07b4bd96-efbf-450b-8908-41fd08db9720,6803.51,2026-08-25 03:56:32,completed
d3358eb9-b1cb-45c9-9463-5944405a4776,07b4bd96-efbf-450b-8908-41fd08db9720,6051.1,2026-10-28 01:56:32,completed
26aef65d-7375-47f9-a0eb-d441349f6480,07b4bd96-efbf-450b-8908-41fd08db9720,2756.6,2026-07-29 02:56:32,completed
05d17dbb-89b2-4b28-8063-dd95c0a4320b,07b4bd96-efbf-450b-8908-41fd08db9720,3302.51,2026-10-30 06:56:32,completed
26883337-40e2-4917-b9b8-cae4092e991a,07b4bd96-efbf-450b-8908-41fd08db9720,7286.98,2026-11-29 11:56:32,failed
6c11d131-c329-42d3-8f3e-7ee0ef0a6c5b,8a1e760e-5b94-4eeb-bb1f-6cee9e2b4d99,622.93,2026-04-11 15:02:48,completed
46db0d08-ab7d-4756-99b6-1d8715ec86c0,8a1e760e-5b94-4eeb-bb1f-6cee9e2b4d99,1110.76,2026-09-30 22:02:48,refunded
01a15a3f-b40e-43f3-80b3-a7f0c4487ae1,8a1e760e-5b94-4eeb-bb1f-6cee9e2b4d99,1079.01,2026-07-10 12:02:48,completed
372872d2-e1d1-41e0-9ee0-e967937a5e1b,aaa683eb-91f4-4eb0-a1ef-653267168601,6723.48,2026-03-17 15:44:51,completed
f9ced5fe-422a-4e7d-ade9-6fd816f80e2c,aaa683eb-91f4-4eb0-a1ef-653267168601,4785.74,2026-03-06 15:44:51,completed
4592d86c-adf4-4530-9cab-15e4acadf3cb,aaa683eb-91f4-4eb0-a1ef-653267168601,3645.67,2026-02-21 23:44:51,completed
219388bb-32d1-46bc-93a2-a0279521a231,aaa683eb-91f4-4eb0-a1ef-653267168601,613.33,2026-03-01 02:44:51,completed
0c329c23-145b-4a6f-aae2-cfc6521ba0ad,aaa683eb-91f4-4eb0-a1ef-653267168601,2105.87,2026-05-11 00:44:51,completed
9e370222-c3bf-456b-9e62-336217c0f7ea,d3aeea55-0954-4967-b920-ce9440259e72,1473.01,2025-09-07 05:23:46,completed
94803e3b-6e33-4553-aa37-399ed4764d80,d3aeea55-0954-4967-b920-ce9440259e72,3224.94,2025-11-13 14:23:46,completed
72fc91ae-5d2a-43a3-85ef-6192689e83a2,d3aeea55-0954-4967-b920-ce9440259e72,7670.35,2025-10-23 00:23:46,completed
02de9be5-ec3b-4845-9bf7-ed1f94a8a501,d3aeea55-0954-4967-b920-ce9440259e72,2289.47,2025-09-25 04:23:46,refunded
7a20eb2f-6c92-41f1-b6bc-a6c6b3818bd2,81a2d40a-e8ff-4c3c-8fa5-cb837f0c1ea1,2490.76,2026-08-06 12:52:49,completed
77a53f33-bde0-41d5-b3ad-19de9df81b43,81a2d40a-e8ff-4c3c-8fa5-cb837f0c1ea1,2876.23,2026-07-27 13:52:49,completed
b73bb738-fea6-4369-ad52-3974eb0470b0,81a2d40a-e8ff-4c3c-8fa5-cb837f0c1ea1,7574.07,2026-09-08 15:52:49,completed
1bd7b3ef-6ba6-40cf-96e2-4ee82de01ab8,ce3ff0aa-7cc1-496a-a5f7-33f981c23a1c,6681.79,2026-08-27 07:42:34,completed
8171d9c6-6ff1-47fb-a014-f353b2ecb0f6,ce3ff0aa-7cc1-496a-a5f7-33f981c23a1c,1336.04,2026-08-18 05:42:34,completed
77b528ee-e29d-4d1b-bde6-fb75750795a0,ce3ff0aa-7cc1-496a-a5f7-33f981c23a1c,2314.74,2027-01-10 03:42:34,completed
edc55a4e-adea-44c5-b131-34d8bf35002e,ce3ff0aa-7cc1-496a-a5f7-33f981c23a1c,4583.55,2026-11-11 00:42:34,completed
97b4595d-fc06-4f77-a90e-82a73f43646c,ce3ff0aa-7cc1-496a-a5f7-33f981c23a1c,4153.03,2026-10-11 15:42:34,completed
7bb0230b-ccfb-453b-a9ef-265b583a62e0,4c222b54-d000-4f05-a5bb-8c27fcff61c2,2484.4,2026-08-06 22:24:05,completed
0230982c-79b4-4199-8790-25ec13afa918,4c222b54-d000-4f05-a5bb-8c27fcff61c2,3259.91,2026-12-07 05:24:05,refunded
ef6b8a32-5fc6-4a11-b6c4-2cc8aad9791c,4c222b54-d000-4f05-a5bb-8c27fcff61c2,3282.51,2026-11-21 16:24:05,completed
30dde68f-28e4-4952-b280-5f4504808af0,4c222b54-d000-4f05-a5bb-8c27fcff61c2,1899.05,2026-09-14 07:24:05,failed
ddc6eed0-1570-4199-ba87-0c550ec1209a,4c222b54-d000-4f05-a5bb-8c27fcff61c2,5361.98,2026-11-19 01:24:05,completed
264e1ed6-ac9e-4885-a12e-d52802b8bd6f,eaeefcf1-566a-4f3a-a764-9a86917d5815,830.98,2026-01-31 19:01:18,completed
43349157-0729-4da3-a94f-351a1d56c0af,eaeefcf1-566a-4f3a-a764-9a86917d5815,798.45,2026-07-01 22:01:18,completed
04ccc875-fd65-478c-a215-88854e4d49c9,eaeefcf1-566a-4f3a-a764-9a86917d5815,951.36,2026-01-31 18:01:18,completed
35e6f59b-89f6-4c58-ba48-d43ad1f571e8,eaeefcf1-566a-4f3a-a764-9a86917d5815,712.9,2026-07-18 21:01:18,failed
21efb691-a2e4-4483-ae32-16039a965a15,eaeefcf1-566a-4f3a-a764-9a86917d5815,997.03,2026-02-12 19:01:18,completed
499cb850-78bf-4b0e-8632-3e9f8adedec2,eaeefcf1-566a-4f3a-a764-9a86917d5815,847.58,2026-04-22 19:01:18,completed
50c43c98-1586-4ead-9e8e-2a8a5bb7ea6f,eaeefcf1-566a-4f3a-a764-9a86917d5815,491.63,2026-03-25 21:01:18,completed
64617c2d-577e-4d80-9fec-371774deff7a,58b81902-e832-474a-b83d-3457ae65b021,1825.74,2026-04-21 10:12:33,completed
6f610667-7f6b-4da3-8c8c-0531e111a573,58b81902-e832-474a-b83d-3457ae65b021,3236.7,2026-07-23 10:12:33,completed
e63de0ae-61c8-430a-aebe-587ffbad80e8,58b81902-e832-474a-b83d-3457ae65b021,748.24,2026-05-27 14:12:33,completed
d3852e08-adf1-4cd9-8ec5-88d0b9f2a7fe,58b81902-e832-474a-b83d-3457ae65b021,4882.95,2026-09-03 15:12:33,completed
d73584af-4d15-4868-ba84-a90724393ce3,58b81902-e832-474a-b83d-3457ae65b021,5898.81,2026-08-26 04:12:33,completed
4c82a0ac-0d99-4694-8e1c-7137800ff756,58b81902-e832-474a-b83d-3457ae65b021,1635.87,2026-06-25 07:12:33,completed
f647aa35-320d-448e-a8fa-a7d0fa249203,c282c509-8054-4e20-83f6-58e3fdb4d04e,796.41,2026-08-01 10:52:31,completed
2e4ecfde-6388-46b3-91c5-a1ed610c043d,c282c509-8054-4e20-83f6-58e3fdb4d04e,689.41,2026-10-07 17:52:31,completed
2d56e173-9d32-46c4-9ae1-8d5187ae673a,9d988246-8f2c-4cef-978f-4d53f0cbcf37,3512.12,2027-02-16 13:56:17,completed
015c981c-53c7-496c-bf91-07bcbae8e623,9d988246-8f2c-4cef-978f-4d53f0cbcf37,7354.66,2026-12-04 18:56:17,completed
2ddfd6a6-fe9a-478c-9c39-cc15434cdce7,9d988246-8f2c-4cef-978f-4d53f0cbcf37,5492.72,2026-09-10 10:56:17,completed
c66576d4-e182-4cb3-8506-ec2a3436e421,9d988246-8f2c-4cef-978f-4d53f0cbcf37,6962.17,2026-09-06 17:56:17,completed
0c11b573-8bfc-4b46-9194-62cd446d40e8,9d988246-8f2c-4cef-978f-4d53f0cbcf37,6222.1,2026-12-16 04:56:17,completed
ca1fb258-200b-4282-8d82-7ff292d63c07,9d988246-8f2c-4cef-978f-4d53f0cbcf37,7950.01,2026-11-17 04:56:17,completed
7de8c4b5-8c07-4e4d-8474-9503831fab5f,9d988246-8f2c-4cef-978f-4d53f0cbcf37,5542.78,2026-09-11 07:56:17,completed
3dc446f1-40a2-4a6d-9446-d37337c5e610,9d988246-8f2c-4cef-978f-4d53f0cbcf37,6937.54,2027-02-09 05:56:17,completed
e97ce337-d1d4-4cc9-ac67-ff28cfdcf7cb,9d988246-8f2c-4cef-978f-4d53f0cbcf37,4179.55,2026-10-11 01:56:17,refunded
78ca57b5-1267-45f0-9948-eb871af20df6,9d988246-8f2c-4cef-978f-4d53f0cbcf37,1260.9,2026-09-13 23:56:17,completed
5b255dc8-d1a5-4bdc-b5c2-c95e2666a66b,9d988246-8f2c-4cef-978f-4d53f0cbcf37,3952.66,2027-02-06 19:56:17,completed
94fe5840-35e6-4555-ae44-aeee49a1341d,9d988246-8f2c-4cef-978f-4d53f0cbcf37,5909.24,2026-11-20 02:56:17,failed
773a5374-3394-44c1-9de8-2f3d2fa335bd,9d988246-8f2c-4cef-978f-4d53f0cbcf37,5613.61,2026-12-01 21:56:17,completed
f16f0846-d757-4fea-9c8b-8e771b221a05,9d988246-8f2c-4cef-978f-4d53f0cbcf37,7214.15,2026-12-24 21:56:17,completed
8f225666-71a8-4c58-87c2-9984dc7f0443,9d988246-8f2c-4cef-978f-4d53f0cbcf37,2118.64,2027-01-05 12:56:17,completed
7702b93f-0905-42f0-a0ac-20f3d46ccde3,9d988246-8f2c-4cef-978f-4d53f0cbcf37,975.92,2027-02-07 03:56:17,completed
1dd8344b-3956-4578-bde0-2588b0c55b0f,9d988246-8f2c-4cef-978f-4d53f0cbcf37,3391.69,2027-01-30 11:56:17,completed
29e94e00-0734-4805-9327-f0d8b0d8fbf1,9d988246-8f2c-4cef-978f-4d53f0cbcf37,3717.67,2026-10-06 19:56:17,completed
1beb0d85-90b1-4516-ac55-980c29388e9d,354f660b-3ef3-4403-b62e-6a7a9a176228,3746.11,2027-01-18 12:10:00,completed
e4d3af22-77e8-449e-8b3d-62e47109e962,354f660b-3ef3-4403-b62e-6a7a9a176228,4537.29,2026-12-05 00:10:00,completed
e5868740-34b9-458a-9b19-80dcb2ced7bc,354f660b-3ef3-4403-b62e-6a7a9a176228,4990.81,2027-02-15 12:10:00,completed
52b6c888-5b9a-4005-b451-ac9e7fd45752,c1bfa03a-d066-497c-a40e-37f368ceeec6,1117.53,2026-01-19 14:32:15,completed
3c7db5ea-6a55-4c42-8be8-3593c9174058,c1bfa03a-d066-497c-a40e-37f368ceeec6,1472.66,2026-04-27 19:32:15,completed
8c4f1d72-e740-4a4e-8d6a-15c8bcbee5b0,71d7b92d-4484-43b3-9156-7136189ea3dc,4527.64,2026-09-09 17:47:15,completed
bd3dbdaa-5383-426a-951e-81362fc34128,71d7b92d-4484-43b3-9156-7136189ea3dc,4397.95,2026-09-25 16:47:15,completed
0fe5c361-09d9-462b-a0f2-a5bcc1b341e6,71d7b92d-4484-43b3-9156-7136189ea3dc,2540.0,2026-05-25 03:47:15,completed
913b404c-9ac8-4f9e-9bfa-9aba8d64f65f,71d7b92d-4484-43b3-9156-7136189ea3dc,4546.06,2026-06-02 17:47:15,completed
9e1517cc-f955-4e92-81c1-005327371c71,71d7b92d-4484-43b3-9156-7136189ea3dc,7607.34,2026-05-23 09:47:15,completed
180aad07-53d4-4639-9abd-ffc5c7f8efdc,4ebabfb4-cba1-41c6-a5b5-2ae72fbf2a7e,918.15,2026-07-16 20:53:11,completed
0f51d8dd-4b81-4548-aef0-0ce941c2082a,4ebabfb4-cba1-41c6-a5b5-2ae72fbf2a7e,731.83,2026-09-09 19:53:11,completed
17d3351d-019f-4d54-9c81-2941211b45b7,e95e9cda-3f9c-4105-b512-cba08ffdeed4,2316.55,2026-06-25 16:21:11,completed
0d757c71-52e1-4592-8076-fb5c4acbabee,e95e9cda-3f9c-4105-b512-cba08ffdeed4,3743.48,2026-12-03 23:21:11,completed
6cf77dd0-991c-4353-af2b-e5bd5f8cb959,e95e9cda-3f9c-4105-b512-cba08ffdeed4,7941.62,2026-10-27 05:21:11,completed
4212eb65-d981-47aa-b82d-bc6cccf6977c,e95e9cda-3f9c-4105-b512-cba08ffdeed4,4840.31,2026-12-04 18:21:11,completed
e718cd94-6bd9-4d90-a406-f6f6e945ef3a,82bc95b9-f3ae-46f4-abf9-470451a7b6a3,451.05,2026-08-24 18:07:18,completed
89c17db1-7930-454a-8a33-de99d187c1f2,82bc95b9-f3ae-46f4-abf9-470451a7b6a3,536.73,2027-01-31 16:07:18,completed
48dd37e5-4510-433e-b1bc-3db6bf89cca3,82bc95b9-f3ae-46f4-abf9-470451a7b6a3,880.58,2026-08-30 03:07:18,completed
1cf7d38e-b413-4a95-a40f-e4ebecbcfd73,82bc95b9-f3ae-46f4-abf9-470451a7b6a3,551.23,2026-10-09 20:07:18,completed
4f8ac036-204d-40dc-9acb-f1ac6539d805,4787103e-08bb-4cf3-9984-9f21a38ee002,1594.74,2026-03-09 06:38:51,failed
6752a516-354f-4191-bc31-f01a1e019e95,4787103e-08bb-4cf3-9984-9f21a38ee002,4138.26,2025-10-07 13:38:51,completed
568e8979-5d1d-43d7-a5df-52ac87e1f357,9eacf551-e045-460a-bbc9-6905c3a2a5fc,5314.3,2025-12-31 13:20:35,completed
76b7bebf-1f20-4574-8d5b-13b0aa91863c,9eacf551-e045-460a-bbc9-6905c3a2a5fc,3774.49,2026-01-01 06:20:35,completed
285cdd2c-02dc-4dbd-9b0c-bd8925048627,9eacf551-e045-460a-bbc9-6905c3a2a5fc,5669.1,2026-04-06 17:20:35,completed
3d8454bd-17fe-4308-aa79-a3685d9dd43a,adc3a1c7-0c11-461b-bf8e-c24734d2be7f,6172.33,2026-11-01 02:49:55,completed
82280e44-d438-42af-89b5-d4b52690b20b,adc3a1c7-0c11-461b-bf8e-c24734d2be7f,3441.65,2026-10-25 19:49:55,completed
58fb60bc-17c4-4480-a633-38774bbcbf47,adc3a1c7-0c11-461b-bf8e-c24734d2be7f,3229.31,2026-09-12 08:49:55,completed
6851ebec-66ac-42fc-9029-76cf894fde1b,adc3a1c7-0c11-461b-bf8e-c24734d2be7f,2249.27,2026-07-01 11:49:55,completed
e0f61e10-42a4-45ea-895d-de36fe568cd9,adc3a1c7-0c11-461b-bf8e-c24734d2be7f,2461.29,2026-07-13 10:49:55,completed
83e70ba0-971b-45ca-a150-d51788e1dca2,adc3a1c7-0c11-461b-bf8e-c24734d2be7f,3525.01,2026-09-26 17:49:55,completed
f3ed185d-2db6-426e-9a46-8f3d8cd44b08,95c74f9f-1cc1-4cdb-94e2-573b5acbf855,4201.41,2026-06-09 23:42:50,completed
5715c60a-5bfa-431e-adb2-d3329fd055e9,95c74f9f-1cc1-4cdb-94e2-573b5acbf855,5392.4,2026-05-13 23:42:50,completed
4ca56f3e-dc27-414f-bb16-09e312bad8d5,95c74f9f-1cc1-4cdb-94e2-573b5acbf855,5150.85,2026-06-06 17:42:50,completed
841d4da4-dbc9-408b-b6ed-b5c1bf572f93,95c74f9f-1cc1-4cdb-94e2-573b5acbf855,3315.61,2026-04-26 06:42:50,completed
7684fd98-a586-46b2-9663-5849759ecf12,95c74f9f-1cc1-4cdb-94e2-573b5acbf855,6927.21,2026-03-11 07:42:50,completed
b7d4756b-9ab4-4890-84fa-c385a77fb85e,452817cc-15ae-4d0b-a47f-24ad320b6638,4210.77,2026-06-19 20:12:40,failed
ed0f4d0e-3303-41b0-97d4-ccda9043461e,452817cc-15ae-4d0b-a47f-24ad320b6638,6253.17,2026-07-10 14:12:40,completed
7614bdca-fa5c-45bf-ab65-a66fa7384b33,452817cc-15ae-4d0b-a47f-24ad320b6638,6684.23,2026-07-11 22:12:40,completed
ceabcbc2-517a-4de8-b443-bfba0485dcbb,452817cc-15ae-4d0b-a47f-24ad320b6638,4897.38,2026-04-09 04:12:40,completed
27d3406f-ac5f-4d71-83a5-3c67f384226d,ca0c4990-f9cc-46c7-92d1-de37aa8d1298,6386.43,2026-02-14 04:46:25,completed
5d241624-510c-457a-8d70-cf628a8e20be,ca0c4990-f9cc-46c7-92d1-de37aa8d1298,545.48,2025-11-30 15:46:25,completed
5b597457-5b48-4bdd-9629-d53f2cdfcf8b,ca0c4990-f9cc-46c7-92d1-de37aa8d1298,5942.69,2026-01-22 16:46:25,completed
36cd02ee-e80d-412a-a721-8bebdc14a3e9,ca0c4990-f9cc-46c7-92d1-de37aa8d1298,7366.8,2026-03-12 10:46:25,completed
512c0d49-540b-4835-a27b-94570390ca85,6330735f-af34-45ec-b25e-214bed0f7005,3740.64,2026-08-25 22:06:15,completed
843cd4b4-29ea-4162-8c43-21f1d40b5b9a,6330735f-af34-45ec-b25e-214bed0f7005,4845.24,2026-08-06 01:06:15,completed
b1892053-727c-46d4-917b-95c01525a5d3,6330735f-af34-45ec-b25e-214bed0f7005,5579.31,2026-06-30 18:06:15,completed
0dea9599-62b9-4223-bd73-d910cfc16398,6330735f-af34-45ec-b25e-214bed0f7005,2880.14,2026-04-09 23:06:15,refunded
803b31e5-1ac5-4bd3-bef8-0be5a132888e,6330735f-af34-45ec-b25e-214bed0f7005,1321.45,2026-05-01 08:06:15,failed
d20ca863-b6d4-4ea4-9ed0-3083527b4d76,6330735f-af34-45ec-b25e-214bed0f7005,7941.92,2026-09-28 17:06:15,failed
ce3922af-8326-434e-a0a4-6b572e532924,0bca66df-147a-49ac-ac31-cccfef17ac36,6694.51,2026-09-01 19:46:07,completed
62b7aa81-405c-4f4d-8fbd-2f218e7923d5,0bca66df-147a-49ac-ac31-cccfef17ac36,6995.06,2026-11-14 16:46:07,completed
1d14830b-50f9-40d9-9551-67eb3531eb5d,0bca66df-147a-49ac-ac31-cccfef17ac36,1638.26,2026-11-14 01:46:07,completed
aa0408b5-3816-4505-bb01-4fc0637b1c66,0bca66df-147a-49ac-ac31-cccfef17ac36,4235.96,2026-12-07 01:46:07,completed
d0fd3671-80d3-4cce-967e-e98f3b41cd3a,1c5b301c-855f-4b0f-99cf-10241de1bedc,7483.4,2025-11-19 00:59:45,completed
890125c8-7764-4261-acea-f01cc609f744,1c5b301c-855f-4b0f-99cf-10241de1bedc,3622.45,2025-12-08 02:59:45,completed
3dac874a-36ef-4772-adb8-3fd2a222088c,1c5b301c-855f-4b0f-99cf-10241de1bedc,7613.62,2025-12-09 19:59:45,completed
e82b4800-0a1f-474b-baab-726a0da1c553,67573f20-bf2d-4ade-92a0-48f50a506d02,5784.53,2026-07-06 11:20:23,completed
2fc9fc5c-0160-4e6c-ac7f-d5b5ab8eceda,67573f20-bf2d-4ade-92a0-48f50a506d02,6620.85,2026-11-19 19:20:23,completed
debf3428-4ee2-49d7-babc-3cab7756d04f,7b11a571-8e62-4460-ad14-dc48ac7c7b51,6489.48,2026-04-29 17:40:08,completed
b6f70e90-d6bc-450a-86b1-0a01b18ddd3e,7b11a571-8e62-4460-ad14-dc48ac7c7b51,6673.94,2026-03-08 11:40:08,completed
d15d01bc-5346-45ca-bf99-81ee8b1098dc,7b11a571-8e62-4460-ad14-dc48ac7c7b51,2676.04,2026-06-03 19:40:08,completed
6978d736-e744-4efe-809e-990021d00ec2,f4790f98-3935-4ac9-9c0c-9cdb82c6fc8f,1320.36,2025-11-15 11:01:37,completed
4862f4d2-a82b-4aae-a830-685a7201d55b,f4790f98-3935-4ac9-9c0c-9cdb82c6fc8f,1723.0,2025-12-19 22:01:37,completed
a8afcd67-69b1-4620-922d-072af36fd8d9,f4790f98-3935-4ac9-9c0c-9cdb82c6fc8f,4846.62,2025-10-15 06:01:37,completed
7ba05e98-285f-4d5e-af69-f5cc6e35cf36,9d6a652c-59a9-449a-b294-7af5a204e080,5745.81,2026-07-17 08:07:18,completed
5f05febf-1cf2-4d33-a1c9-26e7093799ee,9d6a652c-59a9-449a-b294-7af5a204e080,3168.34,2026-07-31 19:07:18,completed
b91b889f-1028-401b-8894-e16f1cc01217,a48c5681-3ca2-4ef0-bd6d-9de10595c90a,525.43,2026-07-10 16:31:29,refunded
0a45d14e-9df8-4f15-8795-8141050c1a20,a48c5681-3ca2-4ef0-bd6d-9de10595c90a,914.01,2026-11-11 01:31:29,completed
bc3f74f3-6592-4a60-be99-b87ee1fded63,a48c5681-3ca2-4ef0-bd6d-9de10595c90a,491.75,2026-10-22 14:31:29,completed
67fcbeb2-0bec-43bd-8182-b0af3a8c3d70,925404aa-9aef-4ba5-ad97-0e6180f374b3,7691.57,2026-07-16 03:39:45,completed
aac37412-f6b1-4b92-ae2c-482fbf2a9dea,925404aa-9aef-4ba5-ad97-0e6180f374b3,4221.1,2026-10-06 21:39:45,completed
08871cc9-9b0e-4834-81f8-ace2bf533b90,925404aa-9aef-4ba5-ad97-0e6180f374b3,6026.02,2026-07-20 12:39:45,completed
a731fdbf-d7f9-4482-b7f7-ceb0135145a7,925404aa-9aef-4ba5-ad97-0e6180f374b3,1498.27,2026-10-16 22:39:45,completed
a864fb3c-eae7-4480-94c8-6de59b9990e4,665b31ee-4c0c-4199-b71f-e9e0cfb0dd66,6358.72,2026-05-28 12:31:09,completed
d56b16e3-3c13-493c-ab8c-c24af753fb84,665b31ee-4c0c-4199-b71f-e9e0cfb0dd66,4027.16,2026-08-08 08:31:09,completed
8b24b4bf-8fb9-4ed3-8243-283b6716f9a8,665b31ee-4c0c-4199-b71f-e9e0cfb0dd66,5554.82,2026-05-17 22:31:09,completed
c4f5ac35-12e9-4c68-bda1-7d374fbdc017,665b31ee-4c0c-4199-b71f-e9e0cfb0dd66,6848.41,2026-06-09 14:31:09,completed
a1a7056b-9b26-41f1-996c-15ffc7728092,eaecc509-1b1e-415b-9ea6-dd7924114d0d,734.89,2026-03-11 22:30:12,completed
963004a8-731a-48c8-b6ec-d311eab3e77a,eaecc509-1b1e-415b-9ea6-dd7924114d0d,1667.38,2026-03-04 11:30:12,completed
e38f02ea-d143-4063-b5c1-790a35ce70f5,eaecc509-1b1e-415b-9ea6-dd7924114d0d,4309.72,2026-08-03 23:30:12,completed
b9ef74c4-b38b-49ac-b655-7b7c75fe986d,eaecc509-1b1e-415b-9ea6-dd7924114d0d,1940.46,2026-07-12 06:30:12,failed
7a0d8d08-8db7-4166-b859-568e553acbfc,eaecc509-1b1e-415b-9ea6-dd7924114d0d,725.73,2026-05-10 07:30:12,completed
a027e8c5-6740-4644-a670-06def4a089d1,eaecc509-1b1e-415b-9ea6-dd7924114d0d,3353.83,2026-06-27 23:30:12,completed
229cd9e4-8465-4e7f-a0ff-aa80030d1f5e,eaecc509-1b1e-415b-9ea6-dd7924114d0d,6312.71,2026-03-03 19:30:12,failed
09a50c03-d8b5-4211-9819-8c20ff395214,3d5eec01-a9c9-41a3-b9d7-babedc6e6c53,3836.13,2026-04-11 10:31:27,completed
f5acd3f7-2f4e-4206-8793-746a5f6ff000,3d5eec01-a9c9-41a3-b9d7-babedc6e6c53,5871.73,2026-07-10 23:31:27,completed
106064a6-8aed-4d72-8ff7-1fc13cc9cc3a,3d5eec01-a9c9-41a3-b9d7-babedc6e6c53,643.83,2026-05-20 14:31:27,completed
9ae26089-5b75-4a80-94f5-7b7a80e01cad,3d5eec01-a9c9-41a3-b9d7-babedc6e6c53,1628.43,2026-06-21 18:31:27,completed
67345104-c72a-4e8a-b153-c2f813f806b8,3d5eec01-a9c9-41a3-b9d7-babedc6e6c53,2462.29,2026-04-22 00:31:27,completed
c27aae48-c07d-478d-a3d2-c6d7f7f93c14,3d5eec01-a9c9-41a3-b9d7-babedc6e6c53,322.5,2026-06-20 06:31:27,completed
f6cab126-46af-4f18-819e-297a4c6be6ff,c3c7a9bb-5959-4990-b1d2-069c2a747ba6,1638.36,2026-02-24 18:20:43,completed
d87c8dd8-d713-4981-90c8-054abf5e249f,c3c7a9bb-5959-4990-b1d2-069c2a747ba6,7087.43,2026-03-04 04:20:43,completed
61797169-8641-4183-8042-9e20118df1e8,c3c7a9bb-5959-4990-b1d2-069c2a747ba6,5206.25,2026-05-25 10:20:43,completed
330eb5c5-46f5-4073-9d53-eb20470c09cb,c3c7a9bb-5959-4990-b1d2-069c2a747ba6,5510.87,2026-01-14 14:20:43,completed
3d4b00ea-55ee-4d4b-ac6a-2906f77f5ab6,c3c7a9bb-5959-4990-b1d2-069c2a747ba6,2190.6,2026-06-28 05:20:43,completed
d84daa57-6a9c-47a3-8a4c-950ac8741e95,c3c7a9bb-5959-4990-b1d2-069c2a747ba6,4862.33,2026-01-15 21:20:43,completed
dec2918d-1043-4a12-9d19-8ec11fb6876d,c3c7a9bb-5959-4990-b1d2-069c2a747ba6,655.53,2026-05-16 20:20:43,completed
e6eed1b3-7a58-40b7-9ae5-99fb2776d831,b7a1f19e-3f58-41d3-9459-448fe9301416,1024.43,2026-06-16 02:41:20,refunded
e8776162-a6e0-4471-a4e3-9bd2b52b4d6c,b7a1f19e-3f58-41d3-9459-448fe9301416,593.16,2026-06-18 10:41:20,completed
7b015840-dfb3-497b-9b3b-0e3e72e7c16e,b7a1f19e-3f58-41d3-9459-448fe9301416,1070.36,2026-06-23 16:41:20,completed
daa7e9c2-03a6-4eb4-ad1d-4906229cc716,b7a1f19e-3f58-41d3-9459-448fe9301416,823.27,2026-08-01 02:41:20,completed
4cc33662-a50e-4424-b783-5c1d01419769,b7a1f19e-3f58-41d3-9459-448fe9301416,897.77,2026-07-14 14:41:20,completed
5c165448-3c22-4c91-8d79-918cf620e38f,da2e09c2-ebf4-4a87-b4c8-87ac697ee426,3939.1,2026-05-05 03:14:23,completed
718dd13d-2051-49ee-a54f-0a5228ab500b,da2e09c2-ebf4-4a87-b4c8-87ac697ee426,1184.6,2026-05-27 02:14:23,completed
db687f40-f2f9-4c4d-b0ed-7c7a3e5f2fc3,796b7722-3e44-4629-98c2-80318b66a8ea,5954.58,2025-12-01 08:06:50,completed
019d8676-4a8f-40e2-a5d3-623d7de480e3,796b7722-3e44-4629-98c2-80318b66a8ea,3497.61,2026-05-06 22:06:50,completed
d0098844-c635-4724-ae5b-4fb4cc526d5f,796b7722-3e44-4629-98c2-80318b66a8ea,3386.1,2026-02-27 08:06:50,completed
267bb061-a5be-440c-bee2-8a70c54fbe78,8741e6ce-4d99-42df-a439-8b18896594a1,7537.66,2026-06-14 03:47:05,completed
554270a7-5b0c-4ddd-93a2-5144ff33c9c5,8741e6ce-4d99-42df-a439-8b18896594a1,1806.1,2026-07-12 19:47:05,completed
a3f11f59-cfd7-4b11-9319-8d12338eb5b2,8741e6ce-4d99-42df-a439-8b18896594a1,6638.37,2026-07-21 04:47:05,completed
9cc56dfd-8a3e-4e99-b90e-5ec5635089c2,8741e6ce-4d99-42df-a439-8b18896594a1,7442.75,2026-04-12 19:47:05,completed
a080f186-ae6f-4b83-b668-e3c5d0013b2d,8741e6ce-4d99-42df-a439-8b18896594a1,830.13,2026-05-21 10:47:05,completed
3dab670d-b984-40e6-bb54-c2522b9a5866,5f6f4df9-3ad1-4987-8071-22142842bf5f,1876.91,2026-05-17 12:34:21,completed
a60cac16-6e64-4135-aa30-6620290e1b1d,5f6f4df9-3ad1-4987-8071-22142842bf5f,6502.63,2026-04-26 04:34:21,completed
347f1a6e-1ab9-4b30-8141-7c962d3fd562,5f6f4df9-3ad1-4987-8071-22142842bf5f,5121.81,2026-03-06 04:34:21,completed
c0e96933-5bab-4cfc-9985-3436fe08d41a,5b1f66ec-ec8b-4104-9139-2f3a68eb4f79,3355.22,2026-06-01 10:34:16,completed
98f4100a-244a-433f-834b-35fa928654fd,5b1f66ec-ec8b-4104-9139-2f3a68eb4f79,3500.57,2026-05-09 09:34:16,completed
b030ad47-be54-412f-b274-42fc258dd4f1,8dc0fcbc-5d49-4d0b-9aad-de730ed01470,7822.57,2026-11-24 06:51:27,completed
af496d5e-b9aa-4b53-8a82-6fe6313f75b0,8dc0fcbc-5d49-4d0b-9aad-de730ed01470,1966.67,2026-12-25 11:51:27,completed
1e63908b-77f8-42b6-a491-2f2ce83a2971,8dc0fcbc-5d49-4d0b-9aad-de730ed01470,4467.88,2026-10-14 20:51:27,failed
49f74a80-96b3-45dc-8c78-8c7fb06bc0a8,8dc0fcbc-5d49-4d0b-9aad-de730ed01470,5233.36,2026-12-19 17:51:27,completed
16b6d9b4-442a-4265-bd26-ffec58577273,8dc0fcbc-5d49-4d0b-9aad-de730ed01470,6194.41,2026-10-14 18:51:27,completed
56f75d46-3013-4618-afa0-347c62f6db98,e69c37bf-a4c7-424f-a11a-d262633268f1,4872.72,2026-04-17 04:50:56,completed
1b42c5f6-ff7e-4a70-b225-40f36d4ee4b9,e69c37bf-a4c7-424f-a11a-d262633268f1,3251.42,2026-04-21 21:50:56,completed
aebed624-92aa-48de-b801-f8eae833be64,e69c37bf-a4c7-424f-a11a-d262633268f1,2334.51,2026-05-20 08:50:56,completed
36da3393-69d6-4fea-ac70-b0cac4994e76,e69c37bf-a4c7-424f-a11a-d262633268f1,931.06,2026-09-01 10:50:56,completed
e46b6794-0785-4a8a-bf32-43c9c55c7747,e69c37bf-a4c7-424f-a11a-d262633268f1,3994.57,2026-04-11 22:50:56,completed
bd7ead82-3d73-4e4e-bc6a-7b246e77909a,58b61906-34c0-4258-90b1-92c78ae3ab8b,7914.54,2026-06-29 22:40:23,completed
e8d43a64-40a8-4df4-821c-64e5222c583a,58b61906-34c0-4258-90b1-92c78ae3ab8b,3751.14,2026-03-20 15:40:23,completed
5cf82244-f80d-446d-9813-0d817b7f0bbe,58b61906-34c0-4258-90b1-92c78ae3ab8b,4739.44,2026-07-18 20:40:23,completed
d5058c0e-0d3a-4314-8581-2df55539d104,58b61906-34c0-4258-90b1-92c78ae3ab8b,4922.06,2026-08-02 19:40:23,completed
8abe7387-a437-4326-90fa-888422d6f781,58b61906-34c0-4258-90b1-92c78ae3ab8b,1149.92,2026-04-10 03:40:23,completed
ede28445-2488-4a9d-ac1c-5fc6ea6b3fb2,58b61906-34c0-4258-90b1-92c78ae3ab8b,3040.79,2026-06-19 10:40:23,completed
0f263988-c00f-4cce-9277-1604795a499d,58b61906-34c0-4258-90b1-92c78ae3ab8b,1085.44,2026-07-26 19:40:23,completed
cd208553-6451-4a7f-8322-11ba86fbbea7,58b61906-34c0-4258-90b1-92c78ae3ab8b,1926.7,2026-03-09 13:40:23,completed
e9521168-9348-4ffb-8c47-b4eb178719a6,58b61906-34c0-4258-90b1-92c78ae3ab8b,2173.06,2026-09-03 10:40:23,refunded
fcd96f01-619b-49fc-a350-eb7e20a8cfff,58b61906-34c0-4258-90b1-92c78ae3ab8b,3849.69,2026-04-27 03:40:23,completed
a4ca9ff1-45f6-43e5-b769-58d601935c86,58b61906-34c0-4258-90b1-92c78ae3ab8b,6035.32,2026-06-05 14:40:23,completed
6c7dbdf7-12d2-4a2f-8e0f-9c38a487c55a,58b61906-34c0-4258-90b1-92c78ae3ab8b,4987.78,2026-04-02 13:40:23,completed
ec902107-f302-48f2-8f36-9e082d70a5ef,58b61906-34c0-4258-90b1-92c78ae3ab8b,4719.48,2026-07-28 16:40:23,completed
d7e0b28d-1dbc-4bd2-9bd3-f3d8cd0e62bc,2fa04de2-581f-479a-a892-924ad0ea307b,4771.87,2026-05-31 22:35:26,completed
11f27c35-ee55-463d-8614-63a3b482b0f2,2fa04de2-581f-479a-a892-924ad0ea307b,1583.51,2026-03-16 16:35:26,completed
472631a1-df5d-4fa5-a160-aaeacd57623b,fc85e618-c1f8-4519-8a01-8f78cdbaebc5,3580.34,2026-09-30 05:59:21,completed
6ffd9004-d9ac-4408-b782-3353ba1b67ff,fc85e618-c1f8-4519-8a01-8f78cdbaebc5,1184.88,2026-06-07 02:59:21,completed
c377fc9f-30e7-4266-b77c-f42a13ab8e4b,fc85e618-c1f8-4519-8a01-8f78cdbaebc5,1228.11,2026-10-12 11:59:21,completed
82f4cef0-824d-4f77-84fa-2122725d6e80,fc85e618-c1f8-4519-8a01-8f78cdbaebc5,4357.0,2026-05-08 20:59:21,completed
80adfe5e-eddc-45df-b73c-a88a1b45ebff,fc85e618-c1f8-4519-8a01-8f78cdbaebc5,4935.79,2026-04-28 06:59:21,completed
abbd0809-9a19-4efa-9caf-624fe4ce7c30,2f1ae872-f699-416c-9b84-e91b672fe642,2578.07,2026-05-15 00:19:32,completed
24688b92-ffe2-41ed-a145-0650747c0065,2f1ae872-f699-416c-9b84-e91b672fe642,5650.3,2026-06-27 21:19:32,completed
d180ee0a-6e91-4ffe-9cde-870f3df666f9,2f1ae872-f699-416c-9b84-e91b672fe642,4812.17,2026-06-03 02:19:32,completed
7b2b9cd7-688c-4cbf-84f8-e29d94f052b5,2f1ae872-f699-416c-9b84-e91b672fe642,2444.08,2026-05-04 09:19:32,completed
961bbdc0-9300-4b86-adca-6828bfba7cf0,3bc96c90-42ea-4c90-9aa7-34884dfce028,814.12,2026-09-09 22:23:16,completed
161ccf81-c93d-40a5-8aa5-ac6e1eb8acb9,3bc96c90-42ea-4c90-9aa7-34884dfce028,7214.83,2026-08-23 20:23:16,completed
eaa40f2c-0115-4917-a6cf-dea65e40048a,3bc96c90-42ea-4c90-9aa7-34884dfce028,5741.35,2026-07-17 03:23:16,completed
43ecd6e0-c73c-49a0-b345-2bf8b9b12248,82018e95-480a-4ffc-9591-237a47d6c913,3056.66,2025-11-21 07:42:09,completed
f8c360e5-4b31-462a-ac72-145cbf6d7e6a,82018e95-480a-4ffc-9591-237a47d6c913,2238.01,2025-11-15 12:42:09,completed
b7df0042-ffcb-4330-8d09-b744dc3deecc,82018e95-480a-4ffc-9591-237a47d6c913,705.95,2025-12-12 01:42:09,completed
57bda726-e9da-470b-b3b0-91a3618ae643,82018e95-480a-4ffc-9591-237a47d6c913,5393.38,2026-01-21 08:42:09,completed
e0437cdd-71d6-4180-ab80-009265327f8b,82018e95-480a-4ffc-9591-237a47d6c913,3600.6,2026-02-28 14:42:09,completed
78a63c51-2897-48b5-a3cd-f1f7c4ad2f26,82018e95-480a-4ffc-9591-237a47d6c913,1344.21,2025-12-24 07:42:09,completed
9002c734-a28a-4d3d-904e-f60b1ed89103,82018e95-480a-4ffc-9591-237a47d6c913,5006.85,2025-10-01 06:42:09,completed
228ff57a-223c-400a-b17b-0827df7005e9,82018e95-480a-4ffc-9591-237a47d6c913,5197.59,2026-03-20 16:42:09,completed
2644d0cb-3533-431b-a673-37e21abbcb4a,82018e95-480a-4ffc-9591-237a47d6c913,7428.12,2025-12-16 09:42:09,completed
41548e62-9c4f-4120-9f39-1dc9349081d3,82018e95-480a-4ffc-9591-237a47d6c913,1887.71,2026-01-30 15:42:09,refunded
3cabe097-5059-4923-a650-b565bfcc2f82,82018e95-480a-4ffc-9591-237a47d6c913,3786.72,2026-01-20 19:42:09,completed
7ed6204d-b9c0-432b-8034-fb59638bd068,82018e95-480a-4ffc-9591-237a47d6c913,2042.99,2025-10-26 16:42:09,completed
298ae0aa-d5c2-43cb-829c-8a38bfce22c7,82018e95-480a-4ffc-9591-237a47d6c913,2653.35,2025-09-25 11:42:09,completed
8137566a-3fe4-4d7a-9b86-455233d2e4ad,82018e95-480a-4ffc-9591-237a47d6c913,7577.24,2026-03-06 18:42:09,completed
27c7ffbd-2a2b-4b39-abc0-49461a71780b,82018e95-480a-4ffc-9591-237a47d6c913,6764.04,2026-02-27 05:42:09,completed
90f43484-179d-42a4-b8d0-395f02f40164,82018e95-480a-4ffc-9591-237a47d6c913,2191.38,2025-10-08 02:42:09,completed
1e4c384b-34e9-420f-96be-fcb9bddb35bd,82018e95-480a-4ffc-9591-237a47d6c913,411.0,2026-01-11 23:42:09,completed
464426f2-024c-4087-869e-c39d1bcca192,82018e95-480a-4ffc-9591-237a47d6c913,2534.46,2025-10-18 09:42:09,completed
2f24e75d-e746-47d4-844a-80b2162ea4a0,82018e95-480a-4ffc-9591-237a47d6c913,7886.42,2026-02-10 21:42:09,completed
855fa7b9-8f17-4d60-a343-257ac56d4395,82018e95-480a-4ffc-9591-237a47d6c913,6743.24,2026-03-18 21:42:09,completed
b1e47f89-2388-4cc8-907d-9ec005478b34,82018e95-480a-4ffc-9591-237a47d6c913,3467.42,2026-03-20 08:42:09,completed
088249ad-b1da-49c4-a3be-f1a81a9415fd,82018e95-480a-4ffc-9591-237a47d6c913,4263.6,2025-10-15 16:42:09,completed
9dcb3b54-2e9d-4e1c-b5d1-ea279343f963,65b31a3b-5e0c-4a8e-b93b-8ad22bf51275,6480.84,2026-06-25 02:50:34,failed
ae1701c1-a2ac-427e-ac5a-c379e36d1376,65b31a3b-5e0c-4a8e-b93b-8ad22bf51275,3006.96,2026-05-21 21:50:34,completed
7ffbb5a8-e821-4291-8dc3-4d5aea156f21,72ee6da9-a7b1-4252-8f37-105695d02548,2763.38,2025-12-08 12:11:24,completed
27060f7c-2492-4cbf-84a2-10032a04f1eb,72ee6da9-a7b1-4252-8f37-105695d02548,7923.91,2025-12-26 15:11:24,completed
23d940a1-1ec1-48b7-b453-23ddf2833afb,72ee6da9-a7b1-4252-8f37-105695d02548,6649.82,2026-04-30 07:11:24,completed
6dbec472-e0b3-4756-9287-72bb8ce75574,2dd9d44b-1fc5-4985-8b13-9e5dd0042f84,3251.65,2025-09-18 15:33:02,completed
be8c8a97-676b-40df-a662-3e7da288aaeb,2dd9d44b-1fc5-4985-8b13-9e5dd0042f84,7923.59,2025-10-28 18:33:02,completed
c7bb6c7f-c015-495d-a3cf-f3bc6d919087,2dd9d44b-1fc5-4985-8b13-9e5dd0042f84,5775.66,2025-10-26 02:33:02,completed
c0a4b3fa-2f95-456d-a5a6-f7ffdb6fe81d,2dd9d44b-1fc5-4985-8b13-9e5dd0042f84,6270.33,2026-02-28 08:33:02,completed
14cf052b-6192-4d96-98d5-79c37c8103b2,2dd9d44b-1fc5-4985-8b13-9e5dd0042f84,1018.18,2025-11-10 02:33:02,completed
2017279a-b3e3-4981-80e7-c5b0523692a1,2dd9d44b-1fc5-4985-8b13-9e5dd0042f84,6324.75,2025-09-28 15:33:02,completed
a97a30c7-5b1c-402e-b86f-4f59eb512462,2dd9d44b-1fc5-4985-8b13-9e5dd0042f84,6406.48,2026-03-03 19:33:02,completed
d84d41c2-2a19-4a52-a76c-d45ac10e3356,2dd9d44b-1fc5-4985-8b13-9e5dd0042f84,5158.13,2025-11-28 23:33:02,completed
bd531be1-4f62-4434-9cf2-53cee5781ae6,2dd9d44b-1fc5-4985-8b13-9e5dd0042f84,1668.09,2025-09-12 07:33:02,completed
67e84c8a-5275-4d6e-ade6-d9acc1c724b7,2dd9d44b-1fc5-4985-8b13-9e5dd0042f84,6505.84,2025-11-20 08:33:02,completed
0d44fb15-0b18-4454-94e1-95c239f94ea7,2dd9d44b-1fc5-4985-8b13-9e5dd0042f84,2133.6,2026-01-27 14:33:02,completed
517b7e4d-f0c1-4234-ba4b-64f91524abf8,2dd9d44b-1fc5-4985-8b13-9e5dd0042f84,5979.35,2025-12-14 22:33:02,completed
7e0bfa63-e27f-482e-a320-4db8ae5d5784,d6b50ed0-b19f-475c-b2c3-a6346632484d,3646.86,2025-11-26 16:41:40,failed
4bd7773d-2758-4dbd-8a7d-5463624a7cff,d6b50ed0-b19f-475c-b2c3-a6346632484d,2217.99,2025-12-23 02:41:40,completed
7a177fe6-3be8-4b6e-bef1-f7b6ecf79042,d6b50ed0-b19f-475c-b2c3-a6346632484d,4569.54,2025-12-29 12:41:40,completed
012e2a42-7222-4ca3-8dcf-6230a1f4fc45,c60bcb59-b469-4231-b615-e4a698ed488a,467.16,2026-04-27 12:30:46,completed
7087788f-9241-41f4-9571-07022b09c20f,c60bcb59-b469-4231-b615-e4a698ed488a,7506.79,2026-04-16 19:30:46,completed
b7720992-f14e-497f-b781-e4c8f9ec95c7,c60bcb59-b469-4231-b615-e4a698ed488a,7888.38,2026-06-09 21:30:46,completed
c418c60f-69b9-4cd3-a277-4e1ea086a74c,c60bcb59-b469-4231-b615-e4a698ed488a,3587.28,2026-08-14 02:30:46,completed
78e44e8b-169a-444d-a286-4d15c848d49b,9f515c3e-2fee-4bef-bcff-2d716f8b0dbe,2784.91,2026-05-09 22:25:28,completed
bbe70368-15aa-43f8-9d92-eefcb5514557,9f515c3e-2fee-4bef-bcff-2d716f8b0dbe,2291.33,2026-05-22 01:25:28,completed
a14f50f2-674a-41e8-8f61-a7c9be25f328,9f515c3e-2fee-4bef-bcff-2d716f8b0dbe,589.79,2026-06-11 05:25:28,completed
272a50a0-e68b-4de2-a37d-ca4fb91da10c,9f515c3e-2fee-4bef-bcff-2d716f8b0dbe,4538.69,2026-06-20 23:25:28,completed
3e4f98a0-ae6b-44e6-8e20-f9ac58312e99,9f515c3e-2fee-4bef-bcff-2d716f8b0dbe,5994.7,2026-03-16 21:25:28,completed
ed878619-9a23-40ce-b0f3-64d945907884,13862a03-9e1a-4963-ac5f-d5f79482c15c,3749.84,2026-04-09 22:17:01,completed
144a7af5-a7f9-4538-b4a1-0112a0f1443f,68e479b1-ed69-407a-9338-a6058314c184,2808.6,2026-08-18 20:23:10,completed
eb26b343-9bad-4b13-bf9b-241df8b23adc,68e479b1-ed69-407a-9338-a6058314c184,3552.31,2026-06-08 00:23:10,completed
a4fff995-50a7-450e-9214-2a8f1dd58478,68e479b1-ed69-407a-9338-a6058314c184,2552.49,2026-06-12 19:23:10,completed
cc60deba-e59e-4a50-a60e-35f7d7015524,68e479b1-ed69-407a-9338-a6058314c184,5646.07,2026-11-09 12:23:10,refunded
c105fbe7-5eed-4d9c-911e-4aa8b4fe58fc,3e0d6685-0e67-4c98-a381-8dbddc241a0f,2823.03,2026-08-07 08:34:48,completed
2dfed1f0-e783-4753-8bf1-c8db56d51f9e,35c6e6fe-9092-4648-85a5-17ad96f23818,6471.84,2026-10-01 13:07:11,completed
eaba3c5c-15d4-4ccd-bb41-115c41f80768,35c6e6fe-9092-4648-85a5-17ad96f23818,7848.6,2026-05-12 12:07:11,completed
ee77a5c8-3793-48ee-a9e8-efd692fac918,c7be00fc-b77c-4329-94aa-785d433d6ad9,3594.31,2026-08-15 04:23:38,completed
c818013b-db35-4ee8-8bc4-1e7e63f792e8,c7be00fc-b77c-4329-94aa-785d433d6ad9,6379.81,2026-08-28 15:23:38,completed
83d718c5-ee26-418c-8596-52e38c9ed474,c7be00fc-b77c-4329-94aa-785d433d6ad9,4711.87,2026-07-26 22:23:38,completed
3fd05baf-c01b-46fd-bd95-85e3e811366f,c7be00fc-b77c-4329-94aa-785d433d6ad9,5468.03,2026-09-05 23:23:38,completed
3e6429be-8d51-4638-b092-41392100b840,c7be00fc-b77c-4329-94aa-785d433d6ad9,5844.7,2026-10-02 17:23:38,completed
e697a2f6-df0d-4157-bae1-35f3e38b4296,afe65f86-ccde-4420-9aae-09408231d6f1,3205.77,2026-07-12 08:26:15,completed
a53334ec-c36d-450c-9430-8280b7f7f644,afe65f86-ccde-4420-9aae-09408231d6f1,6145.01,2026-11-09 14:26:15,completed
183314a2-2778-4231-abd3-4196c97b7f8a,afe65f86-ccde-4420-9aae-09408231d6f1,6985.35,2026-10-12 05:26:15,completed
52406c5f-32eb-40df-85cd-5abd7ea09f74,afe65f86-ccde-4420-9aae-09408231d6f1,6144.2,2026-10-01 05:26:15,completed
27d4c0cb-9b1a-45d1-8cad-02337b348bf1,afe65f86-ccde-4420-9aae-09408231d6f1,1429.44,2026-07-31 06:26:15,completed
237a51e4-bf6a-4aca-bc7a-737ba1ba5f5c,afe65f86-ccde-4420-9aae-09408231d6f1,5536.02,2026-09-22 00:26:15,completed
8753d7de-fe17-4ebd-b450-716096b20a3b,953ad41f-ab24-4934-8012-4f54021efe62,3206.9,2026-04-07 03:51:34,completed
a215260d-a025-4dc9-ab12-f284e69665f0,953ad41f-ab24-4934-8012-4f54021efe62,853.93,2026-02-24 18:51:34,refunded
0fa9c3fb-9d9e-4f62-afdd-23b67dc8a589,dc46469e-5976-4ee8-89cd-5b3a988a8395,983.58,2026-04-01 04:26:55,completed
1c4460e6-3646-46d1-973e-b91f66980eed,dc46469e-5976-4ee8-89cd-5b3a988a8395,6754.13,2026-01-09 04:26:55,completed
40d66d28-3102-4223-93f2-26f78e5c748f,dc46469e-5976-4ee8-89cd-5b3a988a8395,3849.58,2026-03-14 22:26:55,completed
0a7cc544-860c-473f-b192-f537f1c951a5,dc46469e-5976-4ee8-89cd-5b3a988a8395,1346.47,2026-02-10 11:26:55,completed
76201d32-25ff-47d4-8c40-473deffee221,4342cc6c-8c1a-47cc-86dc-0813a7746b60,4222.69,2026-10-09 00:11:59,completed
862c881f-d5f1-4d22-b683-8f8f18b8b3f9,4342cc6c-8c1a-47cc-86dc-0813a7746b60,4118.41,2026-10-13 09:11:59,completed
c3c94e5e-831e-4520-b5c4-08c0ca1ae7fe,4342cc6c-8c1a-47cc-86dc-0813a7746b60,2508.78,2026-08-28 09:11:59,completed
6b00a8c0-bae5-4b26-8c24-3105c15c1f02,4342cc6c-8c1a-47cc-86dc-0813a7746b60,1365.2,2026-08-06 06:11:59,completed
a804fa3f-0ba2-4bac-a33e-450b22ffbec1,47a03c55-4444-4884-b3c3-4c8a726312e2,6992.94,2026-06-27 04:57:15,refunded
c6c55c7e-b27d-4afa-97c8-e444e301c2d0,47a03c55-4444-4884-b3c3-4c8a726312e2,3533.17,2026-05-02 11:57:15,completed
b221ed0f-0cde-44c5-97de-326cbd9494e0,47a03c55-4444-4884-b3c3-4c8a726312e2,473.46,2026-03-08 04:57:15,completed
b2244c8c-4e5a-4e47-9264-e33455ba9917,47a03c55-4444-4884-b3c3-4c8a726312e2,2672.57,2026-06-17 10:57:15,completed
db103f79-76da-401d-b929-4a76a617aae8,d65ecd44-6ea7-446d-af45-1de676ebc6df,3928.12,2026-01-07 09:43:31,completed
605dd23c-5cb4-4a86-b486-bc587d96f3ec,d65ecd44-6ea7-446d-af45-1de676ebc6df,748.05,2026-02-07 08:43:31,completed
dc48429a-b77a-4ced-9903-22a51bd61ec7,d65ecd44-6ea7-446d-af45-1de676ebc6df,5986.26,2025-12-28 01:43:31,completed
27d04ffe-4820-4f8c-ab0f-53ed11b6520d,6b0f535b-c765-444c-badf-5b25c9e1a41e,2164.69,2026-02-16 21:54:49,completed
c6f2be82-1017-431b-a6f4-a926e94efb68,6b0f535b-c765-444c-badf-5b25c9e1a41e,7870.57,2026-01-23 08:54:49,completed
c65a393a-ff68-409a-aaa0-1b44e5444163,6b0f535b-c765-444c-badf-5b25c9e1a41e,2194.21,2026-05-03 19:54:49,completed
a395afd1-ddde-493c-8a05-c2b658f7e490,6b0f535b-c765-444c-badf-5b25c9e1a41e,3469.46,2026-01-07 19:54:49,refunded
6d5400d2-2010-4414-8140-2a40e4fc5072,59e4b350-e938-41e9-94ad-ada4d7ebe817,583.51,2026-04-23 11:34:53,completed
68f43ae8-436a-499e-93eb-8cc1e220c7c0,59e4b350-e938-41e9-94ad-ada4d7ebe817,761.46,2026-03-30 10:34:53,completed
7e2e92d9-554a-45d6-8445-67c80572d98d,59e4b350-e938-41e9-94ad-ada4d7ebe817,5425.7,2026-01-21 05:34:53,completed
bce982d9-1bc9-4a16-8fd5-9a6a2f3a144e,59e4b350-e938-41e9-94ad-ada4d7ebe817,6193.45,2025-11-22 13:34:53,completed
f9fd91b1-b89b-47d9-a7a9-a345eb880c2d,6ca01f15-9631-425e-8376-a42fbe835c02,968.08,2026-07-16 11:11:34,completed
2d7ae6cd-9225-4316-aa15-567ca4a845b7,6ca01f15-9631-425e-8376-a42fbe835c02,7704.79,2026-06-25 17:11:34,completed
4e503497-e4c4-48fb-a5df-c99c947e9d91,6ca01f15-9631-425e-8376-a42fbe835c02,2702.08,2026-06-14 13:11:34,completed
c9a5ad05-760c-4c43-bfa2-59d11ee173f1,6ca01f15-9631-425e-8376-a42fbe835c02,4232.6,2026-07-28 14:11:34,completed
af8794ee-51dd-4c0f-9ea7-8fb7cbcf3530,6ca01f15-9631-425e-8376-a42fbe835c02,300.46,2026-07-18 17:11:34,completed
070958c4-6e18-4690-9ccc-14ccc827f60b,a60c5249-b0c2-44bf-bc91-68b5ded93b04,1689.7,2026-09-11 01:19:25,failed
81cf5211-7cc4-4053-84df-a842bf163e5d,a60c5249-b0c2-44bf-bc91-68b5ded93b04,7293.66,2026-09-13 23:19:25,completed
725cc9f3-bfe5-4684-a8a0-acec06b955ea,f63ed071-602e-49a5-99e0-adf7043e1f89,4419.73,2026-08-05 06:35:20,completed
07953e03-fb47-4444-b644-cb1552aec9c7,f63ed071-602e-49a5-99e0-adf7043e1f89,3030.06,2026-05-12 11:35:20,completed
497709a2-fdbb-4fa8-b67b-85672e922285,f63ed071-602e-49a5-99e0-adf7043e1f89,548.18,2026-04-26 02:35:20,completed
ab7cdbeb-2036-4f6b-aa37-d4ce3734f7da,f025c9c8-c004-46d8-aff8-01a606961bb6,3428.41,2026-06-14 05:50:11,completed
87b790a6-0233-447d-96a6-738709288322,f025c9c8-c004-46d8-aff8-01a606961bb6,1869.16,2026-04-27 22:50:11,refunded
602abc10-c76d-47bb-871e-0e4204f9bc10,8dbf70ce-7ce8-4bdc-b543-160e10ec7dbb,366.7,2026-05-13 08:43:07,completed
c2c95c5a-73d8-4152-838e-bd60376672c7,8dbf70ce-7ce8-4bdc-b543-160e10ec7dbb,7574.01,2026-07-27 22:43:07,completed
6a54557a-da60-40ce-871f-66e1725fadd9,8dbf70ce-7ce8-4bdc-b543-160e10ec7dbb,2989.32,2026-07-14 09:43:07,completed
43ff5d2f-a5f2-41cb-a6e4-a046b236a656,8dbf70ce-7ce8-4bdc-b543-160e10ec7dbb,1591.96,2026-09-05 09:43:07,completed
b7389c25-5b07-4051-96fb-f6530135219b,8dbf70ce-7ce8-4bdc-b543-160e10ec7dbb,7051.55,2026-09-11 11:43:07,completed
569345da-e4cd-45fc-9e80-ea142e8cb526,aff6bb80-412c-47fb-96f5-aad318a100ab,885.02,2026-09-23 09:26:26,completed
3e67d80e-70fe-41c0-b0b1-da39ac51ff19,aff6bb80-412c-47fb-96f5-aad318a100ab,6518.91,2026-08-15 00:26:26,completed
ac579a96-114c-479e-aba9-2f45b2d75192,aff6bb80-412c-47fb-96f5-aad318a100ab,6135.82,2026-04-24 00:26:26,completed
925c3d75-bbb3-4bfb-b0b9-e1b5230cab70,aff6bb80-412c-47fb-96f5-aad318a100ab,1047.68,2026-08-10 18:26:26,completed
7d58a7d3-a518-49db-9697-23af833168eb,aff6bb80-412c-47fb-96f5-aad318a100ab,7164.77,2026-08-10 06:26:26,completed
8bb7425b-a7e8-4f06-9a65-209f991e55ac,aff6bb80-412c-47fb-96f5-aad318a100ab,800.74,2026-04-09 18:26:26,completed
342b192c-cc81-4bfe-9a8f-f39656e2bc73,aff6bb80-412c-47fb-96f5-aad318a100ab,5717.55,2026-07-02 18:26:26,refunded
fe4d5984-de2f-4282-85ba-ec32e0b4501b,aff6bb80-412c-47fb-96f5-aad318a100ab,1091.53,2026-05-09 21:26:26,completed
1f13d75c-f120-45fb-a7ef-752b2356dd32,aff6bb80-412c-47fb-96f5-aad318a100ab,6777.12,2026-06-29 06:26:26,refunded
65538afb-bb07-459f-8d6e-dbe64f2fb78a,aff6bb80-412c-47fb-96f5-aad318a100ab,1082.36,2026-04-09 06:26:26,completed
5d7ca9bc-24f6-41b9-bffd-014715372842,aff6bb80-412c-47fb-96f5-aad318a100ab,1787.58,2026-06-14 16:26:26,completed
82987328-455a-4af4-be7f-0f2ecd876ba5,aff6bb80-412c-47fb-96f5-aad318a100ab,978.53,2026-04-17 21:26:26,completed
188e0433-4929-4e0b-b5b8-a9b0f06b4de7,aff6bb80-412c-47fb-96f5-aad318a100ab,1807.48,2026-06-20 08:26:26,completed
1c41debd-dd26-4350-9a8b-ff2b62600626,aff6bb80-412c-47fb-96f5-aad318a100ab,1761.53,2026-04-11 22:26:26,completed
964c672f-bf44-4acd-bb2b-e136ea600feb,aff6bb80-412c-47fb-96f5-aad318a100ab,4402.74,2026-06-09 12:26:26,completed
1d364624-f82a-4360-8cf4-ad2cb6cabcbb,aff6bb80-412c-47fb-96f5-aad318a100ab,7137.6,2026-04-20 13:26:26,completed
ff9e3c5b-e6fa-4d87-9f37-ead8c8cd5dec,aff6bb80-412c-47fb-96f5-aad318a100ab,6214.01,2026-08-31 05:26:26,completed
e275b09e-eebe-455f-9af3-2e08a5ef0247,aff6bb80-412c-47fb-96f5-aad318a100ab,3627.62,2026-07-09 11:26:26,completed
967134bd-748a-415d-8d21-d266dd821d61,aff6bb80-412c-47fb-96f5-aad318a100ab,2637.53,2026-06-12 22:26:26,completed
b81eb9b0-2c9f-4756-8a14-032cafbf8b39,1b9400f8-aa3d-4d1e-ab70-794ae329ca91,1388.46,2026-02-03 13:58:00,completed
8cd3ea0b-54e4-4ded-973f-f544cdfd8ede,1b9400f8-aa3d-4d1e-ab70-794ae329ca91,724.09,2026-05-20 02:58:00,completed
d835ce96-5c23-4ed4-a0ca-5b171172e848,1b9400f8-aa3d-4d1e-ab70-794ae329ca91,6488.42,2026-01-08 13:58:00,completed
b46c9f97-c1ab-4a6a-9e9c-b01d38f3c1d3,4fbdd3d2-d995-4a56-8d18-a8a9da9beb8d,5233.52,2026-12-03 23:38:44,completed
e4a85c18-749c-43ed-ba80-d155fa9b78d3,4fbdd3d2-d995-4a56-8d18-a8a9da9beb8d,6103.92,2026-07-02 00:38:44,completed
d98f0132-13c7-41a9-8c59-5cc22f186379,a82405e8-ee86-46d6-9e99-986be06c60a6,5413.98,2026-04-21 12:45:19,completed
a7d67e93-97c4-48ef-a8f9-14cb7e73949e,a82405e8-ee86-46d6-9e99-986be06c60a6,3514.0,2026-01-08 04:45:19,completed
cddb0d3e-dbe1-425b-befc-351776f6cd58,a82405e8-ee86-46d6-9e99-986be06c60a6,5172.71,2026-01-08 20:45:19,completed
c892f49c-c5e0-4a01-b840-5bf672cd68e4,a82405e8-ee86-46d6-9e99-986be06c60a6,6322.66,2026-05-20 04:45:19,completed
6ae5cd07-0702-42d6-89ac-af2e0ad370e2,a82405e8-ee86-46d6-9e99-986be06c60a6,534.67,2026-05-02 04:45:19,completed
14c233dc-fa2c-471f-94ef-bd316631a845,a82405e8-ee86-46d6-9e99-986be06c60a6,7479.47,2026-02-15 07:45:19,completed
8f3ff58c-acca-43aa-a283-b8b1edc7b2f6,0a0d27fe-6715-4f8f-9335-9e501b574a6f,6457.33,2026-07-09 00:28:23,completed
274dab1c-85d6-4510-a0f7-66c103866faa,0a0d27fe-6715-4f8f-9335-9e501b574a6f,6152.49,2026-07-26 04:28:23,completed
6468058e-670b-4798-a859-d62e1bc05c95,0a0d27fe-6715-4f8f-9335-9e501b574a6f,1515.83,2026-06-09 18:28:23,completed
1e9df5f7-b3b2-4b35-942e-4ee94088d42d,0a0d27fe-6715-4f8f-9335-9e501b574a6f,6808.7,2026-07-29 14:28:23,completed
c2e63698-8955-42a0-aee6-883c248529cf,0a0d27fe-6715-4f8f-9335-9e501b574a6f,2256.48,2026-07-21 08:28:23,completed
cf676196-5d5a-450b-882c-23d9b5d6b6ab,0a0d27fe-6715-4f8f-9335-9e501b574a6f,2992.29,2026-06-11 20:28:23,completed
52134972-efcd-4bb5-b5f7-3cdda6237a97,0a0d27fe-6715-4f8f-9335-9e501b574a6f,2850.11,2026-04-02 15:28:23,refunded
2a4f57fd-2004-4f3b-b579-91bcee37e2c8,0a0d27fe-6715-4f8f-9335-9e501b574a6f,1435.13,2026-07-27 17:28:23,completed
20be514f-3994-4af6-af9d-206ab64894a9,0a0d27fe-6715-4f8f-9335-9e501b574a6f,3226.8,2026-06-26 05:28:23,failed
3a716408-f8b3-47bb-9559-93ed765c2132,0a0d27fe-6715-4f8f-9335-9e501b574a6f,6392.97,2026-04-28 10:28:23,failed
a70845db-cdbc-47af-a9d6-ebb12fe83394,0a0d27fe-6715-4f8f-9335-9e501b574a6f,6330.45,2026-04-01 01:28:23,failed
78b6c798-a671-4412-b794-f8dca7eee043,0a0d27fe-6715-4f8f-9335-9e501b574a6f,7650.57,2026-05-01 08:28:23,completed
7cde15e0-ccf1-4e42-833a-52234738678c,0a0d27fe-6715-4f8f-9335-9e501b574a6f,4762.7,2026-07-19 03:28:23,completed
be226531-7188-4c05-b83f-19d0bd9a1ec5,0a0d27fe-6715-4f8f-9335-9e501b574a6f,5910.81,2026-03-07 13:28:23,completed
ebc52d88-efba-47c5-aa3a-04eed6be66b1,0a0d27fe-6715-4f8f-9335-9e501b574a6f,2298.81,2026-06-05 05:28:23,completed
9558714d-14c6-467b-a609-41b376b27140,0a0d27fe-6715-4f8f-9335-9e501b574a6f,3029.03,2026-05-24 03:28:23,completed
63b44ce1-5076-4a71-8bc7-2439cf5154cf,0a0d27fe-6715-4f8f-9335-9e501b574a6f,4387.49,2026-04-11 09:28:23,completed
00a001b1-6671-4e28-a925-4c3d066346c8,0a0d27fe-6715-4f8f-9335-9e501b574a6f,2976.48,2026-06-07 16:28:23,completed
b2bcfae4-532c-4a45-88e7-773eb5cac97a,0a0d27fe-6715-4f8f-9335-9e501b574a6f,870.33,2026-07-21 12:28:23,completed
326fe09a-9df0-466f-ad96-829ca93e612c,0a0d27fe-6715-4f8f-9335-9e501b574a6f,7114.88,2026-02-27 06:28:23,completed
ecb51f4f-f700-4963-b94d-c70b2bfe4a59,0a0d27fe-6715-4f8f-9335-9e501b574a6f,7940.63,2026-07-14 17:28:23,completed
110a3576-661d-40fe-b3d2-21da6671850a,54a29217-d890-4d97-88bb-a2c58a570c01,2451.7,2026-05-05 08:45:17,failed
68ab4373-77ee-4bce-a6e0-7a4267691ddd,54a29217-d890-4d97-88bb-a2c58a570c01,3743.57,2026-05-13 04:45:17,completed
3a311fc7-8b08-4ab9-b555-3594f760c2f5,54a29217-d890-4d97-88bb-a2c58a570c01,4218.84,2026-05-10 15:45:17,failed
509aa888-2406-4177-b72e-0337a93483ef,54a29217-d890-4d97-88bb-a2c58a570c01,5851.94,2026-02-05 06:45:17,completed
1302c1ce-9967-4734-8cc5-776d11385291,54a29217-d890-4d97-88bb-a2c58a570c01,6192.78,2026-04-26 14:45:17,completed
e62f263a-23af-4cbd-9075-b4e8d3accb5d,54a29217-d890-4d97-88bb-a2c58a570c01,4685.44,2026-05-06 01:45:17,completed
23d10fb1-9eeb-4ac6-b2f7-59dc2fc21c83,54a29217-d890-4d97-88bb-a2c58a570c01,2299.04,2026-05-13 18:45:17,completed
cb1b9b79-6c50-4117-a461-d18e3ab71a89,3a8f22fc-aa36-4dcf-810f-ad8d4bb168ee,1286.72,2026-07-11 12:29:20,completed
2dd6192e-2140-4681-96e6-27f183302cb6,3a8f22fc-aa36-4dcf-810f-ad8d4bb168ee,3448.06,2026-07-10 07:29:20,completed
0e0e58c2-1ed0-4f16-8c6b-bff976269b8d,7f8e88aa-cb01-4878-939b-b6687b635bbd,3332.59,2026-09-06 04:30:29,completed
606e9fb5-beab-4880-bc7a-1ccdf946be94,7f8e88aa-cb01-4878-939b-b6687b635bbd,6145.37,2026-12-01 08:30:29,completed
7469a7e8-598e-4ceb-aabe-251478db260e,7f8e88aa-cb01-4878-939b-b6687b635bbd,3486.81,2026-12-19 16:30:29,completed
77105e25-8e47-424b-862e-94869ef5a752,7f8e88aa-cb01-4878-939b-b6687b635bbd,4866.11,2026-10-17 22:30:29,completed
8af41036-85df-4bae-9aa2-50b918a7a26a,7f8e88aa-cb01-4878-939b-b6687b635bbd,1728.9,2026-12-28 21:30:29,completed
cf1672c5-1258-46c8-a8c2-f77ebd3536bb,7f8e88aa-cb01-4878-939b-b6687b635bbd,7238.24,2026-11-23 05:30:29,completed
8e1e17db-2cbe-4bfe-bbcb-2ede87b60975,7f8e88aa-cb01-4878-939b-b6687b635bbd,2190.11,2026-08-09 16:30:29,completed
0673a3e1-2d8e-4e6f-a196-fdb7b3ef86ce,7f8e88aa-cb01-4878-939b-b6687b635bbd,3588.62,2026-10-31 16:30:29,completed
e5dbe220-7113-42cf-b20d-269d754810ad,7f8e88aa-cb01-4878-939b-b6687b635bbd,3453.18,2027-01-02 13:30:29,completed
34329eb0-1345-4ac7-8292-0d84950060be,7f8e88aa-cb01-4878-939b-b6687b635bbd,2444.77,2026-07-16 19:30:29,completed
c88fc2e1-b3d5-475d-a0a2-c922df777d5a,7f8e88aa-cb01-4878-939b-b6687b635bbd,5952.31,2026-09-06 15:30:29,completed
88d63ca3-4a7f-4c17-94dd-a5b89b79cbc0,7f8e88aa-cb01-4878-939b-b6687b635bbd,910.99,2026-12-06 15:30:29,completed
a0b2fded-a2b4-40f0-8f52-a075298d6bbf,7f8e88aa-cb01-4878-939b-b6687b635bbd,2782.3,2026-09-01 02:30:29,completed
552d139c-cd41-4a11-b20b-ec30a685aae5,7f8e88aa-cb01-4878-939b-b6687b635bbd,7413.0,2026-10-04 19:30:29,completed
fb46154a-ade7-47e1-8a94-dfd88e7cbd2e,7f8e88aa-cb01-4878-939b-b6687b635bbd,3821.63,2026-11-14 08:30:29,completed
7215a2cb-4b02-477c-9646-87d8e57297d1,7f8e88aa-cb01-4878-939b-b6687b635bbd,2541.72,2027-01-03 02:30:29,completed
d7011559-6253-46b3-9299-579e7bb0bd9f,7f8e88aa-cb01-4878-939b-b6687b635bbd,2788.88,2027-01-03 05:30:29,completed
0c17edf7-d8f6-4b11-b86a-25504f2cffee,7f8e88aa-cb01-4878-939b-b6687b635bbd,5064.9,2026-12-25 03:30:29,completed
ace36439-4215-4b53-9255-7000a4a74f2b,7f8e88aa-cb01-4878-939b-b6687b635bbd,3428.2,2026-10-05 07:30:29,completed
d51922e0-6a2a-4c8d-ba7e-4364f57139a2,7f8e88aa-cb01-4878-939b-b6687b635bbd,3655.89,2026-07-30 11:30:29,completed
43f6ab39-7c0a-46ff-ac62-8525b709efe5,33cc745c-7a4d-4004-92ed-731f22399f86,2129.39,2026-08-04 09:33:57,completed
7909fe49-d1b3-4afe-a974-97474c1b8bdc,33cc745c-7a4d-4004-92ed-731f22399f86,3002.41,2026-04-26 11:33:57,completed
5b3c01cb-90b1-464f-9888-a8d525c2aa13,33cc745c-7a4d-4004-92ed-731f22399f86,3349.22,2026-05-30 18:33:57,completed
d60e2118-9733-4f5e-88ec-d8061ab2e123,33cc745c-7a4d-4004-92ed-731f22399f86,2820.06,2026-04-22 19:33:57,completed
ad62a635-934f-4515-a32e-bf680a666e56,33cc745c-7a4d-4004-92ed-731f22399f86,2462.02,2026-09-23 21:33:57,completed
93f93f4e-ddd3-4fcb-9b0f-8b302c95fc8d,33cc745c-7a4d-4004-92ed-731f22399f86,1955.24,2026-06-24 10:33:57,completed
9f85166b-b2b3-4225-b710-baca29bf6adf,33cc745c-7a4d-4004-92ed-731f22399f86,3458.62,2026-09-13 22:33:57,completed
c9f82708-988b-40bf-924d-c0c2c32f353e,33cc745c-7a4d-4004-92ed-731f22399f86,3656.38,2026-09-21 09:33:57,completed
83e38720-bb4e-4e02-aed3-f83b6bb734d0,4e7f962c-fdae-4be4-8ba5-c2083122d160,3668.12,2026-10-11 17:17:47,completed
4c61fbeb-9528-4c3e-bbd2-5e955a4c0eb4,4e7f962c-fdae-4be4-8ba5-c2083122d160,4117.45,2026-10-15 12:17:47,completed
4e3ff53d-0210-455f-a516-d6db154966d9,4e7f962c-fdae-4be4-8ba5-c2083122d160,7423.88,2026-09-27 15:17:47,completed
e7996841-a695-4869-b83b-0ef0c5608709,4e7f962c-fdae-4be4-8ba5-c2083122d160,1124.56,2026-09-18 11:17:47,completed
12399efe-dcf2-46af-bd4f-640d0c646671,42883594-cbc3-4672-ade8-485192198c06,5124.34,2026-09-02 02:14:35,completed
e0a52fe0-3c74-4960-ab07-781e8f31476f,42883594-cbc3-4672-ade8-485192198c06,1614.49,2026-10-11 00:14:35,completed
fdb36a06-b9ff-462d-991d-90795f04f4f4,42883594-cbc3-4672-ade8-485192198c06,6843.39,2026-09-03 23:14:35,completed
e855399e-88d8-4494-b066-a9de7ec6342d,42883594-cbc3-4672-ade8-485192198c06,6928.89,2026-11-19 19:14:35,completed
03f02fe9-f2b0-4747-923e-8376a2431d40,90a00521-051d-4b57-8175-a8980d2ce6cd,7339.23,2026-05-26 04:10:55,completed
49f782ea-4381-479c-886e-b143d97630df,03be1edc-693c-40b1-b550-ff87f6de362d,3978.23,2026-10-23 08:54:57,completed
1b635176-6f6c-4b7e-8ee1-13e5c8aead86,03be1edc-693c-40b1-b550-ff87f6de362d,3732.74,2026-11-10 12:54:57,completed
3479b7fb-8855-4a37-a898-02f7514d292d,03be1edc-693c-40b1-b550-ff87f6de362d,932.83,2026-09-03 04:54:57,completed
0cc3867c-a231-442f-bf6f-9eb78834e596,03be1edc-693c-40b1-b550-ff87f6de362d,1070.42,2027-01-20 11:54:57,completed
59f6162f-e716-4b5d-b423-46daacaf07d6,5d4a185d-1537-4296-af3b-165ade4152b2,4708.92,2026-08-16 07:28:14,completed
c3a8b3eb-b420-4687-a687-51f0e2e28b66,5d4a185d-1537-4296-af3b-165ade4152b2,4950.92,2026-07-27 23:28:14,completed
36cd7214-df63-4a5e-804f-6374944b31dc,5d4a185d-1537-4296-af3b-165ade4152b2,7365.93,2026-07-04 17:28:14,completed
bf3ad02b-4b8e-4916-921e-d6db570b6200,5d4a185d-1537-4296-af3b-165ade4152b2,6151.65,2026-06-27 12:28:14,completed
74dd0c7e-233f-4239-85c2-68ab9834f010,c50b07ca-d836-471f-b30c-f1a6cc4888d7,3687.81,2026-12-09 20:41:02,completed
d33c9b52-0c48-4c91-80a3-fcadc77c6d3b,c50b07ca-d836-471f-b30c-f1a6cc4888d7,582.59,2026-09-28 12:41:02,completed
31b56787-4765-482b-8789-200e863e194e,9bba7c80-89b4-41bb-9a21-6b50ded15f73,5754.4,2026-08-05 02:58:21,completed
1e2d8502-d3b0-4abf-abeb-32735592c2ff,a0d597ff-0e18-4db4-9c86-2a5b1f3f9f08,4093.24,2026-06-17 06:39:54,completed
ad00a823-83b1-4ec1-b3bd-154d8ddb7474,a0d597ff-0e18-4db4-9c86-2a5b1f3f9f08,1384.65,2026-06-12 07:39:54,completed
c638f697-56ac-40f6-aad3-d0f3a2f68967,a0d597ff-0e18-4db4-9c86-2a5b1f3f9f08,6911.19,2026-07-25 21:39:54,completed
25d1bbf2-3db0-488f-b0f9-b76f6b99b653,f1c235dd-cc2a-4378-813d-b55d57588f72,1166.66,2026-03-25 10:14:56,completed
1112151f-7dd0-4922-a0ba-a484445d995a,f1c235dd-cc2a-4378-813d-b55d57588f72,7954.64,2026-02-27 17:14:56,completed
1d18b966-d8a0-4c23-b8d0-f0ffafb8e974,f1c235dd-cc2a-4378-813d-b55d57588f72,5254.56,2025-10-27 06:14:56,completed
cf97d134-9983-46c2-a672-0e74d123fce9,f1c235dd-cc2a-4378-813d-b55d57588f72,2323.8,2025-11-26 12:14:56,completed
7b9a22e5-ffc6-4dc2-b72f-1f3aced065ab,f1c235dd-cc2a-4378-813d-b55d57588f72,4024.93,2026-03-16 11:14:56,completed
023f9d05-9102-4fbe-a754-23fa279ca8d7,60c90096-f762-4e46-9fda-d95b0ec9bd9b,2260.13,2026-11-01 07:10:21,completed
ea8dc1fd-6d87-4b02-b9b5-d77f0581087c,60c90096-f762-4e46-9fda-d95b0ec9bd9b,5180.88,2026-09-12 11:10:21,completed
31221fec-9dbb-49f8-9789-5c7b3bb219d7,60c90096-f762-4e46-9fda-d95b0ec9bd9b,5295.0,2026-10-13 08:10:21,completed
522b0da4-c2dc-4670-baa5-290602e25429,60c90096-f762-4e46-9fda-d95b0ec9bd9b,2130.96,2026-12-10 12:10:21,completed
4d4caa71-ac4b-401e-89d2-165333880ec8,60c90096-f762-4e46-9fda-d95b0ec9bd9b,435.93,2026-10-06 02:10:21,completed
128ae389-af1f-4748-8691-ceddaa966b74,60c90096-f762-4e46-9fda-d95b0ec9bd9b,4903.1,2026-12-01 02:10:21,completed
a3bb22ef-db5b-40d5-9845-1c34d9c8b02e,60c90096-f762-4e46-9fda-d95b0ec9bd9b,3447.64,2026-10-05 07:10:21,completed
a138978e-3eb5-4743-937d-e39a4f91ea51,3c7fad24-547b-4db2-b5fa-9da033bc033a,1205.19,2026-02-02 21:32:02,completed
17130d7b-ab40-4def-a18f-353be77ac889,3c7fad24-547b-4db2-b5fa-9da033bc033a,5967.68,2025-11-01 20:32:02,completed
1277a201-17c8-477a-bc4b-f535e55346b4,3c7fad24-547b-4db2-b5fa-9da033bc033a,2614.49,2026-03-02 22:32:02,completed
28aac60b-af25-40ae-9b53-b1f0d6c3d789,3c7fad24-547b-4db2-b5fa-9da033bc033a,7977.6,2025-11-24 01:32:02,completed
7856537b-9e19-42be-ac91-ab445ee4b2f8,886f716b-2d29-4af1-ab76-6751a516af8b,5454.7,2025-12-01 21:28:50,completed
f49c3529-0b09-45b5-96fc-d8b727c8f010,886f716b-2d29-4af1-ab76-6751a516af8b,1258.54,2026-03-23 05:28:50,completed
21427af3-410b-4a60-867e-c0790e0fa6c6,886f716b-2d29-4af1-ab76-6751a516af8b,621.4,2025-12-17 16:28:50,completed
ba1421bb-3555-4066-932b-44b9ed3554ea,886f716b-2d29-4af1-ab76-6751a516af8b,6202.69,2026-02-01 07:28:50,completed
aae98b9b-06cf-40fe-aa6d-a6d312657849,5738408c-9158-4309-9127-bab35e70b8f1,1075.95,2026-03-25 02:01:30,completed
c1972426-16b2-44cd-b559-11ba0b5c476a,5738408c-9158-4309-9127-bab35e70b8f1,5374.71,2026-05-05 02:01:30,completed
a5f8eb90-f44b-4ed0-9ebc-77fc5a246ffc,5738408c-9158-4309-9127-bab35e70b8f1,7538.9,2026-03-02 21:01:30,completed
7f79d9ff-d26f-47fd-9bdb-474c6fd3927e,f7d05395-dbbe-4f84-9b9c-209793b457a4,4481.07,2026-01-07 22:05:29,failed
9e37e83a-85f5-4968-9f77-d0eb9c327c79,f7d05395-dbbe-4f84-9b9c-209793b457a4,4373.32,2026-04-27 23:05:29,completed
08261c2f-ed72-4622-bd75-92b4d02f26d5,dc9766f9-ea51-408b-9a40-d66af7123447,2685.12,2025-12-19 21:19:20,completed
ab856e6e-f108-475c-b07f-10f1769646b6,dc9766f9-ea51-408b-9a40-d66af7123447,7406.21,2026-01-20 04:19:20,completed
34f3a73d-2899-498a-847f-35c7b3e0bae6,dc9766f9-ea51-408b-9a40-d66af7123447,6615.41,2026-02-24 05:19:20,completed
862e3663-44b5-451b-881d-2621f61fbaad,dc9766f9-ea51-408b-9a40-d66af7123447,472.07,2026-03-28 00:19:20,completed
c2c8a260-d7fd-4462-9f45-c0b94ee454fb,dc9766f9-ea51-408b-9a40-d66af7123447,7339.13,2026-03-20 16:19:20,completed
fe7146d1-40f1-40a4-a9be-76752e6a07f8,dc9766f9-ea51-408b-9a40-d66af7123447,3664.54,2025-11-29 03:19:20,completed
7e4d3c51-3038-46d8-8ec5-759456eaefc5,dc9766f9-ea51-408b-9a40-d66af7123447,4255.23,2025-11-10 04:19:20,refunded
db73ec1d-0bd1-4eab-aae7-09864f9f6d89,dc9766f9-ea51-408b-9a40-d66af7123447,5454.29,2025-12-27 21:19:20,completed
6ed314e9-ad17-4d1c-bf15-c1b8a8cdc8e0,dc9766f9-ea51-408b-9a40-d66af7123447,5748.07,2026-01-30 10:19:20,completed
9af70407-09f7-47ce-85aa-a0f20605bb30,dc9766f9-ea51-408b-9a40-d66af7123447,4327.79,2025-11-07 08:19:20,completed
b6dc2f60-5852-4d00-92c3-34d2519110cb,dc9766f9-ea51-408b-9a40-d66af7123447,1272.17,2026-02-27 19:19:20,completed
652b3cc8-9c62-45d7-921c-c343152299e4,dc9766f9-ea51-408b-9a40-d66af7123447,5125.0,2025-11-20 21:19:20,completed
15d3c5b3-94bb-4770-8cb9-946af391d30a,dc9766f9-ea51-408b-9a40-d66af7123447,1133.18,2025-11-11 04:19:20,completed
13df177b-9326-45dc-a36e-0b26e0b111c8,dc9766f9-ea51-408b-9a40-d66af7123447,7834.06,2026-03-15 09:19:20,completed
b25652fe-f532-443a-910d-d2d6bd392cba,dc9766f9-ea51-408b-9a40-d66af7123447,6138.32,2026-03-09 01:19:20,completed
3cc4ffec-e3e3-4f98-b41a-270c95b9447b,dc9766f9-ea51-408b-9a40-d66af7123447,3207.08,2025-12-08 12:19:20,completed
963e66f2-8b78-4c76-92b5-f9d79f4091e7,dc9766f9-ea51-408b-9a40-d66af7123447,6606.08,2025-11-24 21:19:20,completed
b29ab42b-4ed2-4151-878d-9a19fdceaaef,dc9766f9-ea51-408b-9a40-d66af7123447,6439.15,2025-10-20 19:19:20,completed
e83fb465-1180-4f2a-a3f7-6e0223136203,dc9766f9-ea51-408b-9a40-d66af7123447,1946.48,2026-03-21 14:19:20,completed
fa18497b-390b-4b26-b8fa-f4fa59c18202,dc9766f9-ea51-408b-9a40-d66af7123447,5591.05,2025-11-19 08:19:20,completed
8992c0ab-539a-4f91-8d99-fde266b6e3f4,dc9766f9-ea51-408b-9a40-d66af7123447,5254.71,2025-11-23 09:19:20,completed
910b31ec-f883-4786-9f67-59c12e3d921e,dc9766f9-ea51-408b-9a40-d66af7123447,7624.39,2026-03-01 22:19:20,completed
318ff721-3af1-45b3-b040-f98d9b240951,dc9766f9-ea51-408b-9a40-d66af7123447,7213.13,2025-12-17 19:19:20,completed
ba361721-4fa2-4aee-8920-52b8744266f5,dc9766f9-ea51-408b-9a40-d66af7123447,1336.26,2025-10-22 00:19:20,completed
316c0793-1214-4256-a2a7-48fdb356ea63,700db10a-7231-473b-824a-c413fbae883f,7805.79,2026-09-02 09:40:03,completed
aa43ed63-4a70-45e8-a227-de62cb74f74d,700db10a-7231-473b-824a-c413fbae883f,4471.11,2026-08-11 07:40:03,completed
8d59b500-36b4-4ddd-a022-885ffd37a903,700db10a-7231-473b-824a-c413fbae883f,4008.96,2026-07-16 08:40:03,failed
eccae45f-d1ca-4aca-88ca-4b52b07dc85c,700db10a-7231-473b-824a-c413fbae883f,4018.37,2026-10-23 11:40:03,completed
b2e178ac-62ce-49ef-a8ab-4628acb2b14e,700db10a-7231-473b-824a-c413fbae883f,4020.4,2026-07-16 15:40:03,completed
77e3d580-feaa-452e-a5d8-e85a125708c1,700db10a-7231-473b-824a-c413fbae883f,3204.57,2026-11-30 09:40:03,completed
77920afd-1c62-4e01-a7d3-026f80c4b72b,700db10a-7231-473b-824a-c413fbae883f,5337.38,2026-10-17 02:40:03,completed
88200f3f-de46-49b2-8f7b-7ae2e55f7b55,700db10a-7231-473b-824a-c413fbae883f,7680.15,2026-07-30 22:40:03,completed
ce67a97c-8ecf-40eb-87a1-c2cae008abb0,700db10a-7231-473b-824a-c413fbae883f,6810.78,2026-07-24 11:40:03,completed
eea6c8ff-96d0-4d48-adf4-84b86847c932,700db10a-7231-473b-824a-c413fbae883f,4157.73,2026-07-26 23:40:03,completed
5d9c745b-13a2-4c0b-b109-04e25af7cfaf,700db10a-7231-473b-824a-c413fbae883f,6668.75,2026-09-08 03:40:03,completed
a30c8e09-9ec1-404c-853a-7cac1110049f,700db10a-7231-473b-824a-c413fbae883f,3384.66,2026-09-28 22:40:03,completed
5c6fbaeb-aa09-4688-86f3-e67f471a1353,700db10a-7231-473b-824a-c413fbae883f,5019.13,2026-11-10 11:40:03,completed
952ad247-74a5-4668-aa36-591674bc0b57,700db10a-7231-473b-824a-c413fbae883f,6096.03,2026-10-05 00:40:03,completed
0fff837d-7bb2-436d-9e62-d8592d47fa4a,700db10a-7231-473b-824a-c413fbae883f,2226.33,2026-07-19 14:40:03,completed
7f5d7567-69ba-4487-a06d-5ef4a1a6ffba,700db10a-7231-473b-824a-c413fbae883f,6080.3,2026-07-22 20:40:03,completed
2a157ee5-e816-4138-87fe-d6e360ce9828,700db10a-7231-473b-824a-c413fbae883f,6570.5,2026-09-10 11:40:03,refunded
1de33c34-13ce-4fb3-a132-2239101c9fc9,3c47ddd4-8c07-49a6-9c40-43e44f6a0e9d,1250.05,2027-01-08 06:06:04,completed
b50a2e94-7341-44cc-8b10-15cd5c3dfc3e,6d1d5d13-0402-4d02-89ad-d69800b61cc1,3357.72,2027-01-17 22:21:33,completed
febb2f4e-1408-4691-a23c-e9e791c9f99b,6d1d5d13-0402-4d02-89ad-d69800b61cc1,382.96,2027-01-22 16:21:33,completed
23ad71e9-7fe8-4535-9787-6ec695fe1e68,6d1d5d13-0402-4d02-89ad-d69800b61cc1,815.78,2026-09-26 14:21:33,completed
95a55c79-2892-411f-aea3-1cb7c51f8aa7,5ab945f5-1f3e-4238-9016-42263a7476eb,3391.77,2026-05-22 13:27:15,completed
d9e02384-8a59-42ec-ab3a-3d9d8822c2f8,5ab945f5-1f3e-4238-9016-42263a7476eb,5959.27,2026-05-31 06:27:15,completed
18fef839-82c2-4c95-8648-e81c2b506a67,5ab945f5-1f3e-4238-9016-42263a7476eb,3124.66,2026-09-05 01:27:15,completed
8541a0aa-9eb6-49f8-871d-90eb29ad037f,5ab945f5-1f3e-4238-9016-42263a7476eb,7446.03,2026-04-19 07:27:15,completed
7b3254cd-be33-4d68-898f-63df218b19e9,5ab945f5-1f3e-4238-9016-42263a7476eb,4176.84,2026-07-20 20:27:15,completed
20ca513b-06d5-446f-af06-5a4ebf95d832,5ab945f5-1f3e-4238-9016-42263a7476eb,332.82,2026-10-08 22:27:15,completed
31c6c3de-b803-4a9e-a4a3-5c6b05896b63,5ab945f5-1f3e-4238-9016-42263a7476eb,3996.14,2026-06-17 13:27:15,completed
f1352675-e207-459a-a45a-bd51e5a321db,41e67d98-b9d7-46ff-bb67-2c37b61e4ad8,5736.34,2026-11-30 02:01:15,completed
72cf218e-8ebb-484f-ab76-a04429bf1431,41e67d98-b9d7-46ff-bb67-2c37b61e4ad8,662.55,2026-08-17 19:01:15,completed
975399ee-83c9-421d-9ff7-5fe4ed6b3218,41e67d98-b9d7-46ff-bb67-2c37b61e4ad8,2182.98,2026-07-29 00:01:15,completed
193b5a8f-df06-47d8-aced-de6fe746b3a9,41e67d98-b9d7-46ff-bb67-2c37b61e4ad8,5187.85,2026-09-29 07:01:15,completed
1bbb99ea-c886-417e-ade2-f402d6616d94,41e67d98-b9d7-46ff-bb67-2c37b61e4ad8,1998.21,2026-11-28 14:01:15,failed
eaae99a7-42fb-41ad-b6fa-0d8dcd95be9a,41e67d98-b9d7-46ff-bb67-2c37b61e4ad8,7452.89,2026-12-08 10:01:15,completed
8a772f80-876d-4089-ab26-d50b7bdcf32d,41e67d98-b9d7-46ff-bb67-2c37b61e4ad8,551.47,2026-11-08 18:01:15,failed
6f76392b-c3cc-4384-877c-ec08e72bca75,0e64a5f2-0afe-447c-9301-db6d1de06572,2636.68,2026-09-09 08:03:53,completed
4c3f855b-2c4b-4687-ac59-7df74801025f,0e64a5f2-0afe-447c-9301-db6d1de06572,1017.81,2026-11-11 19:03:53,failed
480b719a-9a54-4b6a-aaf8-945f792eb79c,0e64a5f2-0afe-447c-9301-db6d1de06572,2085.31,2026-08-25 15:03:53,completed
984fc043-d8a6-4b9a-be2d-c03eeb508907,0e64a5f2-0afe-447c-9301-db6d1de06572,2140.82,2026-10-07 01:03:53,completed
55da6cfc-e6bf-4d84-bbfa-c4dd4b959832,be919dfe-4ac3-4544-a127-63461e0604a4,3408.58,2026-05-14 09:15:43,completed
fa52a99a-840f-460f-8beb-3a6f8ce7f890,be919dfe-4ac3-4544-a127-63461e0604a4,372.3,2026-06-11 08:15:43,completed
51c5dbf1-124a-459e-bae8-418a38a79c2d,be919dfe-4ac3-4544-a127-63461e0604a4,5351.62,2026-03-12 05:15:43,completed
809c6392-7c14-4f11-be34-72bc364e0753,be919dfe-4ac3-4544-a127-63461e0604a4,5189.67,2026-05-22 17:15:43,completed
2d0b9819-8553-4f53-b7db-a18a2f02981a,585e0e44-919f-44b5-aae9-bfb9e35ce5b3,643.48,2026-11-08 02:58:17,completed
16db1285-81fc-47a2-a1de-c4ddfb221b8d,585e0e44-919f-44b5-aae9-bfb9e35ce5b3,6062.81,2026-08-04 05:58:17,completed
8ec63a62-4a45-4c15-b2c6-3ec7df52fed0,585e0e44-919f-44b5-aae9-bfb9e35ce5b3,7873.97,2026-09-20 21:58:17,completed
375d5acd-a8ae-4623-bd69-12f3499ccff1,ba0a02f6-4f79-4959-94dd-a10aef93a026,2626.9,2026-11-01 14:51:48,completed
3062d178-b8a2-49e9-9a7a-5dd30a2ae03f,ba0a02f6-4f79-4959-94dd-a10aef93a026,5697.0,2026-12-20 12:51:48,refunded
920fcb79-fa57-494f-a233-f3ecd430d116,ba0a02f6-4f79-4959-94dd-a10aef93a026,7929.37,2026-09-30 14:51:48,completed
81d3ddfd-f821-42ee-a759-3aab95bc57fa,ba0a02f6-4f79-4959-94dd-a10aef93a026,696.28,2026-11-01 20:51:48,completed
167c663d-027e-42a1-a65a-0311aa763125,ba0a02f6-4f79-4959-94dd-a10aef93a026,5829.52,2027-01-02 22:51:48,completed
25aad872-c05c-4393-b617-40d88e523e0f,ba0a02f6-4f79-4959-94dd-a10aef93a026,1109.93,2026-12-07 00:51:48,completed
9dffed29-3b46-4acf-ab19-47b5f7bc0b1d,6999cffb-0d5d-4b30-b2a2-d858f2ee92d6,7084.57,2026-11-05 12:16:14,completed
08cf129a-9753-4e58-af31-878f6e6d3b4e,6999cffb-0d5d-4b30-b2a2-d858f2ee92d6,2928.94,2026-11-30 20:16:14,completed
b13e9c7e-2fc2-427a-a643-2a6ab782dedc,6999cffb-0d5d-4b30-b2a2-d858f2ee92d6,3282.99,2026-11-02 11:16:14,completed
88e5e602-95c4-40ee-bcb0-431417e2e55f,6999cffb-0d5d-4b30-b2a2-d858f2ee92d6,7563.2,2026-08-25 13:16:14,completed
7c318fed-9c47-4768-90ff-12989c66739b,4a4cea73-ebc5-4038-8e9e-82d4ae7a93eb,1318.07,2026-03-16 22:07:56,completed
4210a5da-c8f9-49c5-8969-7315b766c082,4a4cea73-ebc5-4038-8e9e-82d4ae7a93eb,6209.98,2026-04-22 11:07:56,failed
ea77e7eb-6813-4167-86a3-29910f453351,4a4cea73-ebc5-4038-8e9e-82d4ae7a93eb,3680.55,2026-03-26 10:07:56,completed
ad542216-0cac-4680-9ac1-7ee878a71862,fd21d5b3-024a-4496-8789-38c55506ae77,3428.26,2026-04-16 08:11:25,completed
a63f150d-d43a-4ade-aeda-13e10bf2d9b8,fd21d5b3-024a-4496-8789-38c55506ae77,7070.93,2026-03-29 04:11:25,completed
5678f3c6-abd8-4873-8c3a-d02bbd62adac,fd21d5b3-024a-4496-8789-38c55506ae77,957.57,2026-03-14 16:11:25,completed
4034e35a-3a52-4dd4-a2bf-0c74166170e4,fd21d5b3-024a-4496-8789-38c55506ae77,4565.02,2026-01-22 01:11:25,completed
e48f91c6-ba53-45d0-a9c0-bb5bf97fd667,fd21d5b3-024a-4496-8789-38c55506ae77,3432.87,2026-01-08 11:11:25,refunded
8d4202c3-ad3a-4dc2-bf45-6f93ca38171b,fd21d5b3-024a-4496-8789-38c55506ae77,1562.52,2026-05-07 19:11:25,completed
0bbaadae-16a4-4306-a537-9de64bec113d,fd21d5b3-024a-4496-8789-38c55506ae77,1960.7,2026-01-21 15:11:25,completed
d5ea5db7-9bd8-435d-963e-c72c207ac503,fd21d5b3-024a-4496-8789-38c55506ae77,473.69,2026-01-18 22:11:25,completed
635a0e56-f204-40b8-933b-1d3128d87ba2,fd21d5b3-024a-4496-8789-38c55506ae77,7802.2,2025-11-29 02:11:25,completed
1e43fe37-91a1-4221-a6f2-17ebb709bf0d,fd21d5b3-024a-4496-8789-38c55506ae77,2947.18,2026-05-14 14:11:25,completed
9a4331e9-dfae-44f8-a956-a4c06e2d2ef2,fd21d5b3-024a-4496-8789-38c55506ae77,3316.77,2026-02-17 04:11:25,completed
3623dc9a-1708-4778-be93-b68a675f334c,fd21d5b3-024a-4496-8789-38c55506ae77,4195.03,2026-04-23 23:11:25,completed
78ee2534-0691-4084-a184-8a3d68d58669,fd21d5b3-024a-4496-8789-38c55506ae77,6933.44,2025-12-03 15:11:25,completed
ac924a94-22e6-4d83-bc18-009cd74f4e55,fd21d5b3-024a-4496-8789-38c55506ae77,4394.15,2026-04-06 07:11:25,completed
b14d61e2-d2f5-44d7-8f7a-00c7b6ae3aea,fd21d5b3-024a-4496-8789-38c55506ae77,7706.22,2026-02-16 21:11:25,completed
e990e3f2-c78f-4e49-ba41-b5d43e2c8ea8,fd21d5b3-024a-4496-8789-38c55506ae77,3088.25,2026-04-03 14:11:25,refunded
b8bc8115-d439-4b0e-bf3a-792c536015e2,6d11ffd6-17d0-4250-9f72-d7939205e90d,7803.08,2026-05-04 02:33:03,completed
f24edbd7-ca6e-46f8-90e6-1d4c556813ca,6d11ffd6-17d0-4250-9f72-d7939205e90d,6465.5,2026-03-07 06:33:03,completed
18f2ac0d-4776-45cf-93d4-ba9aeb53750e,6d11ffd6-17d0-4250-9f72-d7939205e90d,7696.51,2026-04-07 19:33:03,completed
a2fb44e0-54d4-4d7c-b38b-154f45cdf438,a5eee814-03d0-4de4-a715-bd10ba6b72b0,7622.36,2026-05-28 12:11:31,completed
8996c7f3-38cb-4107-8e15-3e5ce3ea523b,a5eee814-03d0-4de4-a715-bd10ba6b72b0,563.21,2026-07-20 07:11:31,completed
8bf838b4-0ef0-4cd3-a573-80dd7befd8a4,a5eee814-03d0-4de4-a715-bd10ba6b72b0,4613.41,2026-10-25 03:11:31,refunded
eded1b90-dd85-453c-a1b3-04a26b916d38,a5eee814-03d0-4de4-a715-bd10ba6b72b0,5396.12,2026-07-10 23:11:31,completed
24422ff9-2b0b-4870-a377-1246960180f9,a5eee814-03d0-4de4-a715-bd10ba6b72b0,4027.08,2026-09-15 23:11:31,completed
d65e957b-0834-4e5b-b537-5dbb48ead64f,a5eee814-03d0-4de4-a715-bd10ba6b72b0,6441.37,2026-09-27 20:11:31,completed
161cd3f8-7004-4cab-b27f-76503fe27bb4,a5eee814-03d0-4de4-a715-bd10ba6b72b0,6438.47,2026-06-27 14:11:31,completed
38ade1de-cec4-4b30-a978-679ed40dbdff,a5eee814-03d0-4de4-a715-bd10ba6b72b0,4746.27,2026-06-15 20:11:31,completed
1f67379b-e5f4-4ee7-bc57-5c308411fc89,a5eee814-03d0-4de4-a715-bd10ba6b72b0,1799.18,2026-06-16 18:11:31,failed
c3e1d8fb-6472-4023-adc8-f809b0a50926,a5eee814-03d0-4de4-a715-bd10ba6b72b0,351.05,2026-07-03 22:11:31,completed
e85ca3db-8869-4771-a4f6-b6802237e475,a5eee814-03d0-4de4-a715-bd10ba6b72b0,1676.74,2026-08-08 07:11:31,completed
4f4d90b1-edb6-4c31-a6a9-dafbc18c0c14,a5eee814-03d0-4de4-a715-bd10ba6b72b0,7530.27,2026-08-13 02:11:31,completed
df26e199-2e8e-4d6b-badf-8eb4eebf95c3,a5eee814-03d0-4de4-a715-bd10ba6b72b0,6091.51,2026-06-28 04:11:31,completed
dc1e57d0-cbee-4148-af69-93caa8c19748,a5eee814-03d0-4de4-a715-bd10ba6b72b0,7592.79,2026-09-20 16:11:31,completed
b90d7b55-eec5-418c-93b0-30190f498e20,a5eee814-03d0-4de4-a715-bd10ba6b72b0,1358.67,2026-07-27 21:11:31,completed
2d31063f-a805-46a6-ace5-a9e008a957b3,d99eceb3-67d9-4f98-b0cb-7265f60dd6c2,3891.8,2026-12-13 04:36:45,completed
14ef2b84-e27d-4c81-b315-b5160116c682,d99eceb3-67d9-4f98-b0cb-7265f60dd6c2,3424.3,2026-09-04 18:36:45,completed
ea62036e-56dd-4564-ac43-bc63d31a3a67,d99eceb3-67d9-4f98-b0cb-7265f60dd6c2,6654.32,2026-12-23 23:36:45,completed
21cc6035-1ba8-4961-8441-a658c87b48f3,d99eceb3-67d9-4f98-b0cb-7265f60dd6c2,7295.82,2026-12-10 16:36:45,completed
a55086ea-ea77-4a32-b422-b3e4020a179b,d99eceb3-67d9-4f98-b0cb-7265f60dd6c2,4711.06,2027-01-16 21:36:45,completed
0e6b7867-5245-4f47-9d00-d49d6dbf2cae,d99eceb3-67d9-4f98-b0cb-7265f60dd6c2,5603.72,2027-01-04 19:36:45,completed
49b3858a-9f98-4ec9-929a-a98ace19960e,d99eceb3-67d9-4f98-b0cb-7265f60dd6c2,3582.08,2027-01-15 13:36:45,completed
45904a14-841a-41fe-9366-e138c733667b,d99eceb3-67d9-4f98-b0cb-7265f60dd6c2,4877.02,2026-11-06 01:36:45,completed
08d1ab2e-33a4-4167-98aa-0d6c99158259,d99eceb3-67d9-4f98-b0cb-7265f60dd6c2,6009.75,2026-12-12 06:36:45,completed
f6923b6e-0dd2-4e5f-8efa-6e262e0ad929,d99eceb3-67d9-4f98-b0cb-7265f60dd6c2,5183.86,2027-01-07 13:36:45,completed
b81bc163-3444-4484-a986-043cfd3acc8e,d99eceb3-67d9-4f98-b0cb-7265f60dd6c2,4654.32,2026-12-02 16:36:45,completed
657e9919-c9d6-4b43-9618-c052444baa80,d99eceb3-67d9-4f98-b0cb-7265f60dd6c2,5054.17,2027-01-02 12:36:45,completed
c65322f3-cb9b-4de1-8615-ddd636134f6d,d99eceb3-67d9-4f98-b0cb-7265f60dd6c2,6832.57,2027-01-24 19:36:45,completed
872dc77e-8cc8-4f8f-9d0b-afc9a323cbbb,d99eceb3-67d9-4f98-b0cb-7265f60dd6c2,5728.75,2026-11-29 19:36:45,refunded
02aaab47-4ea9-4f45-be1a-e4f4cd9d18f4,d99eceb3-67d9-4f98-b0cb-7265f60dd6c2,4730.19,2026-12-24 15:36:45,completed
9acfa8d1-8970-4c98-889a-fa9d9f896ad5,d99eceb3-67d9-4f98-b0cb-7265f60dd6c2,1543.75,2027-01-01 09:36:45,completed
8636c3a7-0092-419b-9aae-bb3f0d5acbfd,d99eceb3-67d9-4f98-b0cb-7265f60dd6c2,5163.57,2026-11-27 08:36:45,completed
c5265972-1df7-4f06-8b6d-84e8084ded30,d99eceb3-67d9-4f98-b0cb-7265f60dd6c2,6785.85,2026-11-21 18:36:45,completed
55b60627-0d7a-4116-937d-10d47ca607eb,9b5dbdf4-935e-43a1-b267-6df03afd43e3,7796.69,2025-09-27 12:24:41,completed
c5829851-f3e4-4b75-af96-0e8249b1bd0c,9b5dbdf4-935e-43a1-b267-6df03afd43e3,3838.08,2026-01-03 13:24:41,completed
e5b86a85-adf4-49f8-8d53-99748303103d,9b5dbdf4-935e-43a1-b267-6df03afd43e3,2602.51,2025-10-04 12:24:41,completed
86dd8249-67a9-4fa0-80c1-d7bc74ad216c,9b5dbdf4-935e-43a1-b267-6df03afd43e3,3268.19,2025-11-05 21:24:41,completed
43261387-acab-4a34-b939-2b97723b8b62,8624d802-bdd9-4843-91d5-127fde2c3c0d,5329.14,2026-04-03 14:41:25,completed
49f44b65-d577-472a-bbcd-ad273b456aa3,8624d802-bdd9-4843-91d5-127fde2c3c0d,6149.88,2026-02-06 11:41:25,completed
b9e4faa2-ee4a-4428-95d7-c1b41f798e0e,8624d802-bdd9-4843-91d5-127fde2c3c0d,6086.52,2026-02-04 03:41:25,completed
ea8b61fe-5320-4bd6-af13-f78301338ab4,8624d802-bdd9-4843-91d5-127fde2c3c0d,7101.73,2026-03-19 21:41:25,completed
e122c2ac-4641-4067-b028-3ffd0afe2ccc,8624d802-bdd9-4843-91d5-127fde2c3c0d,1568.89,2026-03-17 02:41:25,refunded
33ef5e1a-972d-44af-abff-87bdb1ddfde7,8624d802-bdd9-4843-91d5-127fde2c3c0d,2899.2,2026-01-12 23:41:25,completed
9942e1bc-f606-47ec-98ec-e4424a8c77e3,8624d802-bdd9-4843-91d5-127fde2c3c0d,6972.43,2025-12-25 19:41:25,completed
5fd4b062-57df-4493-ba1d-9dc3883432d3,8624d802-bdd9-4843-91d5-127fde2c3c0d,660.94,2025-11-18 07:41:25,completed
a9c47ad4-2144-4ac0-b461-bf631f71f2da,8624d802-bdd9-4843-91d5-127fde2c3c0d,5233.45,2025-12-17 05:41:25,completed
6f01968d-bd80-4cd0-b296-8aed2c027617,8624d802-bdd9-4843-91d5-127fde2c3c0d,7699.77,2026-02-06 06:41:25,completed
2c83739e-0fee-4783-b138-b14d564d5954,8624d802-bdd9-4843-91d5-127fde2c3c0d,4930.84,2025-10-21 06:41:25,completed
fd0ab712-b84b-4ebc-9297-b163e69db161,8624d802-bdd9-4843-91d5-127fde2c3c0d,3497.04,2026-01-07 03:41:25,completed
c23814ab-3997-4208-aabf-975b56b3b0fa,8624d802-bdd9-4843-91d5-127fde2c3c0d,6299.89,2025-11-20 00:41:25,completed
bcbe927c-99de-4b34-b1bb-950451975e82,8624d802-bdd9-4843-91d5-127fde2c3c0d,4873.03,2025-11-12 16:41:25,completed
fd0b2826-9003-4ad9-b41a-17499bc4691f,8624d802-bdd9-4843-91d5-127fde2c3c0d,2078.15,2025-12-04 01:41:25,completed
871b9f04-225d-4966-a4bc-b81b980ff8db,8624d802-bdd9-4843-91d5-127fde2c3c0d,7406.73,2025-10-30 10:41:25,completed
39ccc1f2-05cd-4564-9c9a-933f98615406,8624d802-bdd9-4843-91d5-127fde2c3c0d,1441.98,2025-10-23 15:41:25,completed
9842e4a9-9310-459e-8b40-b2ad3b93996d,4a9654f1-0923-434f-a4af-404555b4aa04,1703.55,2026-04-16 13:45:47,completed
42ecdb25-f36d-44fc-934a-2111f95e87be,4a9654f1-0923-434f-a4af-404555b4aa04,6970.38,2026-04-03 07:45:47,completed
cf070fe1-7844-4255-876e-bd80af6bcb23,ecfc6adb-93f0-451d-8724-eb578c691ba3,4317.12,2026-01-14 11:33:59,completed
01af84fc-d710-4a97-a24c-7d1131cfc94d,ecfc6adb-93f0-451d-8724-eb578c691ba3,2840.69,2026-06-16 18:33:59,completed
2a79e72c-b077-48fc-9874-c35a97a20f52,ecfc6adb-93f0-451d-8724-eb578c691ba3,1559.6,2026-03-22 01:33:59,completed
6935d022-55c5-4da6-a18b-c5890b045e45,ecfc6adb-93f0-451d-8724-eb578c691ba3,7713.77,2026-06-23 18:33:59,completed
52840387-7b02-493a-b6a0-4fe39757ce79,ecfc6adb-93f0-451d-8724-eb578c691ba3,3498.88,2026-04-04 06:33:59,completed
abab7b4e-5070-41f4-b375-c45a89945972,ecfc6adb-93f0-451d-8724-eb578c691ba3,2218.81,2026-05-13 13:33:59,completed
784afdf5-b4cd-4c12-9eca-fb7379b60de7,ecfc6adb-93f0-451d-8724-eb578c691ba3,7328.37,2026-02-23 16:33:59,completed
17a29b5b-1854-433f-8f70-e5de0c8efdd0,5e92afb5-7259-42d8-80bc-981f15123369,628.84,2026-09-20 05:09:36,completed
b9c61bf2-b277-4ef4-b1db-c348ba07cba7,5e92afb5-7259-42d8-80bc-981f15123369,592.1,2026-12-23 11:09:36,failed
ad39ed04-69f2-4a01-b232-f8f5542d70e8,5e92afb5-7259-42d8-80bc-981f15123369,6786.69,2026-12-30 18:09:36,completed
9cd78d7a-f1f8-47ba-b6e2-b373554214c2,5e92afb5-7259-42d8-80bc-981f15123369,3777.4,2027-01-03 02:09:36,completed
5ab854b2-f8a8-4cbb-ae5f-b426c3d1d611,5e92afb5-7259-42d8-80bc-981f15123369,5371.67,2027-01-18 03:09:36,completed
f3eee963-3f98-421c-8f5c-16385c2fb476,d8f658e0-7185-4f67-9c7c-6cdbf73c237a,3384.25,2026-09-16 05:26:18,completed
3025eeab-20c7-4b92-8d90-8d7a3610c724,d8f658e0-7185-4f67-9c7c-6cdbf73c237a,770.97,2026-09-07 08:26:18,completed
287df4cc-7367-463f-8d69-6bb8de8b8bbb,d8f658e0-7185-4f67-9c7c-6cdbf73c237a,2029.68,2026-11-02 17:26:18,completed
ba1a2167-9f70-4008-8f11-7f4d97df8d39,d8f658e0-7185-4f67-9c7c-6cdbf73c237a,4823.61,2026-09-30 06:26:18,completed
d7febdfc-5cb2-49a5-b36a-8855eee4a0e7,d8f658e0-7185-4f67-9c7c-6cdbf73c237a,4842.72,2026-09-25 08:26:18,completed
5fa59ebd-b8ec-4308-a237-cb3db5b44220,d8f658e0-7185-4f67-9c7c-6cdbf73c237a,3909.84,2027-01-24 20:26:18,completed
f6eb6a81-5a6a-45b0-8665-b757e1199622,d8f658e0-7185-4f67-9c7c-6cdbf73c237a,6669.71,2026-10-25 23:26:18,completed
9639607a-3c33-46af-99fe-a598b0a312ea,33578a1f-e632-401b-b72d-2ea8688d1162,785.12,2025-12-30 21:32:42,failed
7224baf0-12e1-40d5-ac95-aa374a9064d4,33578a1f-e632-401b-b72d-2ea8688d1162,1118.52,2026-03-11 05:32:42,completed
67e717c5-f5d9-491e-963a-2ebe46374e02,33578a1f-e632-401b-b72d-2ea8688d1162,738.48,2026-01-12 00:32:42,completed
74a51b3e-6776-40c0-9915-f1f6c5a62077,33578a1f-e632-401b-b72d-2ea8688d1162,780.52,2026-02-13 23:32:42,completed
c1e138d6-39fd-4d12-8b71-20d24f4325ba,1e821709-5cfe-48fa-9a13-238b18817b24,6605.77,2026-07-28 14:19:26,completed
49f223d6-b8b3-4dcd-a720-95dc3ffc8bb0,1e821709-5cfe-48fa-9a13-238b18817b24,2796.31,2026-05-13 10:19:26,completed
1064dbe0-1cb9-47a1-9b21-26024fa5b056,1e821709-5cfe-48fa-9a13-238b18817b24,1316.93,2026-03-25 07:19:26,completed
829a395d-55ed-4441-a59a-2dbd0aac9e05,6e833aff-47f3-43a5-a500-c58620536957,6915.84,2026-09-27 08:13:10,completed
23d372a5-e62e-48d8-bcc2-871480b67244,6e833aff-47f3-43a5-a500-c58620536957,5676.64,2026-11-23 05:13:10,completed
5d0b1c5d-4715-45e1-852a-fc201afe9f1d,6e833aff-47f3-43a5-a500-c58620536957,5498.3,2026-08-03 17:13:10,completed
f706af3e-a3c6-4cb8-8e83-05d759023123,6e833aff-47f3-43a5-a500-c58620536957,4871.73,2026-10-04 06:13:10,completed
2fa72806-be13-45ae-b7f4-e7b624e08a98,6e833aff-47f3-43a5-a500-c58620536957,2090.79,2026-09-28 23:13:10,completed
1c6891c4-2108-4489-8d51-2330d69a00f8,6e833aff-47f3-43a5-a500-c58620536957,880.33,2026-07-05 12:13:10,completed
a59728c0-b9ad-4a71-8702-219070a1dcd7,6e833aff-47f3-43a5-a500-c58620536957,2958.5,2026-08-28 20:13:10,completed
2b7f9c74-d7a3-48dd-b7f1-df5641cef21a,6e833aff-47f3-43a5-a500-c58620536957,5006.55,2026-08-22 20:13:10,completed
ddcf64c5-276e-48d3-8ec2-9b3368fc6ff7,6e833aff-47f3-43a5-a500-c58620536957,3922.44,2026-07-13 16:13:10,completed
94b488f0-18fc-4bcb-bcd0-7e2b23269426,6e833aff-47f3-43a5-a500-c58620536957,7610.33,2026-10-31 07:13:10,completed
2e9ac924-622e-4d4c-9c0d-d2445484620c,6e833aff-47f3-43a5-a500-c58620536957,1637.32,2026-10-04 10:13:10,completed
9b1f2741-4a83-4c87-a211-84ec3c6b9327,6e833aff-47f3-43a5-a500-c58620536957,3453.76,2026-12-09 01:13:10,completed
7dffea93-8881-4203-8c91-b3a8e8947961,7941cb1e-936f-45c5-a73a-d1f99ddc17b5,6809.39,2026-06-14 02:01:19,completed
4a170cc4-bd36-4658-8183-e45dd474ff54,7941cb1e-936f-45c5-a73a-d1f99ddc17b5,7166.69,2026-11-01 20:01:19,completed
8d5dd31d-8855-4eaf-9845-6677f1219092,7941cb1e-936f-45c5-a73a-d1f99ddc17b5,7029.81,2026-07-13 13:01:19,completed
db7cba10-ec78-4f55-840e-ab741968e37a,7941cb1e-936f-45c5-a73a-d1f99ddc17b5,2526.55,2026-09-02 05:01:19,completed
b319575d-0a75-407f-8f45-61b9bc018c8b,7941cb1e-936f-45c5-a73a-d1f99ddc17b5,4157.51,2026-10-16 20:01:19,completed
1a89dacc-7d2c-46bd-b039-a07deea9866a,7941cb1e-936f-45c5-a73a-d1f99ddc17b5,3846.46,2026-10-27 16:01:19,completed
6b18abf7-a6e0-4432-bc61-632c7f0969cd,ef8162d3-8ce0-4e98-bded-9be44c6168f4,484.64,2025-11-12 01:18:45,completed
7c232924-6e80-43f4-84ed-6e80dbad7dd8,ef8162d3-8ce0-4e98-bded-9be44c6168f4,592.15,2025-09-28 02:18:45,completed
432926c7-3723-4943-bb5d-db7393a9865d,ef8162d3-8ce0-4e98-bded-9be44c6168f4,6841.76,2025-11-28 16:18:45,completed
022aa3e4-003b-4c6b-92e2-8d56e00381c6,bf7c9842-d7b9-47d9-9675-beaecbb8adfd,4590.96,2026-10-13 07:22:55,completed
ecffdffc-4467-4637-a53e-27299c5ceaa8,bf7c9842-d7b9-47d9-9675-beaecbb8adfd,7798.35,2026-08-02 16:22:55,completed
9b1f9b1a-e288-4ed3-98e3-41c2c42daa9a,bf7c9842-d7b9-47d9-9675-beaecbb8adfd,4572.44,2026-07-10 03:22:55,completed
5f04e4fa-4269-4904-8c58-ba437db6cf43,bf7c9842-d7b9-47d9-9675-beaecbb8adfd,5950.72,2026-10-19 06:22:55,completed
5e6d822d-6217-433e-9dbd-bac773a0f79d,28d23aee-393d-4f7c-aeba-f0927af3aa64,652.24,2026-08-16 03:44:44,completed
f537c238-4064-4340-81e1-b6962f5d0f8e,28d23aee-393d-4f7c-aeba-f0927af3aa64,2872.35,2026-05-27 11:44:44,completed
afaa4151-1131-43c0-a566-5bbcbca97dda,28d23aee-393d-4f7c-aeba-f0927af3aa64,3227.49,2026-10-07 07:44:44,completed
7b869a41-447e-4f2e-9dd4-4ca4fa0f2f31,28d23aee-393d-4f7c-aeba-f0927af3aa64,1501.83,2026-05-25 14:44:44,completed
c40cfd55-86bb-44b0-89c4-00ec398f1654,28d23aee-393d-4f7c-aeba-f0927af3aa64,4565.61,2026-05-18 13:44:44,completed
b78f2fca-5c5b-41dc-9c7f-49f26c262e84,28d23aee-393d-4f7c-aeba-f0927af3aa64,1787.3,2026-07-31 04:44:44,completed
553c7b95-5984-40b7-95cf-19f9c7accc60,28d23aee-393d-4f7c-aeba-f0927af3aa64,4271.39,2026-09-01 23:44:44,failed
4a4c9174-1872-42c8-a5f4-c0f45ef0d24c,e0056122-6000-4c72-b7fb-338a2306355a,6218.58,2025-09-08 21:29:30,completed
b50931ad-66a5-4499-a880-fa9083933560,e0056122-6000-4c72-b7fb-338a2306355a,7912.57,2026-01-12 23:29:30,completed
b1cee5e1-b6ab-4ffc-a592-d6c865f06f3d,e0056122-6000-4c72-b7fb-338a2306355a,2487.23,2026-02-12 12:29:30,completed
c0bdaaa1-8bb3-40ea-8d19-02f248dc6c34,e0056122-6000-4c72-b7fb-338a2306355a,2303.63,2025-12-15 18:29:30,completed
ec5fc9a3-7f70-43a2-83fb-fd300ed8eb22,e0056122-6000-4c72-b7fb-338a2306355a,3217.67,2026-01-23 05:29:30,completed
c1266ec0-874e-4a75-98a3-d3fef1ac0395,e0056122-6000-4c72-b7fb-338a2306355a,6986.66,2025-12-16 18:29:30,completed
5848da4d-0686-4ada-aa3b-59d13705e157,e0056122-6000-4c72-b7fb-338a2306355a,2643.28,2026-01-04 07:29:30,completed
f38fd46a-a87b-4c77-bf7f-d04faab93d89,085201b1-b254-4462-8814-c4761d665ba2,1895.66,2026-04-28 19:07:26,completed
ba635bfd-12a5-4b44-96bf-f1695fe696dc,085201b1-b254-4462-8814-c4761d665ba2,5118.79,2025-12-17 00:07:26,completed
8fee1a3b-1695-4fb6-88c3-e29627bb65ca,085201b1-b254-4462-8814-c4761d665ba2,549.27,2026-04-23 12:07:26,failed
284bb028-4854-47ff-92ec-09e738be1dd4,085201b1-b254-4462-8814-c4761d665ba2,2964.98,2026-02-22 00:07:26,completed
3e59a4fa-beb4-4ca2-bfea-c3a6ae32c572,085201b1-b254-4462-8814-c4761d665ba2,5717.0,2026-01-17 15:07:26,completed
8a740f04-8862-485d-99e2-3338bd089a65,085201b1-b254-4462-8814-c4761d665ba2,1065.55,2026-01-24 08:07:26,completed
260917ee-2bfc-4078-949d-eace42ff3895,532234b2-a8a0-434f-bedf-d9956d2cacb5,6765.3,2026-06-11 12:07:34,completed
702641e6-f7b6-4ca9-83bb-27f751ac8861,532234b2-a8a0-434f-bedf-d9956d2cacb5,1483.48,2026-07-26 11:07:34,completed
a2633a81-9a05-43d8-a8ed-4464c836fd9d,532234b2-a8a0-434f-bedf-d9956d2cacb5,1366.42,2026-06-20 02:07:34,completed
bc2b7eca-8d4b-4dc0-a211-4d5e5647dd96,532234b2-a8a0-434f-bedf-d9956d2cacb5,5368.02,2026-07-28 04:07:34,refunded
aa2d5bac-e74a-4715-87d3-04bb247ad810,532234b2-a8a0-434f-bedf-d9956d2cacb5,4206.06,2026-07-29 12:07:34,completed
8f7dfb8c-ff73-44ce-a8ac-def815248fca,5fe73c3d-fa3e-4ca4-829b-fe1f1c8454d0,5029.43,2026-03-30 01:05:01,completed
4ee3cd97-a044-4bc8-bd1a-a4b303c2d438,5fe73c3d-fa3e-4ca4-829b-fe1f1c8454d0,2813.16,2026-04-20 23:05:01,completed
2653124f-6999-44d7-a37e-5e76566ca0ad,5fe73c3d-fa3e-4ca4-829b-fe1f1c8454d0,6539.41,2026-06-19 03:05:01,completed
bfb5e74c-961a-490f-ad0b-151f1889a361,5fe73c3d-fa3e-4ca4-829b-fe1f1c8454d0,414.06,2026-03-27 02:05:01,completed
2c5db716-312c-4edc-912e-947af51b19a0,0bf528c6-178f-4f0b-a7ac-cef4718dcf77,4432.52,2026-09-27 14:36:10,completed
481bc201-43bf-44ea-8df6-c6c016fe8eac,0bf528c6-178f-4f0b-a7ac-cef4718dcf77,6985.96,2026-05-21 20:36:10,completed
6bc4974a-c44a-4847-bc64-620a155d90ac,4bbc990f-acc1-4ae4-8cda-cfc35f592457,6749.51,2026-07-02 04:34:19,completed
18464981-e834-4b90-96f4-eae6fec75dfd,4bbc990f-acc1-4ae4-8cda-cfc35f592457,3227.99,2026-11-04 22:34:19,completed
f02ec101-0eb2-42a5-85d6-867dc365624c,4bbc990f-acc1-4ae4-8cda-cfc35f592457,6367.49,2026-11-19 00:34:19,completed
baad9966-1ed6-46d1-9f37-c9fda452cba8,4bbc990f-acc1-4ae4-8cda-cfc35f592457,349.29,2026-08-24 18:34:19,completed
fc5eb6c0-6c38-4d43-ac36-c8ce75088f4d,4bbc990f-acc1-4ae4-8cda-cfc35f592457,6367.26,2026-08-28 11:34:19,completed
b3132396-aebc-43d3-84dc-20347195bb07,4bbc990f-acc1-4ae4-8cda-cfc35f592457,1084.9,2026-11-14 20:34:19,completed
b40e8b46-44d1-4910-85f7-5f279d9b4df5,4bbc990f-acc1-4ae4-8cda-cfc35f592457,6821.89,2026-11-26 01:34:19,completed
03796ea3-5b55-405a-95a6-6905e6a778c8,4bbc990f-acc1-4ae4-8cda-cfc35f592457,7140.61,2026-12-07 18:34:19,completed
d8c066ca-b9c9-4a09-b200-35e961626122,4bbc990f-acc1-4ae4-8cda-cfc35f592457,6283.38,2026-10-04 14:34:19,completed
20a460ce-65ab-4d36-835d-d6785684d0f1,4bbc990f-acc1-4ae4-8cda-cfc35f592457,2462.96,2026-07-03 04:34:19,completed
7c0cdd19-3410-4384-88f4-f20ea18949af,4bbc990f-acc1-4ae4-8cda-cfc35f592457,7567.79,2026-07-09 13:34:19,refunded
cc178446-f144-454d-8fa0-9152880cc4fa,4bbc990f-acc1-4ae4-8cda-cfc35f592457,374.75,2026-11-12 17:34:19,refunded
d2e5928b-4471-4538-94dd-694ccde7bc53,4bbc990f-acc1-4ae4-8cda-cfc35f592457,1505.61,2026-07-13 19:34:19,completed
b019860d-f8cf-4a13-967a-9bdc59733776,4bbc990f-acc1-4ae4-8cda-cfc35f592457,2684.83,2026-10-13 15:34:19,completed
48c99c1c-9340-4a9d-a04a-05d36dd4cb38,4bbc990f-acc1-4ae4-8cda-cfc35f592457,4708.44,2026-10-28 08:34:19,completed
3465df68-48a9-4bf3-a2d0-939b9f44b330,4bbc990f-acc1-4ae4-8cda-cfc35f592457,2578.52,2026-07-04 09:34:19,completed
fd5bf605-7fb6-442b-b812-aebe519ab292,4bbc990f-acc1-4ae4-8cda-cfc35f592457,467.71,2026-10-17 13:34:19,completed
29b00de6-38c3-49b9-8feb-242de1826c05,4bbc990f-acc1-4ae4-8cda-cfc35f592457,3948.27,2026-09-20 09:34:19,completed
081aac99-1702-4145-b08e-67b56e9c8417,4bbc990f-acc1-4ae4-8cda-cfc35f592457,7820.72,2026-07-31 11:34:19,completed
f6ff029a-9a07-447c-8c69-080f92faf4bb,4bbc990f-acc1-4ae4-8cda-cfc35f592457,510.37,2026-07-05 11:34:19,completed
dac86ce9-dcf1-478f-9131-9aa96fc83a73,4bbc990f-acc1-4ae4-8cda-cfc35f592457,5130.88,2026-10-15 05:34:19,completed
5dec950f-c26b-466b-964d-b221de0b3c68,898076ed-b8fb-4cab-9d4f-157200aba273,2068.46,2026-09-30 14:02:52,completed
b7af731e-c2e3-4c65-9704-0c45073c76b6,898076ed-b8fb-4cab-9d4f-157200aba273,7991.37,2026-08-05 02:02:52,completed
a7ba0d62-1171-4ea1-a5e8-ec75c79deee3,898076ed-b8fb-4cab-9d4f-157200aba273,2613.54,2026-07-25 10:02:52,completed
7e918b13-7eb1-4d62-b312-d6f54d28b1db,898076ed-b8fb-4cab-9d4f-157200aba273,3585.03,2026-09-13 14:02:52,completed
bb2040c3-08b7-4de2-9d4a-b9b602a8a60d,898076ed-b8fb-4cab-9d4f-157200aba273,5711.74,2026-09-04 21:02:52,completed
5152ba29-e7b2-422e-a9f1-1713583b2b33,102da468-7415-407e-9370-d2d95f041e09,6741.17,2026-07-05 17:04:52,completed
d421ca17-565c-47dd-a6b1-2a7eedbb21b0,102da468-7415-407e-9370-d2d95f041e09,2858.61,2026-08-10 05:04:52,completed
196ec16a-d568-485f-a5a5-8173c00e693e,102da468-7415-407e-9370-d2d95f041e09,3350.47,2026-04-19 15:04:52,completed
a49f96a8-4734-4b2b-8a99-9d8919540279,102da468-7415-407e-9370-d2d95f041e09,3694.25,2026-06-07 10:04:52,completed
ed87f190-d8ff-4637-a26f-7d0a2f7a0f7e,200f6b5d-0fa2-445f-920d-27d8b755a499,3215.0,2026-03-12 20:23:41,completed
21cceb42-20df-4f0e-a3cc-4fc125390558,200f6b5d-0fa2-445f-920d-27d8b755a499,4217.49,2026-03-09 03:23:41,completed
3b822738-1766-4584-9e02-73dfad078a4d,200f6b5d-0fa2-445f-920d-27d8b755a499,2197.71,2026-02-06 11:23:41,completed
da23afc7-9aef-49da-b545-6139ad653ae6,200f6b5d-0fa2-445f-920d-27d8b755a499,3811.16,2025-10-16 12:23:41,completed
67466b42-0124-4bec-bf94-6a31b91fa92c,200f6b5d-0fa2-445f-920d-27d8b755a499,7659.32,2025-10-29 01:23:41,completed
89f83800-c803-4fdd-8957-bf7aa5f77963,912485e8-dfbd-4cd3-95f0-f4f42a4bf5ef,4885.49,2026-04-01 17:34:17,completed
0a1bd705-be76-4d75-abd6-418c7376ae3a,912485e8-dfbd-4cd3-95f0-f4f42a4bf5ef,1151.99,2026-01-20 13:34:17,completed
ac7a0612-d860-436d-aa85-34e05f431746,912485e8-dfbd-4cd3-95f0-f4f42a4bf5ef,6143.45,2026-05-04 02:34:17,completed
f72776af-c32d-4fdb-aac4-b150fb860cb9,451e1f40-132c-4663-9574-587ed5c303e1,7398.74,2026-06-25 18:46:48,failed
8a17bf26-8b9a-4e23-9e44-c80ff0d86223,451e1f40-132c-4663-9574-587ed5c303e1,7575.06,2026-06-22 08:46:48,completed
d9435a74-21c1-462c-a43e-093ba22d365a,451e1f40-132c-4663-9574-587ed5c303e1,2450.73,2026-07-09 17:46:48,completed
a9e4b59d-3d14-4228-8cc8-5dc20710a718,3410ebdd-8f0f-4bb7-a676-74067ab24b11,3271.56,2026-11-02 06:21:09,completed
d8524984-26f9-4eb4-9119-702fded90394,3410ebdd-8f0f-4bb7-a676-74067ab24b11,3813.99,2026-12-26 10:21:09,completed
a7786b9e-26db-43b4-80fb-061fc44398ee,3410ebdd-8f0f-4bb7-a676-74067ab24b11,6991.71,2026-11-15 01:21:09,completed
34d57e57-dcc2-47fe-ac83-42d50e57616b,3410ebdd-8f0f-4bb7-a676-74067ab24b11,4113.89,2027-01-14 23:21:09,completed
f1f246a3-9ef0-49c3-9fe0-9eb5ca684bab,3410ebdd-8f0f-4bb7-a676-74067ab24b11,6634.66,2026-09-10 18:21:09,completed
a19d53c5-8700-40d8-aaed-56ce357d8a3e,b58922e9-90d7-433d-a93b-0f48345b8b9e,5087.35,2026-01-23 04:54:36,completed
29af810e-5561-458f-a1c8-6dfb71cb7178,b58922e9-90d7-433d-a93b-0f48345b8b9e,5411.12,2026-04-16 19:54:36,completed
1b29edc2-4639-468d-a48a-d3bd37238929,fc4dbeab-97e0-4558-9368-7c2d0d4e2fb5,1257.63,2026-02-02 02:22:26,completed
a9878e2e-6f1b-4e24-a01d-9abe02c606d3,fc4dbeab-97e0-4558-9368-7c2d0d4e2fb5,557.01,2026-04-27 20:22:26,completed
57022aff-85d0-433b-8e4d-6da27adb4d6b,fc4dbeab-97e0-4558-9368-7c2d0d4e2fb5,3978.22,2026-02-25 01:22:26,completed
df1670da-9d46-40a6-a104-b2c1e3bb9269,fc4dbeab-97e0-4558-9368-7c2d0d4e2fb5,1212.01,2026-02-12 22:22:26,completed
0fdb0eea-2ada-4b1c-9ffb-1592ffacb2bf,fc4dbeab-97e0-4558-9368-7c2d0d4e2fb5,3327.65,2026-03-02 12:22:26,completed
debc2e54-b2c4-4269-836a-eaeaadbc0c3f,fc4dbeab-97e0-4558-9368-7c2d0d4e2fb5,7052.19,2026-04-15 03:22:26,completed
2a2fb07c-0c25-4575-90c6-6cf3e4d78416,fc4dbeab-97e0-4558-9368-7c2d0d4e2fb5,6611.0,2026-03-03 17:22:26,completed
6084328d-b089-49e7-920a-d5fcc92f20c7,fc4dbeab-97e0-4558-9368-7c2d0d4e2fb5,7527.77,2026-04-24 22:22:26,failed
492b15b0-f409-46ca-9de9-07fcf30c0959,fc4dbeab-97e0-4558-9368-7c2d0d4e2fb5,3076.77,2026-05-12 04:22:26,completed
9e1f1e60-81db-47b9-8e7d-0cf3f50a8817,fc4dbeab-97e0-4558-9368-7c2d0d4e2fb5,2229.14,2026-01-22 03:22:26,completed
33a4cf22-4cf9-44e8-812a-4bc2d49a74db,fc4dbeab-97e0-4558-9368-7c2d0d4e2fb5,7888.85,2026-05-20 11:22:26,completed
c5073e32-b4ee-4108-9b39-5bacc1789af8,fc4dbeab-97e0-4558-9368-7c2d0d4e2fb5,1271.3,2026-04-21 12:22:26,completed
1012d0f2-e198-4516-9729-547145ba4da9,fc4dbeab-97e0-4558-9368-7c2d0d4e2fb5,5082.76,2026-05-08 09:22:26,completed
b1bb4efe-97a9-4608-8a35-83b21360a13f,fc4dbeab-97e0-4558-9368-7c2d0d4e2fb5,917.57,2025-12-06 08:22:26,completed
848e2bcd-3c6a-4e38-a96f-f7014395ee6b,fc4dbeab-97e0-4558-9368-7c2d0d4e2fb5,726.45,2025-12-22 05:22:26,completed
aa7623a3-d41f-4987-822c-188b40208ddf,fc4dbeab-97e0-4558-9368-7c2d0d4e2fb5,6814.88,2026-03-11 10:22:26,completed
dcae1b24-d72a-42e2-b2ba-e5e831644fc8,fc4dbeab-97e0-4558-9368-7c2d0d4e2fb5,7753.16,2026-04-15 16:22:26,completed
2b12d5c3-d4b4-4b79-9a26-a969ee4683c1,47640dc7-a3c4-406e-9eb8-428535b61e2a,6886.7,2025-11-04 14:04:08,completed
b4c25fc5-c2ae-450c-9cbc-aee64eb3d5e1,47640dc7-a3c4-406e-9eb8-428535b61e2a,1377.47,2026-04-06 09:04:08,completed
3ef51e5a-6270-45a9-92f3-4a6a0ec18f5f,47640dc7-a3c4-406e-9eb8-428535b61e2a,3191.1,2026-02-27 19:04:08,completed
53d3a4c0-c8a0-4990-b101-ac929665f719,1d6e4acb-6e4a-4c4a-8cab-d784d7bd89d0,7477.69,2026-11-30 02:55:02,completed
48305feb-fae3-4758-ae70-1b7eb2716ba8,1d6e4acb-6e4a-4c4a-8cab-d784d7bd89d0,1261.49,2026-10-06 19:55:02,completed
ace2a655-4500-4f33-a908-9ad074e54026,1d6e4acb-6e4a-4c4a-8cab-d784d7bd89d0,7937.29,2026-11-27 18:55:02,completed
e7bd4344-5804-4ab7-991c-32432f28a627,1d6e4acb-6e4a-4c4a-8cab-d784d7bd89d0,840.6,2026-10-31 08:55:02,completed
1e89e269-7348-418e-8ed4-070ad1ecc368,1d6e4acb-6e4a-4c4a-8cab-d784d7bd89d0,7066.66,2026-08-18 14:55:02,completed
cc60abef-6097-403e-a465-19e5ba7e452d,1d6e4acb-6e4a-4c4a-8cab-d784d7bd89d0,7877.18,2026-09-23 00:55:02,completed
fea8150e-9c32-4180-ac5c-04940b1d9905,1d6e4acb-6e4a-4c4a-8cab-d784d7bd89d0,5213.18,2026-08-31 13:55:02,completed
0db2efb8-bc61-4160-ad28-e54d7e3735bb,1d6e4acb-6e4a-4c4a-8cab-d784d7bd89d0,3483.64,2026-09-25 22:55:02,completed
572e48da-f0ec-4c65-854c-5ec2748c8e42,1d6e4acb-6e4a-4c4a-8cab-d784d7bd89d0,2138.27,2027-01-23 18:55:02,completed
ca1e2c5f-5c88-4a9c-aac9-55e140de7b76,1d6e4acb-6e4a-4c4a-8cab-d784d7bd89d0,809.11,2026-10-20 18:55:02,completed
5d875b11-9dac-4564-9f12-7fa432831020,1d6e4acb-6e4a-4c4a-8cab-d784d7bd89d0,2177.4,2026-11-19 06:55:02,failed
2e8ba350-9b43-4bd8-ae2d-f47f14c00b47,1d6e4acb-6e4a-4c4a-8cab-d784d7bd89d0,5790.23,2026-09-26 16:55:02,completed
6ad9af30-6036-47b4-a4aa-b634a91c34f3,1d6e4acb-6e4a-4c4a-8cab-d784d7bd89d0,1377.32,2027-01-15 03:55:02,completed
95bcf518-9a54-4235-af0e-9c18509c5d01,1d6e4acb-6e4a-4c4a-8cab-d784d7bd89d0,6498.83,2026-09-07 18:55:02,completed
baa7da6d-9690-49a5-b515-d09b235962f5,1d6e4acb-6e4a-4c4a-8cab-d784d7bd89d0,2151.08,2026-09-13 10:55:02,completed
fe96b932-c256-4602-9ea5-dfab19355886,1d6e4acb-6e4a-4c4a-8cab-d784d7bd89d0,6811.58,2027-01-01 17:55:02,completed
bb50fade-d9c1-4c8a-a499-ceed378bae36,1d6e4acb-6e4a-4c4a-8cab-d784d7bd89d0,5034.74,2026-09-16 08:55:02,completed
0fe3c1c5-a4a9-4a11-b28e-5e4e7d7c7b10,1d6e4acb-6e4a-4c4a-8cab-d784d7bd89d0,2443.84,2026-10-05 07:55:02,refunded
b79a5386-e942-45ef-8d0e-03b4cd10a72a,1d6e4acb-6e4a-4c4a-8cab-d784d7bd89d0,5918.27,2027-01-08 11:55:02,completed
4c086a2d-0edf-43f0-a128-aca682491726,1d6e4acb-6e4a-4c4a-8cab-d784d7bd89d0,6330.28,2026-08-28 01:55:02,completed
5ea5cc08-ee1c-4588-9e56-9463540f11ca,1d6e4acb-6e4a-4c4a-8cab-d784d7bd89d0,4958.5,2026-08-11 11:55:02,completed
19034e07-be61-44a6-8bc8-212002bf994e,1d6e4acb-6e4a-4c4a-8cab-d784d7bd89d0,955.83,2026-10-21 15:55:02,completed
8d68e4cd-47b7-4c93-a8d2-31649ee4e809,b465dd76-f190-48e5-b879-f1fc63647b3c,5645.74,2026-10-29 21:00:43,completed
c91bd164-0931-493f-a5f7-96aa54abe56f,b465dd76-f190-48e5-b879-f1fc63647b3c,6305.99,2026-09-06 22:00:43,completed
17b011b5-a2ae-4a50-9d37-fb9e2cc04b12,b465dd76-f190-48e5-b879-f1fc63647b3c,3043.75,2026-11-02 01:00:43,completed
588f33c2-8b6c-4975-a8eb-6a78adfa0c1b,b465dd76-f190-48e5-b879-f1fc63647b3c,2351.64,2026-07-07 00:00:43,completed
5746324b-b3d2-4b21-9d57-e3beb8bab991,b465dd76-f190-48e5-b879-f1fc63647b3c,3475.91,2026-07-29 14:00:43,completed
371b9401-1ffc-46d5-b618-b863c8ad6240,3c879cba-5b11-4ff2-bc20-4bef497f6aff,1422.31,2026-10-10 12:31:20,failed
e6ae04e6-b2ba-40ad-85e2-70b34404621c,3c879cba-5b11-4ff2-bc20-4bef497f6aff,4420.94,2026-09-21 05:31:20,completed
06908dd1-ff4d-4d7c-8855-a0c27f5c2ebe,3c879cba-5b11-4ff2-bc20-4bef497f6aff,5068.06,2026-12-06 23:31:20,completed
51f9f2e0-ee61-496c-bc8a-4730afefa07b,0f437002-bf9e-45dc-8753-9b49831671c4,7360.52,2026-08-31 09:39:55,completed
f86e71df-1780-4ae8-864a-7f5909dcadb2,0f437002-bf9e-45dc-8753-9b49831671c4,6865.9,2026-12-04 21:39:55,completed
1ba3ca19-a4ed-45b1-a515-e37f19d8e2eb,0f437002-bf9e-45dc-8753-9b49831671c4,5254.94,2026-09-29 12:39:55,completed
630a416a-4e00-4822-8825-6bd340e9a7e3,0f437002-bf9e-45dc-8753-9b49831671c4,865.88,2026-10-26 18:39:55,completed
d55444d7-805a-4cdf-9510-52dbdb310694,9646e9e2-d3ad-4749-90fb-5bad2a85968f,5770.73,2026-03-31 17:41:57,failed
35149c87-7392-4754-a0a8-e75104089069,9646e9e2-d3ad-4749-90fb-5bad2a85968f,3325.68,2026-04-08 07:41:57,completed
94dbdb88-56a4-4a75-8613-2f901031e555,9646e9e2-d3ad-4749-90fb-5bad2a85968f,3108.71,2026-04-10 06:41:57,completed
69a02cc0-8385-4414-ae3a-e67371ec4789,9646e9e2-d3ad-4749-90fb-5bad2a85968f,6432.92,2026-01-31 09:41:57,completed
8a94cfae-d7e0-43f1-bf5b-d1a53edf647a,9646e9e2-d3ad-4749-90fb-5bad2a85968f,546.97,2026-03-23 15:41:57,completed
23564ed3-232f-4d7c-969c-3fddb6b3c401,9646e9e2-d3ad-4749-90fb-5bad2a85968f,1579.19,2026-06-18 07:41:57,completed
7ebaf385-3571-42d5-98ad-1324825cf205,525913fb-fc60-4522-8d60-f28c6386a324,7703.92,2025-10-25 06:17:47,completed
1d1a76d7-0321-472b-bbca-d2eb6995a802,525913fb-fc60-4522-8d60-f28c6386a324,3932.11,2025-11-01 17:17:47,failed
9bc0ec1b-00eb-4872-88fb-d5a59422c456,525913fb-fc60-4522-8d60-f28c6386a324,1622.59,2026-01-31 06:17:47,completed
f8a9b1bd-eb36-471c-ad0b-7b71be39e7fe,fe1f918c-0824-451d-9818-b5d2c2e520a3,1449.96,2026-05-09 09:08:02,completed
e7d5302c-0be6-4984-aef1-49988b993a74,fe1f918c-0824-451d-9818-b5d2c2e520a3,3758.76,2026-03-14 00:08:02,completed
acd2c009-44e5-46e1-bb99-e87647b9d916,fe1f918c-0824-451d-9818-b5d2c2e520a3,2251.06,2026-04-24 04:08:02,completed
82d42084-955d-482f-a4a8-3fda18200bed,277ba1a1-84bb-46e3-ac33-1ecedb30f222,5062.01,2026-08-10 21:46:03,completed
8383bc15-8a6d-45a7-b4a4-78588dfffc58,277ba1a1-84bb-46e3-ac33-1ecedb30f222,3605.41,2026-09-25 18:46:03,completed
086d4292-13a8-4d10-ae9b-a548604a3553,277ba1a1-84bb-46e3-ac33-1ecedb30f222,3521.23,2027-01-13 21:46:03,failed
428dd77f-c2da-4ef2-a0c0-612d80254a4f,d8833d5c-26bc-45c6-a480-7b5a331f7052,1254.55,2026-06-01 21:07:45,completed
49f2ecdc-e17c-4554-b93c-5951438e582f,d8833d5c-26bc-45c6-a480-7b5a331f7052,4597.77,2026-06-04 18:07:45,completed
2e60bc33-526f-4354-8c55-5f99717f9345,d8833d5c-26bc-45c6-a480-7b5a331f7052,6907.59,2026-05-03 23:07:45,completed
2c11fc29-b84c-4056-a3d4-cf89324e1cd5,58755762-cba7-499d-b3b0-fbb42c463e7d,3299.42,2026-03-15 17:20:10,completed
3ea5e1a6-9e45-4edb-baaf-eb25449a0f2e,58755762-cba7-499d-b3b0-fbb42c463e7d,535.83,2026-03-19 09:20:10,completed
6655ab3b-bdbc-4ff3-a6fa-a150369eec06,58755762-cba7-499d-b3b0-fbb42c463e7d,511.51,2026-03-26 14:20:10,completed
2f6ea19e-acae-4a7c-801c-d4a332b31a72,52f1a60b-999e-49d1-9d7c-e8f6167fede2,4766.82,2026-05-27 05:25:34,completed
1772f05f-2a77-49ed-ae04-565fa3dd398d,52f1a60b-999e-49d1-9d7c-e8f6167fede2,4814.88,2026-07-17 21:25:34,completed
80c6df19-dc6a-473a-94c2-26cc649aafd7,52f1a60b-999e-49d1-9d7c-e8f6167fede2,6599.5,2026-02-21 03:25:34,failed
476725b5-034f-4441-a424-e5d0c618c004,52f1a60b-999e-49d1-9d7c-e8f6167fede2,3441.18,2026-07-08 11:25:34,completed
29bbc195-41b6-45de-b7a8-e682d42edd2b,e236a84d-c3db-428e-a8e6-f4098010e5f4,1802.59,2026-09-17 12:13:12,completed
8163235e-a689-40c6-9eee-6be929b8562b,e236a84d-c3db-428e-a8e6-f4098010e5f4,1530.44,2026-10-03 11:13:12,completed
ef0a7dfa-9dd2-487e-9859-ccc14974f9eb,e236a84d-c3db-428e-a8e6-f4098010e5f4,7843.06,2026-10-02 17:13:12,completed
3c01a32f-0836-4c9a-adef-09f84bf49688,65c2ee27-c782-4e2e-b074-dead4d86693b,5289.0,2026-10-25 23:30:19,completed
574471cc-4471-455b-8644-233d765b56fd,65c2ee27-c782-4e2e-b074-dead4d86693b,5999.31,2026-08-07 04:30:19,completed
4a080ebd-6332-4b6a-800a-3d8ef510b34a,65c2ee27-c782-4e2e-b074-dead4d86693b,1642.55,2026-08-25 08:30:19,completed
e81e76b4-b5dd-4bfc-9a66-c18ad7cee733,4c6bcd9c-bb68-415c-aa30-0047d02ecbfd,6241.23,2026-08-13 02:16:55,completed
9098618e-4a1f-4b3a-85ff-63b090ab16d4,4c6bcd9c-bb68-415c-aa30-0047d02ecbfd,2758.93,2026-09-15 12:16:55,completed
2ecc62f3-2ce5-4e04-87dc-a5ef204ab355,4c6bcd9c-bb68-415c-aa30-0047d02ecbfd,4483.39,2026-08-08 21:16:55,completed
702d945b-ac13-44cb-9b69-108838a7ae8b,5b574e7a-5b84-4332-8510-902fc86e0649,2427.97,2026-08-25 02:20:16,completed
4a61c749-79cc-42c5-b2a0-943bf7377084,5b574e7a-5b84-4332-8510-902fc86e0649,7721.58,2026-08-29 00:20:16,completed
a52c5048-fc99-4e0e-933c-f500e9c7522e,5b574e7a-5b84-4332-8510-902fc86e0649,6146.09,2026-11-13 16:20:16,failed
5ee30e39-9ec5-474c-955d-13cbb82b550d,5b574e7a-5b84-4332-8510-902fc86e0649,3624.6,2026-10-28 03:20:16,completed
e05f25ea-fb57-4a10-ba02-0749d7c926e5,5b574e7a-5b84-4332-8510-902fc86e0649,7935.74,2026-09-17 04:20:16,completed
77c3df70-cc66-48b4-bddd-23ace010236d,5b574e7a-5b84-4332-8510-902fc86e0649,6214.89,2026-12-26 10:20:16,completed
de939ce1-1569-451e-b218-fb89d7662667,71a360e6-558e-4927-bd7a-2f20c3330c59,6409.58,2026-03-08 13:04:26,completed
69d9db4b-bae4-4e5f-a22e-0fca51301aa1,71a360e6-558e-4927-bd7a-2f20c3330c59,4916.8,2026-05-14 22:04:26,refunded
ae94714f-396d-45bf-afea-b6e26c865534,71a360e6-558e-4927-bd7a-2f20c3330c59,6346.46,2026-02-12 15:04:26,refunded
f92b8bc4-add6-4cb3-bedd-e9e5cbcf989a,71a360e6-558e-4927-bd7a-2f20c3330c59,2651.97,2026-06-10 19:04:26,failed
36eb20a6-e7dd-403f-90ee-52c2b922b991,71a360e6-558e-4927-bd7a-2f20c3330c59,1399.53,2026-04-16 02:04:26,completed
68e4acbf-bb0c-49d0-b708-3610541da12b,f4e3b1a8-081d-4ca4-abd9-04ef75021fef,3295.72,2026-07-04 22:28:50,completed
cebfb048-7ca7-46b9-9b9d-4d02793bdefa,f4e3b1a8-081d-4ca4-abd9-04ef75021fef,7319.04,2026-04-13 11:28:50,completed
f517b0c4-85c0-4518-a206-6973b725d994,f4e3b1a8-081d-4ca4-abd9-04ef75021fef,7724.81,2026-02-08 06:28:50,completed
21d644d0-a136-4c29-a997-fa30261dcde9,f4e3b1a8-081d-4ca4-abd9-04ef75021fef,4317.0,2026-03-05 01:28:50,completed
25213b55-19e3-459b-bbdc-deeb54e03923,f4e3b1a8-081d-4ca4-abd9-04ef75021fef,1807.33,2026-01-26 19:28:50,completed
fed31f79-1ea0-4a5c-ba91-8e386a577a3f,200a33f2-e151-46e6-a3db-efa810e1f947,5194.27,2025-10-18 14:15:50,completed
a93f1330-5fbc-49c5-b32b-812779918096,200a33f2-e151-46e6-a3db-efa810e1f947,354.15,2026-02-28 05:15:50,refunded
555d2015-a8d1-431e-934d-8b21c8386d7c,200a33f2-e151-46e6-a3db-efa810e1f947,1114.87,2026-02-03 18:15:50,completed
6d62885e-c02a-4feb-8f92-f80e4f0cb0fd,200a33f2-e151-46e6-a3db-efa810e1f947,4953.09,2025-12-03 09:15:50,completed
ce01cd24-7807-482d-afa6-e8dbadc203c4,200a33f2-e151-46e6-a3db-efa810e1f947,1109.52,2026-02-25 05:15:50,completed
3d7824be-df3f-4cb2-aaf7-8fb3ec72edaa,b2127a32-4b04-4fae-90b0-b34ecd1b9edf,6893.52,2026-06-29 08:32:41,completed
1b74322e-1323-41e6-806e-28e966c45754,b2127a32-4b04-4fae-90b0-b34ecd1b9edf,4465.72,2026-08-02 04:32:41,completed
8c4e95e2-5436-4680-b35f-3777bfb5491c,b2127a32-4b04-4fae-90b0-b34ecd1b9edf,5950.88,2026-06-19 11:32:41,refunded
99f0a93f-480f-4d06-8029-65e4094312c2,b2127a32-4b04-4fae-90b0-b34ecd1b9edf,4246.48,2026-08-12 02:32:41,completed
3d588017-f2f2-4211-8a76-c27dc5daffec,b2127a32-4b04-4fae-90b0-b34ecd1b9edf,3899.07,2026-05-26 14:32:41,completed
679ac419-4efe-47cb-a3cd-3190dfc20b56,aadcbf2e-df47-471f-8aee-a8ef9a01ad27,4122.6,2026-11-05 14:45:30,completed
7a4b0f8b-ddcf-444b-99fc-f1a194151007,aadcbf2e-df47-471f-8aee-a8ef9a01ad27,7558.32,2026-10-21 09:45:30,completed
78467ba6-9e5e-4054-a1d8-97a40458fd14,aadcbf2e-df47-471f-8aee-a8ef9a01ad27,5566.73,2026-08-08 22:45:30,completed
65a5564c-0354-4e35-99e1-59e972b636a1,aadcbf2e-df47-471f-8aee-a8ef9a01ad27,6844.99,2026-07-27 23:45:30,completed
09986c82-2454-4277-9395-03f5c149243a,aadcbf2e-df47-471f-8aee-a8ef9a01ad27,1611.74,2026-09-05 08:45:30,completed
b329f76b-5de7-426c-87b6-a46d96b07c9e,aadcbf2e-df47-471f-8aee-a8ef9a01ad27,2943.87,2026-08-31 10:45:30,completed
24d2b3a7-1fda-4030-8eef-0ebb68b80199,aadcbf2e-df47-471f-8aee-a8ef9a01ad27,7950.06,2026-08-09 04:45:30,completed
8eaed177-1099-49a4-a994-20fd5aa48754,aadcbf2e-df47-471f-8aee-a8ef9a01ad27,5948.92,2026-09-01 14:45:30,completed
289dc19c-c3d1-4d13-93a8-38671df64ded,aadcbf2e-df47-471f-8aee-a8ef9a01ad27,1911.59,2026-10-20 10:45:30,completed
ebe157c3-216f-4501-b691-e0247c4938d0,aadcbf2e-df47-471f-8aee-a8ef9a01ad27,6939.08,2026-08-17 10:45:30,completed
b2a7e6fc-4a0f-4f5a-acc8-dc171f0adb9b,1c935801-8bd9-49bf-8464-b28a4a055cd5,7739.17,2026-08-11 01:04:43,completed
5c30f872-89fb-4b8d-be1d-8feca8359ed0,1c935801-8bd9-49bf-8464-b28a4a055cd5,2016.86,2026-05-27 17:04:43,completed
0f507df2-55de-4ee0-8150-353045633f0d,1c935801-8bd9-49bf-8464-b28a4a055cd5,6439.74,2026-05-31 16:04:43,completed
68587b99-ae17-40fd-b949-d7de4e104a89,1c935801-8bd9-49bf-8464-b28a4a055cd5,6643.35,2026-07-08 19:04:43,refunded
9f78ff71-ce85-4996-b349-dd1033861e1e,1c935801-8bd9-49bf-8464-b28a4a055cd5,7655.39,2026-08-28 04:04:43,completed
6990177d-6c89-4127-a051-73d23777a52a,4ad80d43-82f6-4734-9dfa-0c9257a630bf,5587.65,2026-05-17 16:55:11,completed
565c5a5e-ccfd-497e-be9c-b24bc8da3ead,152a8597-6e5f-4415-8ef7-697606ebe1c1,1788.45,2026-02-15 12:13:26,completed
69b928b6-3993-475b-b766-23103bf8ca59,152a8597-6e5f-4415-8ef7-697606ebe1c1,4210.53,2026-07-05 11:13:26,failed
b43162b1-5dab-492e-84ec-d520d51adc7d,f428a76a-cdef-4f1e-87db-16792a38f896,1819.76,2026-12-16 06:44:35,completed
6e7d3db9-e908-4e5a-8dab-c6b259fc8ed3,f428a76a-cdef-4f1e-87db-16792a38f896,7262.26,2026-10-10 10:44:35,failed
9669afef-2f95-4a93-b789-84d4e5223077,f428a76a-cdef-4f1e-87db-16792a38f896,2918.52,2026-11-01 19:44:35,completed
a2564c96-991a-43c7-b1c2-cea71ae5e953,f428a76a-cdef-4f1e-87db-16792a38f896,5905.95,2026-10-13 22:44:35,completed
f8f4585c-243e-4ce1-b9f3-23ceafa98c28,f428a76a-cdef-4f1e-87db-16792a38f896,2725.97,2026-08-24 22:44:35,completed
4e421802-32e1-4a9e-9a8e-80bb45646d3c,3732fc9b-ce0d-4033-84fd-788e22bcabdd,6528.24,2026-10-04 15:54:17,completed
95c8cd25-9af5-40e1-8b07-75fcfe5df265,3732fc9b-ce0d-4033-84fd-788e22bcabdd,5612.78,2026-08-02 22:54:17,completed
01d85361-a7f4-42aa-b5c1-7525a01d8aff,8e13d48c-12c1-4461-a8e1-10245d525656,876.24,2026-01-01 03:39:52,completed
d431adbc-3e11-4f38-aaa9-74ea10ff39ab,8e13d48c-12c1-4461-a8e1-10245d525656,4805.73,2026-04-05 05:39:52,completed
7b20f09e-2d0b-46d0-b9e2-ba8ebfc6eb62,8e13d48c-12c1-4461-a8e1-10245d525656,3776.43,2026-01-19 06:39:52,refunded
6612252c-b082-4308-b5a1-73ce7ac17bc4,8e13d48c-12c1-4461-a8e1-10245d525656,1174.31,2025-12-07 20:39:52,completed
42ab8a2d-7884-4077-a8f9-6a8783fbd037,8e13d48c-12c1-4461-a8e1-10245d525656,2344.11,2025-12-19 08:39:52,completed
27339273-8983-4192-b9ed-a2aadcdc47a1,0f19b4cb-be36-40de-81bd-949136c94945,1155.91,2026-07-20 18:09:30,completed
001682fe-14ab-46d9-bd08-00cae4cf9fde,0f19b4cb-be36-40de-81bd-949136c94945,5402.57,2026-09-29 21:09:30,completed
07de0234-46b5-46bd-a348-e3adcf33282a,c3fe3d2f-e174-4b6e-a414-bc8556072f1d,6349.86,2026-08-18 19:55:27,completed
ab5947d0-38ba-4251-9966-398016578516,c3fe3d2f-e174-4b6e-a414-bc8556072f1d,3420.2,2026-07-09 22:55:27,completed
fc9a4cb0-d579-47c9-8e8c-6acd19ac8fc0,c3fe3d2f-e174-4b6e-a414-bc8556072f1d,4465.86,2026-05-31 02:55:27,completed
fc05effb-487e-4986-bfc4-9dae6e57a020,768adb16-a474-4ff9-a1e7-e26e957a3e34,2481.28,2026-07-01 18:09:58,completed
7ef93628-3c84-45a3-aea7-8b70ac70a3e2,768adb16-a474-4ff9-a1e7-e26e957a3e34,7513.44,2026-09-23 14:09:58,completed
30bab953-aa17-4fbe-bb62-5a6acc880f15,768adb16-a474-4ff9-a1e7-e26e957a3e34,693.12,2026-09-15 17:09:58,refunded
4c92e6ab-b37b-4d7c-9b0a-afd94d6d1b33,57168436-25dd-4a06-ac57-9428951d886b,4137.83,2026-05-29 23:07:29,failed
2ee8b9cd-bd1a-4e2d-b7e3-22d820377823,57168436-25dd-4a06-ac57-9428951d886b,2699.42,2026-07-21 05:07:29,completed
682a3896-2b6e-49fa-91c3-ccfeff0800b7,328fb4bd-ea87-495e-bfb7-bed9537509d7,7606.51,2026-03-07 12:56:04,completed
36e57049-37c3-4797-acf3-6f5e8214d18c,328fb4bd-ea87-495e-bfb7-bed9537509d7,4962.29,2026-06-01 21:56:04,completed
0a3f45bb-796d-4ca5-8e0f-d62a7fae9e1a,328fb4bd-ea87-495e-bfb7-bed9537509d7,816.94,2026-06-17 18:56:04,completed
b2155f68-9ef1-4141-b685-4e1c57af7046,328fb4bd-ea87-495e-bfb7-bed9537509d7,1895.49,2026-03-18 23:56:04,failed
945e084e-09e5-4ff0-8fc8-008164ea811d,328fb4bd-ea87-495e-bfb7-bed9537509d7,555.37,2026-04-14 02:56:04,completed
37111007-e4aa-49db-9f6b-a707af1027e7,328fb4bd-ea87-495e-bfb7-bed9537509d7,3244.42,2026-06-20 23:56:04,completed
ffc6a819-bf9c-4b3a-9029-e3c11da333ae,328fb4bd-ea87-495e-bfb7-bed9537509d7,2130.06,2026-07-11 14:56:04,completed
e8dc1659-5c50-4c6e-af5b-4e2c47abd530,328fb4bd-ea87-495e-bfb7-bed9537509d7,6884.8,2026-04-20 12:56:04,completed
d4429f4e-96ff-4069-ad70-64512741c3bb,16507efc-c840-437e-b191-83c57e4c688d,4992.38,2026-11-18 10:18:50,completed
ca4cd1fc-72af-46ce-86dd-fd758a890be8,16507efc-c840-437e-b191-83c57e4c688d,954.81,2026-09-18 05:18:50,failed
3070b558-fc3b-4149-b6e8-607f773b292b,16507efc-c840-437e-b191-83c57e4c688d,728.53,2026-08-07 11:18:50,completed
cddf0e78-3cb9-469c-af5a-56f2da9ac086,16507efc-c840-437e-b191-83c57e4c688d,3867.42,2026-07-31 14:18:50,completed
ebc44581-1906-4e17-bfa5-6642adb4399b,79f01dc6-63ab-4a3d-ad7c-cf303e7dd72e,4609.38,2026-09-12 18:27:32,completed
39269baf-90ac-4b96-9c44-96c2a84f45ea,79f01dc6-63ab-4a3d-ad7c-cf303e7dd72e,6377.5,2027-01-16 01:27:32,completed
f01edf9e-4660-4067-8a34-53398a1c85d3,79f01dc6-63ab-4a3d-ad7c-cf303e7dd72e,1460.59,2026-10-06 09:27:32,completed
1f10b9a3-cf80-4c3d-9972-701e722fcd47,79f01dc6-63ab-4a3d-ad7c-cf303e7dd72e,498.6,2027-01-10 06:27:32,completed
af25000f-752c-43ed-904c-d4450d752db6,79f01dc6-63ab-4a3d-ad7c-cf303e7dd72e,4561.23,2026-10-11 21:27:32,completed
af6696fe-4afd-4e85-81de-14d1ddc31a48,088b9a9b-bbff-4802-bee1-375d5300cdbe,4762.84,2027-02-23 05:46:23,completed
4b087405-7357-4486-bf4e-b101d21de75b,088b9a9b-bbff-4802-bee1-375d5300cdbe,6803.75,2026-11-04 07:46:23,completed
bfee0477-9c2f-4601-b25c-3c4984a5c9dd,088b9a9b-bbff-4802-bee1-375d5300cdbe,7123.1,2027-02-19 16:46:23,completed
ec4c1081-7705-473f-bb8e-1f5b4d61fad4,088b9a9b-bbff-4802-bee1-375d5300cdbe,2279.44,2026-12-16 20:46:23,completed
9b0888cc-003b-4dc2-b817-3d8d3e77b325,088b9a9b-bbff-4802-bee1-375d5300cdbe,1974.9,2026-11-21 21:46:23,completed
86f87913-a500-4e4d-b490-cb46557a405f,088b9a9b-bbff-4802-bee1-375d5300cdbe,4515.4,2027-02-20 00:46:23,completed
d1f036d1-3ba6-4b72-a4b6-f360b679773c,e82000bf-99af-4d1d-87eb-eea627e53f05,3507.62,2026-08-27 04:29:25,completed
6ec7b58b-0eca-40bc-b1c8-454be7060d73,e82000bf-99af-4d1d-87eb-eea627e53f05,965.36,2026-06-26 07:29:25,completed
0b5a9a0e-b0d9-47c6-9c35-67f370305ca8,e82000bf-99af-4d1d-87eb-eea627e53f05,7641.92,2026-07-10 22:29:25,completed
a7244d0e-ad45-4850-94f7-d67193a27802,e82000bf-99af-4d1d-87eb-eea627e53f05,771.98,2026-05-18 10:29:25,completed
0aa6958e-1683-4c78-a37b-56c443e7e6e4,e82000bf-99af-4d1d-87eb-eea627e53f05,5590.03,2026-07-10 10:29:25,completed
ecbcb94e-3099-4b28-9703-0446edfa4714,e82000bf-99af-4d1d-87eb-eea627e53f05,3669.11,2026-08-12 18:29:25,completed
a6bfa6f6-e5e5-489d-b521-8042fadd7ef7,e82000bf-99af-4d1d-87eb-eea627e53f05,4272.78,2026-04-20 21:29:25,completed
8534e883-8853-4236-970a-e0bff30233e5,e82000bf-99af-4d1d-87eb-eea627e53f05,3363.17,2026-05-25 18:29:25,completed
c715afe9-d087-4ac9-a757-f63c34689bb5,e82000bf-99af-4d1d-87eb-eea627e53f05,7720.45,2026-04-21 08:29:25,completed
53466e6c-5731-42bd-ad69-76f97370981e,e82000bf-99af-4d1d-87eb-eea627e53f05,4744.66,2026-05-18 21:29:25,completed
ec605782-81ac-497b-b75d-ab33ee8c6d82,dab5b1bd-b29d-424d-9a3c-933f3f29bcbb,1248.72,2026-03-23 23:46:47,completed
97abbfbf-3869-4e95-83c7-844e12b86771,dab5b1bd-b29d-424d-9a3c-933f3f29bcbb,3079.42,2025-12-31 11:46:47,refunded
d5f77290-e532-48d4-bc85-7ecabaf051af,dab5b1bd-b29d-424d-9a3c-933f3f29bcbb,6756.1,2026-04-16 04:46:47,completed
fecbd2eb-c4d8-4036-85f4-71741740e1ec,dab5b1bd-b29d-424d-9a3c-933f3f29bcbb,7823.7,2025-11-16 01:46:47,completed
6485a52a-e56d-48e6-95da-4492e4eea2c6,dab5b1bd-b29d-424d-9a3c-933f3f29bcbb,3687.94,2025-12-31 00:46:47,failed
f795878c-3621-4dbe-977c-5447940da9f3,dab5b1bd-b29d-424d-9a3c-933f3f29bcbb,5629.47,2026-04-22 10:46:47,completed
16ca9d75-f05d-4138-882b-af8ea5320c2e,dab5b1bd-b29d-424d-9a3c-933f3f29bcbb,7217.77,2026-04-18 19:46:47,completed
d9a0c8e3-e351-42db-9d1a-ecf8f2816c62,dab5b1bd-b29d-424d-9a3c-933f3f29bcbb,1096.65,2025-11-04 22:46:47,completed
329b0281-287e-4de6-a06d-4550e3873cdc,dab5b1bd-b29d-424d-9a3c-933f3f29bcbb,2040.88,2026-02-22 16:46:47,completed
b31a23cc-c94a-491c-84c2-fec0e5ac3f0b,dab5b1bd-b29d-424d-9a3c-933f3f29bcbb,3708.29,2026-03-15 01:46:47,completed
f3a24903-2fd2-40c8-a183-25c0df26f360,dab5b1bd-b29d-424d-9a3c-933f3f29bcbb,2561.27,2026-04-22 11:46:47,completed
0bb7ea36-5024-4f4f-b7a5-844147091d90,dab5b1bd-b29d-424d-9a3c-933f3f29bcbb,1005.25,2025-11-07 17:46:47,completed
47225179-b248-4450-bbff-343ff1ea98eb,dab5b1bd-b29d-424d-9a3c-933f3f29bcbb,3911.16,2026-03-20 07:46:47,completed
30ece2ac-2a08-4434-92ba-a6ee0e238b42,dab5b1bd-b29d-424d-9a3c-933f3f29bcbb,516.19,2026-03-02 00:46:47,completed
71f9eddb-0bb7-4981-99d4-4c8d95fcffda,dab5b1bd-b29d-424d-9a3c-933f3f29bcbb,5421.45,2026-01-28 08:46:47,completed
7ff1cfe5-5e6e-4b85-a175-3c9ad22823b2,dab5b1bd-b29d-424d-9a3c-933f3f29bcbb,5125.73,2025-12-06 04:46:47,completed
52dcdfa0-26db-4314-b2b0-ace51f917175,dab5b1bd-b29d-424d-9a3c-933f3f29bcbb,392.05,2026-04-01 12:46:47,failed
5f586d44-be9e-4b34-acb9-638820d237df,dab5b1bd-b29d-424d-9a3c-933f3f29bcbb,7119.86,2026-04-15 12:46:47,completed
3b1a0181-264f-4e34-8323-2059afa27398,dab5b1bd-b29d-424d-9a3c-933f3f29bcbb,5292.85,2026-04-03 02:46:47,completed
c36a7241-b2fd-4ffe-912d-154495a4bde0,dab5b1bd-b29d-424d-9a3c-933f3f29bcbb,2869.97,2026-04-11 04:46:47,completed
2eca0765-0bb6-4a93-afa8-c7a2dbb5bb7d,dab5b1bd-b29d-424d-9a3c-933f3f29bcbb,6976.42,2026-03-27 20:46:47,refunded
43c817b5-572d-43ac-aef7-2ba817c8a2a3,dab5b1bd-b29d-424d-9a3c-933f3f29bcbb,1585.89,2026-01-12 15:46:47,completed
8cfad71e-c9bc-4b2e-9e6b-67be76d6b0ef,dab5b1bd-b29d-424d-9a3c-933f3f29bcbb,6179.35,2026-04-13 04:46:47,completed
a8be96ce-c81f-45df-ab6b-fc9cbd9e12aa,dab5b1bd-b29d-424d-9a3c-933f3f29bcbb,942.03,2026-04-09 12:46:47,completed
4fb45b49-259c-422b-996f-b50d9bf6321e,e4da1b67-d976-4934-8f31-89bb4e88d427,7546.91,2026-10-20 11:35:36,completed
33da6b94-61cd-40cf-8095-219f92a7bff0,e4da1b67-d976-4934-8f31-89bb4e88d427,7964.31,2026-11-27 23:35:36,completed
5752190f-0a64-4aa7-bf88-0adbc57fdbe6,e4da1b67-d976-4934-8f31-89bb4e88d427,6378.49,2027-01-30 04:35:36,completed
19a34d71-e996-4a06-947d-a92c72e6581b,e4da1b67-d976-4934-8f31-89bb4e88d427,6331.93,2026-12-06 20:35:36,completed
3a370bab-0b89-4f5b-90b8-53e98ddb545e,3c6c38d1-e291-43dc-ae05-444ac8d3f73c,3200.78,2025-12-06 05:33:46,completed
d67941a8-8096-4a38-b250-2559feb1e93e,3c6c38d1-e291-43dc-ae05-444ac8d3f73c,6204.53,2026-03-21 16:33:46,completed
799eb60d-423a-4ebc-87a6-671d4caaef62,3c6c38d1-e291-43dc-ae05-444ac8d3f73c,657.48,2026-03-03 15:33:46,completed
7fedbc9c-448a-43fe-9ba9-a6ab3a1bc4c4,54d9736d-113b-4f7c-8e89-5ec71e3311d4,2417.75,2026-09-27 15:59:12,completed
a2176dee-3f5c-4b24-a22f-3499b8ec8840,54d9736d-113b-4f7c-8e89-5ec71e3311d4,7661.22,2026-06-27 15:59:12,completed
ac2f25f0-818e-468f-b2e0-caf25528e4bc,54d9736d-113b-4f7c-8e89-5ec71e3311d4,5955.43,2026-10-25 11:59:12,completed
d4644616-e701-47f8-ae9c-0fbf0edf171a,54d9736d-113b-4f7c-8e89-5ec71e3311d4,506.43,2026-10-10 07:59:12,completed
cbf508fb-77f3-4dc0-96e4-f47b48fc91d2,7ecc7d5a-fa2c-4d89-9cb2-6fe35cd084f5,6189.37,2026-08-16 17:56:40,completed
529e3821-7c4e-4aea-a108-79079a3bdeaa,7ecc7d5a-fa2c-4d89-9cb2-6fe35cd084f5,1048.22,2026-10-15 11:56:40,completed
7428d617-d550-4d4f-b937-21255feaea20,7ecc7d5a-fa2c-4d89-9cb2-6fe35cd084f5,4289.2,2026-12-18 13:56:40,completed
9a157b2a-bd57-4406-a991-a68391335f76,3d4aaf18-c7ce-4036-a1d5-a6fe773f5642,3567.04,2027-01-13 20:58:22,completed
d7bc8294-de83-449c-baaf-9ebd2cc35ec6,3d4aaf18-c7ce-4036-a1d5-a6fe773f5642,2775.6,2027-01-19 09:58:22,completed
32beac05-05df-40cf-a459-49ee2eadf3ba,3d4aaf18-c7ce-4036-a1d5-a6fe773f5642,6666.0,2026-10-11 14:58:22,completed
942013a6-18d9-4083-95b0-2b8a93c286bf,d10912ef-d7d4-494c-ab43-0e1724fc2355,3795.49,2026-06-10 01:02:53,completed
47073120-93b8-4917-a458-de81142fb5e6,d10912ef-d7d4-494c-ab43-0e1724fc2355,6855.94,2026-10-01 08:02:53,completed
1a8241ca-e5eb-4ee9-b2fc-068352de9c08,d10912ef-d7d4-494c-ab43-0e1724fc2355,6909.88,2026-04-28 04:02:53,completed
fa1338c1-658f-43cd-b2a9-d96ce2456616,d10912ef-d7d4-494c-ab43-0e1724fc2355,4114.12,2026-07-15 19:02:53,completed
369b9f2e-8ba2-49bf-b5c6-8d91d8bca93c,d10912ef-d7d4-494c-ab43-0e1724fc2355,2583.1,2026-04-20 10:02:53,completed
79172127-92d9-4927-9c1c-e1934178969c,f7898768-546f-40f0-8f77-9275335f2e61,4520.07,2026-05-07 00:47:34,completed
93d96320-c0e6-4cd4-89aa-b2ea23126d0a,f7898768-546f-40f0-8f77-9275335f2e61,6874.76,2026-05-30 13:47:34,completed
54c5ad21-bcda-41b6-8c00-881304b14a40,10b2002c-8578-441c-aaf9-b540ae6d0b44,4456.71,2026-07-27 22:37:57,completed
f97cb4e3-8373-4df4-a947-142aba9a4136,10b2002c-8578-441c-aaf9-b540ae6d0b44,4795.83,2026-05-12 14:37:57,completed
e2654b22-7173-4166-8876-aafe25250b22,10b2002c-8578-441c-aaf9-b540ae6d0b44,7375.15,2026-03-02 05:37:57,completed
7c1a427e-9898-4403-86f6-436eaad92798,10b2002c-8578-441c-aaf9-b540ae6d0b44,904.62,2026-03-21 16:37:57,completed
d6b05a61-5338-4af7-a8b6-634c06431056,10b2002c-8578-441c-aaf9-b540ae6d0b44,2389.96,2026-05-01 07:37:57,completed
b5372195-fce4-4e6c-bb99-bd41a51b55b2,10b2002c-8578-441c-aaf9-b540ae6d0b44,6954.9,2026-07-12 19:37:57,completed
00655930-9ac7-4c91-ac39-627c9f04f415,207db7ef-5bac-47db-8869-a2b87d2bb88c,3803.47,2026-06-05 14:30:48,refunded
4ea55caf-2a4d-484d-8cd9-34a886561209,207db7ef-5bac-47db-8869-a2b87d2bb88c,2845.95,2026-06-11 12:30:48,completed
e5123d31-4d43-4008-8ca9-615d4316214c,207db7ef-5bac-47db-8869-a2b87d2bb88c,6140.39,2026-06-08 06:30:48,refunded
4bc93845-76e8-4084-aefc-43e5d16ed64b,f3b0fb0c-78b8-4804-8fb3-ea1acf8013f9,7431.77,2026-05-24 17:48:36,completed
9c8d53be-3464-46b2-a2a8-5e644df0e2f2,f3b0fb0c-78b8-4804-8fb3-ea1acf8013f9,3502.81,2026-10-19 12:48:36,completed
d0d565c0-b005-412a-b66f-966439012e13,f3b0fb0c-78b8-4804-8fb3-ea1acf8013f9,4935.92,2026-05-24 12:48:36,completed
0be34ec0-4970-48a0-8e6a-34f1c2dbd0fd,f3b0fb0c-78b8-4804-8fb3-ea1acf8013f9,792.82,2026-09-17 00:48:36,completed
fbf00d5d-8ea8-4af8-acb3-ecfff45292ee,2bcf7118-e76e-4a79-89a1-cd47a52915ff,509.56,2026-02-12 05:31:34,completed
ceae5c8a-4cb4-4824-a38f-c5d858743a64,2bcf7118-e76e-4a79-89a1-cd47a52915ff,2568.47,2026-01-18 14:31:34,completed
f6d7994e-7f60-4f99-834c-6e4863dfbee3,2bcf7118-e76e-4a79-89a1-cd47a52915ff,2990.94,2026-02-24 21:31:34,completed
0d4fd01c-8f67-45f8-abcf-09331f218437,2bcf7118-e76e-4a79-89a1-cd47a52915ff,6485.54,2025-11-25 09:31:34,completed
d4182c0f-a2db-4fc4-b7d1-ed27917ebe3a,2bcf7118-e76e-4a79-89a1-cd47a52915ff,6982.15,2025-12-11 20:31:34,completed
dd773ba7-fdd3-4579-9952-b7122fe0f7e2,2bcf7118-e76e-4a79-89a1-cd47a52915ff,2881.72,2026-03-06 22:31:34,completed
4f7bc832-d15a-4a28-bfec-66c3dfa332bd,2bcf7118-e76e-4a79-89a1-cd47a52915ff,1086.46,2025-11-15 08:31:34,completed
fc5c2355-0d85-4182-a72b-872e2ef60189,7fcde9af-6f34-4877-846f-88bc8ba4dca0,2157.8,2026-10-08 14:17:30,completed
e61c5d8b-152d-4a6b-9073-418c733dd4ef,7fcde9af-6f34-4877-846f-88bc8ba4dca0,7114.13,2026-10-05 15:17:30,completed
f017a24a-62e1-4826-b99c-d12b7a5902bc,7fcde9af-6f34-4877-846f-88bc8ba4dca0,5195.2,2026-10-17 20:17:30,completed
5737130b-b03e-4656-a1dc-044520697c09,7fcde9af-6f34-4877-846f-88bc8ba4dca0,3011.51,2026-08-30 08:17:30,completed
61bfa2c8-2ae0-4d0a-bd47-ac985d5c09ef,48ba4fcf-d26a-4717-810a-0c3be8aeceb0,4485.77,2025-12-08 13:50:12,completed
a826cd02-a996-4e51-a106-8315bb5a8fa3,48ba4fcf-d26a-4717-810a-0c3be8aeceb0,4059.68,2026-03-23 22:50:12,completed
e4115b7a-2311-4fd5-a498-a49337776eac,48ba4fcf-d26a-4717-810a-0c3be8aeceb0,2755.91,2025-11-17 05:50:12,completed
e9244eae-0aca-4290-8ff2-6bbcaaf0dd31,48ba4fcf-d26a-4717-810a-0c3be8aeceb0,2851.23,2026-02-01 12:50:12,completed
8c261fa6-37a6-4bb2-820a-455995982da2,48ba4fcf-d26a-4717-810a-0c3be8aeceb0,5756.61,2026-01-03 04:50:12,completed
d4871035-f4ee-4e25-bd6a-ea823697d117,48ba4fcf-d26a-4717-810a-0c3be8aeceb0,6879.76,2026-03-17 17:50:12,completed
abd6c122-3680-4e3e-a9e4-53daac06db24,48ba4fcf-d26a-4717-810a-0c3be8aeceb0,7523.69,2025-12-20 03:50:12,completed
1656a444-f543-4596-9950-1509a977806b,48ba4fcf-d26a-4717-810a-0c3be8aeceb0,3632.49,2026-03-18 15:50:12,completed
e9a64bc1-95ff-4a9c-9b05-bf98b805dbd6,48ba4fcf-d26a-4717-810a-0c3be8aeceb0,4837.86,2026-01-24 12:50:12,completed
fa767153-e2c0-4c3d-8eff-ccc5934601f9,48ba4fcf-d26a-4717-810a-0c3be8aeceb0,4161.56,2026-03-19 02:50:12,completed
084c7f71-5056-413b-9284-2ef1950dd20f,48ba4fcf-d26a-4717-810a-0c3be8aeceb0,3757.36,2026-05-01 10:50:12,completed
5c1a1a59-ddca-411d-b41e-b624a856bece,48ba4fcf-d26a-4717-810a-0c3be8aeceb0,5457.84,2025-12-13 18:50:12,completed
e45a68a2-c1bb-4fc9-aa59-e28023992963,48ba4fcf-d26a-4717-810a-0c3be8aeceb0,6976.27,2025-12-17 12:50:12,completed
d29e7841-766b-4020-9de3-ecca1f70f62b,2ae67795-26ed-4004-90ff-843a9001f36c,7368.32,2026-06-20 16:26:19,completed
10c4ecf7-9a59-46ca-8018-49c97457581e,2ae67795-26ed-4004-90ff-843a9001f36c,7847.25,2026-08-27 22:26:19,completed
d69443dc-59a6-431f-9be6-7ad89e1f9b31,2ae67795-26ed-4004-90ff-843a9001f36c,3296.83,2026-08-31 09:26:19,completed
ebf6d726-f550-482a-ac2e-82897e0c21a0,2ae67795-26ed-4004-90ff-843a9001f36c,2902.02,2026-09-25 08:26:19,completed
d2ef699d-67d4-468f-a3b9-1e4d5d7d9435,1f391315-93c9-4479-b844-b8eb87eb9d21,1451.48,2026-10-21 18:15:05,completed
ee2f57a5-99ee-4414-87a0-952968e3947d,1f391315-93c9-4479-b844-b8eb87eb9d21,6699.95,2026-11-18 08:15:05,completed
06a601fb-f6a5-45bf-a267-aa387ef2a32a,1f391315-93c9-4479-b844-b8eb87eb9d21,1701.37,2026-08-07 17:15:05,failed
30997fa6-adb7-45ed-85ec-8348cf008b7e,1f391315-93c9-4479-b844-b8eb87eb9d21,2347.89,2026-12-02 01:15:05,completed
cfb772e2-f250-47b4-a8e0-2716cad78ace,1f391315-93c9-4479-b844-b8eb87eb9d21,2168.93,2026-12-27 16:15:05,completed
70b38c2a-fcf2-4337-9131-afefab2bb429,1f391315-93c9-4479-b844-b8eb87eb9d21,1293.8,2026-08-31 00:15:05,completed
dfa3c8da-912e-4a4e-849e-575761291e71,1f391315-93c9-4479-b844-b8eb87eb9d21,6206.7,2026-11-10 09:15:05,completed
408911ce-3f7b-4df9-a755-9aa788650917,1f391315-93c9-4479-b844-b8eb87eb9d21,3044.69,2026-10-10 00:15:05,completed
93f40e41-b92f-4d35-a789-671dd1982b8b,e0a07da9-d71c-475d-9ddf-e1d4aabf2947,5197.42,2025-11-06 11:06:12,completed
a3b68f4b-ebcf-42e1-b748-cddb4eb385c4,e0a07da9-d71c-475d-9ddf-e1d4aabf2947,7418.4,2025-11-17 14:06:12,completed
1912bfbc-35a6-447b-99f0-fdd2f3b7381d,e0a07da9-d71c-475d-9ddf-e1d4aabf2947,6372.68,2025-10-10 06:06:12,completed
aa46c020-5a11-4db0-9823-fcfa59467fc6,e0a07da9-d71c-475d-9ddf-e1d4aabf2947,2535.72,2025-11-13 07:06:12,completed
823bb651-345b-4f0b-907f-171cc68818c4,f3a839cd-7277-420b-a916-68d0745e81ce,4757.12,2027-01-03 17:20:33,completed
a53cdfcb-7ff8-4d30-bdc6-f86b57fac4e5,f3a839cd-7277-420b-a916-68d0745e81ce,1102.81,2026-11-02 16:20:33,failed
447516b3-b784-4519-96e4-94319ad218bd,ac1a3066-9461-4076-9b87-83befeebd312,832.46,2026-03-09 17:12:08,completed
888471b1-34c4-47cf-a46d-5a0832e4031d,5925b83b-75cf-40dc-887d-cfe1f6c3483b,3843.81,2026-09-23 08:17:27,completed
c3be6a47-0d6c-4049-8769-91a59a51e8c0,5925b83b-75cf-40dc-887d-cfe1f6c3483b,2587.05,2026-10-07 08:17:27,refunded
1704a971-3105-4691-8f3d-901a0fd062e6,5925b83b-75cf-40dc-887d-cfe1f6c3483b,2337.09,2026-11-20 17:17:27,completed
32c9b789-1934-42ea-addb-ebc7e4254ad7,5925b83b-75cf-40dc-887d-cfe1f6c3483b,1743.07,2026-11-16 19:17:27,completed
694850fb-3dbd-4431-9913-f55cec2ed5b7,7e390aaf-cee7-4f6b-b1aa-2ee101a8a9c4,4937.61,2026-10-27 08:13:33,completed
04748c83-389f-4dd9-9c34-724e9da27874,7e390aaf-cee7-4f6b-b1aa-2ee101a8a9c4,381.37,2026-09-01 01:13:33,completed
fd44b167-432a-41e0-bfc7-f95c5e7e658a,776d76ba-e1cf-498b-a740-223460bf983f,7538.13,2026-01-01 01:26:51,completed
34e0a46a-c238-4bf6-96e8-a071413adf72,776d76ba-e1cf-498b-a740-223460bf983f,7683.43,2026-04-01 01:26:51,completed
5a04b473-65d5-41f3-a0e5-db6acb6aec21,776d76ba-e1cf-498b-a740-223460bf983f,5198.59,2025-11-08 19:26:51,completed
0d6ec8f8-99d2-44f1-b228-8ed7a9b149ba,0638ece9-4a3e-422b-8f6a-8c623e75e60e,663.43,2026-04-12 10:21:31,completed
577900a9-1b22-4c62-9b78-6305bb1fef56,0638ece9-4a3e-422b-8f6a-8c623e75e60e,5642.33,2026-05-24 00:21:31,completed
ccdfcb6a-0251-4136-bed8-605eb099f194,0d8a2191-a3f4-4fe4-8893-fe7f8c7bc3d0,3194.59,2026-06-19 00:16:19,completed
825c1879-f860-44af-a984-ad02ab20b3f2,0d8a2191-a3f4-4fe4-8893-fe7f8c7bc3d0,5109.07,2026-04-16 09:16:19,completed
ab22988b-686a-40f3-bf21-88d8821bc462,0d8a2191-a3f4-4fe4-8893-fe7f8c7bc3d0,5487.17,2026-07-02 00:16:19,failed
bdacee73-ab99-456c-8b72-97b49845c5ea,0d8a2191-a3f4-4fe4-8893-fe7f8c7bc3d0,1891.64,2026-03-13 09:16:19,completed
aafddbae-9eeb-464c-acc6-5441e737bc8d,35d321b4-4a73-41fa-bf38-56aa68b409c7,1295.61,2026-08-24 21:56:36,completed
5074539e-a154-43d5-a443-684a71a19cea,35d321b4-4a73-41fa-bf38-56aa68b409c7,3848.22,2026-10-05 14:56:36,refunded
c5c8b042-82e5-46a8-ad55-0cc872ad1a91,59ab145f-de6f-4728-9a16-61c2afefe4ed,5081.66,2026-05-13 17:27:45,completed
5cc24747-7729-4cc4-a73a-95e911b5f42f,59ab145f-de6f-4728-9a16-61c2afefe4ed,3021.59,2026-07-07 19:27:45,completed
9c0a486e-52d9-408a-9522-eb76686347a2,59ab145f-de6f-4728-9a16-61c2afefe4ed,3155.57,2026-07-04 08:27:45,completed
5204e99a-b43a-4dfa-ac13-be62ce9b72db,3b97bd1b-60f6-465c-bd52-4d939a4f6981,872.16,2026-10-17 03:54:33,completed
e410944c-1f3e-4308-8412-1921e64b1e40,3b97bd1b-60f6-465c-bd52-4d939a4f6981,5765.2,2026-07-05 00:54:33,completed
62b0d1f4-7afa-49e3-9846-b075d2a90313,3b97bd1b-60f6-465c-bd52-4d939a4f6981,2578.06,2026-09-14 13:54:33,completed
53e449eb-1abb-486c-825f-0dbabba21eac,3b97bd1b-60f6-465c-bd52-4d939a4f6981,5419.05,2026-08-01 23:54:33,completed
41ed79f5-b706-4a8a-97d3-6dbd211dc4dd,1bcedacb-8639-4dc3-8b12-f0150beae4d7,498.05,2026-12-29 08:22:58,completed
14147ebc-42ae-4e48-8ac8-106d7ca4783e,1bcedacb-8639-4dc3-8b12-f0150beae4d7,736.46,2026-12-10 04:22:58,completed
149fe9bc-0bb5-4697-9e7d-b1b145a3044d,1bcedacb-8639-4dc3-8b12-f0150beae4d7,1626.73,2026-10-23 21:22:58,completed
05e1cf27-5f1d-44e6-be77-c3dcf69b2717,1bcedacb-8639-4dc3-8b12-f0150beae4d7,7061.01,2026-09-04 23:22:58,completed
d0e2ae48-953f-4ae5-bd12-3357d5e1f76d,1bcedacb-8639-4dc3-8b12-f0150beae4d7,7989.75,2027-01-18 05:22:58,completed
f239a038-f814-49be-a38f-17c727e56881,dc173d38-4438-49af-8c9d-c982b841b16d,981.76,2026-11-11 07:18:43,completed
b7197b67-e12e-4f89-abca-88f22699359a,dc173d38-4438-49af-8c9d-c982b841b16d,2801.86,2026-12-25 19:18:43,completed
b043122e-7ebb-4c26-995c-6d91c646ac59,dc173d38-4438-49af-8c9d-c982b841b16d,969.6,2026-08-03 05:18:43,refunded
bcc00201-6660-4e9b-93f2-4a4cc43c4a44,d9f825df-a2c9-4744-a311-12ee99d26c1e,1181.92,2026-04-10 15:27:38,completed
a2022d50-af0b-4bd9-a19c-220dc5986fbe,d9f825df-a2c9-4744-a311-12ee99d26c1e,454.93,2026-08-17 07:27:38,completed
c7b59751-7499-471d-b294-72deafcc191d,d9f825df-a2c9-4744-a311-12ee99d26c1e,540.72,2026-10-03 04:27:38,completed
fe9d714a-32c1-48c1-9e81-e4abfe672c15,d9f825df-a2c9-4744-a311-12ee99d26c1e,794.86,2026-08-27 22:27:38,completed
e1c5d9ea-9680-4835-a750-f50b476455ab,d9f825df-a2c9-4744-a311-12ee99d26c1e,520.59,2026-05-12 12:27:38,completed
dd614814-274e-4c4d-a53e-b6072f050958,a8547cea-9944-46d2-86f0-bcf744b7b4f5,943.59,2026-10-01 08:47:58,completed
9266a9f3-8cdd-4e28-8fba-3568b6ad4efe,a8547cea-9944-46d2-86f0-bcf744b7b4f5,2650.93,2026-04-28 19:47:58,completed
8340a74e-d16c-419f-82ce-05c6dd5c7277,a8547cea-9944-46d2-86f0-bcf744b7b4f5,690.69,2026-09-11 02:47:58,completed
13e43855-71f0-4d23-a499-6ff1b4d4a26f,a8547cea-9944-46d2-86f0-bcf744b7b4f5,3224.82,2026-08-19 08:47:58,completed
f04c7bbd-ea22-4b9c-880e-8b867d95fc60,af8feb63-d4c3-4a21-aac2-44e01f05f027,4706.55,2026-08-21 18:27:43,completed
74d793c8-ac97-4c01-a63b-ef45c2c87618,af8feb63-d4c3-4a21-aac2-44e01f05f027,839.8,2026-12-10 13:27:43,completed
92657f29-14fc-4bf1-9ca4-54a2cae58337,2806681a-42d3-4be0-8754-8946f51dd234,6908.58,2026-05-25 22:19:23,completed
bb462a78-a282-456c-b78c-171a4e4e02e9,2806681a-42d3-4be0-8754-8946f51dd234,1186.67,2026-09-26 01:19:23,completed
97e78a7c-d1a1-4fb6-a43c-6df9717f5f9f,2806681a-42d3-4be0-8754-8946f51dd234,6561.18,2026-09-07 16:19:23,failed
c8f8c088-3a9e-4ec4-95da-11319b6de904,2806681a-42d3-4be0-8754-8946f51dd234,1885.77,2026-05-15 10:19:23,completed
295ac947-17b8-4b75-bf9e-7d8eff3cd6a1,2806681a-42d3-4be0-8754-8946f51dd234,2328.92,2026-07-10 15:19:23,completed
f1ae3708-f089-4888-8726-263ff8ff95d5,0b6477ca-2d63-4963-b21c-5f7cb48ca772,3955.57,2025-12-10 16:10:54,completed
8eaa9bbf-4deb-4517-959c-018f7687199f,0b6477ca-2d63-4963-b21c-5f7cb48ca772,2969.99,2025-12-06 06:10:54,completed
3ca0d783-f50e-4f78-946a-694749a5d278,0b6477ca-2d63-4963-b21c-5f7cb48ca772,3836.07,2026-02-21 06:10:54,completed
31fa7193-2981-41c1-866d-2e31450bbf99,0b6477ca-2d63-4963-b21c-5f7cb48ca772,3336.68,2026-02-26 07:10:54,completed
6cd148f1-bb45-41bf-ae61-a3dcd987f346,0b6477ca-2d63-4963-b21c-5f7cb48ca772,4179.48,2026-05-09 23:10:54,completed
9443f6f6-fd45-4f0a-8dc0-60a1057c7952,0b6477ca-2d63-4963-b21c-5f7cb48ca772,6222.63,2026-05-07 05:10:54,completed
c2a5cf53-aa26-4a12-9b24-5487bd484c22,0b6477ca-2d63-4963-b21c-5f7cb48ca772,7777.04,2026-05-16 22:10:54,completed
c3aa2059-175b-4763-ab9e-ce4e24a5d8de,0b6477ca-2d63-4963-b21c-5f7cb48ca772,6240.44,2026-04-17 03:10:54,completed
9d18db12-a182-4da1-b458-1c3cf1ec78a2,0b6477ca-2d63-4963-b21c-5f7cb48ca772,2959.35,2026-03-03 22:10:54,failed
5dccfa8a-f393-43ed-af9a-c377bfbbaad9,0b6477ca-2d63-4963-b21c-5f7cb48ca772,4898.41,2026-04-25 16:10:54,completed
50a56eac-69c7-47c5-8d31-bb58584aae2e,0b6477ca-2d63-4963-b21c-5f7cb48ca772,2190.85,2026-03-02 20:10:54,completed
742d17cc-44ff-4862-9f1f-f16b77cecaf0,0b6477ca-2d63-4963-b21c-5f7cb48ca772,756.34,2026-01-23 14:10:54,completed
1ae352ac-6b60-4964-bd0c-8309bedbacaf,0b6477ca-2d63-4963-b21c-5f7cb48ca772,368.55,2026-05-14 18:10:54,completed
af252497-9523-426d-b0bd-49a6ce0efd89,0b6477ca-2d63-4963-b21c-5f7cb48ca772,673.88,2026-03-27 10:10:54,completed
0e4c4539-b036-45e2-a041-1fb7e21cf425,0b6477ca-2d63-4963-b21c-5f7cb48ca772,1959.29,2026-01-23 13:10:54,completed
aca2f25d-d39e-4c19-94ea-411b1770a11d,0b6477ca-2d63-4963-b21c-5f7cb48ca772,6293.03,2026-03-04 18:10:54,completed
9fc6317d-12e2-44b6-96e4-1ea33cef22db,0b6477ca-2d63-4963-b21c-5f7cb48ca772,4550.86,2026-05-19 01:10:54,completed
1905dc9b-79d9-433a-91ea-c02a447cfbbe,0b6477ca-2d63-4963-b21c-5f7cb48ca772,2879.91,2026-05-06 13:10:54,completed
4d31a11a-a0f5-4a0d-a1ec-edfd239a0d2e,0b6477ca-2d63-4963-b21c-5f7cb48ca772,4339.41,2026-04-17 23:10:54,completed
95bdf70a-5f93-4808-829c-6288b16ced0f,0b6477ca-2d63-4963-b21c-5f7cb48ca772,3178.52,2026-04-09 06:10:54,completed
adb0c020-57f5-470c-a27e-164f8733369d,0b6477ca-2d63-4963-b21c-5f7cb48ca772,7001.05,2026-01-30 19:10:54,completed
dc7133e5-f174-4345-9354-5d660c3aa957,0b6477ca-2d63-4963-b21c-5f7cb48ca772,6319.27,2025-12-21 02:10:54,refunded
77367a8a-2959-446e-9c19-e7499dd8fecb,0b6477ca-2d63-4963-b21c-5f7cb48ca772,6292.8,2026-02-09 00:10:54,completed
d244f444-8ba2-48ec-a678-85b37bbf6f85,0b6477ca-2d63-4963-b21c-5f7cb48ca772,1887.68,2026-03-28 01:10:54,completed
81c6cded-8022-4e84-8de6-671bde0040b5,0b6477ca-2d63-4963-b21c-5f7cb48ca772,6777.15,2026-01-10 20:10:54,completed
28e8c7fc-9388-42f0-affd-368280c09f29,94932429-8fde-48c2-88b5-95c72b39a556,1020.13,2026-01-18 23:27:37,completed
ba8113ab-9c17-4f1a-9db2-ede0362e3729,70ad3a36-51d8-47f7-b98d-954f58bb7a8f,1381.46,2026-01-19 01:27:37,completed
c1736087-f5ce-4b8c-a582-52e31c3440c0,70ad3a36-51d8-47f7-b98d-954f58bb7a8f,645.25,2026-01-19 10:27:37,completed
b13884de-0b78-4079-8158-ee00699a5b52,70ad3a36-51d8-47f7-b98d-954f58bb7a8f,914.14,2026-01-20 03:27:37,completed
e60fca6a-8f4a-44b5-ace6-37e87ee8323f,e7f6bb8a-f6ec-41a9-93ed-c887c74c3478,1050.01,2026-01-18 18:27:37,completed
eff57afc-623a-42ea-8070-5940cc7de868,e7f6bb8a-f6ec-41a9-93ed-c887c74c3478,993.86,2026-01-19 08:27:37,completed
0d106f92-8685-44c4-a96b-4bccf112621d,e7f6bb8a-f6ec-41a9-93ed-c887c74c3478,1216.67,2026-01-20 18:27:37,completed
d1f60a95-6b43-4cfb-a734-417c1c627660,e7f6bb8a-f6ec-41a9-93ed-c887c74c3478,975.35,2026-01-25 15:27:37,completed
92006367-588d-43d7-ae74-7431754b29f6,91070348-d5a8-4aa4-a5ab-0af337019642,504.13,2026-01-18 21:27:37,completed
d5af02d8-0b59-4a9c-8da8-04483f3b45b7,c3c62a18-6a40-4f5a-91ad-511ebd9c7bec,1008.99,2026-01-18 22:27:37,completed
6ab31f2d-b0f4-4629-b5fc-4ddf3238ebb3,c3c62a18-6a40-4f5a-91ad-511ebd9c7bec,936.35,2026-01-20 08:27:37,completed
305c9a01-7d0a-496a-9408-901136ce29a7,c3c62a18-6a40-4f5a-91ad-511ebd9c7bec,1441.7,2026-01-19 00:27:37,completed
98489fcc-14d8-49f8-8609-4653761e0a06,9ce19ef7-e156-440f-a616-0ce00743aa5e,1424.84,2026-02-03 22:54:35,completed
0b2a2492-15d3-49d8-9bf0-8d66a9841965,9ce19ef7-e156-440f-a616-0ce00743aa5e,568.21,2026-02-04 06:54:35,completed
5d11291d-1a0c-4d31-9a63-94221dcce1a2,9ce19ef7-e156-440f-a616-0ce00743aa5e,1212.58,2026-02-06 20:54:35,failed
8730898c-e7bc-495e-bc9d-f6b6c687d9f9,9ce19ef7-e156-440f-a616-0ce00743aa5e,1270.26,2026-02-04 04:54:35,completed
049ff6ff-c159-45a6-9b8c-a96326198ba1,d8296c6d-8801-44c5-be3c-097013397023,579.39,2026-02-04 11:54:35,completed
f6d54e09-9245-4a1a-a5fb-94270ab12324,d8296c6d-8801-44c5-be3c-097013397023,1319.38,2026-02-05 01:54:35,completed
3cada890-9b67-4bb5-b3f6-48a7539f1ee3,d8296c6d-8801-44c5-be3c-097013397023,730.6,2026-02-08 11:54:35,completed
b23976d1-4718-41c1-8dcf-750b9ab56da4,d8296c6d-8801-44c5-be3c-097013397023,999.88,2026-02-05 14:54:35,completed
cc167bbc-bd64-49fc-b070-9fbe3c4bca5e,6faf3195-904a-4be1-a6b1-091308ec0219,568.97,2026-02-04 22:54:35,completed
d183a020-d343-4654-9fd8-42f0e150d4ca,6faf3195-904a-4be1-a6b1-091308ec0219,861.35,2026-02-05 10:54:35,failed
dff011dd-8755-4bf8-b41d-b3a9a3f9dbed,6faf3195-904a-4be1-a6b1-091308ec0219,1035.02,2026-02-06 00:54:35,completed
ed5b3432-3df5-4d86-ba38-904daeabce0c,b9bd5fde-c6cd-4edc-9f5d-d3993d1618b0,764.64,2026-02-04 19:54:35,completed
42cc15ad-8792-4e7c-9356-55d8bcbc1e7b,b9bd5fde-c6cd-4edc-9f5d-d3993d1618b0,1031.55,2026-02-05 02:54:35,completed
a87f9950-e8ee-43e3-b055-87edfec6e6da,b9bd5fde-c6cd-4edc-9f5d-d3993d1618b0,728.64,2026-02-05 07:54:35,completed
c1a68d56-ec4e-41b7-9fed-cfd75fda68c6,b9bd5fde-c6cd-4edc-9f5d-d3993d1618b0,865.32,2026-02-09 01:54:35,completed
e241a305-b7b2-4976-b91e-d8eb2a0b531a,c41bf8ca-2001-45fd-81cc-e9177002237b,1282.89,2026-02-04 12:54:35,completed
70a97dee-70b2-49e0-9bb9-a211a446aa67,c41bf8ca-2001-45fd-81cc-e9177002237b,738.46,2026-02-04 14:54:35,completed
d4b800f6-abe0-45d1-b24e-1fd356ea0da1,c41bf8ca-2001-45fd-81cc-e9177002237b,973.98,2026-02-07 02:54:35,completed
6fd9868f-29fd-44f6-8ef1-453160cb7827,c41bf8ca-2001-45fd-81cc-e9177002237b,532.69,2026-02-06 12:54:35,failed
28ded0b1-49f1-4a02-b2d7-5ea19e0aa2b3,95f42bfd-3298-4fee-9d5a-a6e2ee7ed188,1362.05,2026-02-04 02:54:35,completed
181bed70-62cc-4b24-84e4-f69890c0b2ae,95f42bfd-3298-4fee-9d5a-a6e2ee7ed188,764.0,2026-02-04 09:54:35,completed
a87b9c90-0ce5-4315-9281-e19d17da8e3e,95f42bfd-3298-4fee-9d5a-a6e2ee7ed188,1057.89,2026-02-07 14:54:35,completed
eeaace3c-c1cc-4bda-bd2c-e2eaab57ac49,0b35c267-39d0-431e-9f9e-b8a9a1034c4e,694.42,2025-10-27 10:10:40,completed
35d43f74-6484-4177-ba76-f894c9a15d8f,0b35c267-39d0-431e-9f9e-b8a9a1034c4e,1125.74,2025-10-27 18:10:40,completed
4ad07f49-b8e1-4cc8-9375-cb2307dc7aed,0b35c267-39d0-431e-9f9e-b8a9a1034c4e,1239.15,2025-10-31 08:10:40,completed
2b0291f9-b08a-4d2f-b642-0d860e888e58,5b1985d2-26fa-43d6-b8a1-462cc5f3e36a,1462.44,2025-10-27 10:19:40,completed
8304f958-287c-4447-bc4d-e36e8673fdf6,5b1985d2-26fa-43d6-b8a1-462cc5f3e36a,891.43,2025-10-29 23:19:40,completed
dc1ec6f9-b27d-4665-95bf-215bd5047cc2,5b1985d2-26fa-43d6-b8a1-462cc5f3e36a,1132.34,2025-10-29 04:19:40,completed
0d66a739-7283-42c2-ad3e-721bd6db5849,aedc6076-14be-4a73-afa0-5af435302056,520.79,2025-10-27 12:40:40,completed
fd3e6632-9c4a-4a7f-b917-6ed77ff34a14,a7c4aa63-485b-44d6-9080-083a2f8bfa55,1431.47,2025-10-27 17:42:40,completed
3cca8b24-de79-4577-a081-a7e5feb9171e,39d7962d-d49e-4588-9a7a-89c66551aea1,790.64,2025-10-27 08:06:40,failed
46513a28-6106-4329-a465-eb0d6279d797,39d7962d-d49e-4588-9a7a-89c66551aea1,810.61,2025-10-27 13:06:40,completed
a48253d7-265a-4de7-9ff4-306bd997627b,39d7962d-d49e-4588-9a7a-89c66551aea1,1201.02,2025-10-27 18:06:40,completed
597e9e94-3847-4060-87a2-0263faad27d3,39d7962d-d49e-4588-9a7a-89c66551aea1,460.05,2025-10-27 11:06:40,completed
5a8864d9-d0be-4b3d-8199-85bb8164a89b,9589cb9e-b590-42d0-85df-82ddeb00cde2,1119.45,2025-10-27 03:32:40,completed
858c0e9e-5e0a-4c9b-9d2f-9c08e99c2f4f,834d89db-b1dd-40ab-b130-d6f52862465c,1330.59,2025-10-27 08:46:40,completed
65e8b294-4886-4a4e-ad5d-7df620476b18,834d89db-b1dd-40ab-b130-d6f52862465c,611.84,2025-10-28 06:46:40,completed
6326f7ee-f3b1-4fe7-9ad9-42369d59f43d,834d89db-b1dd-40ab-b130-d6f52862465c,491.95,2025-10-30 18:46:40,completed
aff5176b-d7f2-4410-add9-291207345e71,07fbb353-00ef-4ade-9481-67434135e4fd,1445.85,2025-11-13 06:55:40,completed
16a86ada-f5ff-4788-a41a-7db7a288c781,ece4f6c7-79c3-4fa8-b1fd-a228b3597f76,1361.12,2025-11-12 21:33:40,completed
9ebc50f4-e288-473a-9820-5cd5d15d9ee5,ece4f6c7-79c3-4fa8-b1fd-a228b3597f76,981.0,2025-11-13 16:33:40,completed
5e299bae-fe1f-4fb2-b7a6-3962d1c8922c,6d1eda99-c919-47c6-ae33-1eb99547b904,1283.39,2025-11-13 04:27:40,completed
1980892e-1066-407b-922e-69a3a9f0834e,6d1eda99-c919-47c6-ae33-1eb99547b904,1344.48,2025-11-14 11:27:40,completed
2af89361-ee23-4a21-9a87-f742c7be9946,06ed0366-f725-4d9d-a9ee-6c13107831ef,825.97,2026-07-22 05:51:58,completed
d979588c-dceb-4996-9830-dee82723fd5e,06ed0366-f725-4d9d-a9ee-6c13107831ef,476.15,2026-07-23 04:51:58,completed
381f447a-ea82-4235-91d0-59b2553608e4,06ed0366-f725-4d9d-a9ee-6c13107831ef,420.24,2026-07-26 15:51:58,completed
c6a37b3f-b41a-468a-91c3-ebba9fec1e46,06ed0366-f725-4d9d-a9ee-6c13107831ef,916.0,2026-07-26 08:51:58,completed
7a13ce30-dff6-4d7a-bd0e-b33a0af7468d,428d5183-3729-4205-b054-a019bbe96c80,1083.89,2026-07-22 08:24:58,completed
ef13a9aa-b6cf-41db-a7ec-d70eecc8e9f0,428d5183-3729-4205-b054-a019bbe96c80,1495.86,2026-07-24 02:24:58,completed
523e048d-16cf-4f11-b56c-8d0462e21107,8e9e193b-f935-413b-b477-a71636f51664,1439.54,2026-07-22 09:47:58,completed
1eea7654-2b5f-4ab6-b53f-b3f662e5c953,8e9e193b-f935-413b-b477-a71636f51664,936.94,2026-07-23 01:47:58,completed
387f2386-9c6e-432e-93ad-ee874cee3ad5,e5c4663d-a78c-47b4-b43c-327855a93682,1237.21,2026-07-22 04:00:58,completed
930c0024-0b29-457d-b14b-edbf29377563,efd83ed5-cead-433c-9ccc-bf406e85f536,1318.82,2026-07-22 05:04:58,completed
14a94eda-43d0-4b61-bf19-b8fb41ba5ab8,efd83ed5-cead-433c-9ccc-bf406e85f536,419.54,2026-07-24 05:04:58,failed
7c8092a7-75b5-4722-b9a0-06ec08c37965,efd83ed5-cead-433c-9ccc-bf406e85f536,723.15,2026-07-23 11:04:58,completed
8f0f42f9-ee9c-426f-9cf7-879d2b6456a9,efd83ed5-cead-433c-9ccc-bf406e85f536,1315.77,2026-07-25 17:04:58,completed
e54a2e98-701a-4fae-9456-95ccb8e7f258,0ef5bddd-b741-4ea9-94fe-77a1d538d2d9,461.53,2026-07-22 05:30:58,completed
6e7879cc-0f69-4ecd-96c6-a4aab23e525c,0ef5bddd-b741-4ea9-94fe-77a1d538d2d9,638.28,2026-07-23 08:30:58,completed
7ff0da36-70e9-4e9d-8bc7-26aab2fa99b2,459a9ff0-1d87-4305-8b4f-6c1da9205f5f,502.44,2026-01-27 11:10:51,completed
7a410479-bca1-481d-a949-cfbd7a984c12,459a9ff0-1d87-4305-8b4f-6c1da9205f5f,1154.25,2026-01-29 23:10:51,completed
478ba5a3-0524-47e0-bd1b-26b3d199a768,459a9ff0-1d87-4305-8b4f-6c1da9205f5f,950.59,2026-01-30 15:10:51,failed
fd0268bb-ca00-4622-aeeb-73ca2a29624b,82fa3512-fb66-4cfd-9c29-c81f2cf9e491,1381.79,2026-02-01 14:10:51,completed
b1671c43-e8a6-45d0-952d-3ba0a24e93a5,ff9e5016-761f-485b-b795-ee5ad3fb9a62,1194.77,2026-02-01 21:10:51,completed
6c33af35-2098-4ee9-9925-d9645acb5c27,86938ae5-cdaa-4069-9876-675cc3c1ea55,1467.38,2026-01-28 19:10:51,completed
716c8759-2d38-42c2-849a-62135224789e,86938ae5-cdaa-4069-9876-675cc3c1ea55,776.51,2026-01-29 12:10:51,completed
d1025f85-719f-4e7a-9feb-dcf060192c80,86938ae5-cdaa-4069-9876-675cc3c1ea55,1146.18,2026-01-30 19:10:51,completed
0e82e7bd-fe8c-4ea7-91bb-2959cb31b2af,86938ae5-cdaa-4069-9876-675cc3c1ea55,1048.35,2026-02-02 22:10:51,completed
f30fe534-cefd-4e00-915e-8e4406963187,15c2f915-d146-4540-9688-29427f2370c5,653.52,2026-01-27 15:10:51,failed
580f30b0-2d84-4278-b6a1-a4e4a54b8638,15c2f915-d146-4540-9688-29427f2370c5,1265.01,2026-01-27 22:10:51,failed
a512085f-7b4f-4e27-811b-2b472faf42eb,15c2f915-d146-4540-9688-29427f2370c5,1014.22,2026-01-28 21:10:51,completed
cb1c6eb6-99ee-4501-870e-3e5d67134d7d,15c2f915-d146-4540-9688-29427f2370c5,1097.03,2026-01-29 00:10:51,completed
a07446d1-1d3a-4327-83a5-df70b03cea2a,83283944-e28e-4ee3-babe-5b262ba11723,1350.23,2026-01-29 04:10:51,completed
55ccc113-6223-45ea-b9d7-cbdade5fd639,75f39ae1-5fdf-449a-8a19-fae6e7026e51,411.02,2026-01-26 19:10:51,failed
51dea829-51ec-41ac-8dd2-9de4a90c7296,75f39ae1-5fdf-449a-8a19-fae6e7026e51,1085.04,2026-01-27 14:10:51,completed
771971df-5097-482f-8241-c853a9579c03,75f39ae1-5fdf-449a-8a19-fae6e7026e51,1167.09,2026-01-27 13:10:51,completed
07ed6b05-1624-4243-86ab-eaef35b593b0,3f0beea8-b132-4474-bcc5-1972e272e424,917.61,2026-02-11 06:49:32,completed
9659f406-7017-407a-be90-fa5f643a9bf0,3f0beea8-b132-4474-bcc5-1972e272e424,909.13,2026-02-11 21:49:32,completed
48042fef-074c-4297-aa0f-57b8e3674439,3f0beea8-b132-4474-bcc5-1972e272e424,642.4,2026-02-12 08:49:32,completed
0924d12b-91ae-43eb-a3c7-94d2ae8dced8,3f0beea8-b132-4474-bcc5-1972e272e424,624.97,2026-02-13 18:49:32,completed
726d0969-fe23-465a-bc95-5e4e595f6cc4,3f0beea8-b132-4474-bcc5-1972e272e424,875.7,2026-02-19 02:49:32,completed
a7d2fa32-fe4e-4643-8b7b-7bbd84c6993f,3f0beea8-b132-4474-bcc5-1972e272e424,1375.13,2026-02-13 13:49:32,completed
5619ab2f-9b12-449b-82f6-ac4b0b5050e3,fd46906d-f9a4-4a51-bb0f-e6ebef567ff9,758.68,2026-02-10 10:49:32,completed
6586caa8-c28c-473b-8f5d-053bb233a48f,fd46906d-f9a4-4a51-bb0f-e6ebef567ff9,1381.55,2026-02-11 11:49:32,completed
4bdebed4-70c0-44b8-be00-8d06fe3e695d,fd46906d-f9a4-4a51-bb0f-e6ebef567ff9,605.9,2026-02-14 04:49:32,completed
f08456c9-0533-407f-b36b-76326bdd11ef,fd46906d-f9a4-4a51-bb0f-e6ebef567ff9,608.2,2026-02-14 07:49:32,completed
df3e992f-d155-4a16-897b-5c9b2c50f168,fd46906d-f9a4-4a51-bb0f-e6ebef567ff9,1227.94,2026-02-12 22:49:32,completed
ce64bff8-1591-4b12-9554-e312b6c37fcd,fd46906d-f9a4-4a51-bb0f-e6ebef567ff9,1196.34,2026-02-17 02:49:32,completed
23787ba8-9097-43b9-87e7-4d395225d527,fd46906d-f9a4-4a51-bb0f-e6ebef567ff9,546.28,2026-02-15 04:49:32,completed
56cb7fef-1da3-40c0-b844-b1e589b006cb,06ebf9ec-e90b-4468-ae4f-41141d26d5c2,1469.16,2026-02-11 09:49:32,completed
ba9003f1-4885-4c8c-b4f7-0fe126f8efd8,06ebf9ec-e90b-4468-ae4f-41141d26d5c2,807.1,2026-02-12 17:49:32,failed
272a1364-f264-4b41-8547-026ea68f343f,06ebf9ec-e90b-4468-ae4f-41141d26d5c2,426.9,2026-02-12 05:49:32,completed
11214688-3934-4955-8104-cdd83f45d145,06ebf9ec-e90b-4468-ae4f-41141d26d5c2,1361.85,2026-02-14 12:49:32,completed
2851a957-f714-423f-b4a0-f1429eb8e821,06ebf9ec-e90b-4468-ae4f-41141d26d5c2,817.7,2026-02-16 01:49:32,completed
63243311-a53c-4211-94d3-c8f4721b1e44,42d191e8-7578-46d7-9bcb-633b368b69e3,1485.97,2026-02-12 08:49:32,completed
5386b6d9-5ed9-44d2-ae54-0efa7fc48484,42d191e8-7578-46d7-9bcb-633b368b69e3,434.13,2026-02-13 23:49:32,failed
70d1d542-5dc8-406a-8957-ab2829d57a95,42d191e8-7578-46d7-9bcb-633b368b69e3,956.47,2026-02-17 20:49:32,completed
513b3bfa-8fbd-4815-a702-908569a08d4e,42d191e8-7578-46d7-9bcb-633b368b69e3,1277.9,2026-02-17 05:49:32,completed
e81962bf-d07a-4b17-a85e-2e26706d4479,42d191e8-7578-46d7-9bcb-633b368b69e3,1124.86,2026-02-21 04:49:32,completed
b15cfb99-c3e1-42f6-b363-56d2920ea2e8,42d191e8-7578-46d7-9bcb-633b368b69e3,1329.54,2026-02-16 12:49:32,completed
b73b5484-1ff8-4681-9dc1-c9d526770981,42d191e8-7578-46d7-9bcb-633b368b69e3,1287.08,2026-02-22 14:49:32,completed
edfa2ad9-b548-4c77-a330-1d8101f5217f,a68afe09-8425-49c4-b54b-01a76df33bf8,413.23,2026-02-10 08:49:32,completed
3280ced4-21b9-463e-a955-76d412340389,a68afe09-8425-49c4-b54b-01a76df33bf8,848.63,2026-02-11 14:49:32,completed
e27d77f1-749f-43b7-98bb-5efea57c755f,a68afe09-8425-49c4-b54b-01a76df33bf8,1022.36,2026-02-12 06:49:32,completed
ac4c247c-4b74-4320-b213-aedcd5410713,a68afe09-8425-49c4-b54b-01a76df33bf8,482.69,2026-02-10 23:49:32,failed
5d281d1d-7fdf-46ed-848d-fd37533dc9c5,a68afe09-8425-49c4-b54b-01a76df33bf8,1407.41,2026-02-20 08:49:32,completed
73ed86c4-6df4-487a-8762-ba66467006a2,a68afe09-8425-49c4-b54b-01a76df33bf8,1058.71,2026-02-20 13:49:32,completed
53694ddf-0a2d-4db0-aaf9-f75e0f592f00,96c8ae28-0816-4d79-8af7-ae046700df65,554.98,2026-02-10 08:49:32,completed
122cf743-18c1-4aed-b087-2e052ee3050a,96c8ae28-0816-4d79-8af7-ae046700df65,416.18,2026-02-11 22:49:32,completed
e2c6a7b8-2f1f-4202-8964-82a5bdcaf952,96c8ae28-0816-4d79-8af7-ae046700df65,1274.49,2026-02-13 00:49:32,completed
9c45922a-fe69-49e3-b8fd-841e6cd9eb81,96c8ae28-0816-4d79-8af7-ae046700df65,1097.37,2026-02-10 14:49:32,completed
212e86ee-f130-4291-976a-de0ffb8a5853,96c8ae28-0816-4d79-8af7-ae046700df65,1231.16,2026-02-15 16:49:32,completed
88fa55f3-72ff-4669-8e52-b9c4208d0ea0,96c8ae28-0816-4d79-8af7-ae046700df65,821.65,2026-02-15 03:49:32,completed
c42685ed-15ec-42d5-a151-dd2f9705e75e,96c8ae28-0816-4d79-8af7-ae046700df65,981.57,2026-02-11 20:49:32,completed
41505b32-9816-4918-86c2-18fb8b169af0,7946631f-e931-4ace-b6da-bad8b0b9d39d,500.94,2026-02-12 12:49:32,completed
7dfdc8f4-a806-45c6-a06d-36bff4f5addf,7946631f-e931-4ace-b6da-bad8b0b9d39d,591.86,2026-02-13 05:49:32,completed
c79466a7-3289-4df8-814e-14d0ea76a995,7946631f-e931-4ace-b6da-bad8b0b9d39d,1470.52,2026-02-15 22:49:32,completed
7690ec94-c77b-4d10-9f3e-6ecc8d183c56,7946631f-e931-4ace-b6da-bad8b0b9d39d,1128.58,2026-02-17 03:49:32,completed
36c29b52-075c-4d46-95ff-de70fa6ec8f3,d38ce379-5e66-4e66-9f75-7a60ad542870,915.88,2026-01-13 08:00:13,completed
40aeac69-0213-485a-a412-946cdb4b87ab,d38ce379-5e66-4e66-9f75-7a60ad542870,1187.57,2026-01-14 16:00:13,completed
d9400e5a-44fd-45b3-a51b-fd4c6719123f,d38ce379-5e66-4e66-9f75-7a60ad542870,1456.84,2026-01-14 00:00:13,completed
ba186274-490d-451b-8646-93cdf743fee4,89bc37fd-504f-47b1-98ad-d2be3f83a76f,1184.74,2026-01-15 19:00:13,completed
66509978-0989-4081-80c9-04af2cf567d8,89bc37fd-504f-47b1-98ad-d2be3f83a76f,825.09,2026-01-16 04:00:13,completed
0a743802-e8b5-4383-884a-f7dc8fac2e07,89bc37fd-504f-47b1-98ad-d2be3f83a76f,462.99,2026-01-17 17:00:13,failed
1af60e49-13de-4e83-95d6-17b1a064d1d6,89bc37fd-504f-47b1-98ad-d2be3f83a76f,938.25,2026-01-19 16:00:13,completed
83a1c52f-5b75-435e-b255-0d22561b6e8d,8b0865f3-cdfc-45d9-8e6e-426e387749c7,943.32,2026-01-14 21:00:13,completed
539b5ba1-921e-490a-88b7-6c01660b8a52,8b0865f3-cdfc-45d9-8e6e-426e387749c7,986.37,2026-01-16 09:00:13,completed
83404342-7e6f-4f6e-89a8-9b00e533cf63,8b0865f3-cdfc-45d9-8e6e-426e387749c7,1342.74,2026-01-15 07:00:13,completed
52aab4dd-bbb0-4e95-a606-8b52f14cddf0,63558862-9f1a-4272-83f7-8975d8a7ef2f,1008.56,2026-01-15 12:00:13,completed
f1471db6-d5ba-4d4a-9dce-a3913716e398,63558862-9f1a-4272-83f7-8975d8a7ef2f,1427.6,2026-01-15 13:00:13,completed
428c0a8f-5e64-4a1b-9c28-f9ac42cda87a,2b349cdb-5eff-4784-ac91-c1973cd8433a,836.65,2026-01-15 05:00:13,failed
b2e28915-9f81-4625-9920-d22f0c1cd7cd,2b349cdb-5eff-4784-ac91-c1973cd8433a,1117.58,2026-01-16 08:00:13,completed
f47ac636-b3bb-4b85-8366-7a5ad5b57bcb,2b349cdb-5eff-4784-ac91-c1973cd8433a,432.89,2026-01-18 13:00:13,failed
e86fe1b6-03dd-4a8d-a18f-e26ed6f6689c,2b349cdb-5eff-4784-ac91-c1973cd8433a,1331.98,2026-01-20 11:00:13,completed
56ad7279-4c36-41be-9ad5-3c342bb73ab8,eb428500-2cdd-4503-a1df-3b5183698047,1158.88,2026-04-03 08:35:12,completed
ff544093-97f3-4c8b-8b8b-ee740fd6c748,3d18c0f4-e1eb-4900-9921-dc1f379190bc,523.24,2026-04-03 06:13:12,completed
906ac66e-322d-454e-85c4-85e5c9662118,3d18c0f4-e1eb-4900-9921-dc1f379190bc,475.06,2026-04-03 17:13:12,completed
4349a212-6726-47b8-b356-b803c0207306,b77dfcb9-3747-49b4-89c6-36fe94769ae4,439.05,2026-04-03 11:42:12,completed
c733ee6e-7948-4eb4-a2aa-322429c8c6ad,b77dfcb9-3747-49b4-89c6-36fe94769ae4,771.72,2026-04-04 11:42:12,completed
40ed6651-6673-4056-a556-8eeecf657da0,b77dfcb9-3747-49b4-89c6-36fe94769ae4,887.44,2026-04-05 15:42:12,completed
82dd68cf-e48e-43fb-8850-0c67250a0fb2,66ac42e3-d0b9-4d4f-a00b-452a8c468037,502.7,2026-04-03 08:44:12,completed
d0025b26-f958-449a-b7b8-49d2ae1202dd,66ac42e3-d0b9-4d4f-a00b-452a8c468037,856.36,2026-04-04 07:44:12,completed
79b30c87-9e02-4273-98a6-89cc4bff3d99,4586ac71-774f-452c-970e-4bf8f3394189,1478.33,2026-04-03 06:41:12,completed
b5dae17e-56fe-4c70-9a18-d5135414683b,04dc87a1-62d7-42f9-ba5d-55ee79aaac43,1326.35,2026-05-30 15:55:29,completed
e0678146-6967-4aaa-a6d2-faa7e2050bd9,04dc87a1-62d7-42f9-ba5d-55ee79aaac43,827.36,2026-06-01 20:55:29,completed
cb4c9503-162c-4489-be7d-2c023df925ab,04dc87a1-62d7-42f9-ba5d-55ee79aaac43,516.11,2026-06-01 21:55:29,completed
c1beac42-f27e-444f-93d7-7a77a4c234f7,937da36f-ead9-4df4-b5ab-271aac364a7a,1475.29,2026-06-06 04:55:29,completed
15bb40de-857b-4815-aadf-b89a30f2a4a0,937da36f-ead9-4df4-b5ab-271aac364a7a,846.56,2026-06-07 15:55:29,completed
a5a26d76-5b58-484d-a7f9-3cdf54a329e4,dced1f3d-e561-4e98-a78e-853de561a549,531.98,2026-06-06 09:55:29,completed
a0b8dfcf-fae7-46a1-b03f-426b4f7f2e42,dced1f3d-e561-4e98-a78e-853de561a549,1393.97,2026-06-08 15:55:29,completed
ed5e3874-7735-484d-b9d9-1a48a65d799d,dced1f3d-e561-4e98-a78e-853de561a549,503.56,2026-06-08 19:55:29,completed
e5ec94cd-b778-4cc4-a8f4-8d2cfc606f0d,dced1f3d-e561-4e98-a78e-853de561a549,1398.22,2026-06-07 21:55:29,completed
61792547-aac9-4428-8a72-33da041893f7,809e0bb9-cc8d-4e13-a4bc-afc70aa9a917,1357.43,2026-06-01 23:55:29,completed
4264d0c5-ae7a-4853-84c2-db63d9d3e6ec,809e0bb9-cc8d-4e13-a4bc-afc70aa9a917,411.17,2026-06-03 15:55:29,completed
705c585e-d523-41ab-8df0-e146ee601564,809e0bb9-cc8d-4e13-a4bc-afc70aa9a917,1476.99,2026-06-03 19:55:29,completed
255d5719-973d-4ca9-9b16-9a1500cec7f0,809e0bb9-cc8d-4e13-a4bc-afc70aa9a917,1140.99,2026-06-02 05:55:29,completed
7f6a94c8-075b-4615-a2f4-c9c3fae9b7e7,bdc01659-8740-4928-bd68-d422128118e1,1194.84,2026-06-04 12:55:29,completed
49bbf842-13d4-4d59-979f-61f42f44d778,bdc01659-8740-4928-bd68-d422128118e1,1040.25,2026-06-06 10:55:29,completed
8b8bd060-6ad1-4fa6-b2e9-a5818c87f295,bdc01659-8740-4928-bd68-d422128118e1,726.25,2026-06-05 18:55:29,failed
f430cdfc-b9d3-41b4-8449-6745fc487534,a184964c-511f-4f62-9528-2e4b848a24b9,565.96,2025-11-07 14:52:54,completed
8d5bfcb3-2260-4bbb-857a-be16fffc7dd8,a184964c-511f-4f62-9528-2e4b848a24b9,465.17,2025-11-07 14:52:54,completed
e180ab94-e812-4274-be38-dc2385254979,a184964c-511f-4f62-9528-2e4b848a24b9,755.3,2025-11-08 04:52:54,completed
d5c5ac1d-a126-499f-b417-7a7a28d5281a,88be714b-76d7-47c1-aadf-095c87e4f562,605.38,2025-10-30 13:52:54,completed
eda14e14-b0b9-46d3-803e-684133978d75,88be714b-76d7-47c1-aadf-095c87e4f562,940.97,2025-10-31 20:52:54,completed
872f9f29-1a81-4db5-8f28-d53d062a35a0,88be714b-76d7-47c1-aadf-095c87e4f562,1475.59,2025-10-30 15:52:54,completed
8662fc54-725e-4c35-ae9f-a4002f625629,4a521948-151a-41ce-a1a3-8a087be08428,606.72,2025-11-04 17:52:54,completed
9f7554fb-eef0-45de-95d0-6b3062dd68d8,4a521948-151a-41ce-a1a3-8a087be08428,1394.19,2025-11-06 18:52:54,completed
faf9e105-e915-4625-aaf3-a9bc11158b01,4a521948-151a-41ce-a1a3-8a087be08428,1116.9,2025-11-06 15:52:54,completed
ae374786-253a-458c-927c-b35b6c5d5bbd,ed343da7-4d77-46b0-b207-9705b82b3164,713.38,2025-11-04 11:52:54,completed
b24ee543-6e9e-432a-ac1e-54c91563fcbe,ed343da7-4d77-46b0-b207-9705b82b3164,813.63,2025-11-05 23:52:54,completed
a4d17f80-b6cd-4ffd-8243-3689891a4c53,cdb995f2-ee37-445a-b8ae-76ed80ed0171,1413.86,2025-11-04 22:52:54,completed
8f13e251-102e-403e-b6ab-a2fda270b16b,cdb995f2-ee37-445a-b8ae-76ed80ed0171,1374.27,2025-11-05 23:52:54,completed
41117417-6d33-4b9f-a3e4-b81af89eb1dd,d714b952-81c8-4c02-b6f4-cd6b5dcebec0,1038.14,2025-11-08 18:52:54,failed
2ba0cfe0-2e90-4e16-a0f5-3a3c32b846f1,d714b952-81c8-4c02-b6f4-cd6b5dcebec0,558.68,2025-11-09 05:52:54,completed
1d8ba569-970f-4603-9d5f-ecdf59e2a3da,4e454147-3f60-41ae-9cc3-aa591fe9ba83,754.57,2025-11-03 21:52:54,completed
ff78fb4f-9bd0-403f-9416-fe8955591f08,4e454147-3f60-41ae-9cc3-aa591fe9ba83,1139.84,2025-11-03 21:52:54,completed
a33948a1-858b-403b-a007-1b6c4565d07c,4e454147-3f60-41ae-9cc3-aa591fe9ba83,990.39,2025-11-05 17:52:54,completed
539e7bf9-ac07-4a98-adb4-111c109f0886,e55ce8b1-3ae6-434c-92a2-dc1e0b2c1b31,910.31,2026-07-12 15:17:37,completed
82212c21-7301-463f-b2f4-f6cd982d18ad,5c06b567-1771-4e3f-8c44-232562d103f3,419.12,2026-07-09 00:17:37,completed
97442838-bc39-40fa-aeb6-cd17f043bc82,eab0f714-1385-41ca-a4f7-2ee1b3d676fe,722.56,2026-07-11 03:17:37,completed
75ace99c-34cf-469a-ab8b-e049b3be187b,eab0f714-1385-41ca-a4f7-2ee1b3d676fe,426.95,2026-07-11 19:17:37,completed
b41e6fcc-373e-45e4-9861-de7e22c9ea0f,eab0f714-1385-41ca-a4f7-2ee1b3d676fe,900.06,2026-07-12 01:17:37,completed
3a3a3a3b-c626-4496-9a65-f837e60e4db9,eab0f714-1385-41ca-a4f7-2ee1b3d676fe,528.09,2026-07-12 21:17:37,completed
9eee597f-b98a-4753-b14f-840a57a86da2,bc922e24-56e0-4018-b23f-4d27dd5a90b3,1059.41,2026-07-10 22:17:37,completed
0cf7acaa-4a5b-461c-a4ca-183dfe4fed3e,bc922e24-56e0-4018-b23f-4d27dd5a90b3,849.83,2026-07-11 09:17:37,completed
d4732703-0b12-443c-b55c-4d489d008239,bc922e24-56e0-4018-b23f-4d27dd5a90b3,1442.55,2026-07-12 18:17:37,completed
e8889b8c-f168-439f-8657-aed66dfc552a,0a27eacb-74a5-466a-8b17-ed031579f5d3,849.98,2026-07-05 23:17:37,failed
2f033a7b-eae1-4063-b3ec-9c32be6601ac,ae6ea6b8-0010-4682-a36b-e7b2b465fca0,610.31,2026-07-10 01:17:37,completed
fbb381a0-d648-4586-8f28-404f319d5775,0e11aae5-5ecc-4597-8b6d-6f4b1d00b41f,888.35,2026-07-11 05:17:37,completed
20a2e90c-4c14-41b4-90fb-e0b281ff2f5f,0e11aae5-5ecc-4597-8b6d-6f4b1d00b41f,874.6,2026-07-12 02:17:37,completed
ea3435d3-bd2d-43b9-815a-63c42d0f6bc6,b2c14795-f948-446d-bc93-5498beeaf674,531.25,2025-11-02 14:56:43,completed
520d130e-121a-4431-a38f-88071ef8f92c,b2c14795-f948-446d-bc93-5498beeaf674,519.52,2025-11-03 13:56:43,completed
d62a0092-72ed-456e-842c-d9d37a108bfd,9d110f90-f4ed-4664-bc5b-97c32c35bcc7,907.39,2025-10-28 19:56:43,completed
9ee31476-e8ad-408d-97ab-e11392db06b2,9d110f90-f4ed-4664-bc5b-97c32c35bcc7,708.63,2025-10-29 13:56:43,completed
84a1d5f9-811c-401e-b6a5-bd4163fdeddc,9d110f90-f4ed-4664-bc5b-97c32c35bcc7,735.85,2025-10-31 05:56:43,completed
07188cd1-dbcd-4c5e-842e-5b104790783e,9d110f90-f4ed-4664-bc5b-97c32c35bcc7,836.07,2025-10-29 16:56:43,completed
8a4aae70-83bb-410e-8d1d-6e71c47ee63c,a57d5f98-c89c-49a9-86f4-44743c7a7f37,1198.77,2025-11-01 11:56:43,completed
840f1126-82a0-4faf-9e5c-56343244ce96,a57d5f98-c89c-49a9-86f4-44743c7a7f37,645.95,2025-11-03 05:56:43,completed
b0bcf326-3d07-4f58-8af7-f25b22743169,eeba0b19-a8f5-4415-bc16-f7debdd9e861,514.45,2025-12-21 10:43:17,completed
a6a0ae0f-b822-458a-8842-f62e15e0719e,eeba0b19-a8f5-4415-bc16-f7debdd9e861,451.96,2025-12-22 00:43:17,completed
8689a40a-deab-4665-9651-372fdb10a8cb,eeba0b19-a8f5-4415-bc16-f7debdd9e861,1082.9,2025-12-23 08:43:17,completed
c0265c68-3dac-4cb2-af8f-fddd9cc32fd4,6450e85f-6dda-4f11-a267-32db46086767,1187.16,2025-12-21 07:43:17,completed
e910ec59-a1d2-48bc-a173-215553bd6680,6450e85f-6dda-4f11-a267-32db46086767,688.53,2025-12-21 17:43:17,completed
e23f5a78-1b80-4965-a468-6dd7bd60143b,38ba282b-6a50-4411-b6ce-c5fd0f04d28f,621.78,2025-12-21 07:43:17,completed
3b90e482-1c1a-48ca-b9e0-47600f51cbaa,38ba282b-6a50-4411-b6ce-c5fd0f04d28f,608.98,2025-12-21 22:43:17,completed
df1edfae-1495-4a33-b4f3-4a2a480502dd,38ba282b-6a50-4411-b6ce-c5fd0f04d28f,1218.87,2025-12-22 03:43:17,completed
0cc7821a-2c99-4e02-a718-ee0408a13fa2,38ba282b-6a50-4411-b6ce-c5fd0f04d28f,1253.85,2025-12-22 16:43:17,completed
d8035733-652d-4919-9cf6-6f976a13cb28,bb602079-b17d-4df6-b0fb-e5512d8fb22e,1037.6,2026-07-26 03:24:44,completed
8e4ecd47-1f14-40ed-bbea-0e31d86564be,4d6d130c-2b63-49ee-8481-5acfa4a74992,837.28,2026-07-25 23:17:44,completed
06580310-bbcd-4a6a-a04d-2c86711955a5,4d6d130c-2b63-49ee-8481-5acfa4a74992,742.0,2026-07-26 03:17:44,completed
75131b02-f264-46cb-baa5-2b66bd723c56,34513cfb-e2b2-47fc-8882-df12eec028bd,740.75,2026-07-26 01:13:44,completed
c6d82b5e-9407-4d89-a801-87264dd75a84,34513cfb-e2b2-47fc-8882-df12eec028bd,1154.28,2026-07-26 21:13:44,completed
ed4db19d-0467-494c-855a-247f420503b7,34513cfb-e2b2-47fc-8882-df12eec028bd,673.0,2026-07-26 05:13:44,completed
89407875-ad71-418c-9fa0-e49357b0da85,34513cfb-e2b2-47fc-8882-df12eec028bd,961.8,2026-07-30 01:13:44,completed
35f8ab0f-e308-4802-99c2-ea06350d5c1b,da523041-6c03-4058-a63f-259727e8db16,1097.62,2026-07-26 09:31:44,completed
7bba78da-5b8a-4ee9-95c8-0c43b19b531a,da523041-6c03-4058-a63f-259727e8db16,1462.1,2026-07-26 14:31:44,completed
10eda06f-7a78-40f1-8283-934649084e4f,5de83c76-ee11-4f35-8e16-8ff8116fef25,1052.92,2025-09-04 00:29:26,completed
2277a3ad-8e20-49b9-b27c-e6e4813de59c,013a54e3-acae-4bcd-a6eb-354f65592fa3,447.01,2025-09-04 13:00:26,completed
7f8f718d-e9db-4fd0-bbb7-758e71fbafaa,013a54e3-acae-4bcd-a6eb-354f65592fa3,1345.79,2025-09-05 15:00:26,completed
7fa99f94-24c2-4cea-8ad6-ebece687cae1,95893820-5d10-49d5-a240-0f80aac92112,827.68,2025-09-04 12:02:26,completed
1ae2cc23-9b72-42c4-8ac4-685e7ba66ca4,95893820-5d10-49d5-a240-0f80aac92112,940.33,2025-09-04 17:02:26,completed
6c44c06a-e1e1-4c56-b469-c0574531a2f2,1347fc8b-262a-41e8-81a6-50cda3550723,400.96,2025-09-04 15:42:26,completed
85b8aac7-f81f-4e9f-b7dc-31c64a9aa368,4db1075a-f402-489c-b326-332118fbf405,861.81,2025-09-03 17:20:26,completed
e3c95983-bacc-46b6-af4a-63e225cb35b7,4db1075a-f402-489c-b326-332118fbf405,604.4,2025-09-04 16:20:26,completed
afb11a2e-3c66-4ce5-9860-29858997df77,d7819630-5371-4fb0-8772-dbea271bdfdd,1283.28,2025-09-04 05:16:26,completed
d5266a99-f85e-4fa4-ad96-d340f7a006fb,d7819630-5371-4fb0-8772-dbea271bdfdd,1173.85,2025-09-05 08:16:26,completed
efe1e79f-e160-456d-96b8-99cf9cf28f87,d7819630-5371-4fb0-8772-dbea271bdfdd,765.01,2025-09-05 09:16:26,completed
24458bc4-a738-43d4-9fef-4e8a4176249d,d7819630-5371-4fb0-8772-dbea271bdfdd,1040.34,2025-09-05 23:16:26,completed
14eb1ec8-5c6c-42b1-bc05-92fadfa8314b,590528b2-67e1-48b4-9468-37acbd30fcd9,977.04,2025-11-02 12:15:32,completed
ca9cc718-ce7d-4ef5-b924-5b96b2a3d846,590528b2-67e1-48b4-9468-37acbd30fcd9,955.61,2025-11-04 13:15:32,completed
3da76956-3e1f-4c75-ae2d-6c5c92364eeb,590528b2-67e1-48b4-9468-37acbd30fcd9,964.37,2025-11-06 18:15:32,completed
90d2dd1f-4807-44bc-9188-9c4d95c530ea,590528b2-67e1-48b4-9468-37acbd30fcd9,1022.13,2025-11-05 06:15:32,completed
39c31165-05ca-4016-baee-bd17bbc95fe0,590528b2-67e1-48b4-9468-37acbd30fcd9,710.25,2025-11-11 16:15:32,completed
e6ec90e7-0c60-453d-87aa-da95c6c31da0,590528b2-67e1-48b4-9468-37acbd30fcd9,1331.96,2025-11-04 14:15:32,completed
9ec2a7fd-1f70-49e2-ab9b-c0d090bb675a,590528b2-67e1-48b4-9468-37acbd30fcd9,1293.21,2025-11-03 00:15:32,completed
73a950f1-b0b0-481f-9d90-774a2801737a,60169a4e-9a09-4c27-96c3-da612ad2b6a7,1458.79,2025-11-02 13:15:32,completed
65176646-6700-4081-9580-274be9c30bd2,60169a4e-9a09-4c27-96c3-da612ad2b6a7,720.93,2025-11-03 08:15:32,completed
4484305a-cdb2-4f74-82a9-2a68a497765c,60169a4e-9a09-4c27-96c3-da612ad2b6a7,434.04,2025-11-06 15:15:32,completed
b6722890-b22f-4c6f-bdd5-870694090ce5,60169a4e-9a09-4c27-96c3-da612ad2b6a7,1072.04,2025-11-03 19:15:32,completed
d3c173ee-4b3a-4305-967f-611e6490b5c3,5615f425-790e-463b-b968-883ce915967e,976.41,2025-11-01 09:15:32,completed
690ad644-75d5-450c-891f-01513825ef50,5615f425-790e-463b-b968-883ce915967e,1409.74,2025-11-01 16:15:32,completed
0e925b0c-ac2a-4d0c-a990-291e25bee296,5615f425-790e-463b-b968-883ce915967e,627.68,2025-11-04 23:15:32,completed
c11a4931-3893-4124-89dd-3f715a61304e,5615f425-790e-463b-b968-883ce915967e,734.39,2025-11-04 12:15:32,completed
5cb69267-db04-4f72-bec6-383f1e446744,5615f425-790e-463b-b968-883ce915967e,599.77,2025-11-08 01:15:32,completed
0684a682-4481-4451-94bd-f3f96ee479c0,5615f425-790e-463b-b968-883ce915967e,893.14,2025-11-02 15:15:32,completed
b4937b4a-7d36-425e-8a95-532e5192219b,5615f425-790e-463b-b968-883ce915967e,1098.06,2025-11-07 09:15:32,completed
f83f66df-ad26-4ea6-8beb-bae51f1a27db,236d7b55-f3ee-4aee-9f89-b94625243686,1358.59,2025-11-01 06:15:32,completed
230dd78d-944a-44e8-b968-aafa9a815dd2,236d7b55-f3ee-4aee-9f89-b94625243686,1088.11,2025-11-02 02:15:32,completed
953989bb-a2c0-4a8f-9f75-15ae5a77b8fb,236d7b55-f3ee-4aee-9f89-b94625243686,407.29,2025-11-02 04:15:32,completed
6d957b5f-32b2-45c8-98ca-21fb7981d18d,236d7b55-f3ee-4aee-9f89-b94625243686,848.82,2025-11-06 03:15:32,completed
ba56b306-559e-4c32-bbf2-d61941b89cb1,236d7b55-f3ee-4aee-9f89-b94625243686,613.05,2025-11-11 02:15:32,completed
444be2a8-5703-4433-9c03-c81984cf3501,236d7b55-f3ee-4aee-9f89-b94625243686,580.98,2025-11-05 20:15:32,completed
803d52cc-9809-4751-941a-5fb9267dddaf,236d7b55-f3ee-4aee-9f89-b94625243686,1048.86,2025-11-06 12:15:32,completed
fa0a9432-7b11-44a2-8dd7-8b0030202e4d,fa319469-3f7f-42a0-80dd-0f7c43ba5c27,1298.57,2025-11-02 10:15:32,completed
4c2a1a40-2cb6-477e-8c35-db56ac19e699,fa319469-3f7f-42a0-80dd-0f7c43ba5c27,1271.3,2025-11-03 10:15:32,completed
4f89d187-6f17-4636-9765-30197563f29e,fa319469-3f7f-42a0-80dd-0f7c43ba5c27,1252.3,2025-11-02 12:15:32,completed
0d3393ea-f712-4d0e-9450-0d0a5a8619f5,fa319469-3f7f-42a0-80dd-0f7c43ba5c27,977.38,2025-11-02 13:15:32,completed
94d957db-fb4d-45a3-9643-3fbfafbdfdbf,fa319469-3f7f-42a0-80dd-0f7c43ba5c27,1447.86,2025-11-07 22:15:32,completed
1788e7f3-8aef-498b-b4e4-d10cf9430d37,84ee61e3-22ce-466d-a4db-40f3cbb4fcf2,969.28,2025-11-02 07:15:32,completed
cf8c55d3-3587-4683-b7cf-98a88af98662,84ee61e3-22ce-466d-a4db-40f3cbb4fcf2,860.94,2025-11-02 12:15:32,failed
4819275e-dac1-46bd-ab5a-df8d24f826e7,84ee61e3-22ce-466d-a4db-40f3cbb4fcf2,686.11,2025-11-04 01:15:32,completed
ce6f65f9-e5d1-4a6b-9484-2d84c1db8206,84ee61e3-22ce-466d-a4db-40f3cbb4fcf2,1367.82,2025-11-07 13:15:32,completed
7753acac-4343-43d7-a3a7-f5c6f007838e,2de27890-91b5-40c2-9898-4668d5961815,1259.81,2025-12-07 11:04:00,completed
d9547625-6291-4da9-b0a0-10d0b2bbc628,396aa41c-c7c3-40e1-adde-b7d60461d96c,1104.7,2025-12-07 11:12:00,failed
20316582-60db-4ad4-aa2f-a162df3fcee2,396aa41c-c7c3-40e1-adde-b7d60461d96c,1472.73,2025-12-08 09:12:00,completed
8e19c662-a49d-4480-9fd8-c9dcac5d1181,396aa41c-c7c3-40e1-adde-b7d60461d96c,1461.4,2025-12-07 21:12:00,completed
a5bd758d-ac17-43ad-a0db-05dab53bad06,396aa41c-c7c3-40e1-adde-b7d60461d96c,931.6,2025-12-08 02:12:00,completed
fe7977e7-e3a7-41d1-b0e6-3695d032a086,0fbe67d8-3579-4736-be6d-952bbb3c72f7,1217.72,2025-12-07 18:03:00,completed
6f27cff5-927c-448c-a9f8-c8fdaf84b614,0fbe67d8-3579-4736-be6d-952bbb3c72f7,927.38,2025-12-08 00:03:00,completed
66d77230-e065-4a8a-9e63-94eb93e535dc,0fbe67d8-3579-4736-be6d-952bbb3c72f7,1257.41,2025-12-10 16:03:00,completed
db1c0f51-d629-401a-b222-32397f138812,5c4d3c83-dd2d-483c-a120-381aa92799d4,690.37,2025-12-07 07:16:00,completed
38c1080e-d23d-4dfe-a145-5e5f5503a8ef,5c4d3c83-dd2d-483c-a120-381aa92799d4,1156.52,2025-12-07 18:16:00,completed
eb8e23ae-1e05-4189-9d02-cc15c3856329,ddb3c348-3ab2-480c-be5b-207c4c83d5f8,1028.57,2025-12-07 15:27:00,completed
38787794-b62e-4575-9a47-c2300e689ef7,ddb3c348-3ab2-480c-be5b-207c4c83d5f8,696.49,2025-12-08 09:27:00,completed
69c20afb-cf63-42e4-a41a-1e2e174503c3,b1eb3ca9-93ea-4feb-9a58-3377dd2c3708,926.82,2025-12-07 19:55:00,completed
1727ea29-ba60-414f-8c03-acb2ce260f8f,b1eb3ca9-93ea-4feb-9a58-3377dd2c3708,726.72,2025-12-09 23:55:00,completed
fac7932a-72aa-4e4d-bb9b-f945a8efd59f,b1eb3ca9-93ea-4feb-9a58-3377dd2c3708,1197.32,2025-12-08 21:55:00,failed
44a785d9-c33c-4c37-b304-b96532e016be,b1eb3ca9-93ea-4feb-9a58-3377dd2c3708,709.6,2025-12-11 16:55:00,failed
4520c1c9-25d2-4805-9d33-6e3c0338b39f,24a9bac9-1dbd-403f-b2e4-88773a7addfb,898.0,2025-12-07 12:38:00,completed
b57acb5a-8531-48e5-8d12-f6351e11f572,24a9bac9-1dbd-403f-b2e4-88773a7addfb,1016.79,2025-12-08 03:38:00,completed
caf62254-6cee-4d47-974d-57a581605771,24a9bac9-1dbd-403f-b2e4-88773a7addfb,1114.15,2025-12-10 04:38:00,completed
85195337-dad3-4c02-ab49-ebaaa8061146,b4c9e289-1b9d-44d2-a07a-40ff1e17cfbd,670.26,2025-11-01 22:37:00,completed
eb3f37ce-e61f-4294-a177-4af5f50c9ca8,b4c9e289-1b9d-44d2-a07a-40ff1e17cfbd,893.72,2025-11-02 12:37:00,failed
e9b6b0da-0c30-4ace-8e82-7c00930983e2,b4c9e289-1b9d-44d2-a07a-40ff1e17cfbd,434.09,2025-11-03 06:37:00,completed
94afcd91-c2ec-46db-9bf6-71d5e2e69f13,b4c9e289-1b9d-44d2-a07a-40ff1e17cfbd,526.66,2025-11-08 01:37:00,completed
199e3a5f-aaea-436e-892a-dcb2b136eaf2,4c040409-f8a1-4100-bcef-6c1e810201e9,1379.71,2025-11-01 21:41:00,completed
18a4a146-7ec6-4990-abd4-e3a04b17fcdb,4c040409-f8a1-4100-bcef-6c1e810201e9,1139.58,2025-11-01 22:41:00,completed
1739728b-436b-4986-af62-a83158487ed2,4c040409-f8a1-4100-bcef-6c1e810201e9,833.06,2025-11-05 11:41:00,completed
4cf54657-8328-4e1c-8ab4-9214e852e8ea,e625cf13-c956-4dfe-ab71-7dc7bca02060,1290.9,2025-11-02 23:48:00,completed
2accf84c-8afa-4e00-9ac6-dba94cb5f183,e625cf13-c956-4dfe-ab71-7dc7bca02060,930.63,2025-11-03 06:48:00,completed
58bf5733-1535-4afb-96fb-fc4b8812b978,e625cf13-c956-4dfe-ab71-7dc7bca02060,1208.3,2025-11-03 19:48:00,completed
b51e9947-2771-4f13-be20-89dc97c7c3b4,e625cf13-c956-4dfe-ab71-7dc7bca02060,1275.08,2025-11-04 20:48:00,completed
d0f55709-d1be-4930-8fdb-e7d090a20550,1265f3df-8077-4d7b-926d-30f9fda936e6,1432.3,2025-11-02 16:20:00,completed
c8ab9967-bfc2-4e25-9af6-5db3111a13c7,1265f3df-8077-4d7b-926d-30f9fda936e6,1076.47,2025-11-03 09:20:00,completed
a518a89c-c3c2-4420-b6e0-e780a5b4100c,ba058539-98ec-4cf6-968c-9244c59f4443,704.49,2025-11-01 08:33:00,completed
f636c969-cb30-4720-af5e-6010109b715b,ba058539-98ec-4cf6-968c-9244c59f4443,726.64,2025-11-01 10:33:00,completed
eb0649c0-952b-4817-a191-3c2824f28992,ba058539-98ec-4cf6-968c-9244c59f4443,1114.82,2025-11-03 02:33:00,completed
1a65f4b5-5989-4367-ac95-4eb43d8aafe9,5e55710b-8a34-4374-bbf6-ba3681ab3a45,717.72,2026-06-24 20:02:08,completed
34079af7-77e0-42f7-b952-b291f3d68c7a,5e55710b-8a34-4374-bbf6-ba3681ab3a45,443.37,2026-06-26 03:02:08,completed
d55c22d2-d846-40db-9d5d-177f379ac5bb,5e55710b-8a34-4374-bbf6-ba3681ab3a45,498.42,2026-06-27 00:02:08,completed
359ebff2-54ac-4bc0-aa6a-5a96a5345a9c,5e55710b-8a34-4374-bbf6-ba3681ab3a45,699.62,2026-06-26 05:02:08,failed
4d332c8e-af9d-4a97-935c-9c324861f464,5e55710b-8a34-4374-bbf6-ba3681ab3a45,759.76,2026-06-26 16:02:08,completed
5e8f6b8e-345d-4921-9be6-d21f7ceb1673,5e55710b-8a34-4374-bbf6-ba3681ab3a45,969.0,2026-07-06 22:02:08,completed
13baa9e0-8927-4719-ab85-57194b622007,994131e0-4d85-437f-b27d-e093940d0b59,1450.33,2026-06-24 22:02:08,completed
28ba68ab-5557-4c9c-9c2f-2c85439eaeb4,994131e0-4d85-437f-b27d-e093940d0b59,1311.86,2026-06-25 14:02:08,completed
d9af959f-b695-4624-9f0c-5daf21defd75,994131e0-4d85-437f-b27d-e093940d0b59,503.05,2026-06-27 14:02:08,completed
2d5f3bc8-5bb5-4aea-b134-4503c53fc8bf,994131e0-4d85-437f-b27d-e093940d0b59,492.37,2026-06-27 07:02:08,completed
af6ffa25-900c-4ca0-b8e4-a49db0403745,994131e0-4d85-437f-b27d-e093940d0b59,1032.81,2026-07-03 18:02:08,completed
a6bd4620-2f53-4703-89a2-8fef0a0a03b6,ad8628f4-23e6-4333-b92e-fadb1edb8b0c,415.28,2026-06-26 16:02:08,completed
d6aa830d-cd70-440d-ad3b-e6c90ed2f799,ad8628f4-23e6-4333-b92e-fadb1edb8b0c,1365.98,2026-06-27 03:02:08,completed
08477210-08b8-4e0c-8300-428b18e79d8a,ad8628f4-23e6-4333-b92e-fadb1edb8b0c,805.46,2026-06-28 04:02:08,completed
8e1622a2-8f1a-43a9-9c4b-9dd92f15b67e,ad8628f4-23e6-4333-b92e-fadb1edb8b0c,1171.25,2026-06-29 01:02:08,completed
4c7e9ece-9cdb-4a86-9ca2-6b66338c7a98,ad8628f4-23e6-4333-b92e-fadb1edb8b0c,1300.03,2026-06-29 12:02:08,failed
481f8d30-ce21-4edd-940e-a7711cbe4ed5,ad8628f4-23e6-4333-b92e-fadb1edb8b0c,708.49,2026-06-27 02:02:08,completed
1926902d-2748-4fcf-bdca-a8d7829b0ea9,12548246-ecd0-4938-a6ee-c854faa2f21b,483.74,2026-06-25 20:02:08,completed
9337da99-c628-45a3-a8c4-ebc0988f15a5,12548246-ecd0-4938-a6ee-c854faa2f21b,961.15,2026-06-27 08:02:08,completed
ebdfd131-fded-4a20-89be-a83b973bd202,12548246-ecd0-4938-a6ee-c854faa2f21b,1480.29,2026-06-27 18:02:08,completed
88ed6b3f-2d9d-47d3-b95b-ea4b572c7f5f,12548246-ecd0-4938-a6ee-c854faa2f21b,1092.55,2026-06-29 17:02:08,completed
78b386c5-8eb9-4a19-8473-664c5387858a,12548246-ecd0-4938-a6ee-c854faa2f21b,1135.19,2026-06-28 16:02:08,completed
caf9c28e-c3c7-4801-aeb6-85f24738f3a9,5fd6b200-6a19-48ed-abb0-871c79f1bdac,1499.03,2025-10-09 21:18:10,completed
86d814f1-e1bc-4235-9fa8-363b2e387235,de17f746-c18b-4819-b134-397c355be987,683.05,2025-10-08 01:13:10,completed
148a841c-dfce-4662-a4b1-6ffc64cf6f6c,de17f746-c18b-4819-b134-397c355be987,1356.39,2025-10-09 11:13:10,completed
def24218-49f9-425d-9073-8a137f2953a7,de17f746-c18b-4819-b134-397c355be987,1465.61,2025-10-10 09:13:10,completed
1cfb7483-c73e-4d60-abd2-b39d1cf583a0,2c914964-c0a4-4c69-8bba-8f9f1eb9a8e7,859.43,2025-10-09 16:21:10,completed
bb84eda7-0a5f-494e-93e8-2f4e751b9ca9,2c914964-c0a4-4c69-8bba-8f9f1eb9a8e7,1128.06,2025-10-09 21:21:10,completed
2aae2a39-b56b-4184-adc8-d6dee007b74a,2c914964-c0a4-4c69-8bba-8f9f1eb9a8e7,1194.22,2025-10-10 00:21:10,completed
